annotation	node
a00000000	169496
a00001956	169497
a00001957	169498
a00001958	169499
a00001959	169500
a00001960	169501
a00001961	169502
a00001962	169503
a00001963	169504
a00001964	169505
a00001965	169506
a00001966	169507
a00001967	169508
a00001968	169509
a00001969	169510
a00001970	169511
a00001971	169512
a00001972	169513
a00001973	169514
a00001974	169515
a00001975	169516
a00001976	169517
a00001977	169518
a00001978	169519
a00001979	169520
a00001980	169521
a00001981	169522
a00001982	169523
a00001983	169524
a00001984	169525
a00001985	169526
a00001986	169527
a00001987	169528
a00001988	169529
a00001989	169530
a00001990	169531
a00001991	169532
a00001992	169533
a00001993	169534
a00001994	169535
a00001995	169536
a00001996	169537
a00001997	169538
a00001998	169539
a00001999	169540
a00002000	169541
a00002001	169542
a00002002	169543
a00002003	169544
a00002004	169545
a00002005	169546
a00002006	169547
a00002007	169548
a00002008	169549
a00002009	169550
a00002010	169551
a00002011	169552
a00002012	169553
a00002013	169554
a00002014	169555
a00002015	169556
a00002016	169557
a00002017	169558
a00002018	169559
a00002019	169560
a00002020	169561
a00002021	169562
a00002022	169563
a00002023	169564
a00002024	169565
a00002025	169566
a00002026	169567
a00002027	169568
a00002028	169569
a00002029	169570
a00002030	169571
a00002031	169572
a00002032	169573
a00002033	169574
a00002034	169575
a00002035	169576
a00002036	169577
a00002037	169578
a00002038	169579
a00002039	169580
a00002040	169581
a00002041	169582
a00002042	169583
a00002043	169584
a00002044	169585
a00002045	169586
a00002046	169587
a00002047	169588
a00002048	169589
a00002049	169590
a00002050	169591
a00002051	169592
a00002052	169593
a00002053	169594
a00002054	169595
a00002055	169596
a00002056	169597
a00002057	169598
a00002058	169599
a00002059	169600
a00002060	169601
a00002061	169602
a00002062	169603
a00002063	169604
a00002064	169605
a00002065	169606
a00002066	169607
a00002067	169608
a00002068	169609
a00002069	169610
a00002070	169611
a00002071	169612
a00002072	169613
a00002073	169614
a00002074	169615
a00002075	169616
a00002076	169617
a00002077	169618
a00002078	169619
a00002079	169620
a00002080	169621
a00002081	169622
a00002082	169623
a00002083	169624
a00002084	169625
a00002085	169626
a00002086	169627
a00002087	169628
a00002088	169629
a00002089	169630
a00002090	169631
a00002091	169632
a00002092	169633
a00002093	169634
a00002094	169635
a00002095	169636
a00002096	169637
a00002097	169638
a00002098	169639
a00002099	169640
a00002100	169641
a00002101	169642
a00002102	169643
a00002103	169644
a00002104	169645
a00002105	169646
a00002106	169647
a00002107	169648
a00002108	169649
a00002109	169650
a00002110	169651
a00002111	169652
a00002112	169653
a00002113	169654
a00002114	169655
a00002115	169656
a00002116	169657
a00002117	169658
a00002118	169659
a00002119	169660
a00002120	169661
a00002121	169662
a00002122	169663
a00002123	169664
a00002124	169665
a00002125	169666
a00002126	169667
a00002127	169668
a00002128	169669
a00002129	169670
a00002130	169671
a00002131	169672
a00002132	169673
a00002133	169674
a00002134	169675
a00002135	169676
a00002136	169677
a00002137	169678
a00002138	169679
a00002139	169680
a00002140	169681
a00002141	169682
a00002142	169683
a00002143	169684
a00002144	169685
a00002145	169686
a00002146	169687
a00002147	169688
a00002148	169689
a00002149	169690
a00002150	169691
a00002151	169692
a00002152	169693
a00002153	169694
a00002154	169695
a00002155	169696
a00002156	169697
a00002157	169698
a00002158	169699
a00002159	169700
a00002160	169701
a00002161	169702
a00002162	169703
a00002163	169704
a00002164	169705
a00002165	169706
a00002166	169707
a00002167	169708
a00002168	169709
a00002169	169710
a00002170	169711
a00002171	169712
a00002172	169713
a00002173	169714
a00002174	169715
a00002175	169716
a00002176	169717
a00002177	169718
a00002178	169719
a00002179	169720
a00002180	169721
a00002181	169722
a00002182	169723
a00002183	169724
a00002184	169725
a00002185	169726
a00002186	169727
a00002187	169728
a00002188	169729
a00002189	169730
a00002190	169731
a00002191	169732
a00002192	169733
a00002193	169734
a00002194	169735
a00002195	169736
a00002196	169737
a00002197	169738
a00002198	169739
a00002199	169740
a00002200	169741
a00002201	169742
a00002202	169743
a00002203	169744
a00002204	169745
a00002205	169746
a00002206	169747
a00002207	169748
a00002208	169749
a00002209	169750
a00002210	169751
a00002211	169752
a00002212	169753
a00002213	169754
a00002214	169755
a00002215	169756
a00002216	169757
a00002217	169758
a00002218	169759
a00002219	169760
a00002220	169761
a00002221	169762
a00002222	169763
a00002223	169764
a00002224	169765
a00002225	169766
a00002226	169767
a00002227	169768
a00002228	169769
a00002229	169770
a00002230	169771
a00002231	169772
a00002232	169773
a00002233	169774
a00002234	169775
a00002235	169776
a00002236	169777
a00002237	169778
a00002238	169779
a00002239	169780
a00002240	169781
a00002241	169782
a00002242	169783
a00002243	169784
a00002244	169785
a00002245	169786
a00002246	169787
a00002247	169788
a00002248	169789
a00002249	169790
a00002250	169791
a00002251	169792
a00002252	169793
a00002253	169794
a00002254	169795
a00002255	169796
a00002256	169797
a00002257	169798
a00002258	169799
a00002259	169800
a00002260	169801
a00002261	169802
a00002262	169803
a00002263	169804
a00002264	169805
a00002265	169806
a00002266	169807
a00002267	169808
a00002268	169809
a00002269	169810
a00002270	169811
a00002271	169812
a00002272	169813
a00002273	169814
a00002274	169815
a00002275	169816
a00002276	169817
a00002277	169818
a00002278	169819
a00002279	169820
a00002280	169821
a00002281	169822
a00002282	169823
a00002283	169824
a00002284	169825
a00002285	169826
a00002286	169827
a00002287	169828
a00002288	169829
a00002289	169830
a00002290	169831
a00002291	169832
a00002292	169833
a00002293	169834
a00002294	169835
a00002295	169836
a00002296	169837
a00002297	169838
a00002298	169839
a00002299	169840
a00002300	169841
a00002301	169842
a00002302	169843
a00002303	169844
a00002304	169845
a00002305	169846
a00002306	169847
a00002307	169848
a00002308	169849
a00002309	169850
a00002310	169851
a00002311	169852
a00002312	169853
a00002313	169854
a00002314	169855
a00002315	169856
a00002316	169857
a00002317	169858
a00002318	169859
a00002319	169860
a00002320	169861
a00002321	169862
a00002322	169863
a00002323	169864
a00002324	169865
a00002325	169866
a00002326	169867
a00002327	169868
a00002328	169869
a00002329	169870
a00002330	169871
a00002331	169872
a00002332	169873
a00002333	169874
a00002334	169875
a00002335	169876
a00002336	169877
a00002337	169878
a00002338	169879
a00002339	169880
a00002340	169881
a00002341	169882
a00002342	169883
a00002343	169884
a00002344	169885
a00002345	169886
a00002346	169887
a00002347	169888
a00002348	169889
a00002349	169890
a00002350	169891
a00002351	169892
a00002352	169893
a00002353	169894
a00002354	169895
a00002355	169896
a00002356	169897
a00002357	169898
a00002358	169899
a00002359	169900
a00002360	169901
a00002361	169902
a00002362	169903
a00002363	169904
a00002364	169905
a00002365	169906
a00002366	169907
a00002367	169908
a00002368	169909
a00002369	169910
a00002370	169911
a00002371	169912
a00002372	169913
a00002373	169914
a00002374	169915
a00002375	169916
a00002376	169917
a00002377	169918
a00002378	169919
a00002379	169920
a00002380	169921
a00002381	169922
a00002382	169923
a00002383	169924
a00002384	169925
a00002385	169926
a00002386	169927
a00002387	169928
a00002388	169929
a00002389	169930
a00002390	169931
a00002391	169932
a00002392	169933
a00002393	169934
a00002394	169935
a00002395	169936
a00002396	169937
a00002397	169938
a00002398	169939
a00002399	169940
a00002400	169941
a00002401	169942
a00002402	169943
a00002403	169944
a00002404	169945
a00002405	169946
a00002406	169947
a00002407	169948
a00002408	169949
a00002409	169950
a00002410	169951
a00002411	169952
a00002412	169953
a00002413	169954
a00002414	169955
a00002415	169956
a00002416	169957
a00002417	169958
a00002418	169959
a00002419	169960
a00002420	169961
a00002421	169962
a00002422	169963
a00002423	169964
a00002424	169965
a00002425	169966
a00002426	169967
a00002427	169968
a00002428	169969
a00002429	169970
a00002430	169971
a00002431	169972
a00002432	169973
a00002433	169974
a00002434	169975
a00002435	169976
a00002436	169977
a00002437	169978
a00002438	169979
a00002439	169980
a00002440	169981
a00002441	169982
a00002442	169983
a00002443	169984
a00002444	169985
a00002445	169986
a00002446	169987
a00002447	169988
a00002448	169989
a00002449	169990
a00002450	169991
a00002451	169992
a00002452	169993
a00002453	169994
a00002454	169995
a00002455	169996
a00002456	169997
a00002457	169998
a00002458	169999
a00002459	170000
a00002460	170001
a00002461	170002
a00002462	170003
a00002463	170004
a00002464	170005
a00002465	170006
a00002466	170007
a00002467	170008
a00002468	170009
a00002469	170010
a00002470	170011
a00002471	170012
a00002472	170013
a00002473	170014
a00002474	170015
a00002475	170016
a00002476	170017
a00002477	170018
a00002478	170019
a00002479	170020
a00002480	170021
a00002481	170022
a00002482	170023
a00002483	170024
a00002484	170025
a00002485	170026
a00002486	170027
a00002487	170028
a00002488	170029
a00002489	170030
a00002490	170031
a00002491	170032
a00002492	170033
a00002493	170034
a00002494	170035
a00002495	170036
a00002496	170037
a00002497	170038
a00002498	170039
a00002499	170040
a00002500	170041
a00002501	170042
a00002502	170043
a00002503	170044
a00002504	170045
a00002505	170046
a00002506	170047
a00002507	170048
a00002508	170049
a00002509	170050
a00002510	170051
a00002511	170052
a00002512	170053
a00002513	170054
a00002514	170055
a00002515	170056
a00002516	170057
a00002517	170058
a00002518	170059
a00002519	170060
a00002520	170061
a00002521	170062
a00002522	170063
a00002523	170064
a00002524	170065
a00002525	170066
a00002526	170067
a00002527	170068
a00002528	170069
a00002529	170070
a00002530	170071
a00002531	170072
a00002532	170073
a00002533	170074
a00002534	170075
a00002535	170076
a00002536	170077
a00002537	170078
a00002538	170079
a00002539	170080
a00002540	170081
a00002541	170082
a00002542	170083
a00002543	170084
a00002544	170085
a00002545	170086
a00002546	170087
a00002547	170088
a00002548	170089
a00002549	170090
a00002550	170091
a00002551	170092
a00002552	170093
a00002553	170094
a00002554	170095
a00002555	170096
a00002556	170097
a00002557	170098
a00002558	170099
a00002559	170100
a00002560	170101
a00002561	170102
a00002562	170103
a00002563	170104
a00002564	170105
a00002565	170106
a00002566	170107
a00002567	170108
a00002568	170109
a00002569	170110
a00002570	170111
a00002571	170112
a00002572	170113
a00002573	170114
a00002574	170115
a00002575	170116
a00002576	170117
a00002577	170118
a00002578	170119
a00002579	170120
a00002580	170121
a00002581	170122
a00002582	170123
a00002583	170124
a00002584	170125
a00002585	170126
a00002586	170127
a00002587	170128
a00002588	170129
a00002589	170130
a00002590	170131
a00002591	170132
a00002592	170133
a00002593	170134
a00002594	170135
a00002595	170136
a00002596	170137
a00002597	170138
a00002598	170139
a00002599	170140
a00002600	170141
a00002601	170142
a00002602	170143
a00002603	170144
a00002604	170145
a00002605	170146
a00002606	170147
a00002607	170148
a00002608	170149
a00002609	170150
a00002610	170151
a00002611	170152
a00002612	170153
a00002613	170154
a00002614	170155
a00002615	170156
a00002616	170157
a00002617	170158
a00002618	170159
a00002619	170160
a00002620	170161
a00002621	170162
a00002622	170163
a00002623	170164
a00002624	170165
a00002625	170166
a00002626	170167
a00002627	170168
a00002628	170169
a00002629	170170
a00002630	170171
a00002631	170172
a00002632	170173
a00002633	170174
a00002634	170175
a00002635	170176
a00002636	170177
a00002637	170178
a00002638	170179
a00002639	170180
a00002640	170181
a00002641	170182
a00002642	170183
a00002643	170184
a00002644	170185
a00002645	170186
a00002646	170187
a00002647	170188
a00002648	170189
a00002649	170190
a00002650	170191
a00002651	170192
a00002652	170193
a00002653	170194
a00002654	170195
a00002655	170196
a00002656	170197
a00002657	170198
a00002658	170199
a00002659	170200
a00002660	170201
a00002661	170202
a00002662	170203
a00002663	170204
a00002664	170205
a00002665	170206
a00002666	170207
a00002667	170208
a00002668	170209
a00002669	170210
a00002670	170211
a00002671	170212
a00002672	170213
a00002673	170214
a00002674	170215
a00002675	170216
a00002676	170217
a00002677	170218
a00002678	170219
a00002679	170220
a00002680	170221
a00002681	170222
a00002682	170223
a00002683	170224
a00002684	170225
a00002685	170226
a00002686	170227
a00002687	170228
a00002688	170229
a00002689	170230
a00002690	170231
a00002691	170232
a00002692	170233
a00002693	170234
a00002694	170235
a00002695	170236
a00002696	170237
a00002697	170238
a00002698	170239
a00002699	170240
a00002700	170241
a00002701	170242
a00002702	170243
a00002703	170244
a00002704	170245
a00002705	170246
a00002706	170247
a00002707	170248
a00002708	170249
a00002709	170250
a00002710	170251
a00002711	170252
a00002712	170253
a00002713	170254
a00002714	170255
a00002715	170256
a00002716	170257
a00002717	170258
a00002718	170259
a00002719	170260
a00002720	170261
a00002721	170262
a00002722	170263
a00002723	170264
a00002724	170265
a00002725	170266
a00002726	170267
a00002727	170268
a00002728	170269
a00002729	170270
a00002730	170271
a00002731	170272
a00002732	170273
a00002733	170274
a00002734	170275
a00002735	170276
a00002736	170277
a00002737	170278
a00002738	170279
a00002739	170280
a00002740	170281
a00002741	170282
a00002742	170283
a00002743	170284
a00002744	170285
a00002745	170286
a00002746	170287
a00002747	170288
a00002748	170289
a00002749	170290
a00002750	170291
a00002751	170292
a00002752	170293
a00002753	170294
a00002754	170295
a00002755	170296
a00002756	170297
a00002757	170298
a00002758	170299
a00002759	170300
a00002760	170301
a00002761	170302
a00002762	170303
a00002763	170304
a00002764	170305
a00002765	170306
a00002766	170307
a00002767	170308
a00002768	170309
a00002769	170310
a00002770	170311
a00002771	170312
a00002772	170313
a00002773	170314
a00002774	170315
a00002775	170316
a00002776	170317
a00002777	170318
a00002778	170319
a00002779	170320
a00002780	170321
a00002781	170322
a00002782	170323
a00002783	170324
a00002784	170325
a00002785	170326
a00002786	170327
a00002787	170328
a00002788	170329
a00002789	170330
a00002790	170331
a00002791	170332
a00002792	170333
a00002793	170334
a00002794	170335
a00002795	170336
a00002796	170337
a00002797	170338
a00002798	170339
a00002799	170340
a00002800	170341
a00002801	170342
a00002802	170343
a00002803	170344
a00002804	170345
a00002805	170346
a00002806	170347
a00002807	170348
a00002808	170349
a00002809	170350
a00002810	170351
a00002811	170352
a00002812	170353
a00002813	170354
a00002814	170355
a00002815	170356
a00002816	170357
a00002817	170358
a00002818	170359
a00002819	170360
a00002820	170361
a00002821	170362
a00002822	170363
a00002823	170364
a00002824	170365
a00002825	170366
a00002826	170367
a00002827	170368
a00002828	170369
a00002829	170370
a00002830	170371
a00002831	170372
a00002832	170373
a00002833	170374
a00002834	170375
a00002835	170376
a00002836	170377
a00002837	170378
a00002838	170379
a00002839	170380
a00002840	170381
a00002841	170382
a00002842	170383
a00002843	170384
a00002844	170385
a00002845	170386
a00002846	170387
a00002847	170388
a00002848	170389
a00002849	170390
a00002850	170391
a00002851	170392
a00002852	170393
a00002853	170394
a00002854	170395
a00002855	170396
a00002856	170397
a00002857	170398
a00002858	170399
a00002859	170400
a00002860	170401
a00002861	170402
a00002862	170403
a00002863	170404
a00002864	170405
a00002865	170406
a00002866	170407
a00002867	170408
a00002868	170409
a00002869	170410
a00002870	170411
a00002871	170412
a00002872	170413
a00002873	170414
a00002874	170415
a00002875	170416
a00002876	170417
a00002877	170418
a00002878	170419
a00002879	170420
a00002880	170421
a00002881	170422
a00002882	170423
a00002883	170424
a00002884	170425
a00002885	170426
a00002886	170427
a00002887	170428
a00002888	170429
a00002889	170430
a00002890	170431
a00002891	170432
a00002892	170433
a00002893	170434
a00002894	170435
a00002895	170436
a00002896	170437
a00002897	170438
a00002898	170439
a00002899	170440
a00002900	170441
a00002901	170442
a00002902	170443
a00002903	170444
a00002904	170445
a00002905	170446
a00002906	170447
a00002907	170448
a00002908	170449
a00002909	170450
a00002910	170451
a00002911	170452
a00002912	170453
a00002913	170454
a00002914	170455
a00002915	170456
a00002916	170457
a00002917	170458
a00002918	170459
a00002919	170460
a00002920	170461
a00002921	170462
a00002922	170463
a00002923	170464
a00002924	170465
a00002925	170466
a00002926	170467
a00002927	170468
a00002928	170469
a00002929	170470
a00002930	170471
a00002931	170472
a00002932	170473
a00002933	170474
a00002934	170475
a00002935	170476
a00002936	170477
a00002937	170478
a00002938	170479
a00002939	170480
a00002940	170481
a00002941	170482
a00002942	170483
a00002943	170484
a00002944	170485
a00002945	170486
a00002946	170487
a00002947	170488
a00002948	170489
a00002949	170490
a00002950	170491
a00002951	170492
a00002952	170493
a00002953	170494
a00002954	170495
a00002955	170496
a00002956	170497
a00002957	170498
a00002958	170499
a00002959	170500
a00002960	170501
a00002961	170502
a00002962	170503
a00002963	170504
a00002964	170505
a00002965	170506
a00002966	170507
a00002967	170508
a00002968	170509
a00002969	170510
a00002970	170511
a00002971	170512
a00002972	170513
a00002973	170514
a00002974	170515
a00002975	170516
a00002976	170517
a00002977	170518
a00002978	170519
a00002979	170520
a00002980	170521
a00002981	170522
a00002982	170523
a00002983	170524
a00002984	170525
a00002985	170526
a00002986	170527
a00002987	170528
a00002988	170529
a00002989	170530
a00002990	170531
a00002991	170532
a00002992	170533
a00002993	170534
a00002994	170535
a00002995	170536
a00002996	170537
a00002997	170538
a00002998	170539
a00002999	170540
a00003000	170541
a00003001	170542
a00003002	170543
a00003003	170544
a00003004	170545
a00003005	170546
a00003006	170547
a00003007	170548
a00003008	170549
a00003009	170550
a00003010	170551
a00003011	170552
a00003012	170553
a00003013	170554
a00003014	170555
a00003015	170556
a00003016	170557
a00003017	170558
a00003018	170559
a00003019	170560
a00003020	170561
a00003021	170562
a00003022	170563
a00003023	170564
a00003024	170565
a00003025	170566
a00003026	170567
a00003027	170568
a00003028	170569
a00003029	170570
a00003030	170571
a00003031	170572
a00003032	170573
a00003033	170574
a00003034	170575
a00003035	170576
a00003036	170577
a00003037	170578
a00003038	170579
a00003039	170580
a00003040	170581
a00003041	170582
a00003042	170583
a00003043	170584
a00003044	170585
a00003045	170586
a00003046	170587
a00003047	170588
a00003048	170589
a00003049	170590
a00003050	170591
a00003051	170592
a00003052	170593
a00003053	170594
a00003054	170595
a00003055	170596
a00003056	170597
a00003057	170598
a00003058	170599
a00003059	170600
a00003060	170601
a00003061	170602
a00003062	170603
a00003063	170604
a00003064	170605
a00003065	170606
a00003066	170607
a00003067	170608
a00003068	170609
a00003069	170610
a00003070	170611
a00003071	170612
a00003072	170613
a00003073	170614
a00003074	170615
a00003075	170616
a00003076	170617
a00003077	170618
a00003078	170619
a00003079	170620
a00003080	170621
a00003081	170622
a00003082	170623
a00003083	170624
a00003084	170625
a00003085	170626
a00003086	170627
a00003087	170628
a00003088	170629
a00003089	170630
a00003090	170631
a00003091	170632
a00003092	170633
a00003093	170634
a00003094	170635
a00003095	170636
a00003096	170637
a00003097	170638
a00003098	170639
a00003099	170640
a00003100	170641
a00003101	170642
a00003102	170643
a00003103	170644
a00003104	170645
a00003105	170646
a00003106	170647
a00003107	170648
a00003108	170649
a00003109	170650
a00003110	170651
a00003111	170652
a00003112	170653
a00003113	170654
a00003114	170655
a00003115	170656
a00003116	170657
a00003117	170658
a00003118	170659
a00003119	170660
a00003120	170661
a00003121	170662
a00003122	170663
a00003123	170664
a00003124	170665
a00003125	170666
a00003126	170667
a00003127	170668
a00003128	170669
a00003129	170670
a00003130	170671
a00003131	170672
a00003132	170673
a00003133	170674
a00003134	170675
a00003135	170676
a00003136	170677
a00003137	170678
a00003138	170679
a00003139	170680
a00003140	170681
a00003141	170682
a00003142	170683
a00003143	170684
a00003144	170685
a00003145	170686
a00003146	170687
a00003147	170688
a00003148	170689
a00003149	170690
a00003150	170691
a00003151	170692
a00003152	170693
a00003153	170694
a00003154	170695
a00003155	170696
a00003156	170697
a00003157	170698
a00003158	170699
a00003159	170700
a00003160	170701
a00003161	170702
a00003162	170703
a00003163	170704
a00003164	170705
a00003165	170706
a00003166	170707
a00003167	170708
a00003168	170709
a00003169	170710
a00003170	170711
a00003171	170712
a00003172	170713
a00003173	170714
a00003174	170715
a00003175	170716
a00003176	170717
a00003177	170718
a00003178	170719
a00003179	170720
a00003180	170721
a00003181	170722
a00003182	170723
a00003183	170724
a00003184	170725
a00003185	170726
a00003186	170727
a00003187	170728
a00003188	170729
a00003189	170730
a00003190	170731
a00003191	170732
a00003192	170733
a00003193	170734
a00003194	170735
a00003195	170736
a00003196	170737
a00003197	170738
a00003198	170739
a00003199	170740
a00003200	170741
a00003201	170742
a00003202	170743
a00003203	170744
a00003204	170745
a00003205	170746
a00003206	170747
a00003207	170748
a00003208	170749
a00003209	170750
a00003210	170751
a00003211	170752
a00003212	170753
a00003213	170754
a00003214	170755
a00003215	170756
a00003216	170757
a00003217	170758
a00003218	170759
a00003219	170760
a00003220	170761
a00003221	170762
a00003222	170763
a00003223	170764
a00003224	170765
a00003225	170766
a00003226	170767
a00003227	170768
a00003228	170769
a00003229	170770
a00003230	170771
a00003231	170772
a00003232	170773
a00003233	170774
a00003234	170775
a00003235	170776
a00003236	170777
a00003237	170778
a00003238	170779
a00003239	170780
a00003240	170781
a00003241	170782
a00003242	170783
a00003243	170784
a00003244	170785
a00003245	170786
a00003246	170787
a00003247	170788
a00003248	170789
a00003249	170790
a00003250	170791
a00003251	170792
a00003252	170793
a00003253	170794
a00003254	170795
a00003255	170796
a00003256	170797
a00003257	170798
a00003258	170799
a00003259	170800
a00003260	170801
a00003261	170802
a00003262	170803
a00003263	170804
a00003264	170805
a00003265	170806
a00003266	170807
a00003267	170808
a00003268	170809
a00003269	170810
a00003270	170811
a00003271	170812
a00003272	170813
a00003273	170814
a00003274	170815
a00003275	170816
a00003276	170817
a00003277	170818
a00003278	170819
a00003279	170820
a00003280	170821
a00003281	170822
a00003282	170823
a00003283	170824
a00003284	170825
a00003285	170826
a00003286	170827
a00003287	170828
a00003288	170829
a00003289	170830
a00003290	170831
a00003291	170832
a00003292	170833
a00003293	170834
a00003294	170835
a00003295	170836
a00003296	170837
a00003297	170838
a00003298	170839
a00003299	170840
a00003300	170841
a00003301	170842
a00003302	170843
a00003303	170844
a00003304	170845
a00003305	170846
a00003306	170847
a00003307	170848
a00003308	170849
a00003309	170850
a00003310	170851
a00003311	170852
a00003312	170853
a00003313	170854
a00003314	170855
a00003315	170856
a00003316	170857
a00003317	170858
a00003318	170859
a00003319	170860
a00003320	170861
a00003321	170862
a00003322	170863
a00003323	170864
a00003324	170865
a00003325	170866
a00003326	170867
a00003327	170868
a00003328	170869
a00003329	170870
a00003330	170871
a00003331	170872
a00003332	170873
a00003333	170874
a00003334	170875
a00003335	170876
a00003336	170877
a00003337	170878
a00003338	170879
a00003339	170880
a00003340	170881
a00003341	170882
a00003342	170883
a00003343	170884
a00003344	170885
a00003345	170886
a00003346	170887
a00003347	170888
a00003348	170889
a00003349	170890
a00003350	170891
a00003351	170892
a00003352	170893
a00003353	170894
a00003354	170895
a00003355	170896
a00003356	170897
a00003357	170898
a00003358	170899
a00003359	170900
a00003360	170901
a00003361	170902
a00003362	170903
a00003363	170904
a00003364	170905
a00003365	170906
a00003366	170907
a00003367	170908
a00003368	170909
a00003369	170910
a00003370	170911
a00003371	170912
a00003372	170913
a00003373	170914
a00003374	170915
a00003375	170916
a00003376	170917
a00003377	170918
a00003378	170919
a00003379	170920
a00003380	170921
a00003381	170922
a00003382	170923
a00003383	170924
a00003384	170925
a00003385	170926
a00003386	170927
a00003387	170928
a00003388	170929
a00003389	170930
a00003390	170931
a00003391	170932
a00003392	170933
a00003393	170934
a00003394	170935
a00003395	170936
a00003396	170937
a00003397	170938
a00003398	170939
a00003399	170940
a00003400	170941
a00003401	170942
a00003402	170943
a00003403	170944
a00003404	170945
a00003405	170946
a00003406	170947
a00003407	170948
a00003408	170949
a00003409	170950
a00003410	170951
a00003411	170952
a00003412	170953
a00003413	170954
a00003414	170955
a00003415	170956
a00003416	170957
a00003417	170958
a00003418	170959
a00003419	170960
a00003420	170961
a00003421	170962
a00003422	170963
a00003423	170964
a00003424	170965
a00003425	170966
a00003426	170967
a00003427	170968
a00003428	170969
a00003429	170970
a00003430	170971
a00003431	170972
a00003432	170973
a00003433	170974
a00003434	170975
a00003435	170976
a00003436	170977
a00003437	170978
a00003438	170979
a00003439	170980
a00003440	170981
a00003441	170982
a00003442	170983
a00003443	170984
a00003444	170985
a00003445	170986
a00003446	170987
a00003447	170988
a00003448	170989
a00003449	170990
a00003450	170991
a00003451	170992
a00003452	170993
a00003453	170994
a00003454	170995
a00003455	170996
a00003456	170997
a00003457	170998
a00003458	170999
a00003459	171000
a00003460	171001
a00003461	171002
a00003462	171003
a00003463	171004
a00003464	171005
a00003465	171006
a00003466	171007
a00003467	171008
a00003468	171009
a00003469	171010
a00003470	171011
a00003471	171012
a00003472	171013
a00003473	171014
a00003474	171015
a00003475	171016
a00003476	171017
a00003477	171018
a00003478	171019
a00003479	171020
a00003480	171021
a00003481	171022
a00003482	171023
a00003483	171024
a00003484	171025
a00003485	171026
a00003486	171027
a00003487	171028
a00003488	171029
a00003489	171030
a00003490	171031
a00003491	171032
a00003492	171033
a00003493	171034
a00003494	171035
a00003495	171036
a00003496	171037
a00003497	171038
a00003498	171039
a00003499	171040
a00003500	171041
a00003501	171042
a00003502	171043
a00003503	171044
a00003504	171045
a00003505	171046
a00003506	171047
a00003507	171048
a00003508	171049
a00003509	171050
a00003510	171051
a00003511	171052
a00003512	171053
a00003513	171054
a00003514	171055
a00003515	171056
a00003516	171057
a00003517	171058
a00003518	171059
a00003519	171060
a00003520	171061
a00003521	171062
a00003522	171063
a00003523	171064
a00003524	171065
a00003525	171066
a00003526	171067
a00003527	171068
a00003528	171069
a00003529	171070
a00003530	171071
a00003531	171072
a00003532	171073
a00003533	171074
a00003534	171075
a00003535	171076
a00003536	171077
a00003537	171078
a00003538	171079
a00003539	171080
a00003540	171081
a00003541	171082
a00003542	171083
a00003543	171084
a00003544	171085
a00003545	171086
a00003546	171087
a00003547	171088
a00003548	171089
a00003549	171090
a00003550	171091
a00003551	171092
a00003552	171093
a00003553	171094
a00003554	171095
a00003555	171096
a00003556	171097
a00003557	171098
a00003558	171099
a00003559	171100
a00003560	171101
a00003561	171102
a00003562	171103
a00003563	171104
a00003564	171105
a00003565	171106
a00003566	171107
a00003567	171108
a00003568	171109
a00003569	171110
a00003570	171111
a00003571	171112
a00003572	171113
a00003573	171114
a00003574	171115
a00003575	171116
a00003576	171117
a00003577	171118
a00003578	171119
a00003579	171120
a00003580	171121
a00003581	171122
a00003582	171123
a00003583	171124
a00003584	171125
a00003585	171126
a00003586	171127
a00003587	171128
a00003588	171129
a00003589	171130
a00003590	171131
a00003591	171132
a00003592	171133
a00003593	171134
a00003594	171135
a00003595	171136
a00003596	171137
a00003597	171138
a00003598	171139
a00003599	171140
a00003600	171141
a00003601	171142
a00003602	171143
a00003603	171144
a00003604	171145
a00003605	171146
a00003606	171147
a00003607	171148
a00003608	171149
a00003609	171150
a00003610	171151
a00003611	171152
a00003612	171153
a00003613	171154
a00003614	171155
a00003615	171156
a00003616	171157
a00003617	171158
a00003618	171159
a00003619	171160
a00003620	171161
a00003621	171162
a00003622	171163
a00003623	171164
a00003624	171165
a00003625	171166
a00003626	171167
a00003627	171168
a00003628	171169
a00003629	171170
a00003630	171171
a00003631	171172
a00003632	171173
a00003633	171174
a00003634	171175
a00003635	171176
a00003636	171177
a00003637	171178
a00003638	171179
a00003639	171180
a00003640	171181
a00003641	171182
a00003642	171183
a00003643	171184
a00003644	171185
a00003645	171186
a00003646	171187
a00003647	171188
a00003648	171189
a00003649	171190
a00003650	171191
a00003651	171192
a00003652	171193
a00003653	171194
a00003654	171195
a00003655	171196
a00003656	171197
a00003657	171198
a00003658	171199
a00003659	171200
a00003660	171201
a00003661	171202
a00003662	171203
a00003663	171204
a00003664	171205
a00003665	171206
a00003666	171207
a00003667	171208
a00003668	171209
a00003669	171210
a00003670	171211
a00003671	171212
a00003672	171213
a00003673	171214
a00003674	171215
a00003675	171216
a00003676	171217
a00003677	171218
a00003678	171219
a00003679	171220
a00003680	171221
a00003681	171222
a00003682	171223
a00003683	171224
a00003684	171225
a00003685	171226
a00003686	171227
a00003687	171228
a00003688	171229
a00003689	171230
a00003690	171231
a00003691	171232
a00003692	171233
a00003693	171234
a00003694	171235
a00003695	171236
a00003696	171237
a00003697	171238
a00003698	171239
a00003699	171240
a00003700	171241
a00003701	171242
a00003702	171243
a00003703	171244
a00003704	171245
a00003705	171246
a00003706	171247
a00003707	171248
a00003708	171249
a00003709	171250
a00003710	171251
a00003711	171252
a00003712	171253
a00003713	171254
a00003714	171255
a00003715	171256
a00003716	171257
a00003717	171258
a00003718	171259
a00003719	171260
a00003720	171261
a00003721	171262
a00003722	171263
a00003723	171264
a00003724	171265
a00003725	171266
a00003726	171267
a00003727	171268
a00003728	171269
a00003729	171270
a00003730	171271
a00003731	171272
a00003732	171273
a00003733	171274
a00003734	171275
a00003735	171276
a00003736	171277
a00003737	171278
a00003738	171279
a00003739	171280
a00003740	171281
a00003741	171282
a00003742	171283
a00003743	171284
a00003744	171285
a00003745	171286
a00003746	171287
a00003747	171288
a00003748	171289
a00003749	171290
a00003750	171291
a00003751	171292
a00003752	171293
a00003753	171294
a00003754	171295
a00003755	171296
a00003756	171297
a00003757	171298
a00003758	171299
a00003759	171300
a00003760	171301
a00003761	171302
a00003762	171303
a00003763	171304
a00003764	171305
a00003765	171306
a00003766	171307
a00003767	171308
a00003768	171309
a00003769	171310
a00003770	171311
a00003771	171312
a00003772	171313
a00003773	171314
a00003774	171315
a00003775	171316
a00003776	171317
a00003777	171318
a00003778	171319
a00003779	171320
a00003780	171321
a00003781	171322
a00003782	171323
a00003783	171324
a00003784	171325
a00003785	171326
a00003786	171327
a00003787	171328
a00003788	171329
a00003789	171330
a00003790	171331
a00003791	171332
a00003792	171333
a00003793	171334
a00003794	171335
a00003795	171336
a00003796	171337
a00003797	171338
a00003798	171339
a00003799	171340
a00003800	171341
a00003801	171342
a00003802	171343
a00003803	171344
a00003804	171345
a00003805	171346
a00003806	171347
a00003807	171348
a00003808	171349
a00003809	171350
a00003810	171351
a00003811	171352
a00003812	171353
a00003813	171354
a00003814	171355
a00003815	171356
a00003816	171357
a00003817	171358
a00003818	171359
a00003819	171360
a00003820	171361
a00003821	171362
a00003822	171363
a00003823	171364
a00003824	171365
a00003825	171366
a00003826	171367
a00003827	171368
a00003828	171369
a00003829	171370
a00003830	171371
a00003831	171372
a00003832	171373
a00003833	171374
a00003834	171375
a00003835	171376
a00003836	171377
a00003837	171378
a00003838	171379
a00003839	171380
a00003840	171381
a00003841	171382
a00003842	171383
a00003843	171384
a00003844	171385
a00003845	171386
a00003846	171387
a00003847	171388
a00003848	171389
a00003849	171390
a00003850	171391
a00003851	171392
a00003852	171393
a00003853	171394
a00003854	171395
a00003855	171396
a00003856	171397
a00003857	171398
a00003858	171399
a00003859	171400
a00003860	171401
a00003861	171402
a00003862	171403
a00003863	171404
a00003864	171405
a00003865	171406
a00003866	171407
a00003867	171408
a00003868	171409
a00003869	171410
a00003870	171411
a00003871	171412
a00003872	171413
a00003873	171414
a00003874	171415
a00003875	171416
a00003876	171417
a00003877	171418
a00003878	171419
a00003879	171420
a00003880	171421
a00003881	171422
a00003882	171423
a00003883	171424
a00003884	171425
a00003885	171426
a00003886	171427
a00003887	171428
a00003888	171429
a00003889	171430
a00003890	171431
a00003891	171432
a00003892	171433
a00003893	171434
a00003894	171435
a00003895	171436
a00003896	171437
a00003897	171438
a00003898	171439
a00003899	171440
a00003900	171441
a00003901	171442
a00003902	171443
a00003903	171444
a00003904	171445
a00003905	171446
a00003906	171447
a00003907	171448
a00003908	171449
a00003909	171450
a00003910	171451
a00003911	171452
a00003912	171453
a00003913	171454
a00003914	171455
a00003915	171456
a00003916	171457
a00003917	171458
a00003918	171459
a00003919	171460
a00003920	171461
a00003921	171462
a00003922	171463
a00003923	171464
a00003924	171465
a00003925	171466
a00003926	171467
a00003927	171468
a00003928	171469
a00003929	171470
a00003930	171471
a00003931	171472
a00003932	171473
a00003933	171474
a00003934	171475
a00003935	171476
a00003936	171477
a00003937	171478
a00003938	171479
a00003939	171480
a00003940	171481
a00003941	171482
a00003942	171483
a00003943	171484
a00003944	171485
a00003945	171486
a00003946	171487
a00003947	171488
a00003948	171489
a00003949	171490
a00003950	171491
a00003951	171492
a00003952	171493
a00003953	171494
a00003954	171495
a00003955	171496
a00003956	171497
a00003957	171498
a00003958	171499
a00003959	171500
a00003960	171501
a00003961	171502
a00003962	171503
a00003963	171504
a00003964	171505
a00003965	171506
a00003966	171507
a00003967	171508
a00003968	171509
a00003969	171510
a00003970	171511
a00003971	171512
a00003972	171513
a00003973	171514
a00003974	171515
a00003975	171516
a00003976	171517
a00003977	171518
a00003978	171519
a00003979	171520
a00003980	171521
a00003981	171522
a00003982	171523
a00003983	171524
a00003984	171525
a00003985	171526
a00003986	171527
a00003987	171528
a00003988	171529
a00003989	171530
a00003990	171531
a00003991	171532
a00003992	171533
a00003993	171534
a00003994	171535
a00003995	171536
a00003996	171537
a00003997	171538
a00003998	171539
a00003999	171540
a00004000	171541
a00004001	171542
a00004002	171543
a00004003	171544
a00004004	171545
a00004005	171546
a00004006	171547
a00004007	171548
a00004008	171549
a00004009	171550
a00004010	171551
a00004011	171552
a00004012	171553
a00004013	171554
a00004014	171555
a00004015	171556
a00004016	171557
a00004017	171558
a00004018	171559
a00004019	171560
a00004020	171561
a00004021	171562
a00004022	171563
a00004023	171564
a00004024	171565
a00004025	171566
a00004026	171567
a00004027	171568
a00004028	171569
a00004029	171570
a00004030	171571
a00004031	171572
a00004032	171573
a00004033	171574
a00004034	171575
a00004035	171576
a00004036	171577
a00004037	171578
a00004038	171579
a00004039	171580
a00004040	171581
a00004041	171582
a00004042	171583
a00004043	171584
a00004044	171585
a00004045	171586
a00004046	171587
a00004047	171588
a00004048	171589
a00004049	171590
a00004050	171591
a00004051	171592
a00004052	171593
a00004053	171594
a00004054	171595
a00004055	171596
a00004056	171597
a00004057	171598
a00004058	171599
a00004059	171600
a00004060	171601
a00004061	171602
a00004062	171603
a00004063	171604
a00004064	171605
a00004065	171606
a00004066	171607
a00004067	171608
a00004068	171609
a00004069	171610
a00004070	171611
a00004071	171612
a00004072	171613
a00004073	171614
a00004074	171615
a00004075	171616
a00004076	171617
a00004077	171618
a00004078	171619
a00004079	171620
a00004080	171621
a00004081	171622
a00004082	171623
a00004083	171624
a00004084	171625
a00004085	171626
a00004086	171627
a00004087	171628
a00004088	171629
a00004089	171630
a00004090	171631
a00004091	171632
a00004092	171633
a00004093	171634
a00004094	171635
a00004095	171636
a00004096	171637
a00004097	171638
a00004098	171639
a00004099	171640
a00004100	171641
a00004101	171642
a00004102	171643
a00004103	171644
a00004104	171645
a00004105	171646
a00004106	171647
a00004107	171648
a00004108	171649
a00004109	171650
a00004110	171651
a00004111	171652
a00004112	171653
a00004113	171654
a00004114	171655
a00004115	171656
a00004116	171657
a00004117	171658
a00004118	171659
a00004119	171660
a00004120	171661
a00004121	171662
a00004122	171663
a00004123	171664
a00004124	171665
a00004125	171666
a00004126	171667
a00004127	171668
a00004128	171669
a00004129	171670
a00004130	171671
a00004131	171672
a00004132	171673
a00004133	171674
a00004134	171675
a00004135	171676
a00004136	171677
a00004137	171678
a00004138	171679
a00004139	171680
a00004140	171681
a00004141	171682
a00004142	171683
a00004143	171684
a00004144	171685
a00004145	171686
a00004146	171687
a00004147	171688
a00004148	171689
a00004149	171690
a00004150	171691
a00004151	171692
a00004152	171693
a00004153	171694
a00004154	171695
a00004155	171696
a00004156	171697
a00004157	171698
a00004158	171699
a00004159	171700
a00004160	171701
a00004161	171702
a00004162	171703
a00004163	171704
a00004164	171705
a00004165	171706
a00004166	171707
a00004167	171708
a00004168	171709
a00004169	171710
a00004170	171711
a00004171	171712
a00004172	171713
a00004173	171714
a00004174	171715
a00004175	171716
a00004176	171717
a00004177	171718
a00004178	171719
a00004179	171720
a00004180	171721
a00004181	171722
a00004182	171723
a00004183	171724
a00004184	171725
a00004185	171726
a00004186	171727
a00004187	171728
a00004188	171729
a00004189	171730
a00004190	171731
a00004191	171732
a00004192	171733
a00004193	171734
a00004194	171735
a00004195	171736
a00004196	171737
a00004197	171738
a00004198	171739
a00004199	171740
a00004200	171741
a00004201	171742
a00004202	171743
a00004203	171744
a00004204	171745
a00004205	171746
a00004206	171747
a00004207	171748
a00004208	171749
a00004209	171750
a00004210	171751
a00004211	171752
a00004212	171753
a00004213	171754
a00004214	171755
a00004215	171756
a00004216	171757
a00004217	171758
a00004218	171759
a00004219	171760
a00004220	171761
a00004221	171762
a00004222	171763
a00004223	171764
a00004224	171765
a00004225	171766
a00004226	171767
a00004227	171768
a00004228	171769
a00004229	171770
a00004230	171771
a00004231	171772
a00004232	171773
a00004233	171774
a00004234	171775
a00004235	171776
a00004236	171777
a00004237	171778
a00004238	171779
a00004239	171780
a00004240	171781
a00004241	171782
a00004242	171783
a00004243	171784
a00004244	171785
a00004245	171786
a00004246	171787
a00004247	171788
a00004248	171789
a00004249	171790
a00004250	171791
a00004251	171792
a00004252	171793
a00004253	171794
a00004254	171795
a00004255	171796
a00004256	171797
a00004257	171798
a00004258	171799
a00004259	171800
a00004260	171801
a00004261	171802
a00004262	171803
a00004263	171804
a00004264	171805
a00004265	171806
a00004266	171807
a00004267	171808
a00004268	171809
a00004269	171810
a00004270	171811
a00004271	171812
a00004272	171813
a00004273	171814
a00004274	171815
a00004275	171816
a00004276	171817
a00004277	171818
a00004278	171819
a00004279	171820
a00004280	171821
a00004281	171822
a00004282	171823
a00004283	171824
a00004284	171825
a00004285	171826
a00004286	171827
a00004287	171828
a00004288	171829
a00004289	171830
a00004290	171831
a00004291	171832
a00004292	171833
a00004293	171834
a00004294	171835
a00004295	171836
a00004296	171837
a00004297	171838
a00004298	171839
a00004299	171840
a00004300	171841
a00004301	171842
a00004302	171843
a00004303	171844
a00004304	171845
a00004305	171846
a00004306	171847
a00004307	171848
a00004308	171849
a00004309	171850
a00004310	171851
a00004311	171852
a00004312	171853
a00004313	171854
a00004314	171855
a00004315	171856
a00004316	171857
a00004317	171858
a00004318	171859
a00004319	171860
a00004320	171861
a00004321	171862
a00004322	171863
a00004323	171864
a00004324	171865
a00004325	171866
a00004326	171867
a00004327	171868
a00004328	171869
a00004329	171870
a00004330	171871
a00004331	171872
a00004332	171873
a00004333	171874
a00004334	171875
a00004335	171876
a00004336	171877
a00004337	171878
a00004338	171879
a00004339	171880
a00004340	171881
a00004341	171882
a00004342	171883
a00004343	171884
a00004344	171885
a00004345	171886
a00004346	171887
a00004347	171888
a00004348	171889
a00004349	171890
a00004350	171891
a00004351	171892
a00004352	171893
a00004353	171894
a00004354	171895
a00004355	171896
a00004356	171897
a00004357	171898
a00004358	171899
a00004359	171900
a00004360	171901
a00004361	171902
a00004362	171903
a00004363	171904
a00004364	171905
a00004365	171906
a00004366	171907
a00004367	171908
a00004368	171909
a00004369	171910
a00004370	171911
a00004371	171912
a00004372	171913
a00004373	171914
a00004374	171915
a00004375	171916
a00004376	171917
a00004377	171918
a00004378	171919
a00004379	171920
a00004380	171921
a00004381	171922
a00004382	171923
a00004383	171924
a00004384	171925
a00004385	171926
a00004386	171927
a00004387	171928
a00004388	171929
a00004389	171930
a00004390	171931
a00004391	171932
a00004392	171933
a00004393	171934
a00004394	171935
a00004395	171936
a00004396	171937
a00004397	171938
a00004398	171939
a00004399	171940
a00004400	171941
a00004401	171942
a00004402	171943
a00004403	171944
a00004404	171945
a00004405	171946
a00004406	171947
a00004407	171948
a00004408	171949
a00004409	171950
a00004410	171951
a00004411	171952
a00004412	171953
a00004413	171954
a00004414	171955
a00004415	171956
a00004416	171957
a00004417	171958
a00004418	171959
a00004419	171960
a00004420	171961
a00004421	171962
a00004422	171963
a00004423	171964
a00004424	171965
a00004425	171966
a00004426	171967
a00004427	171968
a00004428	171969
a00004429	171970
a00004430	171971
a00004431	171972
a00004432	171973
a00004433	171974
a00004434	171975
a00004435	171976
a00004436	171977
a00004437	171978
a00004438	171979
a00004439	171980
a00004440	171981
a00004441	171982
a00004442	171983
a00004443	171984
a00004444	171985
a00004445	171986
a00004446	171987
a00004447	171988
a00004448	171989
a00004449	171990
a00004450	171991
a00004451	171992
a00004452	171993
a00004453	171994
a00004454	171995
a00004455	171996
a00004456	171997
a00004457	171998
a00004458	171999
a00004459	172000
a00004460	172001
a00004461	172002
a00004462	172003
a00004463	172004
a00004464	172005
a00004465	172006
a00004466	172007
a00004467	172008
a00004468	172009
a00004469	172010
a00004470	172011
a00004471	172012
a00004472	172013
a00004473	172014
a00004474	172015
a00004475	172016
a00004476	172017
a00004477	172018
a00004478	172019
a00004479	172020
a00004480	172021
a00004481	172022
a00004482	172023
a00004483	172024
a00004484	172025
a00004485	172026
a00004486	172027
a00004487	172028
a00004488	172029
a00004489	172030
a00004490	172031
a00004491	172032
a00004492	172033
a00004493	172034
a00004494	172035
a00004495	172036
a00004496	172037
a00004497	172038
a00004498	172039
a00004499	172040
a00004500	172041
a00004501	172042
a00004502	172043
a00004503	172044
a00004504	172045
a00004505	172046
a00004506	172047
a00004507	172048
a00004508	172049
a00004509	172050
a00004510	172051
a00004511	172052
a00004512	172053
a00004513	172054
a00004514	172055
a00004515	172056
a00004516	172057
a00004517	172058
a00004518	172059
a00004519	172060
a00004520	172061
a00004521	172062
a00004522	172063
a00004523	172064
a00004524	172065
a00004525	172066
a00004526	172067
a00004527	172068
a00004528	172069
a00004529	172070
a00004530	172071
a00004531	172072
a00004532	172073
a00004533	172074
a00004534	172075
a00004535	172076
a00004536	172077
a00004537	172078
a00004538	172079
a00004539	172080
a00004540	172081
a00004541	172082
a00004542	172083
a00004543	172084
a00004544	172085
a00004545	172086
a00004546	172087
a00004547	172088
a00004548	172089
a00004549	172090
a00004550	172091
a00004551	172092
a00004552	172093
a00004553	172094
a00004554	172095
a00004555	172096
a00004556	172097
a00004557	172098
a00004558	172099
a00004559	172100
a00004560	172101
a00004561	172102
a00004562	172103
a00004563	172104
a00004564	172105
a00004565	172106
a00004566	172107
a00004567	172108
a00004568	172109
a00004569	172110
a00004570	172111
a00004571	172112
a00004572	172113
a00004573	172114
a00004574	172115
a00004575	172116
a00004576	172117
a00004577	172118
a00004578	172119
a00004579	172120
a00004580	172121
a00004581	172122
a00004582	172123
a00004583	172124
a00004584	172125
a00004585	172126
a00004586	172127
a00004587	172128
a00004588	172129
a00004589	172130
a00004590	172131
a00004591	172132
a00004592	172133
a00004593	172134
a00004594	172135
a00004595	172136
a00004596	172137
a00004597	172138
a00004598	172139
a00004599	172140
a00004600	172141
a00004601	172142
a00004602	172143
a00004603	172144
a00004604	172145
a00004605	172146
a00004606	172147
a00004607	172148
a00004608	172149
a00004609	172150
a00004610	172151
a00004611	172152
a00004612	172153
a00004613	172154
a00004614	172155
a00004615	172156
a00004616	172157
a00004617	172158
a00004618	172159
a00004619	172160
a00004620	172161
a00004621	172162
a00004622	172163
a00004623	172164
a00004624	172165
a00004625	172166
a00004626	172167
a00004627	172168
a00004628	172169
a00004629	172170
a00004630	172171
a00004631	172172
a00004632	172173
a00004633	172174
a00004634	172175
a00004635	172176
a00004636	172177
a00004637	172178
a00004638	172179
a00004639	172180
a00004640	172181
a00004641	172182
a00004642	172183
a00004643	172184
a00004644	172185
a00004645	172186
a00004646	172187
a00004647	172188
a00004648	172189
a00004649	172190
a00004650	172191
a00004651	172192
a00004652	172193
a00004653	172194
a00004654	172195
a00004655	172196
a00004656	172197
a00004657	172198
a00004658	172199
a00004659	172200
a00004660	172201
a00004661	172202
a00004662	172203
a00004663	172204
a00004664	172205
a00004665	172206
a00004666	172207
a00004667	172208
a00004668	172209
a00004669	172210
a00004670	172211
a00004671	172212
a00004672	172213
a00004673	172214
a00004674	172215
a00004675	172216
a00004676	172217
a00004677	172218
a00004678	172219
a00004679	172220
a00004680	172221
a00004681	172222
a00004682	172223
a00004683	172224
a00004684	172225
a00004685	172226
a00004686	172227
a00004687	172228
a00004688	172229
a00004689	172230
a00004690	172231
a00004691	172232
a00004692	172233
a00004693	172234
a00004694	172235
a00004695	172236
a00004696	172237
a00004697	172238
a00004698	172239
a00004699	172240
a00004700	172241
a00004701	172242
a00004702	172243
a00004703	172244
a00004704	172245
a00004705	172246
a00004706	172247
a00004707	172248
a00004708	172249
a00004709	172250
a00004710	172251
a00004711	172252
a00004712	172253
a00004713	172254
a00004714	172255
a00004715	172256
a00004716	172257
a00004717	172258
a00004718	172259
a00004719	172260
a00004720	172261
a00004721	172262
a00004722	172263
a00004723	172264
a00004724	172265
a00004725	172266
a00004726	172267
a00004727	172268
a00004728	172269
a00004729	172270
a00004730	172271
a00004731	172272
a00004732	172273
a00004733	172274
a00004734	172275
a00004735	172276
a00004736	172277
a00004737	172278
a00004738	172279
a00004739	172280
a00004740	172281
a00004741	172282
a00004742	172283
a00004743	172284
a00004744	172285
a00004745	172286
a00004746	172287
a00004747	172288
a00004748	172289
a00004749	172290
a00004750	172291
a00004751	172292
a00004752	172293
a00004753	172294
a00004754	172295
a00004755	172296
a00004756	172297
a00004757	172298
a00004758	172299
a00004759	172300
a00004760	172301
a00004761	172302
a00004762	172303
a00004763	172304
a00004764	172305
a00004765	172306
a00004766	172307
a00004767	172308
a00004768	172309
a00004769	172310
a00004770	172311
a00004771	172312
a00004772	172313
a00004773	172314
a00004774	172315
a00004775	172316
a00004776	172317
a00004777	172318
a00004778	172319
a00004779	172320
a00004780	172321
a00004781	172322
a00004782	172323
a00004783	172324
a00004784	172325
a00004785	172326
a00004786	172327
a00004787	172328
a00004788	172329
a00004789	172330
a00004790	172331
a00004791	172332
a00004792	172333
a00004793	172334
a00004794	172335
a00004795	172336
a00004796	172337
a00004797	172338
a00004798	172339
a00004799	172340
a00004800	172341
a00004801	172342
a00004802	172343
a00004803	172344
a00004804	172345
a00004805	172346
a00004806	172347
a00004807	172348
a00004808	172349
a00004809	172350
a00004810	172351
a00004811	172352
a00004812	172353
a00004813	172354
a00004814	172355
a00004815	172356
a00004816	172357
a00004817	172358
a00004818	172359
a00004819	172360
a00004820	172361
a00004821	172362
a00004822	172363
a00004823	172364
a00004824	172365
a00004825	172366
a00004826	172367
a00004827	172368
a00004828	172369
a00004829	172370
a00004830	172371
a00004831	172372
a00004832	172373
a00004833	172374
a00004834	172375
a00004835	172376
a00004836	172377
a00004837	172378
a00004838	172379
a00004839	172380
a00004840	172381
a00004841	172382
a00004842	172383
a00004843	172384
a00004844	172385
a00004845	172386
a00004846	172387
a00004847	172388
a00004848	172389
a00004849	172390
a00004850	172391
a00004851	172392
a00004852	172393
a00004853	172394
a00004854	172395
a00004855	172396
a00004856	172397
a00004857	172398
a00004858	172399
a00004859	172400
a00004860	172401
a00004861	172402
a00004862	172403
a00004863	172404
a00004864	172405
a00004865	172406
a00004866	172407
a00004867	172408
a00004868	172409
a00004869	172410
a00004870	172411
a00004871	172412
a00004872	172413
a00004873	172414
a00004874	172415
a00004875	172416
a00004876	172417
a00004877	172418
a00004878	172419
a00004879	172420
a00004880	172421
a00004881	172422
a00004882	172423
a00004883	172424
a00004884	172425
a00004885	172426
a00004886	172427
a00004887	172428
a00004888	172429
a00004889	172430
a00004890	172431
a00004891	172432
a00004892	172433
a00004893	172434
a00004894	172435
a00004895	172436
a00004896	172437
a00004897	172438
a00004898	172439
a00004899	172440
a00004900	172441
a00004901	172442
a00004902	172443
a00004903	172444
a00004904	172445
a00004905	172446
a00004906	172447
a00004907	172448
a00004908	172449
a00004909	172450
a00004910	172451
a00004911	172452
a00004912	172453
a00004913	172454
a00004914	172455
a00004915	172456
a00004916	172457
a00004917	172458
a00004918	172459
a00004919	172460
a00004920	172461
a00004921	172462
a00004922	172463
a00004923	172464
a00004924	172465
a00004925	172466
a00004926	172467
a00004927	172468
a00004928	172469
a00004929	172470
a00004930	172471
a00004931	172472
a00004932	172473
a00004933	172474
a00004934	172475
a00004935	172476
a00004936	172477
a00004937	172478
a00004938	172479
a00004939	172480
a00004940	172481
a00004941	172482
a00004942	172483
a00004943	172484
a00004944	172485
a00004945	172486
a00004946	172487
a00004947	172488
a00004948	172489
a00004949	172490
a00004950	172491
a00004951	172492
a00004952	172493
a00004953	172494
a00004954	172495
a00004955	172496
a00004956	172497
a00004957	172498
a00004958	172499
a00004959	172500
a00004960	172501
a00004961	172502
a00004962	172503
a00004963	172504
a00004964	172505
a00004965	172506
a00004966	172507
a00004967	172508
a00004968	172509
a00004969	172510
a00004970	172511
a00004971	172512
a00004972	172513
a00004973	172514
a00004974	172515
a00004975	172516
a00004976	172517
a00004977	172518
a00004978	172519
a00004979	172520
a00004980	172521
a00004981	172522
a00004982	172523
a00004983	172524
a00004984	172525
a00004985	172526
a00004986	172527
a00004987	172528
a00004988	172529
a00004989	172530
a00004990	172531
a00004991	172532
a00004992	172533
a00004993	172534
a00004994	172535
a00004995	172536
a00004996	172537
a00004997	172538
a00004998	172539
a00004999	172540
a00005000	172541
a00005001	172542
a00005002	172543
a00005003	172544
a00005004	172545
a00005005	172546
a00005006	172547
a00005007	172548
a00005008	172549
a00005009	172550
a00005010	172551
a00005011	172552
a00005012	172553
a00005013	172554
a00005014	172555
a00005015	172556
a00005016	172557
a00005017	172558
a00005018	172559
a00005019	172560
a00005020	172561
a00005021	172562
a00005022	172563
a00005023	172564
a00005024	172565
a00005025	172566
a00005026	172567
a00005027	172568
a00005028	172569
a00005029	172570
a00005030	172571
a00005031	172572
a00005032	172573
a00005033	172574
a00005034	172575
a00005035	172576
a00005036	172577
a00005037	172578
a00005038	172579
a00005039	172580
a00005040	172581
a00005041	172582
a00005042	172583
a00005043	172584
a00005044	172585
a00005045	172586
a00005046	172587
a00005047	172588
a00005048	172589
a00005049	172590
a00005050	172591
a00005051	172592
a00005052	172593
a00005053	172594
a00005054	172595
a00005055	172596
a00005056	172597
a00005057	172598
a00005058	172599
a00005059	172600
a00005060	172601
a00005061	172602
a00005062	172603
a00005063	172604
a00005064	172605
a00005065	172606
a00005066	172607
a00005067	172608
a00005068	172609
a00005069	172610
a00005070	172611
a00005071	172612
a00005072	172613
a00005073	172614
a00005074	172615
a00005075	172616
a00005076	172617
a00005077	172618
a00005078	172619
a00005079	172620
a00005080	172621
a00005081	172622
a00005082	172623
a00005083	172624
a00005084	172625
a00005085	172626
a00005086	172627
a00005087	172628
a00005088	172629
a00005089	172630
a00005090	172631
a00005091	172632
a00005092	172633
a00005093	172634
a00005094	172635
a00005095	172636
a00005096	172637
a00005097	172638
a00005098	172639
a00005099	172640
a00005100	172641
a00005101	172642
a00005102	172643
a00005103	172644
a00005104	172645
a00005105	172646
a00005106	172647
a00005107	172648
a00005108	172649
a00005109	172650
a00005110	172651
a00005111	172652
a00005112	172653
a00005113	172654
a00005114	172655
a00005115	172656
a00005116	172657
a00005117	172658
a00005118	172659
a00005119	172660
a00005120	172661
a00005121	172662
a00005122	172663
a00005123	172664
a00005124	172665
a00005125	172666
a00005126	172667
a00005127	172668
a00005128	172669
a00005129	172670
a00005130	172671
a00005131	172672
a00005132	172673
a00005133	172674
a00005134	172675
a00005135	172676
a00005136	172677
a00005137	172678
a00005138	172679
a00005139	172680
a00005140	172681
a00005141	172682
a00005142	172683
a00005143	172684
a00005144	172685
a00005145	172686
a00005146	172687
a00005147	172688
a00005148	172689
a00005149	172690
a00005150	172691
a00005151	172692
a00005152	172693
a00005153	172694
a00005154	172695
a00005155	172696
a00005156	172697
a00005157	172698
a00005158	172699
a00005159	172700
a00005160	172701
a00005161	172702
a00005162	172703
a00005163	172704
a00005164	172705
a00005165	172706
a00005166	172707
a00005167	172708
a00005168	172709
a00005169	172710
a00005170	172711
a00005171	172712
a00005172	172713
a00005173	172714
a00005174	172715
a00005175	172716
a00005176	172717
a00005177	172718
a00005178	172719
a00005179	172720
a00005180	172721
a00005181	172722
a00005182	172723
a00005183	172724
a00005184	172725
a00005185	172726
a00005186	172727
a00005187	172728
a00005188	172729
a00005189	172730
a00005190	172731
a00005191	172732
a00005192	172733
a00005193	172734
a00005194	172735
a00005195	172736
a00005196	172737
a00005197	172738
a00005198	172739
a00005199	172740
a00005200	172741
a00005201	172742
a00005202	172743
a00005203	172744
a00005204	172745
a00005205	172746
a00005206	172747
a00005207	172748
a00005208	172749
a00005209	172750
a00005210	172751
a00005211	172752
a00005212	172753
a00005213	172754
a00005214	172755
a00005215	172756
a00005216	172757
a00005217	172758
a00005218	172759
a00005219	172760
a00005220	172761
a00005221	172762
a00005222	172763
a00005223	172764
a00005224	172765
a00005225	172766
a00005226	172767
a00005227	172768
a00005228	172769
a00005229	172770
a00005230	172771
a00005231	172772
a00005232	172773
a00005233	172774
a00005234	172775
a00005235	172776
a00005236	172777
a00005237	172778
a00005238	172779
a00005239	172780
a00005240	172781
a00005241	172782
a00005242	172783
a00005243	172784
a00005244	172785
a00005245	172786
a00005246	172787
a00005247	172788
a00005248	172789
a00005249	172790
a00005250	172791
a00005251	172792
a00005252	172793
a00005253	172794
a00005254	172795
a00005255	172796
a00005256	172797
a00005257	172798
a00005258	172799
a00005259	172800
a00005260	172801
a00005261	172802
a00005262	172803
a00005263	172804
a00005264	172805
a00005265	172806
a00005266	172807
a00005267	172808
a00005268	172809
a00005269	172810
a00005270	172811
a00005271	172812
a00005272	172813
a00005273	172814
a00005274	172815
a00005275	172816
a00005276	172817
a00005277	172818
a00005278	172819
a00005279	172820
a00005280	172821
a00005281	172822
a00005282	172823
a00005283	172824
a00005284	172825
a00005285	172826
a00005286	172827
a00005287	172828
a00005288	172829
a00005289	172830
a00005290	172831
a00005291	172832
a00005292	172833
a00005293	172834
a00005294	172835
a00005295	172836
a00005296	172837
a00005297	172838
a00005298	172839
a00005299	172840
a00005300	172841
a00005301	172842
a00005302	172843
a00005303	172844
a00005304	172845
a00005305	172846
a00005306	172847
a00005307	172848
a00005308	172849
a00005309	172850
a00005310	172851
a00005311	172852
a00005312	172853
a00005313	172854
a00005314	172855
a00005315	172856
a00005316	172857
a00005317	172858
a00005318	172859
a00005319	172860
a00005320	172861
a00005321	172862
a00005322	172863
a00005323	172864
a00005324	172865
a00005325	172866
a00005326	172867
a00005327	172868
a00005328	172869
a00005329	172870
a00005330	172871
a00005331	172872
a00005332	172873
a00005333	172874
a00005334	172875
a00005335	172876
a00005336	172877
a00005337	172878
a00005338	172879
a00005339	172880
a00005340	172881
a00005341	172882
a00005342	172883
a00005343	172884
a00005344	172885
a00005345	172886
a00005346	172887
a00005347	172888
a00005348	172889
a00005349	172890
a00005350	172891
a00005351	172892
a00005352	172893
a00005353	172894
a00005354	172895
a00005355	172896
a00005356	172897
a00005357	172898
a00005358	172899
a00005359	172900
a00005360	172901
a00005361	172902
a00005362	172903
a00005363	172904
a00005364	172905
a00005365	172906
a00005366	172907
a00005367	172908
a00005368	172909
a00005369	172910
a00005370	172911
a00005371	172912
a00005372	172913
a00005373	172914
a00005374	172915
a00005375	172916
a00005376	172917
a00005377	172918
a00005378	172919
a00005379	172920
a00005380	172921
a00005381	172922
a00005382	172923
a00005383	172924
a00005384	172925
a00005385	172926
a00005386	172927
a00005387	172928
a00005388	172929
a00005389	172930
a00005390	172931
a00005391	172932
a00005392	172933
a00005393	172934
a00005394	172935
a00005395	172936
a00005396	172937
a00005397	172938
a00005398	172939
a00005399	172940
a00005400	172941
a00005401	172942
a00005402	172943
a00005403	172944
a00005404	172945
a00005405	172946
a00005406	172947
a00005407	172948
a00005408	172949
a00005409	172950
a00005410	172951
a00005411	172952
a00005412	172953
a00005413	172954
a00005414	172955
a00005415	172956
a00005416	172957
a00005417	172958
a00005418	172959
a00005419	172960
a00005420	172961
a00005421	172962
a00005422	172963
a00005423	172964
a00005424	172965
a00005425	172966
a00005426	172967
a00005427	172968
a00005428	172969
a00005429	172970
a00005430	172971
a00005431	172972
a00005432	172973
a00005433	172974
a00005434	172975
a00005435	172976
a00005436	172977
a00005437	172978
a00005438	172979
a00005439	172980
a00005440	172981
a00005441	172982
a00005442	172983
a00005443	172984
a00005444	172985
a00005445	172986
a00005446	172987
a00005447	172988
a00005448	172989
a00005449	172990
a00005450	172991
a00005451	172992
a00005452	172993
a00005453	172994
a00005454	172995
a00005455	172996
a00005456	172997
a00005457	172998
a00005458	172999
a00005459	173000
a00005460	173001
a00005461	173002
a00005462	173003
a00005463	173004
a00005464	173005
a00005465	173006
a00005466	173007
a00005467	173008
a00005468	173009
a00005469	173010
a00005470	173011
a00005471	173012
a00005472	173013
a00005473	173014
a00005474	173015
a00005475	173016
a00005476	173017
a00005477	173018
a00005478	173019
a00005479	173020
a00005480	173021
a00005481	173022
a00005482	173023
a00005483	173024
a00005484	173025
a00005485	173026
a00005486	173027
a00005487	173028
a00005488	173029
a00005489	173030
a00005490	173031
a00005491	173032
a00005492	173033
a00005493	173034
a00005494	173035
a00005495	173036
a00005496	173037
a00005497	173038
a00005498	173039
a00005499	173040
a00005500	173041
a00005501	173042
a00005502	173043
a00005503	173044
a00005504	173045
a00005505	173046
a00005506	173047
a00005507	173048
a00005508	173049
a00005509	173050
a00005510	173051
a00005511	173052
a00005512	173053
a00005513	173054
a00005514	173055
a00005515	173056
a00005516	173057
a00005517	173058
a00005518	173059
a00005519	173060
a00005520	173061
a00005521	173062
a00005522	173063
a00005523	173064
a00005524	173065
a00005525	173066
a00005526	173067
a00005527	173068
a00005528	173069
a00005529	173070
a00005530	173071
a00005531	173072
a00005532	173073
a00005533	173074
a00005534	173075
a00005535	173076
a00005536	173077
a00005537	173078
a00005538	173079
a00005539	173080
a00005540	173081
a00005541	173082
a00005542	173083
a00005543	173084
a00005544	173085
a00005545	173086
a00005546	173087
a00005547	173088
a00005548	173089
a00005549	173090
a00005550	173091
a00005551	173092
a00005552	173093
a00005553	173094
a00005554	173095
a00005555	173096
a00005556	173097
a00005557	173098
a00005558	173099
a00005559	173100
a00005560	173101
a00005561	173102
a00005562	173103
a00005563	173104
a00005564	173105
a00005565	173106
a00005566	173107
a00005567	173108
a00005568	173109
a00005569	173110
a00005570	173111
a00005571	173112
a00005572	173113
a00005573	173114
a00005574	173115
a00005575	173116
a00005576	173117
a00005577	173118
a00005578	173119
a00005579	173120
a00005580	173121
a00005581	173122
a00005582	173123
a00005583	173124
a00005584	173125
a00005585	173126
a00005586	173127
a00005587	173128
a00005588	173129
a00005589	173130
a00005590	173131
a00005591	173132
a00005592	173133
a00005593	173134
a00005594	173135
a00005595	173136
a00005596	173137
a00005597	173138
a00005598	173139
a00005599	173140
a00005600	173141
a00005601	173142
a00005602	173143
a00005603	173144
a00005604	173145
a00005605	173146
a00005606	173147
a00005607	173148
a00005608	173149
a00005609	173150
a00005610	173151
a00005611	173152
a00005612	173153
a00005613	173154
a00005614	173155
a00005615	173156
a00005616	173157
a00005617	173158
a00005618	173159
a00005619	173160
a00005620	173161
a00005621	173162
a00005622	173163
a00005623	173164
a00005624	173165
a00005625	173166
a00005626	173167
a00005627	173168
a00005628	173169
a00005629	173170
a00005630	173171
a00005631	173172
a00005632	173173
a00005633	173174
a00005634	173175
a00005635	173176
a00005636	173177
a00005637	173178
a00005638	173179
a00005639	173180
a00005640	173181
a00005641	173182
a00005642	173183
a00005643	173184
a00005644	173185
a00005645	173186
a00005646	173187
a00005647	173188
a00005648	173189
a00005649	173190
a00005650	173191
a00005651	173192
a00005652	173193
a00005653	173194
a00005654	173195
a00005655	173196
a00005656	173197
a00005657	173198
a00005658	173199
a00005659	173200
a00005660	173201
a00005661	173202
a00005662	173203
a00005663	173204
a00005664	173205
a00005665	173206
a00005666	173207
a00005667	173208
a00005668	173209
a00005669	173210
a00005670	173211
a00005671	173212
a00005672	173213
a00005673	173214
a00005674	173215
a00005675	173216
a00005676	173217
a00005677	173218
a00005678	173219
a00005679	173220
a00005680	173221
a00005681	173222
a00005682	173223
a00005683	173224
a00005684	173225
a00005685	173226
a00005686	173227
a00005687	173228
a00005688	173229
a00005689	173230
a00005690	173231
a00005691	173232
a00005692	173233
a00005693	173234
a00005694	173235
a00005695	173236
a00005696	173237
a00005697	173238
a00005698	173239
a00005699	173240
a00005700	173241
a00005701	173242
a00005702	173243
a00005703	173244
a00005704	173245
a00005705	173246
a00005706	173247
a00005707	173248
a00005708	173249
a00005709	173250
a00005710	173251
a00005711	173252
a00005712	173253
a00005713	173254
a00005714	173255
a00005715	173256
a00005716	173257
a00005717	173258
a00005718	173259
a00005719	173260
a00005720	173261
a00005721	173262
a00005722	173263
a00005723	173264
a00005724	173265
a00005725	173266
a00005726	173267
a00005727	173268
a00005728	173269
a00005729	173270
a00005730	173271
a00005731	173272
a00005732	173273
a00005733	173274
a00005734	173275
a00005735	173276
a00005736	173277
a00005737	173278
a00005738	173279
a00005739	173280
a00005740	173281
a00005741	173282
a00005742	173283
a00005743	173284
a00005744	173285
a00005745	173286
a00005746	173287
a00005747	173288
a00005748	173289
a00005749	173290
a00005750	173291
a00005751	173292
a00005752	173293
a00005753	173294
a00005754	173295
a00005755	173296
a00005756	173297
a00005757	173298
a00005758	173299
a00005759	173300
a00005760	173301
a00005761	173302
a00005762	173303
a00005763	173304
a00005764	173305
a00005765	173306
a00005766	173307
a00005767	173308
a00005768	173309
a00005769	173310
a00005770	173311
a00005771	173312
a00005772	173313
a00005773	173314
a00005774	173315
a00005775	173316
a00005776	173317
a00005777	173318
a00005778	173319
a00005779	173320
a00005780	173321
a00005781	173322
a00005782	173323
a00005783	173324
a00005784	173325
a00005785	173326
a00005786	173327
a00005787	173328
a00005788	173329
a00005789	173330
a00005790	173331
a00005791	173332
a00005792	173333
a00005793	173334
a00005794	173335
a00005795	173336
a00005796	173337
a00005797	173338
a00005798	173339
a00005799	173340
a00005800	173341
a00005801	173342
a00005802	173343
a00005803	173344
a00005804	173345
a00005805	173346
a00005806	173347
a00005807	173348
a00005808	173349
a00005809	173350
a00005810	173351
a00005811	173352
a00005812	173353
a00005813	173354
a00005814	173355
a00005815	173356
a00005816	173357
a00005817	173358
a00005818	173359
a00005819	173360
a00005820	173361
a00005821	173362
a00005822	173363
a00005823	173364
a00005824	173365
a00005825	173366
a00005826	173367
a00005827	173368
a00005828	173369
a00005829	173370
a00005830	173371
a00005831	173372
a00005832	173373
a00005833	173374
a00005834	173375
a00005835	173376
a00005836	173377
a00005837	173378
a00005838	173379
a00005839	173380
a00005840	173381
a00005841	173382
a00005842	173383
a00005843	173384
a00005844	173385
a00005845	173386
a00005846	173387
a00005847	173388
a00005848	173389
a00005849	173390
a00005850	173391
a00005851	173392
a00005852	173393
a00005853	173394
a00005854	173395
a00005855	173396
a00005856	173397
a00005857	173398
a00005858	173399
a00005859	173400
a00005860	173401
a00005861	173402
a00005862	173403
a00005863	173404
a00005864	173405
a00005865	173406
a00005866	173407
a00005867	173408
a00005868	173409
a00005869	173410
a00005870	173411
a00005871	173412
a00005872	173413
a00005873	173414
a00005874	173415
a00005875	173416
a00005876	173417
a00005877	173418
a00005878	173419
a00005879	173420
a00005880	173421
a00005881	173422
a00005882	173423
a00005883	173424
a00005884	173425
a00005885	173426
a00005886	173427
a00005887	173428
a00005888	173429
a00005889	173430
a00005890	173431
a00005891	173432
a00005892	173433
a00005893	173434
a00005894	173435
a00005895	173436
a00005896	173437
a00005897	173438
a00005898	173439
a00005899	173440
a00005900	173441
a00005901	173442
a00005902	173443
a00005903	173444
a00005904	173445
a00005905	173446
a00005906	173447
a00005907	173448
a00005908	173449
a00005909	173450
a00005910	173451
a00005911	173452
a00005912	173453
a00005913	173454
a00005914	173455
a00005915	173456
a00005916	173457
a00005917	173458
a00005918	173459
a00005919	173460
a00005920	173461
a00005921	173462
a00005922	173463
a00005923	173464
a00005924	173465
a00005925	173466
a00005926	173467
a00005927	173468
a00005928	173469
a00005929	173470
a00005930	173471
a00005931	173472
a00005932	173473
a00005933	173474
a00005934	173475
a00005935	173476
a00005936	173477
a00005937	173478
a00005938	173479
a00005939	173480
a00005940	173481
a00005941	173482
a00005942	173483
a00005943	173484
a00005944	173485
a00005945	173486
a00005946	173487
a00005947	173488
a00005948	173489
a00005949	173490
a00005950	173491
a00005951	173492
a00005952	173493
a00005953	173494
a00005954	173495
a00005955	173496
a00005956	173497
a00005957	173498
a00005958	173499
a00005959	173500
a00005960	173501
a00005961	173502
a00005962	173503
a00005963	173504
a00005964	173505
a00005965	173506
a00005966	173507
a00005967	173508
a00005968	173509
a00005969	173510
a00005970	173511
a00005971	173512
a00005972	173513
a00005973	173514
a00005974	173515
a00005975	173516
a00005976	173517
a00005977	173518
a00005978	173519
a00005979	173520
a00005980	173521
a00005981	173522
a00005982	173523
a00005983	173524
a00005984	173525
a00005985	173526
a00005986	173527
a00005987	173528
a00005988	173529
a00005989	173530
a00005990	173531
a00005991	173532
a00005992	173533
a00005993	173534
a00005994	173535
a00005995	173536
a00005996	173537
a00005997	173538
a00005998	173539
a00005999	173540
a00006000	173541
a00006001	173542
a00006002	173543
a00006003	173544
a00006004	173545
a00006005	173546
a00006006	173547
a00006007	173548
a00006008	173549
a00006009	173550
a00006010	173551
a00006011	173552
a00006012	173553
a00006013	173554
a00006014	173555
a00006015	173556
a00006016	173557
a00006017	173558
a00006018	173559
a00006019	173560
a00006020	173561
a00006021	173562
a00006022	173563
a00006023	173564
a00006024	173565
a00006025	173566
a00006026	173567
a00006027	173568
a00006028	173569
a00006029	173570
a00006030	173571
a00006031	173572
a00006032	173573
a00006033	173574
a00006034	173575
a00006035	173576
a00006036	173577
a00006037	173578
a00006038	173579
a00006039	173580
a00006040	173581
a00006041	173582
a00006042	173583
a00006043	173584
a00006044	173585
a00006045	173586
a00006046	173587
a00006047	173588
a00006048	173589
a00006049	173590
a00006050	173591
a00006051	173592
a00006052	173593
a00006053	173594
a00006054	173595
a00006055	173596
a00006056	173597
a00006057	173598
a00006058	173599
a00006059	173600
a00006060	173601
a00006061	173602
a00006062	173603
a00006063	173604
a00006064	173605
a00006065	173606
a00006066	173607
a00006067	173608
a00006068	173609
a00006069	173610
a00006070	173611
a00006071	173612
a00006072	173613
a00006073	173614
a00006074	173615
a00006075	173616
a00006076	173617
a00006077	173618
a00006078	173619
a00006079	173620
a00006080	173621
a00006081	173622
a00006082	173623
a00006083	173624
a00006084	173625
a00006085	173626
a00006086	173627
a00006087	173628
a00006088	173629
a00006089	173630
a00006090	173631
a00006091	173632
a00006092	173633
a00006093	173634
a00006094	173635
a00006095	173636
a00006096	173637
a00006097	173638
a00006098	173639
a00006099	173640
a00006100	173641
a00006101	173642
a00006102	173643
a00006103	173644
a00006104	173645
a00006105	173646
a00006106	173647
a00006107	173648
a00006108	173649
a00006109	173650
a00006110	173651
a00006111	173652
a00006112	173653
a00006113	173654
a00006114	173655
a00006115	173656
a00006116	173657
a00006117	173658
a00006118	173659
a00006119	173660
a00006120	173661
a00006121	173662
a00006122	173663
a00006123	173664
a00006124	173665
a00006125	173666
a00006126	173667
a00006127	173668
a00006128	173669
a00006129	173670
a00006130	173671
a00006131	173672
a00006132	173673
a00006133	173674
a00006134	173675
a00006135	173676
a00006136	173677
a00006137	173678
a00006138	173679
a00006139	173680
a00006140	173681
a00006141	173682
a00006142	173683
a00006143	173684
a00006144	173685
a00006145	173686
a00006146	173687
a00006147	173688
a00006148	173689
a00006149	173690
a00006150	173691
a00006151	173692
a00006152	173693
a00006153	173694
a00006154	173695
a00006155	173696
a00006156	173697
a00006157	173698
a00006158	173699
a00006159	173700
a00006160	173701
a00006161	173702
a00006162	173703
a00006163	173704
a00006164	173705
a00006165	173706
a00006166	173707
a00006167	173708
a00006168	173709
a00006169	173710
a00006170	173711
a00006171	173712
a00006172	173713
a00006173	173714
a00006174	173715
a00006175	173716
a00006176	173717
a00006177	173718
a00006178	173719
a00006179	173720
a00006180	173721
a00006181	173722
a00006182	173723
a00006183	173724
a00006184	173725
a00006185	173726
a00006186	173727
a00006187	173728
a00006188	173729
a00006189	173730
a00006190	173731
a00006191	173732
a00006192	173733
a00006193	173734
a00006194	173735
a00006195	173736
a00006196	173737
a00006197	173738
a00006198	173739
a00006199	173740
a00006200	173741
a00006201	173742
a00006202	173743
a00006203	173744
a00006204	173745
a00006205	173746
a00006206	173747
a00006207	173748
a00006208	173749
a00006209	173750
a00006210	173751
a00006211	173752
a00006212	173753
a00006213	173754
a00006214	173755
a00006215	173756
a00006216	173757
a00006217	173758
a00006218	173759
a00006219	173760
a00006220	173761
a00006221	173762
a00006222	173763
a00006223	173764
a00006224	173765
a00006225	173766
a00006226	173767
a00006227	173768
a00006228	173769
a00006229	173770
a00006230	173771
a00006231	173772
a00006232	173773
a00006233	173774
a00006234	173775
a00006235	173776
a00006236	173777
a00006237	173778
a00006238	173779
a00006239	173780
a00006240	173781
a00006241	173782
a00006242	173783
a00006243	173784
a00006244	173785
a00006245	173786
a00006246	173787
a00006247	173788
a00006248	173789
a00006249	173790
a00006250	173791
a00006251	173792
a00006252	173793
a00006253	173794
a00006254	173795
a00006255	173796
a00006256	173797
a00006257	173798
a00006258	173799
a00006259	173800
a00006260	173801
a00006261	173802
a00006262	173803
a00006263	173804
a00006264	173805
a00006265	173806
a00006266	173807
a00006267	173808
a00006268	173809
a00006269	173810
a00006270	173811
a00006271	173812
a00006272	173813
a00006273	173814
a00006274	173815
a00006275	173816
a00006276	173817
a00006277	173818
a00006278	173819
a00006279	173820
a00006280	173821
a00006281	173822
a00006282	173823
a00006283	173824
a00006284	173825
a00006285	173826
a00006286	173827
a00006287	173828
a00006288	173829
a00006289	173830
a00006290	173831
a00006291	173832
a00006292	173833
a00006293	173834
a00006294	173835
a00006295	173836
a00006296	173837
a00006297	173838
a00006298	173839
a00006299	173840
a00006300	173841
a00006301	173842
a00006302	173843
a00006303	173844
a00006304	173845
a00006305	173846
a00006306	173847
a00006307	173848
a00006308	173849
a00006309	173850
a00006310	173851
a00006311	173852
a00006312	173853
a00006313	173854
a00006314	173855
a00006315	173856
a00006316	173857
a00006317	173858
a00006318	173859
a00006319	173860
a00006320	173861
a00006321	173862
a00006322	173863
a00006323	173864
a00006324	173865
a00006325	173866
a00006326	173867
a00006327	173868
a00006328	173869
a00006329	173870
a00006330	173871
a00006331	173872
a00006332	173873
a00006333	173874
a00006334	173875
a00006335	173876
a00006336	173877
a00006337	173878
a00006338	173879
a00006339	173880
a00006340	173881
a00006341	173882
a00006342	173883
a00006343	173884
a00006344	173885
a00006345	173886
a00006346	173887
a00006347	173888
a00006348	173889
a00006349	173890
a00006350	173891
a00006351	173892
a00006352	173893
a00006353	173894
a00006354	173895
a00006355	173896
a00006356	173897
a00006357	173898
a00006358	173899
a00006359	173900
a00006360	173901
a00006361	173902
a00006362	173903
a00006363	173904
a00006364	173905
a00006365	173906
a00006366	173907
a00006367	173908
a00006368	173909
a00006369	173910
a00006370	173911
a00006371	173912
a00006372	173913
a00006373	173914
a00006374	173915
a00006375	173916
a00006376	173917
a00006377	173918
a00006378	173919
a00006379	173920
a00006380	173921
a00006381	173922
a00006382	173923
a00006383	173924
a00006384	173925
a00006385	173926
a00006386	173927
a00006387	173928
a00006388	173929
a00006389	173930
a00006390	173931
a00006391	173932
a00006392	173933
a00006393	173934
a00006394	173935
a00006395	173936
a00006396	173937
a00006397	173938
a00006398	173939
a00006399	173940
a00006400	173941
a00006401	173942
a00006402	173943
a00006403	173944
a00006404	173945
a00006405	173946
a00006406	173947
a00006407	173948
a00006408	173949
a00006409	173950
a00006410	173951
a00006411	173952
a00006412	173953
a00006413	173954
a00006414	173955
a00006415	173956
a00006416	173957
a00006417	173958
a00006418	173959
a00006419	173960
a00006420	173961
a00006421	173962
a00006422	173963
a00006423	173964
a00006424	173965
a00006425	173966
a00006426	173967
a00006427	173968
a00006428	173969
a00006429	173970
a00006430	173971
a00006431	173972
a00006432	173973
a00006433	173974
a00006434	173975
a00006435	173976
a00006436	173977
a00006437	173978
a00006438	173979
a00006439	173980
a00006440	173981
a00006441	173982
a00006442	173983
a00006443	173984
a00006444	173985
a00006445	173986
a00006446	173987
a00006447	173988
a00006448	173989
a00006449	173990
a00006450	173991
a00006451	173992
a00006452	173993
a00006453	173994
a00006454	173995
a00006455	173996
a00006456	173997
a00006457	173998
a00006458	173999
a00006459	174000
a00006460	174001
a00006461	174002
a00006462	174003
a00006463	174004
a00006464	174005
a00006465	174006
a00006466	174007
a00006467	174008
a00006468	174009
a00006469	174010
a00006470	174011
a00006471	174012
a00006472	174013
a00006473	174014
a00006474	174015
a00006475	174016
a00006476	174017
a00006477	174018
a00006478	174019
a00006479	174020
a00006480	174021
a00006481	174022
a00006482	174023
a00006483	174024
a00006484	174025
a00006485	174026
a00006486	174027
a00006487	174028
a00006488	174029
a00006489	174030
a00006490	174031
a00006491	174032
a00006492	174033
a00006493	174034
a00006494	174035
a00006495	174036
a00006496	174037
a00006497	174038
a00006498	174039
a00006499	174040
a00006500	174041
a00006501	174042
a00006502	174043
a00006503	174044
a00006504	174045
a00006505	174046
a00006506	174047
a00006507	174048
a00006508	174049
a00006509	174050
a00006510	174051
a00006511	174052
a00006512	174053
a00006513	174054
a00006514	174055
a00006515	174056
a00006516	174057
a00006517	174058
a00006518	174059
a00006519	174060
a00006520	174061
a00006521	174062
a00006522	174063
a00006523	174064
a00006524	174065
a00006525	174066
a00006526	174067
a00006527	174068
a00006528	174069
a00006529	174070
a00006530	174071
a00006531	174072
a00006532	174073
a00006533	174074
a00006534	174075
a00006535	174076
a00006536	174077
a00006537	174078
a00006538	174079
a00006539	174080
a00006540	174081
a00006541	174082
a00006542	174083
a00006543	174084
a00006544	174085
a00006545	174086
a00006546	174087
a00006547	174088
a00006548	174089
a00006549	174090
a00006550	174091
a00006551	174092
a00006552	174093
a00006553	174094
a00006554	174095
a00006555	174096
a00006556	174097
a00006557	174098
a00006558	174099
a00006559	174100
a00006560	174101
a00006561	174102
a00006562	174103
a00006563	174104
a00006564	174105
a00006565	174106
a00006566	174107
a00006567	174108
a00006568	174109
a00006569	174110
a00006570	174111
a00006571	174112
a00006572	174113
a00006573	174114
a00006574	174115
a00006575	174116
a00006576	174117
a00006577	174118
a00006578	174119
a00006579	174120
a00006580	174121
a00006581	174122
a00006582	174123
a00006583	174124
a00006584	174125
a00006585	174126
a00006586	174127
a00006587	174128
a00006588	174129
a00006589	174130
a00006590	174131
a00006591	174132
a00006592	174133
a00006593	174134
a00006594	174135
a00006595	174136
a00006596	174137
a00006597	174138
a00006598	174139
a00006599	174140
a00006600	174141
a00006601	174142
a00006602	174143
a00006603	174144
a00006604	174145
a00006605	174146
a00006606	174147
a00006607	174148
a00006608	174149
a00006609	174150
a00006610	174151
a00006611	174152
a00006612	174153
a00006613	174154
a00006614	174155
a00006615	174156
a00006616	174157
a00006617	174158
a00006618	174159
a00006619	174160
a00006620	174161
a00006621	174162
a00006622	174163
a00006623	174164
a00006624	174165
a00006625	174166
a00006626	174167
a00006627	174168
a00006628	174169
a00006629	174170
a00006630	174171
a00006631	174172
a00006632	174173
a00006633	174174
a00006634	174175
a00006635	174176
a00006636	174177
a00006637	174178
a00006638	174179
a00006639	174180
a00006640	174181
a00006641	174182
a00006642	174183
a00006643	174184
a00006644	174185
a00006645	174186
a00006646	174187
a00006647	174188
a00006648	174189
a00006649	174190
a00006650	174191
a00006651	174192
a00006652	174193
a00006653	174194
a00006654	174195
a00006655	174196
a00006656	174197
a00006657	174198
a00006658	174199
a00006659	174200
a00006660	174201
a00006661	174202
a00006662	174203
a00006663	174204
a00006664	174205
a00006665	174206
a00006666	174207
a00006667	174208
a00006668	174209
a00006669	174210
a00006670	174211
a00006671	174212
a00006672	174213
a00006673	174214
a00006674	174215
a00006675	174216
a00006676	174217
a00006677	174218
a00006678	174219
a00006679	174220
a00006680	174221
a00006681	174222
a00006682	174223
a00006683	174224
a00006684	174225
a00006685	174226
a00006686	174227
a00006687	174228
a00006688	174229
a00006689	174230
a00006690	174231
a00006691	174232
a00006692	174233
a00006693	174234
a00006694	174235
a00006695	174236
a00006696	174237
a00006697	174238
a00006698	174239
a00006699	174240
a00006700	174241
a00006701	174242
a00006702	174243
a00006703	174244
a00006704	174245
a00006705	174246
a00006706	174247
a00006707	174248
a00006708	174249
a00006709	174250
a00006710	174251
a00006711	174252
a00006712	174253
a00006713	174254
a00006714	174255
a00006715	174256
a00006716	174257
a00006717	174258
a00006718	174259
a00006719	174260
a00006720	174261
a00006721	174262
a00006722	174263
a00006723	174264
a00006724	174265
a00006725	174266
a00006726	174267
a00006727	174268
a00006728	174269
a00006729	174270
a00006730	174271
a00006731	174272
a00006732	174273
a00006733	174274
a00006734	174275
a00006735	174276
a00006736	174277
a00006737	174278
a00006738	174279
a00006739	174280
a00006740	174281
a00006741	174282
a00006742	174283
a00006743	174284
a00006744	174285
a00006745	174286
a00006746	174287
a00006747	174288
a00006748	174289
a00006749	174290
a00006750	174291
a00006751	174292
a00006752	174293
a00006753	174294
a00006754	174295
a00006755	174296
a00006756	174297
a00006757	174298
a00006758	174299
a00006759	174300
a00006760	174301
a00006761	174302
a00006762	174303
a00006763	174304
a00006764	174305
a00006765	174306
a00006766	174307
a00006767	174308
a00006768	174309
a00006769	174310
a00006770	174311
a00006771	174312
a00006772	174313
a00006773	174314
a00006774	174315
a00006775	174316
a00006776	174317
a00006777	174318
a00006778	174319
a00006779	174320
a00006780	174321
a00006781	174322
a00006782	174323
a00006783	174324
a00006784	174325
a00006785	174326
a00006786	174327
a00006787	174328
a00006788	174329
a00006789	174330
a00006790	174331
a00006791	174332
a00006792	174333
a00006793	174334
a00006794	174335
a00006795	174336
a00006796	174337
a00006797	174338
a00006798	174339
a00006799	174340
a00006800	174341
a00006801	174342
a00006802	174343
a00006803	174344
a00006804	174345
a00006805	174346
a00006806	174347
a00006807	174348
a00006808	174349
a00006809	174350
a00006810	174351
a00006811	174352
a00006812	174353
a00006813	174354
a00006814	174355
a00006815	174356
a00006816	174357
a00006817	174358
a00006818	174359
a00006819	174360
a00006820	174361
a00006821	174362
a00006822	174363
a00006823	174364
a00006824	174365
a00006825	174366
a00006826	174367
a00006827	174368
a00006828	174369
a00006829	174370
a00006830	174371
a00006831	174372
a00006832	174373
a00006833	174374
a00006834	174375
a00006835	174376
a00006836	174377
a00006837	174378
a00006838	174379
a00006839	174380
a00006840	174381
a00006841	174382
a00006842	174383
a00006843	174384
a00006844	174385
a00006845	174386
a00006846	174387
a00006847	174388
a00006848	174389
a00006849	174390
a00006850	174391
a00006851	174392
a00006852	174393
a00006853	174394
a00006854	174395
a00006855	174396
a00006856	174397
a00006857	174398
a00006858	174399
a00006859	174400
a00006860	174401
a00006861	174402
a00006862	174403
a00006863	174404
a00006864	174405
a00006865	174406
a00006866	174407
a00006867	174408
a00006868	174409
a00006869	174410
a00006870	174411
a00006871	174412
a00006872	174413
a00006873	174414
a00006874	174415
a00006875	174416
a00006876	174417
a00006877	174418
a00006878	174419
a00006879	174420
a00006880	174421
a00006881	174422
a00006882	174423
a00006883	174424
a00006884	174425
a00006885	174426
a00006886	174427
a00006887	174428
a00006888	174429
a00006889	174430
a00006890	174431
a00006891	174432
a00006892	174433
a00006893	174434
a00006894	174435
a00006895	174436
a00006896	174437
a00006897	174438
a00006898	174439
a00006899	174440
a00006900	174441
a00006901	174442
a00006902	174443
a00006903	174444
a00006904	174445
a00006905	174446
a00006906	174447
a00006907	174448
a00006908	174449
a00006909	174450
a00006910	174451
a00006911	174452
a00006912	174453
a00006913	174454
a00006914	174455
a00006915	174456
a00006916	174457
a00006917	174458
a00006918	174459
a00006919	174460
a00006920	174461
a00006921	174462
a00006922	174463
a00006923	174464
a00006924	174465
a00006925	174466
a00006926	174467
a00006927	174468
a00006928	174469
a00006929	174470
a00006930	174471
a00006931	174472
a00006932	174473
a00006933	174474
a00006934	174475
a00006935	174476
a00006936	174477
a00006937	174478
a00006938	174479
a00006939	174480
a00006940	174481
a00006941	174482
a00006942	174483
a00006943	174484
a00006944	174485
a00006945	174486
a00006946	174487
a00006947	174488
a00006948	174489
a00006949	174490
a00006950	174491
a00006951	174492
a00006952	174493
a00006953	174494
a00006954	174495
a00006955	174496
a00006956	174497
a00006957	174498
a00006958	174499
a00006959	174500
a00006960	174501
a00006961	174502
a00006962	174503
a00006963	174504
a00006964	174505
a00006965	174506
a00006966	174507
a00006967	174508
a00006968	174509
a00006969	174510
a00006970	174511
a00006971	174512
a00006972	174513
a00006973	174514
a00006974	174515
a00006975	174516
a00006976	174517
a00006977	174518
a00006978	174519
a00006979	174520
a00006980	174521
a00006981	174522
a00006982	174523
a00006983	174524
a00006984	174525
a00006985	174526
a00006986	174527
a00006987	174528
a00006988	174529
a00006989	174530
a00006990	174531
a00006991	174532
a00006992	174533
a00006993	174534
a00006994	174535
a00006995	174536
a00006996	174537
a00006997	174538
a00006998	174539
a00006999	174540
a00007000	174541
a00007001	174542
a00007002	174543
a00007003	174544
a00007004	174545
a00007005	174546
a00007006	174547
a00007007	174548
a00007008	174549
a00007009	174550
a00007010	174551
a00007011	174552
a00007012	174553
a00007013	174554
a00007014	174555
a00007015	174556
a00007016	174557
a00007017	174558
a00007018	174559
a00007019	174560
a00007020	174561
a00007021	174562
a00007022	174563
a00007023	174564
a00007024	174565
a00007025	174566
a00007026	174567
a00007027	174568
a00007028	174569
a00007029	174570
a00007030	174571
a00007031	174572
a00007032	174573
a00007033	174574
a00007034	174575
a00007035	174576
a00007036	174577
a00007037	174578
a00007038	174579
a00007039	174580
a00007040	174581
a00007041	174582
a00007042	174583
a00007043	174584
a00007044	174585
a00007045	174586
a00007046	174587
a00007047	174588
a00007048	174589
a00007049	174590
a00007050	174591
a00007051	174592
a00007052	174593
a00007053	174594
a00007054	174595
a00007055	174596
a00007056	174597
a00007057	174598
a00007058	174599
a00007059	174600
a00007060	174601
a00007061	174602
a00007062	174603
a00007063	174604
a00007064	174605
a00007065	174606
a00007066	174607
a00007067	174608
a00007068	174609
a00007069	174610
a00007070	174611
a00007071	174612
a00007072	174613
a00007073	174614
a00007074	174615
a00007075	174616
a00007076	174617
a00007077	174618
a00007078	174619
a00007079	174620
a00007080	174621
a00007081	174622
a00007082	174623
a00007083	174624
a00007084	174625
a00007085	174626
a00007086	174627
a00007087	174628
a00007088	174629
a00007089	174630
a00007090	174631
a00007091	174632
a00007092	174633
a00007093	174634
a00007094	174635
a00007095	174636
a00007096	174637
a00007097	174638
a00007098	174639
a00007099	174640
a00007100	174641
a00007101	174642
a00007102	174643
a00007103	174644
a00007104	174645
a00007105	174646
a00007106	174647
a00007107	174648
a00007108	174649
a00007109	174650
a00007110	174651
a00007111	174652
a00007112	174653
a00007113	174654
a00007114	174655
a00007115	174656
a00007116	174657
a00007117	174658
a00007118	174659
a00007119	174660
a00007120	174661
a00007121	174662
a00007122	174663
a00007123	174664
a00007124	174665
a00007125	174666
a00007126	174667
a00007127	174668
a00007128	174669
a00007129	174670
a00007130	174671
a00007131	174672
a00007132	174673
a00007133	174674
a00007134	174675
a00007135	174676
a00007136	174677
a00007137	174678
a00007138	174679
a00007139	174680
a00007140	174681
a00007141	174682
a00007142	174683
a00007143	174684
a00007144	174685
a00007145	174686
a00007146	174687
a00007147	174688
a00007148	174689
a00007149	174690
a00007150	174691
a00007151	174692
a00007152	174693
a00007153	174694
a00007154	174695
a00007155	174696
a00007156	174697
a00007157	174698
a00007158	174699
a00007159	174700
a00007160	174701
a00007161	174702
a00007162	174703
a00007163	174704
a00007164	174705
a00007165	174706
a00007166	174707
a00007167	174708
a00007168	174709
a00007169	174710
a00007170	174711
a00007171	174712
a00007172	174713
a00007173	174714
a00007174	174715
a00007175	174716
a00007176	174717
a00007177	174718
a00007178	174719
a00007179	174720
a00007180	174721
a00007181	174722
a00007182	174723
a00007183	174724
a00007184	174725
a00007185	174726
a00007186	174727
a00007187	174728
a00007188	174729
a00007189	174730
a00007190	174731
a00007191	174732
a00007192	174733
a00007193	174734
a00007194	174735
a00007195	174736
a00007196	174737
a00007197	174738
a00007198	174739
a00007199	174740
a00007200	174741
a00007201	174742
a00007202	174743
a00007203	174744
a00007204	174745
a00007205	174746
a00007206	174747
a00007207	174748
a00007208	174749
a00007209	174750
a00007210	174751
a00007211	174752
a00007212	174753
a00007213	174754
a00007214	174755
a00007215	174756
a00007216	174757
a00007217	174758
a00007218	174759
a00007219	174760
a00007220	174761
a00007221	174762
a00007222	174763
a00007223	174764
a00007224	174765
a00007225	174766
a00007226	174767
a00007227	174768
a00007228	174769
a00007229	174770
a00007230	174771
a00007231	174772
a00007232	174773
a00007233	174774
a00007234	174775
a00007235	174776
a00007236	174777
a00007237	174778
a00007238	174779
a00007239	174780
a00007240	174781
a00007241	174782
a00007242	174783
a00007243	174784
a00007244	174785
a00007245	174786
a00007246	174787
a00007247	174788
a00007248	174789
a00007249	174790
a00007250	174791
a00007251	174792
a00007252	174793
a00007253	174794
a00007254	174795
a00007255	174796
a00007256	174797
a00007257	174798
a00007258	174799
a00007259	174800
a00007260	174801
a00007261	174802
a00007262	174803
a00007263	174804
a00007264	174805
a00007265	174806
a00007266	174807
a00007267	174808
a00007268	174809
a00007269	174810
a00007270	174811
a00007271	174812
a00007272	174813
a00007273	174814
a00007274	174815
a00007275	174816
a00007276	174817
a00007277	174818
a00007278	174819
a00007279	174820
a00007280	174821
a00007281	174822
a00007282	174823
a00007283	174824
a00007284	174825
a00007285	174826
a00007286	174827
a00007287	174828
a00007288	174829
a00007289	174830
a00007290	174831
a00007291	174832
a00007292	174833
a00007293	174834
a00007294	174835
a00007295	174836
a00007296	174837
a00007297	174838
a00007298	174839
a00007299	174840
a00007300	174841
a00007301	174842
a00007302	174843
a00007303	174844
a00007304	174845
a00007305	174846
a00007306	174847
a00007307	174848
a00007308	174849
a00007309	174850
a00007310	174851
a00007311	174852
a00007312	174853
a00007313	174854
a00007314	174855
a00007315	174856
a00007316	174857
a00007317	174858
a00007318	174859
a00007319	174860
a00007320	174861
a00007321	174862
a00007322	174863
a00007323	174864
a00007324	174865
a00007325	174866
a00007326	174867
a00007327	174868
a00007328	174869
a00007329	174870
a00007330	174871
a00007331	174872
a00007332	174873
a00007333	174874
a00007334	174875
a00007335	174876
a00007336	174877
a00007337	174878
a00007338	174879
a00007339	174880
a00007340	174881
a00007341	174882
a00007342	174883
a00007343	174884
a00007344	174885
a00007345	174886
a00007346	174887
a00007347	174888
a00007348	174889
a00007349	174890
a00007350	174891
a00007351	174892
a00007352	174893
a00007353	174894
a00007354	174895
a00007355	174896
a00007356	174897
a00007357	174898
a00007358	174899
a00007359	174900
a00007360	174901
a00007361	174902
a00007362	174903
a00007363	174904
a00007364	174905
a00007365	174906
a00007366	174907
a00007367	174908
a00007368	174909
a00007369	174910
a00007370	174911
a00007371	174912
a00007372	174913
a00007373	174914
a00007374	174915
a00007375	174916
a00007376	174917
a00007377	174918
a00007378	174919
a00007379	174920
a00007380	174921
a00007381	174922
a00007382	174923
a00007383	174924
a00007384	174925
a00007385	174926
a00007386	174927
a00007387	174928
a00007388	174929
a00007389	174930
a00007390	174931
a00007391	174932
a00007392	174933
a00007393	174934
a00007394	174935
a00007395	174936
a00007396	174937
a00007397	174938
a00007398	174939
a00007399	174940
a00007400	174941
a00007401	174942
a00007402	174943
a00007403	174944
a00007404	174945
a00007405	174946
a00007406	174947
a00007407	174948
a00007408	174949
a00007409	174950
a00007410	174951
a00007411	174952
a00007412	174953
a00007413	174954
a00007414	174955
a00007415	174956
a00007416	174957
a00007417	174958
a00007418	174959
a00007419	174960
a00007420	174961
a00007421	174962
a00007422	174963
a00007423	174964
a00007424	174965
a00007425	174966
a00007426	174967
a00007427	174968
a00007428	174969
a00007429	174970
a00007430	174971
a00007431	174972
a00007432	174973
a00007433	174974
a00007434	174975
a00007435	174976
a00007436	174977
a00007437	174978
a00007438	174979
a00007439	174980
a00007440	174981
a00007441	174982
a00007442	174983
a00007443	174984
a00007444	174985
a00007445	174986
a00007446	174987
a00007447	174988
a00007448	174989
a00007449	174990
a00007450	174991
a00007451	174992
a00007452	174993
a00007453	174994
a00007454	174995
a00007455	174996
a00007456	174997
a00007457	174998
a00007458	174999
a00007459	175000
a00007460	175001
a00007461	175002
a00007462	175003
a00007463	175004
a00007464	175005
a00007465	175006
a00007466	175007
a00007467	175008
a00007468	175009
a00007469	175010
a00007470	175011
a00007471	175012
a00007472	175013
a00007473	175014
a00007474	175015
a00007475	175016
a00007476	175017
a00007477	175018
a00007478	175019
a00007479	175020
a00007480	175021
a00007481	175022
a00007482	175023
a00007483	175024
a00007484	175025
a00007485	175026
a00007486	175027
a00007487	175028
a00007488	175029
a00007489	175030
a00007490	175031
a00007491	175032
a00007492	175033
a00007493	175034
a00007494	175035
a00007495	175036
a00007496	175037
a00007497	175038
a00007498	175039
a00007499	175040
a00007500	175041
a00007501	175042
a00007502	175043
a00007503	175044
a00007504	175045
a00007505	175046
a00007506	175047
a00007507	175048
a00007508	175049
a00007509	175050
a00007510	175051
a00007511	175052
a00007512	175053
a00007513	175054
a00007514	175055
a00007515	175056
a00007516	175057
a00007517	175058
a00007518	175059
a00007519	175060
a00007520	175061
a00007521	175062
a00007522	175063
a00007523	175064
a00007524	175065
a00007525	175066
a00007526	175067
a00007527	175068
a00007528	175069
a00007529	175070
a00007530	175071
a00007531	175072
a00007532	175073
a00007533	175074
a00007534	175075
a00007535	175076
a00007536	175077
a00007537	175078
a00007538	175079
a00007539	175080
a00007540	175081
a00007541	175082
a00007542	175083
a00007543	175084
a00007544	175085
a00007545	175086
a00007546	175087
a00007547	175088
a00007548	175089
a00007549	175090
a00007550	175091
a00007551	175092
a00007552	175093
a00007553	175094
a00007554	175095
a00007555	175096
a00007556	175097
a00007557	175098
a00007558	175099
a00007559	175100
a00007560	175101
a00007561	175102
a00007562	175103
a00007563	175104
a00007564	175105
a00007565	175106
a00007566	175107
a00007567	175108
a00007568	175109
a00007569	175110
a00007570	175111
a00007571	175112
a00007572	175113
a00007573	175114
a00007574	175115
a00007575	175116
a00007576	175117
a00007577	175118
a00007578	175119
a00007579	175120
a00007580	175121
a00007581	175122
a00007582	175123
a00007583	175124
a00007584	175125
a00007585	175126
a00007586	175127
a00007587	175128
a00007588	175129
a00007589	175130
a00007590	175131
a00007591	175132
a00007592	175133
a00007593	175134
a00007594	175135
a00007595	175136
a00007596	175137
a00007597	175138
a00007598	175139
a00007599	175140
a00007600	175141
a00007601	175142
a00007602	175143
a00007603	175144
a00007604	175145
a00007605	175146
a00007606	175147
a00007607	175148
a00007608	175149
a00007609	175150
a00007610	175151
a00007611	175152
a00007612	175153
a00007613	175154
a00007614	175155
a00007615	175156
a00007616	175157
a00007617	175158
a00007618	175159
a00007619	175160
a00007620	175161
a00007621	175162
a00007622	175163
a00007623	175164
a00007624	175165
a00007625	175166
a00007626	175167
a00007627	175168
a00007628	175169
a00007629	175170
a00007630	175171
a00007631	175172
a00007632	175173
a00007633	175174
a00007634	175175
a00007635	175176
a00007636	175177
a00007637	175178
a00007638	175179
a00007639	175180
a00007640	175181
a00007641	175182
a00007642	175183
a00007643	175184
a00007644	175185
a00007645	175186
a00007646	175187
a00007647	175188
a00007648	175189
a00007649	175190
a00007650	175191
a00007651	175192
a00007652	175193
a00007653	175194
a00007654	175195
a00007655	175196
a00007656	175197
a00007657	175198
a00007658	175199
a00007659	175200
a00007660	175201
a00007661	175202
a00007662	175203
a00007663	175204
a00007664	175205
a00007665	175206
a00007666	175207
a00007667	175208
a00007668	175209
a00007669	175210
a00007670	175211
a00007671	175212
a00007672	175213
a00007673	175214
a00007674	175215
a00007675	175216
a00007676	175217
a00007677	175218
a00007678	175219
a00007679	175220
a00007680	175221
a00007681	175222
a00007682	175223
a00007683	175224
a00007684	175225
a00007685	175226
a00007686	175227
a00007687	175228
a00007688	175229
a00007689	175230
a00007690	175231
a00007691	175232
a00007692	175233
a00007693	175234
a00007694	175235
a00007695	175236
a00007696	175237
a00007697	175238
a00007698	175239
a00007699	175240
a00007700	175241
a00007701	175242
a00007702	175243
a00007703	175244
a00007704	175245
a00007705	175246
a00007706	175247
a00007707	175248
a00007708	175249
a00007709	175250
a00007710	175251
a00007711	175252
a00007712	175253
a00007713	175254
a00007714	175255
a00007715	175256
a00007716	175257
a00007717	175258
a00007718	175259
a00007719	175260
a00007720	175261
a00007721	175262
a00007722	175263
a00007723	175264
a00007724	175265
a00007725	175266
a00007726	175267
a00007727	175268
a00007728	175269
a00007729	175270
a00007730	175271
a00007731	175272
a00007732	175273
a00007733	175274
a00007734	175275
a00007735	175276
a00007736	175277
a00007737	175278
a00007738	175279
a00007739	175280
a00007740	175281
a00007741	175282
a00007742	175283
a00007743	175284
a00007744	175285
a00007745	175286
a00007746	175287
a00007747	175288
a00007748	175289
a00007749	175290
a00007750	175291
a00007751	175292
a00007752	175293
a00007753	175294
a00007754	175295
a00007755	175296
a00007756	175297
a00007757	175298
a00007758	175299
a00007759	175300
a00007760	175301
a00007761	175302
a00007762	175303
a00007763	175304
a00007764	175305
a00007765	175306
a00007766	175307
a00007767	175308
a00007768	175309
a00007769	175310
a00007770	175311
a00007771	175312
a00007772	175313
a00007773	175314
a00007774	175315
a00007775	175316
a00007776	175317
a00007777	175318
a00007778	175319
a00007779	175320
a00007780	175321
a00007781	175322
a00007782	175323
a00007783	175324
a00007784	175325
a00007785	175326
a00007786	175327
a00007787	175328
a00007788	175329
a00007789	175330
a00007790	175331
a00007791	175332
a00007792	175333
a00007793	175334
a00007794	175335
a00007795	175336
a00007796	175337
a00007797	175338
a00007798	175339
a00007799	175340
a00007800	175341
a00007801	175342
a00007802	175343
a00007803	175344
a00007804	175345
a00007805	175346
a00007806	175347
a00007807	175348
a00007808	175349
a00007809	175350
a00007810	175351
a00007811	175352
a00007812	175353
a00007813	175354
a00007814	175355
a00007815	175356
a00007816	175357
a00007817	175358
a00007818	175359
a00007819	175360
a00007820	175361
a00007821	175362
a00007822	175363
a00007823	175364
a00007824	175365
a00007825	175366
a00007826	175367
a00007827	175368
a00007828	175369
a00007829	175370
a00007830	175371
a00007831	175372
a00007832	175373
a00007833	175374
a00007834	175375
a00007835	175376
a00007836	175377
a00007837	175378
a00007838	175379
a00007839	175380
a00007840	175381
a00007841	175382
a00007842	175383
a00007843	175384
a00007844	175385
a00007845	175386
a00007846	175387
a00007847	175388
a00007848	175389
a00007849	175390
a00007850	175391
a00007851	175392
a00007852	175393
a00007853	175394
a00007854	175395
a00007855	175396
a00007856	175397
a00007857	175398
a00007858	175399
a00007859	175400
a00007860	175401
a00007861	175402
a00007862	175403
a00007863	175404
a00007864	175405
a00007865	175406
a00007866	175407
a00007867	175408
a00007868	175409
a00007869	175410
a00007870	175411
a00007871	175412
a00007872	175413
a00007873	175414
a00007874	175415
a00007875	175416
a00007876	175417
a00007877	175418
a00007878	175419
a00007879	175420
a00007880	175421
a00007881	175422
a00007882	175423
a00007883	175424
a00007884	175425
a00007885	175426
a00007886	175427
a00007887	175428
a00007888	175429
a00007889	175430
a00007890	175431
a00007891	175432
a00007892	175433
a00007893	175434
a00007894	175435
a00007895	175436
a00007896	175437
a00007897	175438
a00007898	175439
a00007899	175440
a00007900	175441
a00007901	175442
a00007902	175443
a00007903	175444
a00007904	175445
a00007905	175446
a00007906	175447
a00007907	175448
a00007908	175449
a00007909	175450
a00007910	175451
a00007911	175452
a00007912	175453
a00007913	175454
a00007914	175455
a00007915	175456
a00007916	175457
a00007917	175458
a00007918	175459
a00007919	175460
a00007920	175461
a00007921	175462
a00007922	175463
a00007923	175464
a00007924	175465
a00007925	175466
a00007926	175467
a00007927	175468
a00007928	175469
a00007929	175470
a00007930	175471
a00007931	175472
a00007932	175473
a00007933	175474
a00007934	175475
a00007935	175476
a00007936	175477
a00007937	175478
a00007938	175479
a00007939	175480
a00007940	175481
a00007941	175482
a00007942	175483
a00007943	175484
a00007944	175485
a00007945	175486
a00007946	175487
a00007947	175488
a00007948	175489
a00007949	175490
a00007950	175491
a00007951	175492
a00007952	175493
a00007953	175494
a00007954	175495
a00007955	175496
a00007956	175497
a00007957	175498
a00007958	175499
a00007959	175500
a00007960	175501
a00007961	175502
a00007962	175503
a00007963	175504
a00007964	175505
a00007965	175506
a00007966	175507
a00007967	175508
a00007968	175509
a00007969	175510
a00007970	175511
a00007971	175512
a00007972	175513
a00007973	175514
a00007974	175515
a00007975	175516
a00007976	175517
a00007977	175518
a00007978	175519
a00007979	175520
a00007980	175521
a00007981	175522
a00007982	175523
a00007983	175524
a00007984	175525
a00007985	175526
a00007986	175527
a00007987	175528
a00007988	175529
a00007989	175530
a00007990	175531
a00007991	175532
a00007992	175533
a00007993	175534
a00007994	175535
a00007995	175536
a00007996	175537
a00007997	175538
a00007998	175539
a00007999	175540
a00008000	175541
a00008001	175542
a00008002	175543
a00008003	175544
a00008004	175545
a00008005	175546
a00008006	175547
a00008007	175548
a00008008	175549
a00008009	175550
a00008010	175551
a00008011	175552
a00008012	175553
a00008013	175554
a00008014	175555
a00008015	175556
a00008016	175557
a00008017	175558
a00008018	175559
a00008019	175560
a00008020	175561
a00008021	175562
a00008022	175563
a00008023	175564
a00008024	175565
a00008025	175566
a00008026	175567
a00008027	175568
a00008028	175569
a00008029	175570
a00008030	175571
a00008031	175572
a00008032	175573
a00008033	175574
a00008034	175575
a00008035	175576
a00008036	175577
a00008037	175578
a00008038	175579
a00008039	175580
a00008040	175581
a00008041	175582
a00008042	175583
a00008043	175584
a00008044	175585
a00008045	175586
a00008046	175587
a00008047	175588
a00008048	175589
a00008049	175590
a00008050	175591
a00008051	175592
a00008052	175593
a00008053	175594
a00008054	175595
a00008055	175596
a00008056	175597
a00008057	175598
a00008058	175599
a00008059	175600
a00008060	175601
a00008061	175602
a00008062	175603
a00008063	175604
a00008064	175605
a00008065	175606
a00008066	175607
a00008067	175608
a00008068	175609
a00008069	175610
a00008070	175611
a00008071	175612
a00008072	175613
a00008073	175614
a00008074	175615
a00008075	175616
a00008076	175617
a00008077	175618
a00008078	175619
a00008079	175620
a00008080	175621
a00008081	175622
a00008082	175623
a00008083	175624
a00008084	175625
a00008085	175626
a00008086	175627
a00008087	175628
a00008088	175629
a00008089	175630
a00008090	175631
a00008091	175632
a00008092	175633
a00008093	175634
a00008094	175635
a00008095	175636
a00008096	175637
a00008097	175638
a00008098	175639
a00008099	175640
a00008100	175641
a00008101	175642
a00008102	175643
a00008103	175644
a00008104	175645
a00008105	175646
a00008106	175647
a00008107	175648
a00008108	175649
a00008109	175650
a00008110	175651
a00008111	175652
a00008112	175653
a00008113	175654
a00008114	175655
a00008115	175656
a00008116	175657
a00008117	175658
a00008118	175659
a00008119	175660
a00008120	175661
a00008121	175662
a00008122	175663
a00008123	175664
a00008124	175665
a00008125	175666
a00008126	175667
a00008127	175668
a00008128	175669
a00008129	175670
a00008130	175671
a00008131	175672
a00008132	175673
a00008133	175674
a00008134	175675
a00008135	175676
a00008136	175677
a00008137	175678
a00008138	175679
a00008139	175680
a00008140	175681
a00008141	175682
a00008142	175683
a00008143	175684
a00008144	175685
a00008145	175686
a00008146	175687
a00008147	175688
a00008148	175689
a00008149	175690
a00008150	175691
a00008151	175692
a00008152	175693
a00008153	175694
a00008154	175695
a00008155	175696
a00008156	175697
a00008157	175698
a00008158	175699
a00008159	175700
a00008160	175701
a00008161	175702
a00008162	175703
a00008163	175704
a00008164	175705
a00008165	175706
a00008166	175707
a00008167	175708
a00008168	175709
a00008169	175710
a00008170	175711
a00008171	175712
a00008172	175713
a00008173	175714
a00008174	175715
a00008175	175716
a00008176	175717
a00008177	175718
a00008178	175719
a00008179	175720
a00008180	175721
a00008181	175722
a00008182	175723
a00008183	175724
a00008184	175725
a00008185	175726
a00008186	175727
a00008187	175728
a00008188	175729
a00008189	175730
a00008190	175731
a00008191	175732
a00008192	175733
a00008193	175734
a00008194	175735
a00008195	175736
a00008196	175737
a00008197	175738
a00008198	175739
a00008199	175740
a00008200	175741
a00008201	175742
a00008202	175743
a00008203	175744
a00008204	175745
a00008205	175746
a00008206	175747
a00008207	175748
a00008208	175749
a00008209	175750
a00008210	175751
a00008211	175752
a00008212	175753
a00008213	175754
a00008214	175755
a00008215	175756
a00008216	175757
a00008217	175758
a00008218	175759
a00008219	175760
a00008220	175761
a00008221	175762
a00008222	175763
a00008223	175764
a00008224	175765
a00008225	175766
a00008226	175767
a00008227	175768
a00008228	175769
a00008229	175770
a00008230	175771
a00008231	175772
a00008232	175773
a00008233	175774
a00008234	175775
a00008235	175776
a00008236	175777
a00008237	175778
a00008238	175779
a00008239	175780
a00008240	175781
a00008241	175782
a00008242	175783
a00008243	175784
a00008244	175785
a00008245	175786
a00008246	175787
a00008247	175788
a00008248	175789
a00008249	175790
a00008250	175791
a00008251	175792
a00008252	175793
a00008253	175794
a00008254	175795
a00008255	175796
a00008256	175797
a00008257	175798
a00008258	175799
a00008259	175800
a00008260	175801
a00008261	175802
a00008262	175803
a00008263	175804
a00008264	175805
a00008265	175806
a00008266	175807
a00008267	175808
a00008268	175809
a00008269	175810
a00008270	175811
a00008271	175812
a00008272	175813
a00008273	175814
a00008274	175815
a00008275	175816
a00008276	175817
a00008277	175818
a00008278	175819
a00008279	175820
a00008280	175821
a00008281	175822
a00008282	175823
a00008283	175824
a00008284	175825
a00008285	175826
a00008286	175827
a00008287	175828
a00008288	175829
a00008289	175830
a00008290	175831
a00008291	175832
a00008292	175833
a00008293	175834
a00008294	175835
a00008295	175836
a00008296	175837
a00008297	175838
a00008298	175839
a00008299	175840
a00008300	175841
a00008301	175842
a00008302	175843
a00008303	175844
a00008304	175845
a00008305	175846
a00008306	175847
a00008307	175848
a00008308	175849
a00008309	175850
a00008310	175851
a00008311	175852
a00008312	175853
a00008313	175854
a00008314	175855
a00008315	175856
a00008316	175857
a00008317	175858
a00008318	175859
a00008319	175860
a00008320	175861
a00008321	175862
a00008322	175863
a00008323	175864
a00008324	175865
a00008325	175866
a00008326	175867
a00008327	175868
a00008328	175869
a00008329	175870
a00008330	175871
a00008331	175872
a00008332	175873
a00008333	175874
a00008334	175875
a00008335	175876
a00008336	175877
a00008337	175878
a00008338	175879
a00008339	175880
a00008340	175881
a00008341	175882
a00008342	175883
a00008343	175884
a00008344	175885
a00008345	175886
a00008346	175887
a00008347	175888
a00008348	175889
a00008349	175890
a00008350	175891
a00008351	175892
a00008352	175893
a00008353	175894
a00008354	175895
a00008355	175896
a00008356	175897
a00008357	175898
a00008358	175899
a00008359	175900
a00008360	175901
a00008361	175902
a00008362	175903
a00008363	175904
a00008364	175905
a00008365	175906
a00008366	175907
a00008367	175908
a00008368	175909
a00008369	175910
a00008370	175911
a00008371	175912
a00008372	175913
a00008373	175914
a00008374	175915
a00008375	175916
a00008376	175917
a00008377	175918
a00008378	175919
a00008379	175920
a00008380	175921
a00008381	175922
a00008382	175923
a00008383	175924
a00008384	175925
a00008385	175926
a00008386	175927
a00008387	175928
a00008388	175929
a00008389	175930
a00008390	175931
a00008391	175932
a00008392	175933
a00008393	175934
a00008394	175935
a00008395	175936
a00008396	175937
a00008397	175938
a00008398	175939
a00008399	175940
a00008400	175941
a00008401	175942
a00008402	175943
a00008403	175944
a00008404	175945
a00008405	175946
a00008406	175947
a00008407	175948
a00008408	175949
a00008409	175950
a00008410	175951
a00008411	175952
a00008412	175953
a00008413	175954
a00008414	175955
a00008415	175956
a00008416	175957
a00008417	175958
a00008418	175959
a00008419	175960
a00008420	175961
a00008421	175962
a00008422	175963
a00008423	175964
a00008424	175965
a00008425	175966
a00008426	175967
a00008427	175968
a00008428	175969
a00008429	175970
a00008430	175971
a00008431	175972
a00008432	175973
a00008433	175974
a00008434	175975
a00008435	175976
a00008436	175977
a00008437	175978
a00008438	175979
a00008439	175980
a00008440	175981
a00008441	175982
a00008442	175983
a00008443	175984
a00008444	175985
a00008445	175986
a00008446	175987
a00008447	175988
a00008448	175989
a00008449	175990
a00008450	175991
a00008451	175992
a00008452	175993
a00008453	175994
a00008454	175995
a00008455	175996
a00008456	175997
a00008457	175998
a00008458	175999
a00008459	176000
a00008460	176001
a00008461	176002
a00008462	176003
a00008463	176004
a00008464	176005
a00008465	176006
a00008466	176007
a00008467	176008
a00008468	176009
a00008469	176010
a00008470	176011
a00008471	176012
a00008472	176013
a00008473	176014
a00008474	176015
a00008475	176016
a00008476	176017
a00008477	176018
a00008478	176019
a00008479	176020
a00008480	176021
a00008481	176022
a00008482	176023
a00008483	176024
a00008484	176025
a00008485	176026
a00008486	176027
a00008487	176028
a00008488	176029
a00008489	176030
a00008490	176031
a00008491	176032
a00008492	176033
a00008493	176034
a00008494	176035
a00008495	176036
a00008496	176037
a00008497	176038
a00008498	176039
a00008499	176040
a00008500	176041
a00008501	176042
a00008502	176043
a00008503	176044
a00008504	176045
a00008505	176046
a00008506	176047
a00008507	176048
a00008508	176049
a00008509	176050
a00008510	176051
a00008511	176052
a00008512	176053
a00008513	176054
a00008514	176055
a00008515	176056
a00008516	176057
a00008517	176058
a00008518	176059
a00008519	176060
a00008520	176061
a00008521	176062
a00008522	176063
a00008523	176064
a00008524	176065
a00008525	176066
a00008526	176067
a00008527	176068
a00008528	176069
a00008529	176070
a00008530	176071
a00008531	176072
a00008532	176073
a00008533	176074
a00008534	176075
a00008535	176076
a00008536	176077
a00008537	176078
a00008538	176079
a00008539	176080
a00008540	176081
a00008541	176082
a00008542	176083
a00008543	176084
a00008544	176085
a00008545	176086
a00008546	176087
a00008547	176088
a00008548	176089
a00008549	176090
a00008550	176091
a00008551	176092
a00008552	176093
a00008553	176094
a00008554	176095
a00008555	176096
a00008556	176097
a00008557	176098
a00008558	176099
a00008559	176100
a00008560	176101
a00008561	176102
a00008562	176103
a00008563	176104
a00008564	176105
a00008565	176106
a00008566	176107
a00008567	176108
a00008568	176109
a00008569	176110
a00008570	176111
a00008571	176112
a00008572	176113
a00008573	176114
a00008574	176115
a00008575	176116
a00008576	176117
a00008577	176118
a00008578	176119
a00008579	176120
a00008580	176121
a00008581	176122
a00008582	176123
a00008583	176124
a00008584	176125
a00008585	176126
a00008586	176127
a00008587	176128
a00008588	176129
a00008589	176130
a00008590	176131
a00008591	176132
a00008592	176133
a00008593	176134
a00008594	176135
a00008595	176136
a00008596	176137
a00008597	176138
a00008598	176139
a00008599	176140
a00008600	176141
a00008601	176142
a00008602	176143
a00008603	176144
a00008604	176145
a00008605	176146
a00008606	176147
a00008607	176148
a00008608	176149
a00008609	176150
a00008610	176151
a00008611	176152
a00008612	176153
a00008613	176154
a00008614	176155
a00008615	176156
a00008616	176157
a00008617	176158
a00008618	176159
a00008619	176160
a00008620	176161
a00008621	176162
a00008622	176163
a00008623	176164
a00008624	176165
a00008625	176166
a00008626	176167
a00008627	176168
a00008628	176169
a00008629	176170
a00008630	176171
a00008631	176172
a00008632	176173
a00008633	176174
a00008634	176175
a00008635	176176
a00008636	176177
a00008637	176178
a00008638	176179
a00008639	176180
a00008640	176181
a00008641	176182
a00008642	176183
a00008643	176184
a00008644	176185
a00008645	176186
a00008646	176187
a00008647	176188
a00008648	176189
a00008649	176190
a00008650	176191
a00008651	176192
a00008652	176193
a00008653	176194
a00008654	176195
a00008655	176196
a00008656	176197
a00008657	176198
a00008658	176199
a00008659	176200
a00008660	176201
a00008661	176202
a00008662	176203
a00008663	176204
a00008664	176205
a00008665	176206
a00008666	176207
a00008667	176208
a00008668	176209
a00008669	176210
a00008670	176211
a00008671	176212
a00008672	176213
a00008673	176214
a00008674	176215
a00008675	176216
a00008676	176217
a00008677	176218
a00008678	176219
a00008679	176220
a00008680	176221
a00008681	176222
a00008682	176223
a00008683	176224
a00008684	176225
a00008685	176226
a00008686	176227
a00008687	176228
a00008688	176229
a00008689	176230
a00008690	176231
a00008691	176232
a00008692	176233
a00008693	176234
a00008694	176235
a00008695	176236
a00008696	176237
a00008697	176238
a00008698	176239
a00008699	176240
a00008700	176241
a00008701	176242
a00008702	176243
a00008703	176244
a00008704	176245
a00008705	176246
a00008706	176247
a00008707	176248
a00008708	176249
a00008709	176250
a00008710	176251
a00008711	176252
a00008712	176253
a00008713	176254
a00008714	176255
a00008715	176256
a00008716	176257
a00008717	176258
a00008718	176259
a00008719	176260
a00008720	176261
a00008721	176262
a00008722	176263
a00008723	176264
a00008724	176265
a00008725	176266
a00008726	176267
a00008727	176268
a00008728	176269
a00008729	176270
a00008730	176271
a00008731	176272
a00008732	176273
a00008733	176274
a00008734	176275
a00008735	176276
a00008736	176277
a00008737	176278
a00008738	176279
a00008739	176280
a00008740	176281
a00008741	176282
a00008742	176283
a00008743	176284
a00008744	176285
a00008745	176286
a00008746	176287
a00008747	176288
a00008748	176289
a00008749	176290
a00008750	176291
a00008751	176292
a00008752	176293
a00008753	176294
a00008754	176295
a00008755	176296
a00008756	176297
a00008757	176298
a00008758	176299
a00008759	176300
a00008760	176301
a00008761	176302
a00008762	176303
a00008763	176304
a00008764	176305
a00008765	176306
a00008766	176307
a00008767	176308
a00008768	176309
a00008769	176310
a00008770	176311
a00008771	176312
a00008772	176313
a00008773	176314
a00008774	176315
a00008775	176316
a00008776	176317
a00008777	176318
a00008778	176319
a00008779	176320
a00008780	176321
a00008781	176322
a00008782	176323
a00008783	176324
a00008784	176325
a00008785	176326
a00008786	176327
a00008787	176328
a00008788	176329
a00008789	176330
a00008790	176331
a00008791	176332
a00008792	176333
a00008793	176334
a00008794	176335
a00008795	176336
a00008796	176337
a00008797	176338
a00008798	176339
a00008799	176340
a00008800	176341
a00008801	176342
a00008802	176343
a00008803	176344
a00008804	176345
a00008805	176346
a00008806	176347
a00008807	176348
a00008808	176349
a00008809	176350
a00008810	176351
a00008811	176352
a00008812	176353
a00008813	176354
a00008814	176355
a00008815	176356
a00008816	176357
a00008817	176358
a00008818	176359
a00008819	176360
a00008820	176361
a00008821	176362
a00008822	176363
a00008823	176364
a00008824	176365
a00008825	176366
a00008826	176367
a00008827	176368
a00008828	176369
a00008829	176370
a00008830	176371
a00008831	176372
a00008832	176373
a00008833	176374
a00008834	176375
a00008835	176376
a00008836	176377
a00008837	176378
a00008838	176379
a00008839	176380
a00008840	176381
a00008841	176382
a00008842	176383
a00008843	176384
a00008844	176385
a00008845	176386
a00008846	176387
a00008847	176388
a00008848	176389
a00008849	176390
a00008850	176391
a00008851	176392
a00008852	176393
a00008853	176394
a00008854	176395
a00008855	176396
a00008856	176397
a00008857	176398
a00008858	176399
a00008859	176400
a00008860	176401
a00008861	176402
a00008862	176403
a00008863	176404
a00008864	176405
a00008865	176406
a00008866	176407
a00008867	176408
a00008868	176409
a00008869	176410
a00008870	176411
a00008871	176412
a00008872	176413
a00008873	176414
a00008874	176415
a00008875	176416
a00008876	176417
a00008877	176418
a00008878	176419
a00008879	176420
a00008880	176421
a00008881	176422
a00008882	176423
a00008883	176424
a00008884	176425
a00008885	176426
a00008886	176427
a00008887	176428
a00008888	176429
a00008889	176430
a00008890	176431
a00008891	176432
a00008892	176433
a00008893	176434
a00008894	176435
a00008895	176436
a00008896	176437
a00008897	176438
a00008898	176439
a00008899	176440
a00008900	176441
a00008901	176442
a00008902	176443
a00008903	176444
a00008904	176445
a00008905	176446
a00008906	176447
a00008907	176448
a00008908	176449
a00008909	176450
a00008910	176451
a00008911	176452
a00008912	176453
a00008913	176454
a00008914	176455
a00008915	176456
a00008916	176457
a00008917	176458
a00008918	176459
a00008919	176460
a00008920	176461
a00008921	176462
a00008922	176463
a00008923	176464
a00008924	176465
a00008925	176466
a00008926	176467
a00008927	176468
a00008928	176469
a00008929	176470
a00008930	176471
a00008931	176472
a00008932	176473
a00008933	176474
a00008934	176475
a00008935	176476
a00008936	176477
a00008937	176478
a00008938	176479
a00008939	176480
a00008940	176481
a00008941	176482
a00008942	176483
a00008943	176484
a00008944	176485
a00008945	176486
a00008946	176487
a00008947	176488
a00008948	176489
a00008949	176490
a00008950	176491
a00008951	176492
a00008952	176493
a00008953	176494
a00008954	176495
a00008955	176496
a00008956	176497
a00008957	176498
a00008958	176499
a00008959	176500
a00008960	176501
a00008961	176502
a00008962	176503
a00008963	176504
a00008964	176505
a00008965	176506
a00008966	176507
a00008967	176508
a00008968	176509
a00008969	176510
a00008970	176511
a00008971	176512
a00008972	176513
a00008973	176514
a00008974	176515
a00008975	176516
a00008976	176517
a00008977	176518
a00008978	176519
a00008979	176520
a00008980	176521
a00008981	176522
a00008982	176523
a00008983	176524
a00008984	176525
a00008985	176526
a00008986	176527
a00008987	176528
a00008988	176529
a00008989	176530
a00008990	176531
a00008991	176532
a00008992	176533
a00008993	176534
a00008994	176535
a00008995	176536
a00008996	176537
a00008997	176538
a00008998	176539
a00008999	176540
a00009000	176541
a00009001	176542
a00009002	176543
a00009003	176544
a00009004	176545
a00009005	176546
a00009006	176547
a00009007	176548
a00009008	176549
a00009009	176550
a00009010	176551
a00009011	176552
a00009012	176553
a00009013	176554
a00009014	176555
a00009015	176556
a00009016	176557
a00009017	176558
a00009018	176559
a00009019	176560
a00009020	176561
a00009021	176562
a00009022	176563
a00009023	176564
a00009024	176565
a00009025	176566
a00009026	176567
a00009027	176568
a00009028	176569
a00009029	176570
a00009030	176571
a00009031	176572
a00009032	176573
a00009033	176574
a00009034	176575
a00009035	176576
a00009036	176577
a00009037	176578
a00009038	176579
a00009039	176580
a00009040	176581
a00009041	176582
a00009042	176583
a00009043	176584
a00009044	176585
a00009045	176586
a00009046	176587
a00009047	176588
a00009048	176589
a00009049	176590
a00009050	176591
a00009051	176592
a00009052	176593
a00009053	176594
a00009054	176595
a00009055	176596
a00009056	176597
a00009057	176598
a00009058	176599
a00009059	176600
a00009060	176601
a00009061	176602
a00009062	176603
a00009063	176604
a00009064	176605
a00009065	176606
a00009066	176607
a00009067	176608
a00009068	176609
a00009069	176610
a00009070	176611
a00009071	176612
a00009072	176613
a00009073	176614
a00009074	176615
a00009075	176616
a00009076	176617
a00009077	176618
a00009078	176619
a00009079	176620
a00009080	176621
a00009081	176622
a00009082	176623
a00009083	176624
a00009084	176625
a00009085	176626
a00009086	176627
a00009087	176628
a00009088	176629
a00009089	176630
a00009090	176631
a00009091	176632
a00009092	176633
a00009093	176634
a00009094	176635
a00009095	176636
a00009096	176637
a00009097	176638
a00009098	176639
a00009099	176640
a00009100	176641
a00009101	176642
a00009102	176643
a00009103	176644
a00009104	176645
a00009105	176646
a00009106	176647
a00009107	176648
a00009108	176649
a00009109	176650
a00009110	176651
a00009111	176652
a00009112	176653
a00009113	176654
a00009114	176655
a00009115	176656
a00009116	176657
a00009117	176658
a00009118	176659
a00009119	176660
a00009120	176661
a00009121	176662
a00009122	176663
a00009123	176664
a00009124	176665
a00009125	176666
a00009126	176667
a00009127	176668
a00009128	176669
a00009129	176670
a00009130	176671
a00009131	176672
a00009132	176673
a00009133	176674
a00009134	176675
a00009135	176676
a00009136	176677
a00009137	176678
a00009138	176679
a00009139	176680
a00009140	176681
a00009141	176682
a00009142	176683
a00009143	176684
a00009144	176685
a00009145	176686
a00009146	176687
a00009147	176688
a00009148	176689
a00009149	176690
a00009150	176691
a00009151	176692
a00009152	176693
a00009153	176694
a00009154	176695
a00009155	176696
a00009156	176697
a00009157	176698
a00009158	176699
a00009159	176700
a00009160	176701
a00009161	176702
a00009162	176703
a00009163	176704
a00009164	176705
a00009165	176706
a00009166	176707
a00009167	176708
a00009168	176709
a00009169	176710
a00009170	176711
a00009171	176712
a00009172	176713
a00009173	176714
a00009174	176715
a00009175	176716
a00009176	176717
a00009177	176718
a00009178	176719
a00009179	176720
a00009180	176721
a00009181	176722
a00009182	176723
a00009183	176724
a00009184	176725
a00009185	176726
a00009186	176727
a00009187	176728
a00009188	176729
a00009189	176730
a00009190	176731
a00009191	176732
a00009192	176733
a00009193	176734
a00009194	176735
a00009195	176736
a00009196	176737
a00009197	176738
a00009198	176739
a00009199	176740
a00009200	176741
a00009201	176742
a00009202	176743
a00009203	176744
a00009204	176745
a00009205	176746
a00009206	176747
a00009207	176748
a00009208	176749
a00009209	176750
a00009210	176751
a00009211	176752
a00009212	176753
a00009213	176754
a00009214	176755
a00009215	176756
a00009216	176757
a00009217	176758
a00009218	176759
a00009219	176760
a00009220	176761
a00009221	176762
a00009222	176763
a00009223	176764
a00009224	176765
a00009225	176766
a00009226	176767
a00009227	176768
a00009228	176769
a00009229	176770
a00009230	176771
a00009231	176772
a00009232	176773
a00009233	176774
a00009234	176775
a00009235	176776
a00009236	176777
a00009237	176778
a00009238	176779
a00009239	176780
a00009240	176781
a00009241	176782
a00009242	176783
a00009243	176784
a00009244	176785
a00009245	176786
a00009246	176787
a00009247	176788
a00009248	176789
a00009249	176790
a00009250	176791
a00009251	176792
a00009252	176793
a00009253	176794
a00009254	176795
a00009255	176796
a00009256	176797
a00009257	176798
a00009258	176799
a00009259	176800
a00009260	176801
a00009261	176802
a00009262	176803
a00009263	176804
a00009264	176805
a00009265	176806
a00009266	176807
a00009267	176808
a00009268	176809
a00009269	176810
a00009270	176811
a00009271	176812
a00009272	176813
a00009273	176814
a00009274	176815
a00009275	176816
a00009276	176817
a00009277	176818
a00009278	176819
a00009279	176820
a00009280	176821
a00009281	176822
a00009282	176823
a00009283	176824
a00009284	176825
a00009285	176826
a00009286	176827
a00009287	176828
a00009288	176829
a00009289	176830
a00009290	176831
a00009291	176832
a00009292	176833
a00009293	176834
a00009294	176835
a00009295	176836
a00009296	176837
a00009297	176838
a00009298	176839
a00009299	176840
a00009300	176841
a00009301	176842
a00009302	176843
a00009303	176844
a00009304	176845
a00009305	176846
a00009306	176847
a00009307	176848
a00009308	176849
a00009309	176850
a00009310	176851
a00009311	176852
a00009312	176853
a00009313	176854
a00009314	176855
a00009315	176856
a00009316	176857
a00009317	176858
a00009318	176859
a00009319	176860
a00009320	176861
a00009321	176862
a00009322	176863
a00009323	176864
a00009324	176865
a00009325	176866
a00009326	176867
a00009327	176868
a00009328	176869
a00009329	176870
a00009330	176871
a00009331	176872
a00009332	176873
a00009333	176874
a00009334	176875
a00009335	176876
a00009336	176877
a00009337	176878
a00009338	176879
a00009339	176880
a00009340	176881
a00009341	176882
a00009342	176883
a00009343	176884
a00009344	176885
a00009345	176886
a00009346	176887
a00009347	176888
a00009348	176889
a00009349	176890
a00009350	176891
a00009351	176892
a00009352	176893
a00009353	176894
a00009354	176895
a00009355	176896
a00009356	176897
a00009357	176898
a00009358	176899
a00009359	176900
a00009360	176901
a00009361	176902
a00009362	176903
a00009363	176904
a00009364	176905
a00009365	176906
a00009366	176907
a00009367	176908
a00009368	176909
a00009369	176910
a00009370	176911
a00009371	176912
a00009372	176913
a00009373	176914
a00009374	176915
a00009375	176916
a00009376	176917
a00009377	176918
a00009378	176919
a00009379	176920
a00009380	176921
a00009381	176922
a00009382	176923
a00009383	176924
a00009384	176925
a00009385	176926
a00009386	176927
a00009387	176928
a00009388	176929
a00009389	176930
a00009390	176931
a00009391	176932
a00009392	176933
a00009393	176934
a00009394	176935
a00009395	176936
a00009396	176937
a00009397	176938
a00009398	176939
a00009399	176940
a00009400	176941
a00009401	176942
a00009402	176943
a00009403	176944
a00009404	176945
a00009405	176946
a00009406	176947
a00009407	176948
a00009408	176949
a00009409	176950
a00009410	176951
a00009411	176952
a00009412	176953
a00009413	176954
a00009414	176955
a00009415	176956
a00009416	176957
a00009417	176958
a00009418	176959
a00009419	176960
a00009420	176961
a00009421	176962
a00009422	176963
a00009423	176964
a00009424	176965
a00009425	176966
a00009426	176967
a00009427	176968
a00009428	176969
a00009429	176970
a00009430	176971
a00009431	176972
a00009432	176973
a00009433	176974
a00009434	176975
a00009435	176976
a00009436	176977
a00009437	176978
a00009438	176979
a00009439	176980
a00009440	176981
a00009441	176982
a00009442	176983
a00009443	176984
a00009444	176985
a00009445	176986
a00009446	176987
a00009447	176988
a00009448	176989
a00009449	176990
a00009450	176991
a00009451	176992
a00009452	176993
a00009453	176994
a00009454	176995
a00009455	176996
a00009456	176997
a00009457	176998
a00009458	176999
a00009459	177000
a00009460	177001
a00009461	177002
a00009462	177003
a00009463	177004
a00009464	177005
a00009465	177006
a00009466	177007
a00009467	177008
a00009468	177009
a00009469	177010
a00009470	177011
a00009471	177012
a00009472	177013
a00009473	177014
a00009474	177015
a00009475	177016
a00009476	177017
a00009477	177018
a00009478	177019
a00009479	177020
a00009480	177021
a00009481	177022
a00009482	177023
a00009483	177024
a00009484	177025
a00009485	177026
a00009486	177027
a00009487	177028
a00009488	177029
a00009489	177030
a00009490	177031
a00009491	177032
a00009492	177033
a00009493	177034
a00009494	177035
a00009495	177036
a00009496	177037
a00009497	177038
a00009498	177039
a00009499	177040
a00009500	177041
a00009501	177042
a00009502	177043
a00009503	177044
a00009504	177045
a00009505	177046
a00009506	177047
a00009507	177048
a00009508	177049
a00009509	177050
a00009510	177051
a00009511	177052
a00009512	177053
a00009513	177054
a00009514	177055
a00009515	177056
a00009516	177057
a00009517	177058
a00009518	177059
a00009519	177060
a00009520	177061
a00009521	177062
a00009522	177063
a00009523	177064
a00009524	177065
a00009525	177066
a00009526	177067
a00009527	177068
a00009528	177069
a00009529	177070
a00009530	177071
a00009531	177072
a00009532	177073
a00009533	177074
a00009534	177075
a00009535	177076
a00009536	177077
a00009537	177078
a00009538	177079
a00009539	177080
a00009540	177081
a00009541	177082
a00009542	177083
a00009543	177084
a00009544	177085
a00009545	177086
a00009546	177087
a00009547	177088
a00009548	177089
a00009549	177090
a00009550	177091
a00009551	177092
a00009552	177093
a00009553	177094
a00009554	177095
a00009555	177096
a00009556	177097
a00009557	177098
a00009558	177099
a00009559	177100
a00009560	177101
a00009561	177102
a00009562	177103
a00009563	177104
a00009564	177105
a00009565	177106
a00009566	177107
a00009567	177108
a00009568	177109
a00009569	177110
a00009570	177111
a00009571	177112
a00009572	177113
a00009573	177114
a00009574	177115
a00009575	177116
a00009576	177117
a00009577	177118
a00009578	177119
a00009579	177120
a00009580	177121
a00009581	177122
a00009582	177123
a00009583	177124
a00009584	177125
a00009585	177126
a00009586	177127
a00009587	177128
a00009588	177129
a00009589	177130
a00009590	177131
a00009591	177132
a00009592	177133
a00009593	177134
a00009594	177135
a00009595	177136
a00009596	177137
a00009597	177138
a00009598	177139
a00009599	177140
a00009600	177141
a00009601	177142
a00009602	177143
a00009603	177144
a00009604	177145
a00009605	177146
a00009606	177147
a00009607	177148
a00009608	177149
a00009609	177150
a00009610	177151
a00009611	177152
a00009612	177153
a00009613	177154
a00009614	177155
a00009615	177156
a00009616	177157
a00009617	177158
a00009618	177159
a00009619	177160
a00009620	177161
a00009621	177162
a00009622	177163
a00009623	177164
a00009624	177165
a00009625	177166
a00009626	177167
a00009627	177168
a00009628	177169
a00009629	177170
a00009630	177171
a00009631	177172
a00009632	177173
a00009633	177174
a00009634	177175
a00009635	177176
a00009636	177177
a00009637	177178
a00009638	177179
a00009639	177180
a00009640	177181
a00009641	177182
a00009642	177183
a00009643	177184
a00009644	177185
a00009645	177186
a00009646	177187
a00009647	177188
a00009648	177189
a00009649	177190
a00009650	177191
a00009651	177192
a00009652	177193
a00009653	177194
a00009654	177195
a00009655	177196
a00009656	177197
a00009657	177198
a00009658	177199
a00009659	177200
a00009660	177201
a00009661	177202
a00009662	177203
a00009663	177204
a00009664	177205
a00009665	177206
a00009666	177207
a00009667	177208
a00009668	177209
a00009669	177210
a00009670	177211
a00009671	177212
a00009672	177213
a00009673	177214
a00009674	177215
a00009675	177216
a00009676	177217
a00009677	177218
a00009678	177219
a00009679	177220
a00009680	177221
a00009681	177222
a00009682	177223
a00009683	177224
a00009684	177225
a00009685	177226
a00009686	177227
a00009687	177228
a00009688	177229
a00009689	177230
a00009690	177231
a00009691	177232
a00009692	177233
a00009693	177234
a00009694	177235
a00009695	177236
a00009696	177237
a00009697	177238
a00009698	177239
a00009699	177240
a00009700	177241
a00009701	177242
a00009702	177243
a00009703	177244
a00009704	177245
a00009705	177246
a00009706	177247
a00009707	177248
a00009708	177249
a00009709	177250
a00009710	177251
a00009711	177252
a00009712	177253
a00009713	177254
a00009714	177255
a00009715	177256
a00009716	177257
a00009717	177258
a00009718	177259
a00009719	177260
a00009720	177261
a00009721	177262
a00009722	177263
a00009723	177264
a00009724	177265
a00009725	177266
a00009726	177267
a00009727	177268
a00009728	177269
a00009729	177270
a00009730	177271
a00009731	177272
a00009732	177273
a00009733	177274
a00009734	177275
a00009735	177276
a00009736	177277
a00009737	177278
a00009738	177279
a00009739	177280
a00009740	177281
a00009741	177282
a00009742	177283
a00009743	177284
a00009744	177285
a00009745	177286
a00009746	177287
a00009747	177288
a00009748	177289
a00009749	177290
a00009750	177291
a00009751	177292
a00009752	177293
a00009753	177294
a00009754	177295
a00009755	177296
a00009756	177297
a00009757	177298
a00009758	177299
a00009759	177300
a00009760	177301
a00009761	177302
a00009762	177303
a00009763	177304
a00009764	177305
a00009765	177306
a00009766	177307
a00009767	177308
a00009768	177309
a00009769	177310
a00009770	177311
a00009771	177312
a00009772	177313
a00009773	177314
a00009774	177315
a00009775	177316
a00009776	177317
a00009777	177318
a00009778	177319
a00009779	177320
a00009780	177321
a00009781	177322
a00009782	177323
a00009783	177324
a00009784	177325
a00009785	177326
a00009786	177327
a00009787	177328
a00009788	177329
a00009789	177330
a00009790	177331
a00009791	177332
a00009792	177333
a00009793	177334
a00009794	177335
a00009795	177336
a00009796	177337
a00009797	177338
a00009798	177339
a00009799	177340
a00009800	177341
a00009801	177342
a00009802	177343
a00009803	177344
a00009804	177345
a00009805	177346
a00009806	177347
a00009807	177348
a00009808	177349
a00009809	177350
a00009810	177351
a00009811	177352
a00009812	177353
a00009813	177354
a00009814	177355
a00009815	177356
a00009816	177357
a00009817	177358
a00009818	177359
a00009819	177360
a00009820	177361
a00009821	177362
a00009822	177363
a00009823	177364
a00009824	177365
a00009825	177366
a00009826	177367
a00009827	177368
a00009828	177369
a00009829	177370
a00009830	177371
a00009831	177372
a00009832	177373
a00009833	177374
a00009834	177375
a00009835	177376
a00009836	177377
a00009837	177378
a00009838	177379
a00009839	177380
a00009840	177381
a00009841	177382
a00009842	177383
a00009843	177384
a00009844	177385
a00009845	177386
a00009846	177387
a00009847	177388
a00009848	177389
a00009849	177390
a00009850	177391
a00009851	177392
a00009852	177393
a00009853	177394
a00009854	177395
a00009855	177396
a00009856	177397
a00009857	177398
a00009858	177399
a00009859	177400
a00009860	177401
a00009861	177402
a00009862	177403
a00009863	177404
a00009864	177405
a00009865	177406
a00009866	177407
a00009867	177408
a00009868	177409
a00009869	177410
a00009870	177411
a00009871	177412
a00009872	177413
a00009873	177414
a00009874	177415
a00009875	177416
a00009876	177417
a00009877	177418
a00009878	177419
a00009879	177420
a00009880	177421
a00009881	177422
a00009882	177423
a00009883	177424
a00009884	177425
a00009885	177426
a00009886	177427
a00009887	177428
a00009888	177429
a00009889	177430
a00009890	177431
a00009891	177432
a00009892	177433
a00009893	177434
a00009894	177435
a00009895	177436
a00009896	177437
a00009897	177438
a00009898	177439
a00009899	177440
a00009900	177441
a00009901	177442
a00009902	177443
a00009903	177444
a00009904	177445
a00009905	177446
a00009906	177447
a00009907	177448
a00009908	177449
a00009909	177450
a00009910	177451
a00009911	177452
a00009912	177453
a00009913	177454
a00009914	177455
a00009915	177456
a00009916	177457
a00009917	177458
a00009918	177459
a00009919	177460
a00009920	177461
a00009921	177462
a00009922	177463
a00009923	177464
a00009924	177465
a00009925	177466
a00009926	177467
a00009927	177468
a00009928	177469
a00009929	177470
a00009930	177471
a00009931	177472
a00009932	177473
a00009933	177474
a00009934	177475
a00009935	177476
a00009936	177477
a00009937	177478
a00009938	177479
a00009939	177480
a00009940	177481
a00009941	177482
a00009942	177483
a00009943	177484
a00009944	177485
a00009945	177486
a00009946	177487
a00009947	177488
a00009948	177489
a00009949	177490
a00009950	177491
a00009951	177492
a00009952	177493
a00009953	177494
a00009954	177495
a00009955	177496
a00009956	177497
a00009957	177498
a00009958	177499
a00009959	177500
a00009960	177501
a00009961	177502
a00009962	177503
a00009963	177504
a00009964	177505
a00009965	177506
a00009966	177507
a00009967	177508
a00009968	177509
a00009969	177510
a00009970	177511
a00009971	177512
a00009972	177513
a00009973	177514
a00009974	177515
a00009975	177516
a00009976	177517
a00009977	177518
a00009978	177519
a00009979	177520
a00009980	177521
a00009981	177522
a00009982	177523
a00009983	177524
a00009984	177525
a00009985	177526
a00009986	177527
a00009987	177528
a00009988	177529
a00009989	177530
a00009990	177531
a00009991	177532
a00009992	177533
a00009993	177534
a00009994	177535
a00009995	177536
a00009996	177537
a00009997	177538
a00009998	177539
a00009999	177540
a00010000	177541
a00010001	177542
a00010002	177543
a00010003	177544
a00010004	177545
a00010005	177546
a00010006	177547
a00010007	177548
a00010008	177549
a00010009	177550
a00010010	177551
a00010011	177552
a00010012	177553
a00010013	177554
a00010014	177555
a00010015	177556
a00010016	177557
a00010017	177558
a00010018	177559
a00010019	177560
a00010020	177561
a00010021	177562
a00010022	177563
a00010023	177564
a00010024	177565
a00010025	177566
a00010026	177567
a00010027	177568
a00010028	177569
a00010029	177570
a00010030	177571
a00010031	177572
a00010032	177573
a00010033	177574
a00010034	177575
a00010035	177576
a00010036	177577
a00010037	177578
a00010038	177579
a00010039	177580
a00010040	177581
a00010041	177582
a00010042	177583
a00010043	177584
a00010044	177585
a00010045	177586
a00010046	177587
a00010047	177588
a00010048	177589
a00010049	177590
a00010050	177591
a00010051	177592
a00010052	177593
a00010053	177594
a00010054	177595
a00010055	177596
a00010056	177597
a00010057	177598
a00010058	177599
a00010059	177600
a00010060	177601
a00010061	177602
a00010062	177603
a00010063	177604
a00010064	177605
a00010065	177606
a00010066	177607
a00010067	177608
a00010068	177609
a00010069	177610
a00010070	177611
a00010071	177612
a00010072	177613
a00010073	177614
a00010074	177615
a00010075	177616
a00010076	177617
a00010077	177618
a00010078	177619
a00010079	177620
a00010080	177621
a00010081	177622
a00010082	177623
a00010083	177624
a00010084	177625
a00010085	177626
a00010086	177627
a00010087	177628
a00010088	177629
a00010089	177630
a00010090	177631
a00010091	177632
a00010092	177633
a00010093	177634
a00010094	177635
a00010095	177636
a00010096	177637
a00010097	177638
a00010098	177639
a00010099	177640
a00010100	177641
a00010101	177642
a00010102	177643
a00010103	177644
a00010104	177645
a00010105	177646
a00010106	177647
a00010107	177648
a00010108	177649
a00010109	177650
a00010110	177651
a00010111	177652
a00010112	177653
a00010113	177654
a00010114	177655
a00010115	177656
a00010116	177657
a00010117	177658
a00010118	177659
a00010119	177660
a00010120	177661
a00010121	177662
a00010122	177663
a00010123	177664
a00010124	177665
a00010125	177666
a00010126	177667
a00010127	177668
a00010128	177669
a00010129	177670
a00010130	177671
a00010131	177672
a00010132	177673
a00010133	177674
a00010134	177675
a00010135	177676
a00010136	177677
a00010137	177678
a00010138	177679
a00010139	177680
a00010140	177681
a00010141	177682
a00010142	177683
a00010143	177684
a00010144	177685
a00010145	177686
a00010146	177687
a00010147	177688
a00010148	177689
a00010149	177690
a00010150	177691
a00010151	177692
a00010152	177693
a00010153	177694
a00010154	177695
a00010155	177696
a00010156	177697
a00010157	177698
a00010158	177699
a00010159	177700
a00010160	177701
a00010161	177702
a00010162	177703
a00010163	177704
a00010164	177705
a00010165	177706
a00010166	177707
a00010167	177708
a00010168	177709
a00010169	177710
a00010170	177711
a00010171	177712
a00010172	177713
a00010173	177714
a00010174	177715
a00010175	177716
a00010176	177717
a00010177	177718
a00010178	177719
a00010179	177720
a00010180	177721
a00010181	177722
a00010182	177723
a00010183	177724
a00010184	177725
a00010185	177726
a00010186	177727
a00010187	177728
a00010188	177729
a00010189	177730
a00010190	177731
a00010191	177732
a00010192	177733
a00010193	177734
a00010194	177735
a00010195	177736
a00010196	177737
a00010197	177738
a00010198	177739
a00010199	177740
a00010200	177741
a00010201	177742
a00010202	177743
a00010203	177744
a00010204	177745
a00010205	177746
a00010206	177747
a00010207	177748
a00010208	177749
a00010209	177750
a00010210	177751
a00010211	177752
a00010212	177753
a00010213	177754
a00010214	177755
a00010215	177756
a00010216	177757
a00010217	177758
a00010218	177759
a00010219	177760
a00010220	177761
a00010221	177762
a00010222	177763
a00010223	177764
a00010224	177765
a00010225	177766
a00010226	177767
a00010227	177768
a00010228	177769
a00010229	177770
a00010230	177771
a00010231	177772
a00010232	177773
a00010233	177774
a00010234	177775
a00010235	177776
a00010236	177777
a00010237	177778
a00010238	177779
a00010239	177780
a00010240	177781
a00010241	177782
a00010242	177783
a00010243	177784
a00010244	177785
a00010245	177786
a00010246	177787
a00010247	177788
a00010248	177789
a00010249	177790
a00010250	177791
a00010251	177792
a00010252	177793
a00010253	177794
a00010254	177795
a00010255	177796
a00010256	177797
a00010257	177798
a00010258	177799
a00010259	177800
a00010260	177801
a00010261	177802
a00010262	177803
a00010263	177804
a00010264	177805
a00010265	177806
a00010266	177807
a00010267	177808
a00010268	177809
a00010269	177810
a00010270	177811
a00010271	177812
a00010272	177813
a00010273	177814
a00010274	177815
a00010275	177816
a00010276	177817
a00010277	177818
a00010278	177819
a00010279	177820
a00010280	177821
a00010281	177822
a00010282	177823
a00010283	177824
a00010284	177825
a00010285	177826
a00010286	177827
a00010287	177828
a00010288	177829
a00010289	177830
a00010290	177831
a00010291	177832
a00010292	177833
a00010293	177834
a00010294	177835
a00010295	177836
a00010296	177837
a00010297	177838
a00010298	177839
a00010299	177840
a00010300	177841
a00010301	177842
a00010302	177843
a00010303	177844
a00010304	177845
a00010305	177846
a00010306	177847
a00010307	177848
a00010308	177849
a00010309	177850
a00010310	177851
a00010311	177852
a00010312	177853
a00010313	177854
a00010314	177855
a00010315	177856
a00010316	177857
a00010317	177858
a00010318	177859
a00010319	177860
a00010320	177861
a00010321	177862
a00010322	177863
a00010323	177864
a00010324	177865
a00010325	177866
a00010326	177867
a00010327	177868
a00010328	177869
a00010329	177870
a00010330	177871
a00010331	177872
a00010332	177873
a00010333	177874
a00010334	177875
a00010335	177876
a00010336	177877
a00010337	177878
a00010338	177879
a00010339	177880
a00010340	177881
a00010341	177882
a00010342	177883
a00010343	177884
a00010344	177885
a00010345	177886
a00010346	177887
a00010347	177888
a00010348	177889
a00010349	177890
a00010350	177891
a00010351	177892
a00010352	177893
a00010353	177894
a00010354	177895
a00010355	177896
a00010356	177897
a00010357	177898
a00010358	177899
a00010359	177900
a00010360	177901
a00010361	177902
a00010362	177903
a00010363	177904
a00010364	177905
a00010365	177906
a00010366	177907
a00010367	177908
a00010368	177909
a00010369	177910
a00010370	177911
a00010371	177912
a00010372	177913
a00010373	177914
a00010374	177915
a00010375	177916
a00010376	177917
a00010377	177918
a00010378	177919
a00010379	177920
a00010380	177921
a00010381	177922
a00010382	177923
a00010383	177924
a00010384	177925
a00010385	177926
a00010386	177927
a00010387	177928
a00010388	177929
a00010389	177930
a00010390	177931
a00010391	177932
a00010392	177933
a00010393	177934
a00010394	177935
a00010395	177936
a00010396	177937
a00010397	177938
a00010398	177939
a00010399	177940
a00010400	177941
a00010401	177942
a00010402	177943
a00010403	177944
a00010404	177945
a00010405	177946
a00010406	177947
a00010407	177948
a00010408	177949
a00010409	177950
a00010410	177951
a00010411	177952
a00010412	177953
a00010413	177954
a00010414	177955
a00010415	177956
a00010416	177957
a00010417	177958
a00010418	177959
a00010419	177960
a00010420	177961
a00010421	177962
a00010422	177963
a00010423	177964
a00010424	177965
a00010425	177966
a00010426	177967
a00010427	177968
a00010428	177969
a00010429	177970
a00010430	177971
a00010431	177972
a00010432	177973
a00010433	177974
a00010434	177975
a00010435	177976
a00010436	177977
a00010437	177978
a00010438	177979
a00010439	177980
a00010440	177981
a00010441	177982
a00010442	177983
a00010443	177984
a00010444	177985
a00010445	177986
a00010446	177987
a00010447	177988
a00010448	177989
a00010449	177990
a00010450	177991
a00010451	177992
a00010452	177993
a00010453	177994
a00010454	177995
a00010455	177996
a00010456	177997
a00010457	177998
a00010458	177999
a00010459	178000
a00010460	178001
a00010461	178002
a00010462	178003
a00010463	178004
a00010464	178005
a00010465	178006
a00010466	178007
a00010467	178008
a00010468	178009
a00010469	178010
a00010470	178011
a00010471	178012
a00010472	178013
a00010473	178014
a00010474	178015
a00010475	178016
a00010476	178017
a00010477	178018
a00010478	178019
a00010479	178020
a00010480	178021
a00010481	178022
a00010482	178023
a00010483	178024
a00010484	178025
a00010485	178026
a00010486	178027
a00010487	178028
a00010488	178029
a00010489	178030
a00010490	178031
a00010491	178032
a00010492	178033
a00010493	178034
a00010494	178035
a00010495	178036
a00010496	178037
a00010497	178038
a00010498	178039
a00010499	178040
a00010500	178041
a00010501	178042
a00010502	178043
a00010503	178044
a00010504	178045
a00010505	178046
a00010506	178047
a00010507	178048
a00010508	178049
a00010509	178050
a00010510	178051
a00010511	178052
a00010512	178053
a00010513	178054
a00010514	178055
a00010515	178056
a00010516	178057
a00010517	178058
a00010518	178059
a00010519	178060
a00010520	178061
a00010521	178062
a00010522	178063
a00010523	178064
a00010524	178065
a00010525	178066
a00010526	178067
a00010527	178068
a00010528	178069
a00010529	178070
a00010530	178071
a00010531	178072
a00010532	178073
a00010533	178074
a00010534	178075
a00010535	178076
a00010536	178077
a00010537	178078
a00010538	178079
a00010539	178080
a00010540	178081
a00010541	178082
a00010542	178083
a00010543	178084
a00010544	178085
a00010545	178086
a00010546	178087
a00010547	178088
a00010548	178089
a00010549	178090
a00010550	178091
a00010551	178092
a00010552	178093
a00010553	178094
a00010554	178095
a00010555	178096
a00010556	178097
a00010557	178098
a00010558	178099
a00010559	178100
a00010560	178101
a00010561	178102
a00010562	178103
a00010563	178104
a00010564	178105
a00010565	178106
a00010566	178107
a00010567	178108
a00010568	178109
a00010569	178110
a00010570	178111
a00010571	178112
a00010572	178113
a00010573	178114
a00010574	178115
a00010575	178116
a00010576	178117
a00010577	178118
a00010578	178119
a00010579	178120
a00010580	178121
a00010581	178122
a00010582	178123
a00010583	178124
a00010584	178125
a00010585	178126
a00010586	178127
a00010587	178128
a00010588	178129
a00010589	178130
a00010590	178131
a00010591	178132
a00010592	178133
a00010593	178134
a00010594	178135
a00010595	178136
a00010596	178137
a00010597	178138
a00010598	178139
a00010599	178140
a00010600	178141
a00010601	178142
a00010602	178143
a00010603	178144
a00010604	178145
a00010605	178146
a00010606	178147
a00010607	178148
a00010608	178149
a00010609	178150
a00010610	178151
a00010611	178152
a00010612	178153
a00010613	178154
a00010614	178155
a00010615	178156
a00010616	178157
a00010617	178158
a00010618	178159
a00010619	178160
a00010620	178161
a00010621	178162
a00010622	178163
a00010623	178164
a00010624	178165
a00010625	178166
a00010626	178167
a00010627	178168
a00010628	178169
a00010629	178170
a00010630	178171
a00010631	178172
a00010632	178173
a00010633	178174
a00010634	178175
a00010635	178176
a00010636	178177
a00010637	178178
a00010638	178179
a00010639	178180
a00010640	178181
a00010641	178182
a00010642	178183
a00010643	178184
a00010644	178185
a00010645	178186
a00010646	178187
a00010647	178188
a00010648	178189
a00010649	178190
a00010650	178191
a00010651	178192
a00010652	178193
a00010653	178194
a00010654	178195
a00010655	178196
a00010656	178197
a00010657	178198
a00010658	178199
a00010659	178200
a00010660	178201
a00010661	178202
a00010662	178203
a00010663	178204
a00010664	178205
a00010665	178206
a00010666	178207
a00010667	178208
a00010668	178209
a00010669	178210
a00010670	178211
a00010671	178212
a00010672	178213
a00010673	178214
a00010674	178215
a00010675	178216
a00010676	178217
a00010677	178218
a00010678	178219
a00010679	178220
a00010680	178221
a00010681	178222
a00010682	178223
a00010683	178224
a00010684	178225
a00010685	178226
a00010686	178227
a00010687	178228
a00010688	178229
a00010689	178230
a00010690	178231
a00010691	178232
a00010692	178233
a00010693	178234
a00010694	178235
a00010695	178236
a00010696	178237
a00010697	178238
a00010698	178239
a00010699	178240
a00010700	178241
a00010701	178242
a00010702	178243
a00010703	178244
a00010704	178245
a00010705	178246
a00010706	178247
a00010707	178248
a00010708	178249
a00010709	178250
a00010710	178251
a00010711	178252
a00010712	178253
a00010713	178254
a00010714	178255
a00010715	178256
a00010716	178257
a00010717	178258
a00010718	178259
a00010719	178260
a00010720	178261
a00010721	178262
a00010722	178263
a00010723	178264
a00010724	178265
a00010725	178266
a00010726	178267
a00010727	178268
a00010728	178269
a00010729	178270
a00010730	178271
a00010731	178272
a00010732	178273
a00010733	178274
a00010734	178275
a00010735	178276
a00010736	178277
a00010737	178278
a00010738	178279
a00010739	178280
a00010740	178281
a00010741	178282
a00010742	178283
a00010743	178284
a00010744	178285
a00010745	178286
a00010746	178287
a00010747	178288
a00010748	178289
a00010749	178290
a00010750	178291
a00010751	178292
a00010752	178293
a00010753	178294
a00010754	178295
a00010755	178296
a00010756	178297
a00010757	178298
a00010758	178299
a00010759	178300
a00010760	178301
a00010761	178302
a00010762	178303
a00010763	178304
a00010764	178305
a00010765	178306
a00010766	178307
a00010767	178308
a00010768	178309
a00010769	178310
a00010770	178311
a00010771	178312
a00010772	178313
a00010773	178314
a00010774	178315
a00010775	178316
a00010776	178317
a00010777	178318
a00010778	178319
a00010779	178320
a00010780	178321
a00010781	178322
a00010782	178323
a00010783	178324
a00010784	178325
a00010785	178326
a00010786	178327
a00010787	178328
a00010788	178329
a00010789	178330
a00010790	178331
a00010791	178332
a00010792	178333
a00010793	178334
a00010794	178335
a00010795	178336
a00010796	178337
a00010797	178338
a00010798	178339
a00010799	178340
a00010800	178341
a00010801	178342
a00010802	178343
a00010803	178344
a00010804	178345
a00010805	178346
a00010806	178347
a00010807	178348
a00010808	178349
a00010809	178350
a00010810	178351
a00010811	178352
a00010812	178353
a00010813	178354
a00010814	178355
a00010815	178356
a00010816	178357
a00010817	178358
a00010818	178359
a00010819	178360
a00010820	178361
a00010821	178362
a00010822	178363
a00010823	178364
a00010824	178365
a00010825	178366
a00010826	178367
a00010827	178368
a00010828	178369
a00010829	178370
a00010830	178371
a00010831	178372
a00010832	178373
a00010833	178374
a00010834	178375
a00010835	178376
a00010836	178377
a00010837	178378
a00010838	178379
a00010839	178380
a00010840	178381
a00010841	178382
a00010842	178383
a00010843	178384
a00010844	178385
a00010845	178386
a00010846	178387
a00010847	178388
a00010848	178389
a00010849	178390
a00010850	178391
a00010851	178392
a00010852	178393
a00010853	178394
a00010854	178395
a00010855	178396
a00010856	178397
a00010857	178398
a00010858	178399
a00010859	178400
a00010860	178401
a00010861	178402
a00010862	178403
a00010863	178404
a00010864	178405
a00010865	178406
a00010866	178407
a00010867	178408
a00010868	178409
a00010869	178410
a00010870	178411
a00010871	178412
a00010872	178413
a00010873	178414
a00010874	178415
a00010875	178416
a00010876	178417
a00010877	178418
a00010878	178419
a00010879	178420
a00010880	178421
a00010881	178422
a00010882	178423
a00010883	178424
a00010884	178425
a00010885	178426
a00010886	178427
a00010887	178428
a00010888	178429
a00010889	178430
a00010890	178431
a00010891	178432
a00010892	178433
a00010893	178434
a00010894	178435
a00010895	178436
a00010896	178437
a00010897	178438
a00010898	178439
a00010899	178440
a00010900	178441
a00010901	178442
a00010902	178443
a00010903	178444
a00010904	178445
a00010905	178446
a00010906	178447
a00010907	178448
a00010908	178449
a00010909	178450
a00010910	178451
a00010911	178452
a00010912	178453
a00010913	178454
a00010914	178455
a00010915	178456
a00010916	178457
a00010917	178458
a00010918	178459
a00010919	178460
a00010920	178461
a00010921	178462
a00010922	178463
a00010923	178464
a00010924	178465
a00010925	178466
a00010926	178467
a00010927	178468
a00010928	178469
a00010929	178470
a00010930	178471
a00010931	178472
a00010932	178473
a00010933	178474
a00010934	178475
a00010935	178476
a00010936	178477
a00010937	178478
a00010938	178479
a00010939	178480
a00010940	178481
a00010941	178482
a00010942	178483
a00010943	178484
a00010944	178485
a00010945	178486
a00010946	178487
a00010947	178488
a00010948	178489
a00010949	178490
a00010950	178491
a00010951	178492
a00010952	178493
a00010953	178494
a00010954	178495
a00010955	178496
a00010956	178497
a00010957	178498
a00010958	178499
a00010959	178500
a00010960	178501
a00010961	178502
a00010962	178503
a00010963	178504
a00010964	178505
a00010965	178506
a00010966	178507
a00010967	178508
a00010968	178509
a00010969	178510
a00010970	178511
a00010971	178512
a00010972	178513
a00010973	178514
a00010974	178515
a00010975	178516
a00010976	178517
a00010977	178518
a00010978	178519
a00010979	178520
a00010980	178521
a00010981	178522
a00010982	178523
a00010983	178524
a00010984	178525
a00010985	178526
a00010986	178527
a00010987	178528
a00010988	178529
a00010989	178530
a00010990	178531
a00010991	178532
a00010992	178533
a00010993	178534
a00010994	178535
a00010995	178536
a00010996	178537
a00010997	178538
a00010998	178539
a00010999	178540
a00011000	178541
a00011001	178542
a00011002	178543
a00011003	178544
a00011004	178545
a00011005	178546
a00011006	178547
a00011007	178548
a00011008	178549
a00011009	178550
a00011010	178551
a00011011	178552
a00011012	178553
a00011013	178554
a00011014	178555
a00011015	178556
a00011016	178557
a00011017	178558
a00011018	178559
a00011019	178560
a00011020	178561
a00011021	178562
a00011022	178563
a00011023	178564
a00011024	178565
a00011025	178566
a00011026	178567
a00011027	178568
a00011028	178569
a00011029	178570
a00011030	178571
a00011031	178572
a00011032	178573
a00011033	178574
a00011034	178575
a00011035	178576
a00011036	178577
a00011037	178578
a00011038	178579
a00011039	178580
a00011040	178581
a00011041	178582
a00011042	178583
a00011043	178584
a00011044	178585
a00011045	178586
a00011046	178587
a00011047	178588
a00011048	178589
a00011049	178590
a00011050	178591
a00011051	178592
a00011052	178593
a00011053	178594
a00011054	178595
a00011055	178596
a00011056	178597
a00011057	178598
a00011058	178599
a00011059	178600
a00011060	178601
a00011061	178602
a00011062	178603
a00011063	178604
a00011064	178605
a00011065	178606
a00011066	178607
a00011067	178608
a00011068	178609
a00011069	178610
a00011070	178611
a00011071	178612
a00011072	178613
a00011073	178614
a00011074	178615
a00011075	178616
a00011076	178617
a00011077	178618
a00011078	178619
a00011079	178620
a00011080	178621
a00011081	178622
a00011082	178623
a00011083	178624
a00011084	178625
a00011085	178626
a00011086	178627
a00011087	178628
a00011088	178629
a00011089	178630
a00011090	178631
a00011091	178632
a00011092	178633
a00011093	178634
a00011094	178635
a00011095	178636
a00011096	178637
a00011097	178638
a00011098	178639
a00011099	178640
a00011100	178641
a00011101	178642
a00011102	178643
a00011103	178644
a00011104	178645
a00011105	178646
a00011106	178647
a00011107	178648
a00011108	178649
a00011109	178650
a00011110	178651
a00011111	178652
a00011112	178653
a00011113	178654
a00011114	178655
a00011115	178656
a00011116	178657
a00011117	178658
a00011118	178659
a00011119	178660
a00011120	178661
a00011121	178662
a00011122	178663
a00011123	178664
a00011124	178665
a00011125	178666
a00011126	178667
a00011127	178668
a00011128	178669
a00011129	178670
a00011130	178671
a00011131	178672
a00011132	178673
a00011133	178674
a00011134	178675
a00011135	178676
a00011136	178677
a00011137	178678
a00011138	178679
a00011139	178680
a00011140	178681
a00011141	178682
a00011142	178683
a00011143	178684
a00011144	178685
a00011145	178686
a00011146	178687
a00011147	178688
a00011148	178689
a00011149	178690
a00011150	178691
a00011151	178692
a00011152	178693
a00011153	178694
a00011154	178695
a00011155	178696
a00011156	178697
a00011157	178698
a00011158	178699
a00011159	178700
a00011160	178701
a00011161	178702
a00011162	178703
a00011163	178704
a00011164	178705
a00011165	178706
a00011166	178707
a00011167	178708
a00011168	178709
a00011169	178710
a00011170	178711
a00011171	178712
a00011172	178713
a00011173	178714
a00011174	178715
a00011175	178716
a00011176	178717
a00011177	178718
a00011178	178719
a00011179	178720
a00011180	178721
a00011181	178722
a00011182	178723
a00011183	178724
a00011184	178725
a00011185	178726
a00011186	178727
a00011187	178728
a00011188	178729
a00011189	178730
a00011190	178731
a00011191	178732
a00011192	178733
a00011193	178734
a00011194	178735
a00011195	178736
a00011196	178737
a00011197	178738
a00011198	178739
a00011199	178740
a00011200	178741
a00011201	178742
a00011202	178743
a00011203	178744
a00011204	178745
a00011205	178746
a00011206	178747
a00011207	178748
a00011208	178749
a00011209	178750
a00011210	178751
a00011211	178752
a00011212	178753
a00011213	178754
a00011214	178755
a00011215	178756
a00011216	178757
a00011217	178758
a00011218	178759
a00011219	178760
a00011220	178761
a00011221	178762
a00011222	178763
a00011223	178764
a00011224	178765
a00011225	178766
a00011226	178767
a00011227	178768
a00011228	178769
a00011229	178770
a00011230	178771
a00011231	178772
a00011232	178773
a00011233	178774
a00011234	178775
a00011235	178776
a00011236	178777
a00011237	178778
a00011238	178779
a00011239	178780
a00011240	178781
a00011241	178782
a00011242	178783
a00011243	178784
a00011244	178785
a00011245	178786
a00011246	178787
a00011247	178788
a00011248	178789
a00011249	178790
a00011250	178791
a00011251	178792
a00011252	178793
a00011253	178794
a00011254	178795
a00011255	178796
a00011256	178797
a00011257	178798
a00011258	178799
a00011259	178800
a00011260	178801
a00011261	178802
a00011262	178803
a00011263	178804
a00011264	178805
a00011265	178806
a00011266	178807
a00011267	178808
a00011268	178809
a00011269	178810
a00011270	178811
a00011271	178812
a00011272	178813
a00011273	178814
a00011274	178815
a00011275	178816
a00011276	178817
a00011277	178818
a00011278	178819
a00011279	178820
a00011280	178821
a00011281	178822
a00011282	178823
a00011283	178824
a00011284	178825
a00011285	178826
a00011286	178827
a00011287	178828
a00011288	178829
a00011289	178830
a00011290	178831
a00011291	178832
a00011292	178833
a00011293	178834
a00011294	178835
a00011295	178836
a00011296	178837
a00011297	178838
a00011298	178839
a00011299	178840
a00011300	178841
a00011301	178842
a00011302	178843
a00011303	178844
a00011304	178845
a00011305	178846
a00011306	178847
a00011307	178848
a00011308	178849
a00011309	178850
a00011310	178851
a00011311	178852
a00011312	178853
a00011313	178854
a00011314	178855
a00011315	178856
a00011316	178857
a00011317	178858
a00011318	178859
a00011319	178860
a00011320	178861
a00011321	178862
a00011322	178863
a00011323	178864
a00011324	178865
a00011325	178866
a00011326	178867
a00011327	178868
a00011328	178869
a00011329	178870
a00011330	178871
a00011331	178872
a00011332	178873
a00011333	178874
a00011334	178875
a00011335	178876
a00011336	178877
a00011337	178878
a00011338	178879
a00011339	178880
a00011340	178881
a00011341	178882
a00011342	178883
a00011343	178884
a00011344	178885
a00011345	178886
a00011346	178887
a00011347	178888
a00011348	178889
a00011349	178890
a00011350	178891
a00011351	178892
a00011352	178893
a00011353	178894
a00011354	178895
a00011355	178896
a00011356	178897
a00011357	178898
a00011358	178899
a00011359	178900
a00011360	178901
a00011361	178902
a00011362	178903
a00011363	178904
a00011364	178905
a00011365	178906
a00011366	178907
a00011367	178908
a00011368	178909
a00011369	178910
a00011370	178911
a00011371	178912
a00011372	178913
a00011373	178914
a00011374	178915
a00011375	178916
a00011376	178917
a00011377	178918
a00011378	178919
a00011379	178920
a00011380	178921
a00011381	178922
a00011382	178923
a00011383	178924
a00011384	178925
a00011385	178926
a00011386	178927
a00011387	178928
a00011388	178929
a00011389	178930
a00011390	178931
a00011391	178932
a00011392	178933
a00011393	178934
a00011394	178935
a00011395	178936
a00011396	178937
a00011397	178938
a00011398	178939
a00011399	178940
a00011400	178941
a00011401	178942
a00011402	178943
a00011403	178944
a00011404	178945
a00011405	178946
a00011406	178947
a00011407	178948
a00011408	178949
a00011409	178950
a00011410	178951
a00011411	178952
a00011412	178953
a00011413	178954
a00011414	178955
a00011415	178956
a00011416	178957
a00011417	178958
a00011418	178959
a00011419	178960
a00011420	178961
a00011421	178962
a00011422	178963
a00011423	178964
a00011424	178965
a00011425	178966
a00011426	178967
a00011427	178968
a00011428	178969
a00011429	178970
a00011430	178971
a00011431	178972
a00011432	178973
a00011433	178974
a00011434	178975
a00011435	178976
a00011436	178977
a00011437	178978
a00011438	178979
a00011439	178980
a00011440	178981
a00011441	178982
a00011442	178983
a00011443	178984
a00011444	178985
a00011445	178986
a00011446	178987
a00011447	178988
a00011448	178989
a00011449	178990
a00011450	178991
a00011451	178992
a00011452	178993
a00011453	178994
a00011454	178995
a00011455	178996
a00011456	178997
a00011457	178998
a00011458	178999
a00011459	179000
a00011460	179001
a00011461	179002
a00011462	179003
a00011463	179004
a00011464	179005
a00011465	179006
a00011466	179007
a00011467	179008
a00011468	179009
a00011469	179010
a00011470	179011
a00011471	179012
a00011472	179013
a00011473	179014
a00011474	179015
a00011475	179016
a00011476	179017
a00011477	179018
a00011478	179019
a00011479	179020
a00011480	179021
a00011481	179022
a00011482	179023
a00011483	179024
a00011484	179025
a00011485	179026
a00011486	179027
a00011487	179028
a00011488	179029
a00011489	179030
a00011490	179031
a00011491	179032
a00011492	179033
a00011493	179034
a00011494	179035
a00011495	179036
a00011496	179037
a00011497	179038
a00011498	179039
a00011499	179040
a00011500	179041
a00011501	179042
a00011502	179043
a00011503	179044
a00011504	179045
a00011505	179046
a00011506	179047
a00011507	179048
a00011508	179049
a00011509	179050
a00011510	179051
a00011511	179052
a00011512	179053
a00011513	179054
a00011514	179055
a00011515	179056
a00011516	179057
a00011517	179058
a00011518	179059
a00011519	179060
a00011520	179061
a00011521	179062
a00011522	179063
a00011523	179064
a00011524	179065
a00011525	179066
a00011526	179067
a00011527	179068
a00011528	179069
a00011529	179070
a00011530	179071
a00011531	179072
a00011532	179073
a00011533	179074
a00011534	179075
a00011535	179076
a00011536	179077
a00011537	179078
a00011538	179079
a00011539	179080
a00011540	179081
a00011541	179082
a00011542	179083
a00011543	179084
a00011544	179085
a00011545	179086
a00011546	179087
a00011547	179088
a00011548	179089
a00011549	179090
a00011550	179091
a00011551	179092
a00011552	179093
a00011553	179094
a00011554	179095
a00011555	179096
a00011556	179097
a00011557	179098
a00011558	179099
a00011559	179100
a00011560	179101
a00011561	179102
a00011562	179103
a00011563	179104
a00011564	179105
a00011565	179106
a00011566	179107
a00011567	179108
a00011568	179109
a00011569	179110
a00011570	179111
a00011571	179112
a00011572	179113
a00011573	179114
a00011574	179115
a00011575	179116
a00011576	179117
a00011577	179118
a00011578	179119
a00011579	179120
a00011580	179121
a00011581	179122
a00011582	179123
a00011583	179124
a00011584	179125
a00011585	179126
a00011586	179127
a00011587	179128
a00011588	179129
a00011589	179130
a00011590	179131
a00011591	179132
a00011592	179133
a00011593	179134
a00011594	179135
a00011595	179136
a00011596	179137
a00011597	179138
a00011598	179139
a00011599	179140
a00011600	179141
a00011601	179142
a00011602	179143
a00011603	179144
a00011604	179145
a00011605	179146
a00011606	179147
a00011607	179148
a00011608	179149
a00011609	179150
a00011610	179151
a00011611	179152
a00011612	179153
a00011613	179154
a00011614	179155
a00011615	179156
a00011616	179157
a00011617	179158
a00011618	179159
a00011619	179160
a00011620	179161
a00011621	179162
a00011622	179163
a00011623	179164
a00011624	179165
a00011625	179166
a00011626	179167
a00011627	179168
a00011628	179169
a00011629	179170
a00011630	179171
a00011631	179172
a00011632	179173
a00011633	179174
a00011634	179175
a00011635	179176
a00011636	179177
a00011637	179178
a00011638	179179
a00011639	179180
a00011640	179181
a00011641	179182
a00011642	179183
a00011643	179184
a00011644	179185
a00011645	179186
a00011646	179187
a00011647	179188
a00011648	179189
a00011649	179190
a00011650	179191
a00011651	179192
a00011652	179193
a00011653	179194
a00011654	179195
a00011655	179196
a00011656	179197
a00011657	179198
a00011658	179199
a00011659	179200
a00011660	179201
a00011661	179202
a00011662	179203
a00011663	179204
a00011664	179205
a00011665	179206
a00011666	179207
a00011667	179208
a00011668	179209
a00011669	179210
a00011670	179211
a00011671	179212
a00011672	179213
a00011673	179214
a00011674	179215
a00011675	179216
a00011676	179217
a00011677	179218
a00011678	179219
a00011679	179220
a00011680	179221
a00011681	179222
a00011682	179223
a00011683	179224
a00011684	179225
a00011685	179226
a00011686	179227
a00011687	179228
a00011688	179229
a00011689	179230
a00011690	179231
a00011691	179232
a00011692	179233
a00011693	179234
a00011694	179235
a00011695	179236
a00011696	179237
a00011697	179238
a00011698	179239
a00011699	179240
a00011700	179241
a00011701	179242
a00011702	179243
a00011703	179244
a00011704	179245
a00011705	179246
a00011706	179247
a00011707	179248
a00011708	179249
a00011709	179250
a00011710	179251
a00011711	179252
a00011712	179253
a00011713	179254
a00011714	179255
a00011715	179256
a00011716	179257
a00011717	179258
a00011718	179259
a00011719	179260
a00011720	179261
a00011721	179262
a00011722	179263
a00011723	179264
a00011724	179265
a00011725	179266
a00011726	179267
a00011727	179268
a00011728	179269
a00011729	179270
a00011730	179271
a00011731	179272
a00011732	179273
a00011733	179274
a00011734	179275
a00011735	179276
a00011736	179277
a00011737	179278
a00011738	179279
a00011739	179280
a00011740	179281
a00011741	179282
a00011742	179283
a00011743	179284
a00011744	179285
a00011745	179286
a00011746	179287
a00011747	179288
a00011748	179289
a00011749	179290
a00011750	179291
a00011751	179292
a00011752	179293
a00011753	179294
a00011754	179295
a00011755	179296
a00011756	179297
a00011757	179298
a00011758	179299
a00011759	179300
a00011760	179301
a00011761	179302
a00011762	179303
a00011763	179304
a00011764	179305
a00011765	179306
a00011766	179307
a00011767	179308
a00011768	179309
a00011769	179310
a00011770	179311
a00011771	179312
a00011772	179313
a00011773	179314
a00011774	179315
a00011775	179316
a00011776	179317
a00011777	179318
a00011778	179319
a00011779	179320
a00011780	179321
a00011781	179322
a00011782	179323
a00011783	179324
a00011784	179325
a00011785	179326
a00011786	179327
a00011787	179328
a00011788	179329
a00011789	179330
a00011790	179331
a00011791	179332
a00011792	179333
a00011793	179334
a00011794	179335
a00011795	179336
a00011796	179337
a00011797	179338
a00011798	179339
a00011799	179340
a00011800	179341
a00011801	179342
a00011802	179343
a00011803	179344
a00011804	179345
a00011805	179346
a00011806	179347
a00011807	179348
a00011808	179349
a00011809	179350
a00011810	179351
a00011811	179352
a00011812	179353
a00011813	179354
a00011814	179355
a00011815	179356
a00011816	179357
a00011817	179358
a00011818	179359
a00011819	179360
a00011820	179361
a00011821	179362
a00011822	179363
a00011823	179364
a00011824	179365
a00011825	179366
a00011826	179367
a00011827	179368
a00011828	179369
a00011829	179370
a00011830	179371
a00011831	179372
a00011832	179373
a00011833	179374
a00011834	179375
a00011835	179376
a00011836	179377
a00011837	179378
a00011838	179379
a00011839	179380
a00011840	179381
a00011841	179382
a00011842	179383
a00011843	179384
a00011844	179385
a00011845	179386
a00011846	179387
a00011847	179388
a00011848	179389
a00011849	179390
a00011850	179391
a00011851	179392
a00011852	179393
a00011853	179394
a00011854	179395
a00011855	179396
a00011856	179397
a00011857	179398
a00011858	179399
a00011859	179400
a00011860	179401
a00011861	179402
a00011862	179403
a00011863	179404
a00011864	179405
a00011865	179406
a00011866	179407
a00011867	179408
a00011868	179409
a00011869	179410
a00011870	179411
a00011871	179412
a00011872	179413
a00011873	179414
a00011874	179415
a00011875	179416
a00011876	179417
a00011877	179418
a00011878	179419
a00011879	179420
a00011880	179421
a00011881	179422
a00011882	179423
a00011883	179424
a00011884	179425
a00011885	179426
a00011886	179427
a00011887	179428
a00011888	179429
a00011889	179430
a00011890	179431
a00011891	179432
a00011892	179433
a00011893	179434
a00011894	179435
a00011895	179436
a00011896	179437
a00011897	179438
a00011898	179439
a00011899	179440
a00011900	179441
a00011901	179442
a00011902	179443
a00011903	179444
a00011904	179445
a00011905	179446
a00011906	179447
a00011907	179448
a00011908	179449
a00011909	179450
a00011910	179451
a00011911	179452
a00011912	179453
a00011913	179454
a00011914	179455
a00011915	179456
a00011916	179457
a00011917	179458
a00011918	179459
a00011919	179460
a00011920	179461
a00011921	179462
a00011922	179463
a00011923	179464
a00011924	179465
a00011925	179466
a00011926	179467
a00011927	179468
a00011928	179469
a00011929	179470
a00011930	179471
a00011931	179472
a00011932	179473
a00011933	179474
a00011934	179475
a00011935	179476
a00011936	179477
a00011937	179478
a00011938	179479
a00011939	179480
a00011940	179481
a00011941	179482
a00011942	179483
a00011943	179484
a00011944	179485
a00011945	179486
a00011946	179487
a00011947	179488
a00011948	179489
a00011949	179490
a00011950	179491
a00011951	179492
a00011952	179493
a00011953	179494
a00011954	179495
a00011955	179496
a00011956	179497
a00011957	179498
a00011958	179499
a00011959	179500
a00011960	179501
a00011961	179502
a00011962	179503
a00011963	179504
a00011964	179505
a00011965	179506
a00011966	179507
a00011967	179508
a00011968	179509
a00011969	179510
a00011970	179511
a00011971	179512
a00011972	179513
a00011973	179514
a00011974	179515
a00011975	179516
a00011976	179517
a00011977	179518
a00011978	179519
a00011979	179520
a00011980	179521
a00011981	179522
a00011982	179523
a00011983	179524
a00011984	179525
a00011985	179526
a00011986	179527
a00011987	179528
a00011988	179529
a00011989	179530
a00011990	179531
a00011991	179532
a00011992	179533
a00011993	179534
a00011994	179535
a00011995	179536
a00011996	179537
a00011997	179538
a00011998	179539
a00011999	179540
a00012000	179541
a00012001	179542
a00012002	179543
a00012003	179544
a00012004	179545
a00012005	179546
a00012006	179547
a00012007	179548
a00012008	179549
a00012009	179550
a00012010	179551
a00012011	179552
a00012012	179553
a00012013	179554
a00012014	179555
a00012015	179556
a00012016	179557
a00012017	179558
a00012018	179559
a00012019	179560
a00012020	179561
a00012021	179562
a00012022	179563
a00012023	179564
a00012024	179565
a00012025	179566
a00012026	179567
a00012027	179568
a00012028	179569
a00012029	179570
a00012030	179571
a00012031	179572
a00012032	179573
a00012033	179574
a00012034	179575
a00012035	179576
a00012036	179577
a00012037	179578
a00012038	179579
a00012039	179580
a00012040	179581
a00012041	179582
a00012042	179583
a00012043	179584
a00012044	179585
a00012045	179586
a00012046	179587
a00012047	179588
a00012048	179589
a00012049	179590
a00012050	179591
a00012051	179592
a00012052	179593
a00012053	179594
a00012054	179595
a00012055	179596
a00012056	179597
a00012057	179598
a00012058	179599
a00012059	179600
a00012060	179601
a00012061	179602
a00012062	179603
a00012063	179604
a00012064	179605
a00012065	179606
a00012066	179607
a00012067	179608
a00012068	179609
a00012069	179610
a00012070	179611
a00012071	179612
a00012072	179613
a00012073	179614
a00012074	179615
a00012075	179616
a00012076	179617
a00012077	179618
a00012078	179619
a00012079	179620
a00012080	179621
a00012081	179622
a00012082	179623
a00012083	179624
a00012084	179625
a00012085	179626
a00012086	179627
a00012087	179628
a00012088	179629
a00012089	179630
a00012090	179631
a00012091	179632
a00012092	179633
a00012093	179634
a00012094	179635
a00012095	179636
a00012096	179637
a00012097	179638
a00012098	179639
a00012099	179640
a00012100	179641
a00012101	179642
a00012102	179643
a00012103	179644
a00012104	179645
a00012105	179646
a00012106	179647
a00012107	179648
a00012108	179649
a00012109	179650
a00012110	179651
a00012111	179652
a00012112	179653
a00012113	179654
a00012114	179655
a00012115	179656
a00012116	179657
a00012117	179658
a00012118	179659
a00012119	179660
a00012120	179661
a00012121	179662
a00012122	179663
a00012123	179664
a00012124	179665
a00012125	179666
a00012126	179667
a00012127	179668
a00012128	179669
a00012129	179670
a00012130	179671
a00012131	179672
a00012132	179673
a00012133	179674
a00012134	179675
a00012135	179676
a00012136	179677
a00012137	179678
a00012138	179679
a00012139	179680
a00012140	179681
a00012141	179682
a00012142	179683
a00012143	179684
a00012144	179685
a00012145	179686
a00012146	179687
a00012147	179688
a00012148	179689
a00012149	179690
a00012150	179691
a00012151	179692
a00012152	179693
a00012153	179694
a00012154	179695
a00012155	179696
a00012156	179697
a00012157	179698
a00012158	179699
a00012159	179700
a00012160	179701
a00012161	179702
a00012162	179703
a00012163	179704
a00012164	179705
a00012165	179706
a00012166	179707
a00012167	179708
a00012168	179709
a00012169	179710
a00012170	179711
a00012171	179712
a00012172	179713
a00012173	179714
a00012174	179715
a00012175	179716
a00012176	179717
a00012177	179718
a00012178	179719
a00012179	179720
a00012180	179721
a00012181	179722
a00012182	179723
a00012183	179724
a00012184	179725
a00012185	179726
a00012186	179727
a00012187	179728
a00012188	179729
a00012189	179730
a00012190	179731
a00012191	179732
a00012192	179733
a00012193	179734
a00012194	179735
a00012195	179736
a00012196	179737
a00012197	179738
a00012198	179739
a00012199	179740
a00012200	179741
a00012201	179742
a00012202	179743
a00012203	179744
a00012204	179745
a00012205	179746
a00012206	179747
a00012207	179748
a00012208	179749
a00012209	179750
a00012210	179751
a00012211	179752
a00012212	179753
a00012213	179754
a00012214	179755
a00012215	179756
a00012216	179757
a00012217	179758
a00012218	179759
a00012219	179760
a00012220	179761
a00012221	179762
a00012222	179763
a00012223	179764
a00012224	179765
a00012225	179766
a00012226	179767
a00012227	179768
a00012228	179769
a00012229	179770
a00012230	179771
a00012231	179772
a00012232	179773
a00012233	179774
a00012234	179775
a00012235	179776
a00012236	179777
a00012237	179778
a00012238	179779
a00012239	179780
a00012240	179781
a00012241	179782
a00012242	179783
a00012243	179784
a00012244	179785
a00012245	179786
a00012246	179787
a00012247	179788
a00012248	179789
a00012249	179790
a00012250	179791
a00012251	179792
a00012252	179793
a00012253	179794
a00012254	179795
a00012255	179796
a00012256	179797
a00012257	179798
a00012258	179799
a00012259	179800
a00012260	179801
a00012261	179802
a00012262	179803
a00012263	179804
a00012264	179805
a00012265	179806
a00012266	179807
a00012267	179808
a00012268	179809
a00012269	179810
a00012270	179811
a00012271	179812
a00012272	179813
a00012273	179814
a00012274	179815
a00012275	179816
a00012276	179817
a00012277	179818
a00012278	179819
a00012279	179820
a00012280	179821
a00012281	179822
a00012282	179823
a00012283	179824
a00012284	179825
a00012285	179826
a00012286	179827
a00012287	179828
a00012288	179829
a00012289	179830
a00012290	179831
a00012291	179832
a00012292	179833
a00012293	179834
a00012294	179835
a00012295	179836
a00012296	179837
a00012297	179838
a00012298	179839
a00012299	179840
a00012300	179841
a00012301	179842
a00012302	179843
a00012303	179844
a00012304	179845
a00012305	179846
a00012306	179847
a00012307	179848
a00012308	179849
a00012309	179850
a00012310	179851
a00012311	179852
a00012312	179853
a00012313	179854
a00012314	179855
a00012315	179856
a00012316	179857
a00012317	179858
a00012318	179859
a00012319	179860
a00012320	179861
a00012321	179862
a00012322	179863
a00012323	179864
a00012324	179865
a00012325	179866
a00012326	179867
a00012327	179868
a00012328	179869
a00012329	179870
a00012330	179871
a00012331	179872
a00012332	179873
a00012333	179874
a00012334	179875
a00012335	179876
a00012336	179877
a00012337	179878
a00012338	179879
a00012339	179880
a00012340	179881
a00012341	179882
a00012342	179883
a00012343	179884
a00012344	179885
a00012345	179886
a00012346	179887
a00012347	179888
a00012348	179889
a00012349	179890
a00012350	179891
a00012351	179892
a00012352	179893
a00012353	179894
a00012354	179895
a00012355	179896
a00012356	179897
a00012357	179898
a00012358	179899
a00012359	179900
a00012360	179901
a00012361	179902
a00012362	179903
a00012363	179904
a00012364	179905
a00012365	179906
a00012366	179907
a00012367	179908
a00012368	179909
a00012369	179910
a00012370	179911
a00012371	179912
a00012372	179913
a00012373	179914
a00012374	179915
a00012375	179916
a00012376	179917
a00012377	179918
a00012378	179919
a00012379	179920
a00012380	179921
a00012381	179922
a00012382	179923
a00012383	179924
a00012384	179925
a00012385	179926
a00012386	179927
a00012387	179928
a00012388	179929
a00012389	179930
a00012390	179931
a00012391	179932
a00012392	179933
a00012393	179934
a00012394	179935
a00012395	179936
a00012396	179937
a00012397	179938
a00012398	179939
a00012399	179940
a00012400	179941
a00012401	179942
a00012402	179943
a00012403	179944
a00012404	179945
a00012405	179946
a00012406	179947
a00012407	179948
a00012408	179949
a00012409	179950
a00012410	179951
a00012411	179952
a00012412	179953
a00012413	179954
a00012414	179955
a00012415	179956
a00012416	179957
a00012417	179958
a00012418	179959
a00012419	179960
a00012420	179961
a00012421	179962
a00012422	179963
a00012423	179964
a00012424	179965
a00012425	179966
a00012426	179967
a00012427	179968
a00012428	179969
a00012429	179970
a00012430	179971
a00012431	179972
a00012432	179973
a00012433	179974
a00012434	179975
a00012435	179976
a00012436	179977
a00012437	179978
a00012438	179979
a00012439	179980
a00012440	179981
a00012441	179982
a00012442	179983
a00012443	179984
a00012444	179985
a00012445	179986
a00012446	179987
a00012447	179988
a00012448	179989
a00012449	179990
a00012450	179991
a00012451	179992
a00012452	179993
a00012453	179994
a00012454	179995
a00012455	179996
a00012456	179997
a00012457	179998
a00012458	179999
a00012459	180000
a00012460	180001
a00012461	180002
a00012462	180003
a00012463	180004
a00012464	180005
a00012465	180006
a00012466	180007
a00012467	180008
a00012468	180009
a00012469	180010
a00012470	180011
a00012471	180012
a00012472	180013
a00012473	180014
a00012474	180015
a00012475	180016
a00012476	180017
a00012477	180018
a00012478	180019
a00012479	180020
a00012480	180021
a00012481	180022
a00012482	180023
a00012483	180024
a00012484	180025
a00012485	180026
a00012486	180027
a00012487	180028
a00012488	180029
a00012489	180030
a00012490	180031
a00012491	180032
a00012492	180033
a00012493	180034
a00012494	180035
a00012495	180036
a00012496	180037
a00012497	180038
a00012498	180039
a00012499	180040
a00012500	180041
a00012501	180042
a00012502	180043
a00012503	180044
a00012504	180045
a00012505	180046
a00012506	180047
a00012507	180048
a00012508	180049
a00012509	180050
a00012510	180051
a00012511	180052
a00012512	180053
a00012513	180054
a00012514	180055
a00012515	180056
a00012516	180057
a00012517	180058
a00012518	180059
a00012519	180060
a00012520	180061
a00012521	180062
a00012522	180063
a00012523	180064
a00012524	180065
a00012525	180066
a00012526	180067
a00012527	180068
a00012528	180069
a00012529	180070
a00012530	180071
a00012531	180072
a00012532	180073
a00012533	180074
a00012534	180075
a00012535	180076
a00012536	180077
a00012537	180078
a00012538	180079
a00012539	180080
a00012540	180081
a00012541	180082
a00012542	180083
a00012543	180084
a00012544	180085
a00012545	180086
a00012546	180087
a00012547	180088
a00012548	180089
a00012549	180090
a00012550	180091
a00012551	180092
a00012552	180093
a00012553	180094
a00012554	180095
a00012555	180096
a00012556	180097
a00012557	180098
a00012558	180099
a00012559	180100
a00012560	180101
a00012561	180102
a00012562	180103
a00012563	180104
a00012564	180105
a00012565	180106
a00012566	180107
a00012567	180108
a00012568	180109
a00012569	180110
a00012570	180111
a00012571	180112
a00012572	180113
a00012573	180114
a00012574	180115
a00012575	180116
a00012576	180117
a00012577	180118
a00012578	180119
a00012579	180120
a00012580	180121
a00012581	180122
a00012582	180123
a00012583	180124
a00012584	180125
a00012585	180126
a00012586	180127
a00012587	180128
a00012588	180129
a00012589	180130
a00012590	180131
a00012591	180132
a00012592	180133
a00012593	180134
a00012594	180135
a00012595	180136
a00012596	180137
a00012597	180138
a00012598	180139
a00012599	180140
a00012600	180141
a00012601	180142
a00012602	180143
a00012603	180144
a00012604	180145
a00012605	180146
a00012606	180147
a00012607	180148
a00012608	180149
a00012609	180150
a00012610	180151
a00012611	180152
a00012612	180153
a00012613	180154
a00012614	180155
a00012615	180156
a00012616	180157
a00012617	180158
a00012618	180159
a00012619	180160
a00012620	180161
a00012621	180162
a00012622	180163
a00012623	180164
a00012624	180165
a00012625	180166
a00012626	180167
a00012627	180168
a00012628	180169
a00012629	180170
a00012630	180171
a00012631	180172
a00012632	180173
a00012633	180174
a00012634	180175
a00012635	180176
a00012636	180177
a00012637	180178
a00012638	180179
a00012639	180180
a00012640	180181
a00012641	180182
a00012642	180183
a00012643	180184
a00012644	180185
a00012645	180186
a00012646	180187
a00012647	180188
a00012648	180189
a00012649	180190
a00012650	180191
a00012651	180192
a00012652	180193
a00012653	180194
a00012654	180195
a00012655	180196
a00012656	180197
a00012657	180198
a00012658	180199
a00012659	180200
a00012660	180201
a00012661	180202
a00012662	180203
a00012663	180204
a00012664	180205
a00012665	180206
a00012666	180207
a00012667	180208
a00012668	180209
a00012669	180210
a00012670	180211
a00012671	180212
a00012672	180213
a00012673	180214
a00012674	180215
a00012675	180216
a00012676	180217
a00012677	180218
a00012678	180219
a00012679	180220
a00012680	180221
a00012681	180222
a00012682	180223
a00012683	180224
a00012684	180225
a00012685	180226
a00012686	180227
a00012687	180228
a00012688	180229
a00012689	180230
a00012690	180231
a00012691	180232
a00012692	180233
a00012693	180234
a00012694	180235
a00012695	180236
a00012696	180237
a00012697	180238
a00012698	180239
a00012699	180240
a00012700	180241
a00012701	180242
a00012702	180243
a00012703	180244
a00012704	180245
a00012705	180246
a00012706	180247
a00012707	180248
a00012708	180249
a00012709	180250
a00012710	180251
a00012711	180252
a00012712	180253
a00012713	180254
a00012714	180255
a00012715	180256
a00012716	180257
a00012717	180258
a00012718	180259
a00012719	180260
a00012720	180261
a00012721	180262
a00012722	180263
a00012723	180264
a00012724	180265
a00012725	180266
a00012726	180267
a00012727	180268
a00012728	180269
a00012729	180270
a00012730	180271
a00012731	180272
a00012732	180273
a00012733	180274
a00012734	180275
a00012735	180276
a00012736	180277
a00012737	180278
a00012738	180279
a00012739	180280
a00012740	180281
a00012741	180282
a00012742	180283
a00012743	180284
a00012744	180285
a00012745	180286
a00012746	180287
a00012747	180288
a00012748	180289
a00012749	180290
a00012750	180291
a00012751	180292
a00012752	180293
a00012753	180294
a00012754	180295
a00012755	180296
a00012756	180297
a00012757	180298
a00012758	180299
a00012759	180300
a00012760	180301
a00012761	180302
a00012762	180303
a00012763	180304
a00012764	180305
a00012765	180306
a00012766	180307
a00012767	180308
a00012768	180309
a00012769	180310
a00012770	180311
a00012771	180312
a00012772	180313
a00012773	180314
a00012774	180315
a00012775	180316
a00012776	180317
a00012777	180318
a00012778	180319
a00012779	180320
a00012780	180321
a00012781	180322
a00012782	180323
a00012783	180324
a00012784	180325
a00012785	180326
a00012786	180327
a00012787	180328
a00012788	180329
a00012789	180330
a00012790	180331
a00012791	180332
a00012792	180333
a00012793	180334
a00012794	180335
a00012795	180336
a00012796	180337
a00012797	180338
a00012798	180339
a00012799	180340
a00012800	180341
a00012801	180342
a00012802	180343
a00012803	180344
a00012804	180345
a00012805	180346
a00012806	180347
a00012807	180348
a00012808	180349
a00012809	180350
a00012810	180351
a00012811	180352
a00012812	180353
a00012813	180354
a00012814	180355
a00012815	180356
a00012816	180357
a00012817	180358
a00012818	180359
a00012819	180360
a00012820	180361
a00012821	180362
a00012822	180363
a00012823	180364
a00012824	180365
a00012825	180366
a00012826	180367
a00012827	180368
a00012828	180369
a00012829	180370
a00012830	180371
a00012831	180372
a00012832	180373
a00012833	180374
a00012834	180375
a00012835	180376
a00012836	180377
a00012837	180378
a00012838	180379
a00012839	180380
a00012840	180381
a00012841	180382
a00012842	180383
a00012843	180384
a00012844	180385
a00012845	180386
a00012846	180387
a00012847	180388
a00012848	180389
a00012849	180390
a00012850	180391
a00012851	180392
a00012852	180393
a00012853	180394
a00012854	180395
a00012855	180396
a00012856	180397
a00012857	180398
a00012858	180399
a00012859	180400
a00012860	180401
a00012861	180402
a00012862	180403
a00012863	180404
a00012864	180405
a00012865	180406
a00012866	180407
a00012867	180408
a00012868	180409
a00012869	180410
a00012870	180411
a00012871	180412
a00012872	180413
a00012873	180414
a00012874	180415
a00012875	180416
a00012876	180417
a00012877	180418
a00012878	180419
a00012879	180420
a00012880	180421
a00012881	180422
a00012882	180423
a00012883	180424
a00012884	180425
a00012885	180426
a00012886	180427
a00012887	180428
a00012888	180429
a00012889	180430
a00012890	180431
a00012891	180432
a00012892	180433
a00012893	180434
a00012894	180435
a00012895	180436
a00012896	180437
a00012897	180438
a00012898	180439
a00012899	180440
a00012900	180441
a00012901	180442
a00012902	180443
a00012903	180444
a00012904	180445
a00012905	180446
a00012906	180447
a00012907	180448
a00012908	180449
a00012909	180450
a00012910	180451
a00012911	180452
a00012912	180453
a00012913	180454
a00012914	180455
a00012915	180456
a00012916	180457
a00012917	180458
a00012918	180459
a00012919	180460
a00012920	180461
a00012921	180462
a00012922	180463
a00012923	180464
a00012924	180465
a00012925	180466
a00012926	180467
a00012927	180468
a00012928	180469
a00012929	180470
a00012930	180471
a00012931	180472
a00012932	180473
a00012933	180474
a00012934	180475
a00012935	180476
a00012936	180477
a00012937	180478
a00012938	180479
a00012939	180480
a00012940	180481
a00012941	180482
a00012942	180483
a00012943	180484
a00012944	180485
a00012945	180486
a00012946	180487
a00012947	180488
a00012948	180489
a00012949	180490
a00012950	180491
a00012951	180492
a00012952	180493
a00012953	180494
a00012954	180495
a00012955	180496
a00012956	180497
a00012957	180498
a00012958	180499
a00012959	180500
a00012960	180501
a00012961	180502
a00012962	180503
a00012963	180504
a00012964	180505
a00012965	180506
a00012966	180507
a00012967	180508
a00012968	180509
a00012969	180510
a00012970	180511
a00012971	180512
a00012972	180513
a00012973	180514
a00012974	180515
a00012975	180516
a00012976	180517
a00012977	180518
a00012978	180519
a00012979	180520
a00012980	180521
a00012981	180522
a00012982	180523
a00012983	180524
a00012984	180525
a00012985	180526
a00012986	180527
a00012987	180528
a00012988	180529
a00012989	180530
a00012990	180531
a00012991	180532
a00012992	180533
a00012993	180534
a00012994	180535
a00012995	180536
a00012996	180537
a00012997	180538
a00012998	180539
a00012999	180540
a00013000	180541
a00013001	180542
a00013002	180543
a00013003	180544
a00013004	180545
a00013005	180546
a00013006	180547
a00013007	180548
a00013008	180549
a00013009	180550
a00013010	180551
a00013011	180552
a00013012	180553
a00013013	180554
a00013014	180555
a00013015	180556
a00013016	180557
a00013017	180558
a00013018	180559
a00013019	180560
a00013020	180561
a00013021	180562
a00013022	180563
a00013023	180564
a00013024	180565
a00013025	180566
a00013026	180567
a00013027	180568
a00013028	180569
a00013029	180570
a00013030	180571
a00013031	180572
a00013032	180573
a00013033	180574
a00013034	180575
a00013035	180576
a00013036	180577
a00013037	180578
a00013038	180579
a00013039	180580
a00013040	180581
a00013041	180582
a00013042	180583
a00013043	180584
a00013044	180585
a00013045	180586
a00013046	180587
a00013047	180588
a00013048	180589
a00013049	180590
a00013050	180591
a00013051	180592
a00013052	180593
a00013053	180594
a00013054	180595
a00013055	180596
a00013056	180597
a00013057	180598
a00013058	180599
a00013059	180600
a00013060	180601
a00013061	180602
a00013062	180603
a00013063	180604
a00013064	180605
a00013065	180606
a00013066	180607
a00013067	180608
a00013068	180609
a00013069	180610
a00013070	180611
a00013071	180612
a00013072	180613
a00013073	180614
a00013074	180615
a00013075	180616
a00013076	180617
a00013077	180618
a00013078	180619
a00013079	180620
a00013080	180621
a00013081	180622
a00013082	180623
a00013083	180624
a00013084	180625
a00013085	180626
a00013086	180627
a00013087	180628
a00013088	180629
a00013089	180630
a00013090	180631
a00013091	180632
a00013092	180633
a00013093	180634
a00013094	180635
a00013095	180636
a00013096	180637
a00013097	180638
a00013098	180639
a00013099	180640
a00013100	180641
a00013101	180642
a00013102	180643
a00013103	180644
a00013104	180645
a00013105	180646
a00013106	180647
a00013107	180648
a00013108	180649
a00013109	180650
a00013110	180651
a00013111	180652
a00013112	180653
a00013113	180654
a00013114	180655
a00013115	180656
a00013116	180657
a00013117	180658
a00013118	180659
a00013119	180660
a00013120	180661
a00013121	180662
a00013122	180663
a00013123	180664
a00013124	180665
a00013125	180666
a00013126	180667
a00013127	180668
a00013128	180669
a00013129	180670
a00013130	180671
a00013131	180672
a00013132	180673
a00013133	180674
a00013134	180675
a00013135	180676
a00013136	180677
a00013137	180678
a00013138	180679
a00013139	180680
a00013140	180681
a00013141	180682
a00013142	180683
a00013143	180684
a00013144	180685
a00013145	180686
a00013146	180687
a00013147	180688
a00013148	180689
a00013149	180690
a00013150	180691
a00013151	180692
a00013152	180693
a00013153	180694
a00013154	180695
a00013155	180696
a00013156	180697
a00013157	180698
a00013158	180699
a00013159	180700
a00013160	180701
a00013161	180702
a00013162	180703
a00013163	180704
a00013164	180705
a00013165	180706
a00013166	180707
a00013167	180708
a00013168	180709
a00013169	180710
a00013170	180711
a00013171	180712
a00013172	180713
a00013173	180714
a00013174	180715
a00013175	180716
a00013176	180717
a00013177	180718
a00013178	180719
a00013179	180720
a00013180	180721
a00013181	180722
a00013182	180723
a00013183	180724
a00013184	180725
a00013185	180726
a00013186	180727
a00013187	180728
a00013188	180729
a00013189	180730
a00013190	180731
a00013191	180732
a00013192	180733
a00013193	180734
a00013194	180735
a00013195	180736
a00013196	180737
a00013197	180738
a00013198	180739
a00013199	180740
a00013200	180741
a00013201	180742
a00013202	180743
a00013203	180744
a00013204	180745
a00013205	180746
a00013206	180747
a00013207	180748
a00013208	180749
a00013209	180750
a00013210	180751
a00013211	180752
a00013212	180753
a00013213	180754
a00013214	180755
a00013215	180756
a00013216	180757
a00013217	180758
a00013218	180759
a00013219	180760
a00013220	180761
a00013221	180762
a00013222	180763
a00013223	180764
a00013224	180765
a00013225	180766
a00013226	180767
a00013227	180768
a00013228	180769
a00013229	180770
a00013230	180771
a00013231	180772
a00013232	180773
a00013233	180774
a00013234	180775
a00013235	180776
a00013236	180777
a00013237	180778
a00013238	180779
a00013239	180780
a00013240	180781
a00013241	180782
a00013242	180783
a00013243	180784
a00013244	180785
a00013245	180786
a00013246	180787
a00013247	180788
a00013248	180789
a00013249	180790
a00013250	180791
a00013251	180792
a00013252	180793
a00013253	180794
a00013254	180795
a00013255	180796
a00013256	180797
a00013257	180798
a00013258	180799
a00013259	180800
a00013260	180801
a00013261	180802
a00013262	180803
a00013263	180804
a00013264	180805
a00013265	180806
a00013266	180807
a00013267	180808
a00013268	180809
a00013269	180810
a00013270	180811
a00013271	180812
a00013272	180813
a00013273	180814
a00013274	180815
a00013275	180816
a00013276	180817
a00013277	180818
a00013278	180819
a00013279	180820
a00013280	180821
a00013281	180822
a00013282	180823
a00013283	180824
a00013284	180825
a00013285	180826
a00013286	180827
a00013287	180828
a00013288	180829
a00013289	180830
a00013290	180831
a00013291	180832
a00013292	180833
a00013293	180834
a00013294	180835
a00013295	180836
a00013296	180837
a00013297	180838
a00013298	180839
a00013299	180840
a00013300	180841
a00013301	180842
a00013302	180843
a00013303	180844
a00013304	180845
a00013305	180846
a00013306	180847
a00013307	180848
a00013308	180849
a00013309	180850
a00013310	180851
a00013311	180852
a00013312	180853
a00013313	180854
a00013314	180855
a00013315	180856
a00013316	180857
a00013317	180858
a00013318	180859
a00013319	180860
a00013320	180861
a00013321	180862
a00013322	180863
a00013323	180864
a00013324	180865
a00013325	180866
a00013326	180867
a00013327	180868
a00013328	180869
a00013329	180870
a00013330	180871
a00013331	180872
a00013332	180873
a00013333	180874
a00013334	180875
a00013335	180876
a00013336	180877
a00013337	180878
a00013338	180879
a00013339	180880
a00013340	180881
a00013341	180882
a00013342	180883
a00013343	180884
a00013344	180885
a00013345	180886
a00013346	180887
a00013347	180888
a00013348	180889
a00013349	180890
a00013350	180891
a00013351	180892
a00013352	180893
a00013353	180894
a00013354	180895
a00013355	180896
a00013356	180897
a00013357	180898
a00013358	180899
a00013359	180900
a00013360	180901
a00013361	180902
a00013362	180903
a00013363	180904
a00013364	180905
a00013365	180906
a00013366	180907
a00013367	180908
a00013368	180909
a00013369	180910
a00013370	180911
a00013371	180912
a00013372	180913
a00013373	180914
a00013374	180915
a00013375	180916
a00013376	180917
a00013377	180918
a00013378	180919
a00013379	180920
a00013380	180921
a00013381	180922
a00013382	180923
a00013383	180924
a00013384	180925
a00013385	180926
a00013386	180927
a00013387	180928
a00013388	180929
a00013389	180930
a00013390	180931
a00013391	180932
a00013392	180933
a00013393	180934
a00013394	180935
a00013395	180936
a00013396	180937
a00013397	180938
a00013398	180939
a00013399	180940
a00013400	180941
a00013401	180942
a00013402	180943
a00013403	180944
a00013404	180945
a00013405	180946
a00013406	180947
a00013407	180948
a00013408	180949
a00013409	180950
a00013410	180951
a00013411	180952
a00013412	180953
a00013413	180954
a00013414	180955
a00013415	180956
a00013416	180957
a00013417	180958
a00013418	180959
a00013419	180960
a00013420	180961
a00013421	180962
a00013422	180963
a00013423	180964
a00013424	180965
a00013425	180966
a00013426	180967
a00013427	180968
a00013428	180969
a00013429	180970
a00013430	180971
a00013431	180972
a00013432	180973
a00013433	180974
a00013434	180975
a00013435	180976
a00013436	180977
a00013437	180978
a00013438	180979
a00013439	180980
a00013440	180981
a00013441	180982
a00013442	180983
a00013443	180984
a00013444	180985
a00013445	180986
a00013446	180987
a00013447	180988
a00013448	180989
a00013449	180990
a00013450	180991
a00013451	180992
a00013452	180993
a00013453	180994
a00013454	180995
a00013455	180996
a00013456	180997
a00013457	180998
a00013458	180999
a00013459	181000
a00013460	181001
a00013461	181002
a00013462	181003
a00013463	181004
a00013464	181005
a00013465	181006
a00013466	181007
a00013467	181008
a00013468	181009
a00013469	181010
a00013470	181011
a00013471	181012
a00013472	181013
a00013473	181014
a00013474	181015
a00013475	181016
a00013476	181017
a00013477	181018
a00013478	181019
a00013479	181020
a00013480	181021
a00013481	181022
a00013482	181023
a00013483	181024
a00013484	181025
a00013485	181026
a00013486	181027
a00013487	181028
a00013488	181029
a00013489	181030
a00013490	181031
a00013491	181032
a00013492	181033
a00013493	181034
a00013494	181035
a00013495	181036
a00013496	181037
a00013497	181038
a00013498	181039
a00013499	181040
a00013500	181041
a00013501	181042
a00013502	181043
a00013503	181044
a00013504	181045
a00013505	181046
a00013506	181047
a00013507	181048
a00013508	181049
a00013509	181050
a00013510	181051
a00013511	181052
a00013512	181053
a00013513	181054
a00013514	181055
a00013515	181056
a00013516	181057
a00013517	181058
a00013518	181059
a00013519	181060
a00013520	181061
a00013521	181062
a00013522	181063
a00013523	181064
a00013524	181065
a00013525	181066
a00013526	181067
a00013527	181068
a00013528	181069
a00013529	181070
a00013530	181071
a00013531	181072
a00013532	181073
a00013533	181074
a00013534	181075
a00013535	181076
a00013536	181077
a00013537	181078
a00013538	181079
a00013539	181080
a00013540	181081
a00013541	181082
a00013542	181083
a00013543	181084
a00013544	181085
a00013545	181086
a00013546	181087
a00013547	181088
a00013548	181089
a00013549	181090
a00013550	181091
a00013551	181092
a00013552	181093
a00013553	181094
a00013554	181095
a00013555	181096
a00013556	181097
a00013557	181098
a00013558	181099
a00013559	181100
a00013560	181101
a00013561	181102
a00013562	181103
a00013563	181104
a00013564	181105
a00013565	181106
a00013566	181107
a00013567	181108
a00013568	181109
a00013569	181110
a00013570	181111
a00013571	181112
a00013572	181113
a00013573	181114
a00013574	181115
a00013575	181116
a00013576	181117
a00013577	181118
a00013578	181119
a00013579	181120
a00013580	181121
a00013581	181122
a00013582	181123
a00013583	181124
a00013584	181125
a00013585	181126
a00013586	181127
a00013587	181128
a00013588	181129
a00013589	181130
a00013590	181131
a00013591	181132
a00013592	181133
a00013593	181134
a00013594	181135
a00013595	181136
a00013596	181137
a00013597	181138
a00013598	181139
a00013599	181140
a00013600	181141
a00013601	181142
a00013602	181143
a00013603	181144
a00013604	181145
a00013605	181146
a00013606	181147
a00013607	181148
a00013608	181149
a00013609	181150
a00013610	181151
a00013611	181152
a00013612	181153
a00013613	181154
a00013614	181155
a00013615	181156
a00013616	181157
a00013617	181158
a00013618	181159
a00013619	181160
a00013620	181161
a00013621	181162
a00013622	181163
a00013623	181164
a00013624	181165
a00013625	181166
a00013626	181167
a00013627	181168
a00013628	181169
a00013629	181170
a00013630	181171
a00013631	181172
a00013632	181173
a00013633	181174
a00013634	181175
a00013635	181176
a00013636	181177
a00013637	181178
a00013638	181179
a00013639	181180
a00013640	181181
a00013641	181182
a00013642	181183
a00013643	181184
a00013644	181185
a00013645	181186
a00013646	181187
a00013647	181188
a00013648	181189
a00013649	181190
a00013650	181191
a00013651	181192
a00013652	181193
a00013653	181194
a00013654	181195
a00013655	181196
a00013656	181197
a00013657	181198
a00013658	181199
a00013659	181200
a00013660	181201
a00013661	181202
a00013662	181203
a00013663	181204
a00013664	181205
a00013665	181206
a00013666	181207
a00013667	181208
a00013668	181209
a00013669	181210
a00013670	181211
a00013671	181212
a00013672	181213
a00013673	181214
a00013674	181215
a00013675	181216
a00013676	181217
a00013677	181218
a00013678	181219
a00013679	181220
a00013680	181221
a00013681	181222
a00013682	181223
a00013683	181224
a00013684	181225
a00013685	181226
a00013686	181227
a00013687	181228
a00013688	181229
a00013689	181230
a00013690	181231
a00013691	181232
a00013692	181233
a00013693	181234
a00013694	181235
a00013695	181236
a00013696	181237
a00013697	181238
a00013698	181239
a00013699	181240
a00013700	181241
a00013701	181242
a00013702	181243
a00013703	181244
a00013704	181245
a00013705	181246
a00013706	181247
a00013707	181248
a00013708	181249
a00013709	181250
a00013710	181251
a00013711	181252
a00013712	181253
a00013713	181254
a00013714	181255
a00013715	181256
a00013716	181257
a00013717	181258
a00013718	181259
a00013719	181260
a00013720	181261
a00013721	181262
a00013722	181263
a00013723	181264
a00013724	181265
a00013725	181266
a00013726	181267
a00013727	181268
a00013728	181269
a00013729	181270
a00013730	181271
a00013731	181272
a00013732	181273
a00013733	181274
a00013734	181275
a00013735	181276
a00013736	181277
a00013737	181278
a00013738	181279
a00013739	181280
a00013740	181281
a00013741	181282
a00013742	181283
a00013743	181284
a00013744	181285
a00013745	181286
a00013746	181287
a00013747	181288
a00013748	181289
a00013749	181290
a00013750	181291
a00013751	181292
a00013752	181293
a00013753	181294
a00013754	181295
a00013755	181296
a00013756	181297
a00013757	181298
a00013758	181299
a00013759	181300
a00013760	181301
a00013761	181302
a00013762	181303
a00013763	181304
a00013764	181305
a00013765	181306
a00013766	181307
a00013767	181308
a00013768	181309
a00013769	181310
a00013770	181311
a00013771	181312
a00013772	181313
a00013773	181314
a00013774	181315
a00013775	181316
a00013776	181317
a00013777	181318
a00013778	181319
a00013779	181320
a00013780	181321
a00013781	181322
a00013782	181323
a00013783	181324
a00013784	181325
a00013785	181326
a00013786	181327
a00013787	181328
a00013788	181329
a00013789	181330
a00013790	181331
a00013791	181332
a00013792	181333
a00013793	181334
a00013794	181335
a00013795	181336
a00013796	181337
a00013797	181338
a00013798	181339
a00013799	181340
a00013800	181341
a00013801	181342
a00013802	181343
a00013803	181344
a00013804	181345
a00013805	181346
a00013806	181347
a00013807	181348
a00013808	181349
a00013809	181350
a00013810	181351
a00013811	181352
a00013812	181353
a00013813	181354
a00013814	181355
a00013815	181356
a00013816	181357
a00013817	181358
a00013818	181359
a00013819	181360
a00013820	181361
a00013821	181362
a00013822	181363
a00013823	181364
a00013824	181365
a00013825	181366
a00013826	181367
a00013827	181368
a00013828	181369
a00013829	181370
a00013830	181371
a00013831	181372
a00013832	181373
a00013833	181374
a00013834	181375
a00013835	181376
a00013836	181377
a00013837	181378
a00013838	181379
a00013839	181380
a00013840	181381
a00013841	181382
a00013842	181383
a00013843	181384
a00013844	181385
a00013845	181386
a00013846	181387
a00013847	181388
a00013848	181389
a00013849	181390
a00013850	181391
a00013851	181392
a00013852	181393
a00013853	181394
a00013854	181395
a00013855	181396
a00013856	181397
a00013857	181398
a00013858	181399
a00013859	181400
a00013860	181401
a00013861	181402
a00013862	181403
a00013863	181404
a00013864	181405
a00013865	181406
a00013866	181407
a00013867	181408
a00013868	181409
a00013869	181410
a00013870	181411
a00013871	181412
a00013872	181413
a00013873	181414
a00013874	181415
a00013875	181416
a00013876	181417
a00013877	181418
a00013878	181419
a00013879	181420
a00013880	181421
a00013881	181422
a00013882	181423
a00013883	181424
a00013884	181425
a00013885	181426
a00013886	181427
a00013887	181428
a00013888	181429
a00013889	181430
a00013890	181431
a00013891	181432
a00013892	181433
a00013893	181434
a00013894	181435
a00013895	181436
a00013896	181437
a00013897	181438
a00013898	181439
a00013899	181440
a00013900	181441
a00013901	181442
a00013902	181443
a00013903	181444
a00013904	181445
a00013905	181446
a00013906	181447
a00013907	181448
a00013908	181449
a00013909	181450
a00013910	181451
a00013911	181452
a00013912	181453
a00013913	181454
a00013914	181455
a00013915	181456
a00013916	181457
a00013917	181458
a00013918	181459
a00013919	181460
a00013920	181461
a00013921	181462
a00013922	181463
a00013923	181464
a00013924	181465
a00013925	181466
a00013926	181467
a00013927	181468
a00013928	181469
a00013929	181470
a00013930	181471
a00013931	181472
a00013932	181473
a00013933	181474
a00013934	181475
a00013935	181476
a00013936	181477
a00013937	181478
a00013938	181479
a00013939	181480
a00013940	181481
a00013941	181482
a00013942	181483
a00013943	181484
a00013944	181485
a00013945	181486
a00013946	181487
a00013947	181488
a00013948	181489
a00013949	181490
a00013950	181491
a00013951	181492
a00013952	181493
a00013953	181494
a00013954	181495
a00013955	181496
a00013956	181497
a00013957	181498
a00013958	181499
a00013959	181500
a00013960	181501
a00013961	181502
a00013962	181503
a00013963	181504
a00013964	181505
a00013965	181506
a00013966	181507
a00013967	181508
a00013968	181509
a00013969	181510
a00013970	181511
a00013971	181512
a00013972	181513
a00013973	181514
a00013974	181515
a00013975	181516
a00013976	181517
a00013977	181518
a00013978	181519
a00013979	181520
a00013980	181521
a00013981	181522
a00013982	181523
a00013983	181524
a00013984	181525
a00013985	181526
a00013986	181527
a00013987	181528
a00013988	181529
a00013989	181530
a00013990	181531
a00013991	181532
a00013992	181533
a00013993	181534
a00013994	181535
a00013995	181536
a00013996	181537
a00013997	181538
a00013998	181539
a00013999	181540
a00014000	181541
a00014001	181542
a00014002	181543
a00014003	181544
a00014004	181545
a00014005	181546
a00014006	181547
a00014007	181548
a00014008	181549
a00014009	181550
a00014010	181551
a00014011	181552
a00014012	181553
a00014013	181554
a00014014	181555
a00014015	181556
a00014016	181557
a00014017	181558
a00014018	181559
a00014019	181560
a00014020	181561
a00014021	181562
a00014022	181563
a00014023	181564
a00014024	181565
a00014025	181566
a00014026	181567
a00014027	181568
a00014028	181569
a00014029	181570
a00014030	181571
a00014031	181572
a00014032	181573
a00014033	181574
a00014034	181575
a00014035	181576
a00014036	181577
a00014037	181578
a00014038	181579
a00014039	181580
a00014040	181581
a00014041	181582
a00014042	181583
a00014043	181584
a00014044	181585
a00014045	181586
a00014046	181587
a00014047	181588
a00014048	181589
a00014049	181590
a00014050	181591
a00014051	181592
a00014052	181593
a00014053	181594
a00014054	181595
a00014055	181596
a00014056	181597
a00014057	181598
a00014058	181599
a00014059	181600
a00014060	181601
a00014061	181602
a00014062	181603
a00014063	181604
a00014064	181605
a00014065	181606
a00014066	181607
a00014067	181608
a00014068	181609
a00014069	181610
a00014070	181611
a00014071	181612
a00014072	181613
a00014073	181614
a00014074	181615
a00014075	181616
a00014076	181617
a00014077	181618
a00014078	181619
a00014079	181620
a00014080	181621
a00014081	181622
a00014082	181623
a00014083	181624
a00014084	181625
a00014085	181626
a00014086	181627
a00014087	181628
a00014088	181629
a00014089	181630
a00014090	181631
a00014091	181632
a00014092	181633
a00014093	181634
a00014094	181635
a00014095	181636
a00014096	181637
a00014097	181638
a00014098	181639
a00014099	181640
a00014100	181641
a00014101	181642
a00014102	181643
a00014103	181644
a00014104	181645
a00014105	181646
a00014106	181647
a00014107	181648
a00014108	181649
a00014109	181650
a00014110	181651
a00014111	181652
a00014112	181653
a00014113	181654
a00014114	181655
a00014115	181656
a00014116	181657
a00014117	181658
a00014118	181659
a00014119	181660
a00014120	181661
a00014121	181662
a00014122	181663
a00014123	181664
a00014124	181665
a00014125	181666
a00014126	181667
a00014127	181668
a00014128	181669
a00014129	181670
a00014130	181671
a00014131	181672
a00014132	181673
a00014133	181674
a00014134	181675
a00014135	181676
a00014136	181677
a00014137	181678
a00014138	181679
a00014139	181680
a00014140	181681
a00014141	181682
a00014142	181683
a00014143	181684
a00014144	181685
a00014145	181686
a00014146	181687
a00014147	181688
a00014148	181689
a00014149	181690
a00014150	181691
a00014151	181692
a00014152	181693
a00014153	181694
a00014154	181695
a00014155	181696
a00014156	181697
a00014157	181698
a00014158	181699
a00014159	181700
a00014160	181701
a00014161	181702
a00014162	181703
a00014163	181704
a00014164	181705
a00014165	181706
a00014166	181707
a00014167	181708
a00014168	181709
a00014169	181710
a00014170	181711
a00014171	181712
a00014172	181713
a00014173	181714
a00014174	181715
a00014175	181716
a00014176	181717
a00014177	181718
a00014178	181719
a00014179	181720
a00014180	181721
a00014181	181722
a00014182	181723
a00014183	181724
a00014184	181725
a00014185	181726
a00014186	181727
a00014187	181728
a00014188	181729
a00014189	181730
a00014190	181731
a00014191	181732
a00014192	181733
a00014193	181734
a00014194	181735
a00014195	181736
a00014196	181737
a00014197	181738
a00014198	181739
a00014199	181740
a00014200	181741
a00014201	181742
a00014202	181743
a00014203	181744
a00014204	181745
a00014205	181746
a00014206	181747
a00014207	181748
a00014208	181749
a00014209	181750
a00014210	181751
a00014211	181752
a00014212	181753
a00014213	181754
a00014214	181755
a00014215	181756
a00014216	181757
a00014217	181758
a00014218	181759
a00014219	181760
a00014220	181761
a00014221	181762
a00014222	181763
a00014223	181764
a00014224	181765
a00014225	181766
a00014226	181767
a00014227	181768
a00014228	181769
a00014229	181770
a00014230	181771
a00014231	181772
a00014232	181773
a00014233	181774
a00014234	181775
a00014235	181776
a00014236	181777
a00014237	181778
a00014238	181779
a00014239	181780
a00014240	181781
a00014241	181782
a00014242	181783
a00014243	181784
a00014244	181785
a00014245	181786
a00014246	181787
a00014247	181788
a00014248	181789
a00014249	181790
a00014250	181791
a00014251	181792
a00014252	181793
a00014253	181794
a00014254	181795
a00014255	181796
a00014256	181797
a00014257	181798
a00014258	181799
a00014259	181800
a00014260	181801
a00014261	181802
a00014262	181803
a00014263	181804
a00014264	181805
a00014265	181806
a00014266	181807
a00014267	181808
a00014268	181809
a00014269	181810
a00014270	181811
a00014271	181812
a00014272	181813
a00014273	181814
a00014274	181815
a00014275	181816
a00014276	181817
a00014277	181818
a00014278	181819
a00014279	181820
a00014280	181821
a00014281	181822
a00014282	181823
a00014283	181824
a00014284	181825
a00014285	181826
a00014286	181827
a00014287	181828
a00014288	181829
a00014289	181830
a00014290	181831
a00014291	181832
a00014292	181833
a00014293	181834
a00014294	181835
a00014295	181836
a00014296	181837
a00014297	181838
a00014298	181839
a00014299	181840
a00014300	181841
a00014301	181842
a00014302	181843
a00014303	181844
a00014304	181845
a00014305	181846
a00014306	181847
a00014307	181848
a00014308	181849
a00014309	181850
a00014310	181851
a00014311	181852
a00014312	181853
a00014313	181854
a00014314	181855
a00014315	181856
a00014316	181857
a00014317	181858
a00014318	181859
a00014319	181860
a00014320	181861
a00014321	181862
a00014322	181863
a00014323	181864
a00014324	181865
a00014325	181866
a00014326	181867
a00014327	181868
a00014328	181869
a00014329	181870
a00014330	181871
a00014331	181872
a00014332	181873
a00014333	181874
a00014334	181875
a00014335	181876
a00014336	181877
a00014337	181878
a00014338	181879
a00014339	181880
a00014340	181881
a00014341	181882
a00014342	181883
a00014343	181884
a00014344	181885
a00014345	181886
a00014346	181887
a00014347	181888
a00014348	181889
a00014349	181890
a00014350	181891
a00014351	181892
a00014352	181893
a00014353	181894
a00014354	181895
a00014355	181896
a00014356	181897
a00014357	181898
a00014358	181899
a00014359	181900
a00014360	181901
a00014361	181902
a00014362	181903
a00014363	181904
a00014364	181905
a00014365	181906
a00014366	181907
a00014367	181908
a00014368	181909
a00014369	181910
a00014370	181911
a00014371	181912
a00014372	181913
a00014373	181914
a00014374	181915
a00014375	181916
a00014376	181917
a00014377	181918
a00014378	181919
a00014379	181920
a00014380	181921
a00014381	181922
a00014382	181923
a00014383	181924
a00014384	181925
a00014385	181926
a00014386	181927
a00014387	181928
a00014388	181929
a00014389	181930
a00014390	181931
a00014391	181932
a00014392	181933
a00014393	181934
a00014394	181935
a00014395	181936
a00014396	181937
a00014397	181938
a00014398	181939
a00014399	181940
a00014400	181941
a00014401	181942
a00014402	181943
a00014403	181944
a00014404	181945
a00014405	181946
a00014406	181947
a00014407	181948
a00014408	181949
a00014409	181950
a00014410	181951
a00014411	181952
a00014412	181953
a00014413	181954
a00014414	181955
a00014415	181956
a00014416	181957
a00014417	181958
a00014418	181959
a00014419	181960
a00014420	181961
a00014421	181962
a00014422	181963
a00014423	181964
a00014424	181965
a00014425	181966
a00014426	181967
a00014427	181968
a00014428	181969
a00014429	181970
a00014430	181971
a00014431	181972
a00014432	181973
a00014433	181974
a00014434	181975
a00014435	181976
a00014436	181977
a00014437	181978
a00014438	181979
a00014439	181980
a00014440	181981
a00014441	181982
a00014442	181983
a00014443	181984
a00014444	181985
a00014445	181986
a00014446	181987
a00014447	181988
a00014448	181989
a00014449	181990
a00014450	181991
a00014451	181992
a00014452	181993
a00014453	181994
a00014454	181995
a00014455	181996
a00014456	181997
a00014457	181998
a00014458	181999
a00014459	182000
a00014460	182001
a00014461	182002
a00014462	182003
a00014463	182004
a00014464	182005
a00014465	182006
a00014466	182007
a00014467	182008
a00014468	182009
a00014469	182010
a00014470	182011
a00014471	182012
a00014472	182013
a00014473	182014
a00014474	182015
a00014475	182016
a00014476	182017
a00014477	182018
a00014478	182019
a00014479	182020
a00014480	182021
a00014481	182022
a00014482	182023
a00014483	182024
a00014484	182025
a00014485	182026
a00014486	182027
a00014487	182028
a00014488	182029
a00014489	182030
a00014490	182031
a00014491	182032
a00014492	182033
a00014493	182034
a00014494	182035
a00014495	182036
a00014496	182037
a00014497	182038
a00014498	182039
a00014499	182040
a00014500	182041
a00014501	182042
a00014502	182043
a00014503	182044
a00014504	182045
a00014505	182046
a00014506	182047
a00014507	182048
a00014508	182049
a00014509	182050
a00014510	182051
a00014511	182052
a00014512	182053
a00014513	182054
a00014514	182055
a00014515	182056
a00014516	182057
a00014517	182058
a00014518	182059
a00014519	182060
a00014520	182061
a00014521	182062
a00014522	182063
a00014523	182064
a00014524	182065
a00014525	182066
a00014526	182067
a00014527	182068
a00014528	182069
a00014529	182070
a00014530	182071
a00014531	182072
a00014532	182073
a00014533	182074
a00014534	182075
a00014535	182076
a00014536	182077
a00014537	182078
a00014538	182079
a00014539	182080
a00014540	182081
a00014541	182082
a00014542	182083
a00014543	182084
a00014544	182085
a00014545	182086
a00014546	182087
a00014547	182088
a00014548	182089
a00014549	182090
a00014550	182091
a00014551	182092
a00014552	182093
a00014553	182094
a00014554	182095
a00014555	182096
a00014556	182097
a00014557	182098
a00014558	182099
a00014559	182100
a00014560	182101
a00014561	182102
a00014562	182103
a00014563	182104
a00014564	182105
a00014565	182106
a00014566	182107
a00014567	182108
a00014568	182109
a00014569	182110
a00014570	182111
a00014571	182112
a00014572	182113
a00014573	182114
a00014574	182115
a00014575	182116
a00014576	182117
a00014577	182118
a00014578	182119
a00014579	182120
a00014580	182121
a00014581	182122
a00014582	182123
a00014583	182124
a00014584	182125
a00014585	182126
a00014586	182127
a00014587	182128
a00014588	182129
a00014589	182130
a00014590	182131
a00014591	182132
a00014592	182133
a00014593	182134
a00014594	182135
a00014595	182136
a00014596	182137
a00014597	182138
a00014598	182139
a00014599	182140
a00014600	182141
a00014601	182142
a00014602	182143
a00014603	182144
a00014604	182145
a00014605	182146
a00014606	182147
a00014607	182148
a00014608	182149
a00014609	182150
a00014610	182151
a00014611	182152
a00014612	182153
a00014613	182154
a00014614	182155
a00014615	182156
a00014616	182157
a00014617	182158
a00014618	182159
a00014619	182160
a00014620	182161
a00014621	182162
a00014622	182163
a00014623	182164
a00014624	182165
a00014625	182166
a00014626	182167
a00014627	182168
a00014628	182169
a00014629	182170
a00014630	182171
a00014631	182172
a00014632	182173
a00014633	182174
a00014634	182175
a00014635	182176
a00014636	182177
a00014637	182178
a00014638	182179
a00014639	182180
a00014640	182181
a00014641	182182
a00014642	182183
a00014643	182184
a00014644	182185
a00014645	182186
a00014646	182187
a00014647	182188
a00014648	182189
a00014649	182190
a00014650	182191
a00014651	182192
a00014652	182193
a00014653	182194
a00014654	182195
a00014655	182196
a00014656	182197
a00014657	182198
a00014658	182199
a00014659	182200
a00014660	182201
a00014661	182202
a00014662	182203
a00014663	182204
a00014664	182205
a00014665	182206
a00014666	182207
a00014667	182208
a00014668	182209
a00014669	182210
a00014670	182211
a00014671	182212
a00014672	182213
a00014673	182214
a00014674	182215
a00014675	182216
a00014676	182217
a00014677	182218
a00014678	182219
a00014679	182220
a00014680	182221
a00014681	182222
a00014682	182223
a00014683	182224
a00014684	182225
a00014685	182226
a00014686	182227
a00014687	182228
a00014688	182229
a00014689	182230
a00014690	182231
a00014691	182232
a00014692	182233
a00014693	182234
a00014694	182235
a00014695	182236
a00014696	182237
a00014697	182238
a00014698	182239
a00014699	182240
a00014700	182241
a00014701	182242
a00014702	182243
a00014703	182244
a00014704	182245
a00014705	182246
a00014706	182247
a00014707	182248
a00014708	182249
a00014709	182250
a00014710	182251
a00014711	182252
a00014712	182253
a00014713	182254
a00014714	182255
a00014715	182256
a00014716	182257
a00014717	182258
a00014718	182259
a00014719	182260
a00014720	182261
a00014721	182262
a00014722	182263
a00014723	182264
a00014724	182265
a00014725	182266
a00014726	182267
a00014727	182268
a00014728	182269
a00014729	182270
a00014730	182271
a00014731	182272
a00014732	182273
a00014733	182274
a00014734	182275
a00014735	182276
a00014736	182277
a00014737	182278
a00014738	182279
a00014739	182280
a00014740	182281
a00014741	182282
a00014742	182283
a00014743	182284
a00014744	182285
a00014745	182286
a00014746	182287
a00014747	182288
a00014748	182289
a00014749	182290
a00014750	182291
a00014751	182292
a00014752	182293
a00014753	182294
a00014754	182295
a00014755	182296
a00014756	182297
a00014757	182298
a00014758	182299
a00014759	182300
a00014760	182301
a00014761	182302
a00014762	182303
a00014763	182304
a00014764	182305
a00014765	182306
a00014766	182307
a00014767	182308
a00014768	182309
a00014769	182310
a00014770	182311
a00014771	182312
a00014772	182313
a00014773	182314
a00014774	182315
a00014775	182316
a00014776	182317
a00014777	182318
a00014778	182319
a00014779	182320
a00014780	182321
a00014781	182322
a00014782	182323
a00014783	182324
a00014784	182325
a00014785	182326
a00014786	182327
a00014787	182328
a00014788	182329
a00014789	182330
a00014790	182331
a00014791	182332
a00014792	182333
a00014793	182334
a00014794	182335
a00014795	182336
a00014796	182337
a00014797	182338
a00014798	182339
a00014799	182340
a00014800	182341
a00014801	182342
a00014802	182343
a00014803	182344
a00014804	182345
a00014805	182346
a00014806	182347
a00014807	182348
a00014808	182349
a00014809	182350
a00014810	182351
a00014811	182352
a00014812	182353
a00014813	182354
a00014814	182355
a00014815	182356
a00014816	182357
a00014817	182358
a00014818	182359
a00014819	182360
a00014820	182361
a00014821	182362
a00014822	182363
a00014823	182364
a00014824	182365
a00014825	182366
a00014826	182367
a00014827	182368
a00014828	182369
a00014829	182370
a00014830	182371
a00014831	182372
a00014832	182373
a00014833	182374
a00014834	182375
a00014835	182376
a00014836	182377
a00014837	182378
a00014838	182379
a00014839	182380
a00014840	182381
a00014841	182382
a00014842	182383
a00014843	182384
a00014844	182385
a00014845	182386
a00014846	182387
a00014847	182388
a00014848	182389
a00014849	182390
a00014850	182391
a00014851	182392
a00014852	182393
a00014853	182394
a00014854	182395
a00014855	182396
a00014856	182397
a00014857	182398
a00014858	182399
a00014859	182400
a00014860	182401
a00014861	182402
a00014862	182403
a00014863	182404
a00014864	182405
a00014865	182406
a00014866	182407
a00014867	182408
a00014868	182409
a00014869	182410
a00014870	182411
a00014871	182412
a00014872	182413
a00014873	182414
a00014874	182415
a00014875	182416
a00014876	182417
a00014877	182418
a00014878	182419
a00014879	182420
a00014880	182421
a00014881	182422
a00014882	182423
a00014883	182424
a00014884	182425
a00014885	182426
a00014886	182427
a00014887	182428
a00014888	182429
a00014889	182430
a00014890	182431
a00014891	182432
a00014892	182433
a00014893	182434
a00014894	182435
a00014895	182436
a00014896	182437
a00014897	182438
a00014898	182439
a00014899	182440
a00014900	182441
a00014901	182442
a00014902	182443
a00014903	182444
a00014904	182445
a00014905	182446
a00014906	182447
a00014907	182448
a00014908	182449
a00014909	182450
a00014910	182451
a00014911	182452
a00014912	182453
a00014913	182454
a00014914	182455
a00014915	182456
a00014916	182457
a00014917	182458
a00014918	182459
a00014919	182460
a00014920	182461
a00014921	182462
a00014922	182463
a00014923	182464
a00014924	182465
a00014925	182466
a00014926	182467
a00014927	182468
a00014928	182469
a00014929	182470
a00014930	182471
a00014931	182472
a00014932	182473
a00014933	182474
a00014934	182475
a00014935	182476
a00014936	182477
a00014937	182478
a00014938	182479
a00014939	182480
a00014940	182481
a00014941	182482
a00014942	182483
a00014943	182484
a00014944	182485
a00014945	182486
a00014946	182487
a00014947	182488
a00014948	182489
a00014949	182490
a00014950	182491
a00014951	182492
a00014952	182493
a00014953	182494
a00014954	182495
a00014955	182496
a00014956	182497
a00014957	182498
a00014958	182499
a00014959	182500
a00014960	182501
a00014961	182502
a00014962	182503
a00014963	182504
a00014964	182505
a00014965	182506
a00014966	182507
a00014967	182508
a00014968	182509
a00014969	182510
a00014970	182511
a00014971	182512
a00014972	182513
a00014973	182514
a00014974	182515
a00014975	182516
a00014976	182517
a00014977	182518
a00014978	182519
a00014979	182520
a00014980	182521
a00014981	182522
a00014982	182523
a00014983	182524
a00014984	182525
a00014985	182526
a00014986	182527
a00014987	182528
a00014988	182529
a00014989	182530
a00014990	182531
a00014991	182532
a00014992	182533
a00014993	182534
a00014994	182535
a00014995	182536
a00014996	182537
a00014997	182538
a00014998	182539
a00014999	182540
a00015000	182541
a00015001	182542
a00015002	182543
a00015003	182544
a00015004	182545
a00015005	182546
a00015006	182547
a00015007	182548
a00015008	182549
a00015009	182550
a00015010	182551
a00015011	182552
a00015012	182553
a00015013	182554
a00015014	182555
a00015015	182556
a00015016	182557
a00015017	182558
a00015018	182559
a00015019	182560
a00015020	182561
a00015021	182562
a00015022	182563
a00015023	182564
a00015024	182565
a00015025	182566
a00015026	182567
a00015027	182568
a00015028	182569
a00015029	182570
a00015030	182571
a00015031	182572
a00015032	182573
a00015033	182574
a00015034	182575
a00015035	182576
a00015036	182577
a00015037	182578
a00015038	182579
a00015039	182580
a00015040	182581
a00015041	182582
a00015042	182583
a00015043	182584
a00015044	182585
a00015045	182586
a00015046	182587
a00015047	182588
a00015048	182589
a00015049	182590
a00015050	182591
a00015051	182592
a00015052	182593
a00015053	182594
a00015054	182595
a00015055	182596
a00015056	182597
a00015057	182598
a00015058	182599
a00015059	182600
a00015060	182601
a00015061	182602
a00015062	182603
a00015063	182604
a00015064	182605
a00015065	182606
a00015066	182607
a00015067	182608
a00015068	182609
a00015069	182610
a00015070	182611
a00015071	182612
a00015072	182613
a00015073	182614
a00015074	182615
a00015075	182616
a00015076	182617
a00015077	182618
a00015078	182619
a00015079	182620
a00015080	182621
a00015081	182622
a00015082	182623
a00015083	182624
a00015084	182625
a00015085	182626
a00015086	182627
a00015087	182628
a00015088	182629
a00015089	182630
a00015090	182631
a00015091	182632
a00015092	182633
a00015093	182634
a00015094	182635
a00015095	182636
a00015096	182637
a00015097	182638
a00015098	182639
a00015099	182640
a00015100	182641
a00015101	182642
a00015102	182643
a00015103	182644
a00015104	182645
a00015105	182646
a00015106	182647
a00015107	182648
a00015108	182649
a00015109	182650
a00015110	182651
a00015111	182652
a00015112	182653
a00015113	182654
a00015114	182655
a00015115	182656
a00015116	182657
a00015117	182658
a00015118	182659
a00015119	182660
a00015120	182661
a00015121	182662
a00015122	182663
a00015123	182664
a00015124	182665
a00015125	182666
a00015126	182667
a00015127	182668
a00015128	182669
a00015129	182670
a00015130	182671
a00015131	182672
a00015132	182673
a00015133	182674
a00015134	182675
a00015135	182676
a00015136	182677
a00015137	182678
a00015138	182679
a00015139	182680
a00015140	182681
a00015141	182682
a00015142	182683
a00015143	182684
a00015144	182685
a00015145	182686
a00015146	182687
a00015147	182688
a00015148	182689
a00015149	182690
a00015150	182691
a00015151	182692
a00015152	182693
a00015153	182694
a00015154	182695
a00015155	182696
a00015156	182697
a00015157	182698
a00015158	182699
a00015159	182700
a00015160	182701
a00015161	182702
a00015162	182703
a00015163	182704
a00015164	182705
a00015165	182706
a00015166	182707
a00015167	182708
a00015168	182709
a00015169	182710
a00015170	182711
a00015171	182712
a00015172	182713
a00015173	182714
a00015174	182715
a00015175	182716
a00015176	182717
a00015177	182718
a00015178	182719
a00015179	182720
a00015180	182721
a00015181	182722
a00015182	182723
a00015183	182724
a00015184	182725
a00015185	182726
a00015186	182727
a00015187	182728
a00015188	182729
a00015189	182730
a00015190	182731
a00015191	182732
a00015192	182733
a00015193	182734
a00015194	182735
a00015195	182736
a00015196	182737
a00015197	182738
a00015198	182739
a00015199	182740
a00015200	182741
a00015201	182742
a00015202	182743
a00015203	182744
a00015204	182745
a00015205	182746
a00015206	182747
a00015207	182748
a00015208	182749
a00015209	182750
a00015210	182751
a00015211	182752
a00015212	182753
a00015213	182754
a00015214	182755
a00015215	182756
a00015216	182757
a00015217	182758
a00015218	182759
a00015219	182760
a00015220	182761
a00015221	182762
a00015222	182763
a00015223	182764
a00015224	182765
a00015225	182766
a00015226	182767
a00015227	182768
a00015228	182769
a00015229	182770
a00015230	182771
a00015231	182772
a00015232	182773
a00015233	182774
a00015234	182775
a00015235	182776
a00015236	182777
a00015237	182778
a00015238	182779
a00015239	182780
a00015240	182781
a00015241	182782
a00015242	182783
a00015243	182784
a00015244	182785
a00015245	182786
a00015246	182787
a00015247	182788
a00015248	182789
a00015249	182790
a00015250	182791
a00015251	182792
a00015252	182793
a00015253	182794
a00015254	182795
a00015255	182796
a00015256	182797
a00015257	182798
a00015258	182799
a00015259	182800
a00015260	182801
a00015261	182802
a00015262	182803
a00015263	182804
a00015264	182805
a00015265	182806
a00015266	182807
a00015267	182808
a00015268	182809
a00015269	182810
a00015270	182811
a00015271	182812
a00015272	182813
a00015273	182814
a00015274	182815
a00015275	182816
a00015276	182817
a00015277	182818
a00015278	182819
a00015279	182820
a00015280	182821
a00015281	182822
a00015282	182823
a00015283	182824
a00015284	182825
a00015285	182826
a00015286	182827
a00015287	182828
a00015288	182829
a00015289	182830
a00015290	182831
a00015291	182832
a00015292	182833
a00015293	182834
a00015294	182835
a00015295	182836
a00015296	182837
a00015297	182838
a00015298	182839
a00015299	182840
a00015300	182841
a00015301	182842
a00015302	182843
a00015303	182844
a00015304	182845
a00015305	182846
a00015306	182847
a00015307	182848
a00015308	182849
a00015309	182850
a00015310	182851
a00015311	182852
a00015312	182853
a00015313	182854
a00015314	182855
a00015315	182856
a00015316	182857
a00015317	182858
a00015318	182859
a00015319	182860
a00015320	182861
a00015321	182862
a00015322	182863
a00015323	182864
a00015324	182865
a00015325	182866
a00015326	182867
a00015327	182868
a00015328	182869
a00015329	182870
a00015330	182871
a00015331	182872
a00015332	182873
a00015333	182874
a00015334	182875
a00015335	182876
a00015336	182877
a00015337	182878
a00015338	182879
a00015339	182880
a00015340	182881
a00015341	182882
a00015342	182883
a00015343	182884
a00015344	182885
a00015345	182886
a00015346	182887
a00015347	182888
a00015348	182889
a00015349	182890
a00015350	182891
a00015351	182892
a00015352	182893
a00015353	182894
a00015354	182895
a00015355	182896
a00015356	182897
a00015357	182898
a00015358	182899
a00015359	182900
a00015360	182901
a00015361	182902
a00015362	182903
a00015363	182904
a00015364	182905
a00015365	182906
a00015366	182907
a00015367	182908
a00015368	182909
a00015369	182910
a00015370	182911
a00015371	182912
a00015372	182913
a00015373	182914
a00015374	182915
a00015375	182916
a00015376	182917
a00015377	182918
a00015378	182919
a00015379	182920
a00015380	182921
a00015381	182922
a00015382	182923
a00015383	182924
a00015384	182925
a00015385	182926
a00015386	182927
a00015387	182928
a00015388	182929
a00015389	182930
a00015390	182931
a00015391	182932
a00015392	182933
a00015393	182934
a00015394	182935
a00015395	182936
a00015396	182937
a00015397	182938
a00015398	182939
a00015399	182940
a00015400	182941
a00015401	182942
a00015402	182943
a00015403	182944
a00015404	182945
a00015405	182946
a00015406	182947
a00015407	182948
a00015408	182949
a00015409	182950
a00015410	182951
a00015411	182952
a00015412	182953
a00015413	182954
a00015414	182955
a00015415	182956
a00015416	182957
a00015417	182958
a00015418	182959
a00015419	182960
a00015420	182961
a00015421	182962
a00015422	182963
a00015423	182964
a00015424	182965
a00015425	182966
a00015426	182967
a00015427	182968
a00015428	182969
a00015429	182970
a00015430	182971
a00015431	182972
a00015432	182973
a00015433	182974
a00015434	182975
a00015435	182976
a00015436	182977
a00015437	182978
a00015438	182979
a00015439	182980
a00015440	182981
a00015441	182982
a00015442	182983
a00015443	182984
a00015444	182985
a00015445	182986
a00015446	182987
a00015447	182988
a00015448	182989
a00015449	182990
a00015450	182991
a00015451	182992
a00015452	182993
a00015453	182994
a00015454	182995
a00015455	182996
a00015456	182997
a00015457	182998
a00015458	182999
a00015459	183000
a00015460	183001
a00015461	183002
a00015462	183003
a00015463	183004
a00015464	183005
a00015465	183006
a00015466	183007
a00015467	183008
a00015468	183009
a00015469	183010
a00015470	183011
a00015471	183012
a00015472	183013
a00015473	183014
a00015474	183015
a00015475	183016
a00015476	183017
a00015477	183018
a00015478	183019
a00015479	183020
a00015480	183021
a00015481	183022
a00015482	183023
a00015483	183024
a00015484	183025
a00015485	183026
a00015486	183027
a00015487	183028
a00015488	183029
a00015489	183030
a00015490	183031
a00015491	183032
a00015492	183033
a00015493	183034
a00015494	183035
a00015495	183036
a00015496	183037
a00015497	183038
a00015498	183039
a00015499	183040
a00015500	183041
a00015501	183042
a00015502	183043
a00015503	183044
a00015504	183045
a00015505	183046
a00015506	183047
a00015507	183048
a00015508	183049
a00015509	183050
a00015510	183051
a00015511	183052
a00015512	183053
a00015513	183054
a00015514	183055
a00015515	183056
a00015516	183057
a00015517	183058
a00015518	183059
a00015519	183060
a00015520	183061
a00015521	183062
a00015522	183063
a00015523	183064
a00015524	183065
a00015525	183066
a00015526	183067
a00015527	183068
a00015528	183069
a00015529	183070
a00015530	183071
a00015531	183072
a00015532	183073
a00015533	183074
a00015534	183075
a00015535	183076
a00015536	183077
a00015537	183078
a00015538	183079
a00015539	183080
a00015540	183081
a00015541	183082
a00015542	183083
a00015543	183084
a00015544	183085
a00015545	183086
a00015546	183087
a00015547	183088
a00015548	183089
a00015549	183090
a00015550	183091
a00015551	183092
a00015552	183093
a00015553	183094
a00015554	183095
a00015555	183096
a00015556	183097
a00015557	183098
a00015558	183099
a00015559	183100
a00015560	183101
a00015561	183102
a00015562	183103
a00015563	183104
a00015564	183105
a00015565	183106
a00015566	183107
a00015567	183108
a00015568	183109
a00015569	183110
a00015570	183111
a00015571	183112
a00015572	183113
a00015573	183114
a00015574	183115
a00015575	183116
a00015576	183117
a00015577	183118
a00015578	183119
a00015579	183120
a00015580	183121
a00015581	183122
a00015582	183123
a00015583	183124
a00015584	183125
a00015585	183126
a00015586	183127
a00015587	183128
a00015588	183129
a00015589	183130
a00015590	183131
a00015591	183132
a00015592	183133
a00015593	183134
a00015594	183135
a00015595	183136
a00015596	183137
a00015597	183138
a00015598	183139
a00015599	183140
a00015600	183141
a00015601	183142
a00015602	183143
a00015603	183144
a00015604	183145
a00015605	183146
a00015606	183147
a00015607	183148
a00015608	183149
a00015609	183150
a00015610	183151
a00015611	183152
a00015612	183153
a00015613	183154
a00015614	183155
a00015615	183156
a00015616	183157
a00015617	183158
a00015618	183159
a00015619	183160
a00015620	183161
a00015621	183162
a00015622	183163
a00015623	183164
a00015624	183165
a00015625	183166
a00015626	183167
a00015627	183168
a00015628	183169
a00015629	183170
a00015630	183171
a00015631	183172
a00015632	183173
a00015633	183174
a00015634	183175
a00015635	183176
a00015636	183177
a00015637	183178
a00015638	183179
a00015639	183180
a00015640	183181
a00015641	183182
a00015642	183183
a00015643	183184
a00015644	183185
a00015645	183186
a00015646	183187
a00015647	183188
a00015648	183189
a00015649	183190
a00015650	183191
a00015651	183192
a00015652	183193
a00015653	183194
a00015654	183195
a00015655	183196
a00015656	183197
a00015657	183198
a00015658	183199
a00015659	183200
a00015660	183201
a00015661	183202
a00015662	183203
a00015663	183204
a00015664	183205
a00015665	183206
a00015666	183207
a00015667	183208
a00015668	183209
a00015669	183210
a00015670	183211
a00015671	183212
a00015672	183213
a00015673	183214
a00015674	183215
a00015675	183216
a00015676	183217
a00015677	183218
a00015678	183219
a00015679	183220
a00015680	183221
a00015681	183222
a00015682	183223
a00015683	183224
a00015684	183225
a00015685	183226
a00015686	183227
a00015687	183228
a00015688	183229
a00015689	183230
a00015690	183231
a00015691	183232
a00015692	183233
a00015693	183234
a00015694	183235
a00015695	183236
a00015696	183237
a00015697	183238
a00015698	183239
a00015699	183240
a00015700	183241
a00015701	183242
a00015702	183243
a00015703	183244
a00015704	183245
a00015705	183246
a00015706	183247
a00015707	183248
a00015708	183249
a00015709	183250
a00015710	183251
a00015711	183252
a00015712	183253
a00015713	183254
a00015714	183255
a00015715	183256
a00015716	183257
a00015717	183258
a00015718	183259
a00015719	183260
a00015720	183261
a00015721	183262
a00015722	183263
a00015723	183264
a00015724	183265
a00015725	183266
a00015726	183267
a00015727	183268
a00015728	183269
a00015729	183270
a00015730	183271
a00015731	183272
a00015732	183273
a00015733	183274
a00015734	183275
a00015735	183276
a00015736	183277
a00015737	183278
a00015738	183279
a00015739	183280
a00015740	183281
a00015741	183282
a00015742	183283
a00015743	183284
a00015744	183285
a00015745	183286
a00015746	183287
a00015747	183288
a00015748	183289
a00015749	183290
a00015750	183291
a00015751	183292
a00015752	183293
a00015753	183294
a00015754	183295
a00015755	183296
a00015756	183297
a00015757	183298
a00015758	183299
a00015759	183300
a00015760	183301
a00015761	183302
a00015762	183303
a00015763	183304
a00015764	183305
a00015765	183306
a00015766	183307
a00015767	183308
a00015768	183309
a00015769	183310
a00015770	183311
a00015771	183312
a00015772	183313
a00015773	183314
a00015774	183315
a00015775	183316
a00015776	183317
a00015777	183318
a00015778	183319
a00015779	183320
a00015780	183321
a00015781	183322
a00015782	183323
a00015783	183324
a00015784	183325
a00015785	183326
a00015786	183327
a00015787	183328
a00015788	183329
a00015789	183330
a00015790	183331
a00015791	183332
a00015792	183333
a00015793	183334
a00015794	183335
a00015795	183336
a00015796	183337
a00015797	183338
a00015798	183339
a00015799	183340
a00015800	183341
a00015801	183342
a00015802	183343
a00015803	183344
a00015804	183345
a00015805	183346
a00015806	183347
a00015807	183348
a00015808	183349
a00015809	183350
a00015810	183351
a00015811	183352
a00015812	183353
a00015813	183354
a00015814	183355
a00015815	183356
a00015816	183357
a00015817	183358
a00015818	183359
a00015819	183360
a00015820	183361
a00015821	183362
a00015822	183363
a00015823	183364
a00015824	183365
a00015825	183366
a00015826	183367
a00015827	183368
a00015828	183369
a00015829	183370
a00015830	183371
a00015831	183372
a00015832	183373
a00015833	183374
a00015834	183375
a00015835	183376
a00015836	183377
a00015837	183378
a00015838	183379
a00015839	183380
a00015840	183381
a00015841	183382
a00015842	183383
a00015843	183384
a00015844	183385
a00015845	183386
a00015846	183387
a00015847	183388
a00015848	183389
a00015849	183390
a00015850	183391
a00015851	183392
a00015852	183393
a00015853	183394
a00015854	183395
a00015855	183396
a00015856	183397
a00015857	183398
a00015858	183399
a00015859	183400
a00015860	183401
a00015861	183402
a00015862	183403
a00015863	183404
a00015864	183405
a00015865	183406
a00015866	183407
a00015867	183408
a00015868	183409
a00015869	183410
a00015870	183411
a00015871	183412
a00015872	183413
a00015873	183414
a00015874	183415
a00015875	183416
a00015876	183417
a00015877	183418
a00015878	183419
a00015879	183420
a00015880	183421
a00015881	183422
a00015882	183423
a00015883	183424
a00015884	183425
a00015885	183426
a00015886	183427
a00015887	183428
a00015888	183429
a00015889	183430
a00015890	183431
a00015891	183432
a00015892	183433
a00015893	183434
a00015894	183435
a00015895	183436
a00015896	183437
a00015897	183438
a00015898	183439
a00015899	183440
a00015900	183441
a00015901	183442
a00015902	183443
a00015903	183444
a00015904	183445
a00015905	183446
a00015906	183447
a00015907	183448
a00015908	183449
a00015909	183450
a00015910	183451
a00015911	183452
a00015912	183453
a00015913	183454
a00015914	183455
a00015915	183456
a00015916	183457
a00015917	183458
a00015918	183459
a00015919	183460
a00015920	183461
a00015921	183462
a00015922	183463
a00015923	183464
a00015924	183465
a00015925	183466
a00015926	183467
a00015927	183468
a00015928	183469
a00015929	183470
a00015930	183471
a00015931	183472
a00015932	183473
a00015933	183474
a00015934	183475
a00015935	183476
a00015936	183477
a00015937	183478
a00015938	183479
a00015939	183480
a00015940	183481
a00015941	183482
a00015942	183483
a00015943	183484
a00015944	183485
a00015945	183486
a00015946	183487
a00015947	183488
a00015948	183489
a00015949	183490
a00015950	183491
a00015951	183492
a00015952	183493
a00015953	183494
a00015954	183495
a00015955	183496
a00015956	183497
a00015957	183498
a00015958	183499
a00015959	183500
a00015960	183501
a00015961	183502
a00015962	183503
a00015963	183504
a00015964	183505
a00015965	183506
a00015966	183507
a00015967	183508
a00015968	183509
a00015969	183510
a00015970	183511
a00015971	183512
a00015972	183513
a00015973	183514
a00015974	183515
a00015975	183516
a00015976	183517
a00015977	183518
a00015978	183519
a00015979	183520
a00015980	183521
a00015981	183522
a00015982	183523
a00015983	183524
a00015984	183525
a00015985	183526
a00015986	183527
a00015987	183528
a00015988	183529
a00015989	183530
a00015990	183531
a00015991	183532
a00015992	183533
a00015993	183534
a00015994	183535
a00015995	183536
a00015996	183537
a00015997	183538
a00015998	183539
a00015999	183540
a00016000	183541
a00016001	183542
a00016002	183543
a00016003	183544
a00016004	183545
a00016005	183546
a00016006	183547
a00016007	183548
a00016008	183549
a00016009	183550
a00016010	183551
a00016011	183552
a00016012	183553
a00016013	183554
a00016014	183555
a00016015	183556
a00016016	183557
a00016017	183558
a00016018	183559
a00016019	183560
a00016020	183561
a00016021	183562
a00016022	183563
a00016023	183564
a00016024	183565
a00016025	183566
a00016026	183567
a00016027	183568
a00016028	183569
a00016029	183570
a00016030	183571
a00016031	183572
a00016032	183573
a00016033	183574
a00016034	183575
a00016035	183576
a00016036	183577
a00016037	183578
a00016038	183579
a00016039	183580
a00016040	183581
a00016041	183582
a00016042	183583
a00016043	183584
a00016044	183585
a00016045	183586
a00016046	183587
a00016047	183588
a00016048	183589
a00016049	183590
a00016050	183591
a00016051	183592
a00016052	183593
a00016053	183594
a00016054	183595
a00016055	183596
a00016056	183597
a00016057	183598
a00016058	183599
a00016059	183600
a00016060	183601
a00016061	183602
a00016062	183603
a00016063	183604
a00016064	183605
a00016065	183606
a00016066	183607
a00016067	183608
a00016068	183609
a00016069	183610
a00016070	183611
a00016071	183612
a00016072	183613
a00016073	183614
a00016074	183615
a00016075	183616
a00016076	183617
a00016077	183618
a00016078	183619
a00016079	183620
a00016080	183621
a00016081	183622
a00016082	183623
a00016083	183624
a00016084	183625
a00016085	183626
a00016086	183627
a00016087	183628
a00016088	183629
a00016089	183630
a00016090	183631
a00016091	183632
a00016092	183633
a00016093	183634
a00016094	183635
a00016095	183636
a00016096	183637
a00016097	183638
a00016098	183639
a00016099	183640
a00016100	183641
a00016101	183642
a00016102	183643
a00016103	183644
a00016104	183645
a00016105	183646
a00016106	183647
a00016107	183648
a00016108	183649
a00016109	183650
a00016110	183651
a00016111	183652
a00016112	183653
a00016113	183654
a00016114	183655
a00016115	183656
a00016116	183657
a00016117	183658
a00016118	183659
a00016119	183660
a00016120	183661
a00016121	183662
a00016122	183663
a00016123	183664
a00016124	183665
a00016125	183666
a00016126	183667
a00016127	183668
a00016128	183669
a00016129	183670
a00016130	183671
a00016131	183672
a00016132	183673
a00016133	183674
a00016134	183675
a00016135	183676
a00016136	183677
a00016137	183678
a00016138	183679
a00016139	183680
a00016140	183681
a00016141	183682
a00016142	183683
a00016143	183684
a00016144	183685
a00016145	183686
a00016146	183687
a00016147	183688
a00016148	183689
a00016149	183690
a00016150	183691
a00016151	183692
a00016152	183693
a00016153	183694
a00016154	183695
a00016155	183696
a00016156	183697
a00016157	183698
a00016158	183699
a00016159	183700
a00016160	183701
a00016161	183702
a00016162	183703
a00016163	183704
a00016164	183705
a00016165	183706
a00016166	183707
a00016167	183708
a00016168	183709
a00016169	183710
a00016170	183711
a00016171	183712
a00016172	183713
a00016173	183714
a00016174	183715
a00016175	183716
a00016176	183717
a00016177	183718
a00016178	183719
a00016179	183720
a00016180	183721
a00016181	183722
a00016182	183723
a00016183	183724
a00016184	183725
a00016185	183726
a00016186	183727
a00016187	183728
a00016188	183729
a00016189	183730
a00016190	183731
a00016191	183732
a00016192	183733
a00016193	183734
a00016194	183735
a00016195	183736
a00016196	183737
a00016197	183738
a00016198	183739
a00016199	183740
a00016200	183741
a00016201	183742
a00016202	183743
a00016203	183744
a00016204	183745
a00016205	183746
a00016206	183747
a00016207	183748
a00016208	183749
a00016209	183750
a00016210	183751
a00016211	183752
a00016212	183753
a00016213	183754
a00016214	183755
a00016215	183756
a00016216	183757
a00016217	183758
a00016218	183759
a00016219	183760
a00016220	183761
a00016221	183762
a00016222	183763
a00016223	183764
a00016224	183765
a00016225	183766
a00016226	183767
a00016227	183768
a00016228	183769
a00016229	183770
a00016230	183771
a00016231	183772
a00016232	183773
a00016233	183774
a00016234	183775
a00016235	183776
a00016236	183777
a00016237	183778
a00016238	183779
a00016239	183780
a00016240	183781
a00016241	183782
a00016242	183783
a00016243	183784
a00016244	183785
a00016245	183786
a00016246	183787
a00016247	183788
a00016248	183789
a00016249	183790
a00016250	183791
a00016251	183792
a00016252	183793
a00016253	183794
a00016254	183795
a00016255	183796
a00016256	183797
a00016257	183798
a00016258	183799
a00016259	183800
a00016260	183801
a00016261	183802
a00016262	183803
a00016263	183804
a00016264	183805
a00016265	183806
a00016266	183807
a00016267	183808
a00016268	183809
a00016269	183810
a00016270	183811
a00016271	183812
a00016272	183813
a00016273	183814
a00016274	183815
a00016275	183816
a00016276	183817
a00016277	183818
a00016278	183819
a00016279	183820
a00016280	183821
a00016281	183822
a00016282	183823
a00016283	183824
a00016284	183825
a00016285	183826
a00016286	183827
a00016287	183828
a00016288	183829
a00016289	183830
a00016290	183831
a00016291	183832
a00016292	183833
a00016293	183834
a00016294	183835
a00016295	183836
a00016296	183837
a00016297	183838
a00016298	183839
a00016299	183840
a00016300	183841
a00016301	183842
a00016302	183843
a00016303	183844
a00016304	183845
a00016305	183846
a00016306	183847
a00016307	183848
a00016308	183849
a00016309	183850
a00016310	183851
a00016311	183852
a00016312	183853
a00016313	183854
a00016314	183855
a00016315	183856
a00016316	183857
a00016317	183858
a00016318	183859
a00016319	183860
a00016320	183861
a00016321	183862
a00016322	183863
a00016323	183864
a00016324	183865
a00016325	183866
a00016326	183867
a00016327	183868
a00016328	183869
a00016329	183870
a00016330	183871
a00016331	183872
a00016332	183873
a00016333	183874
a00016334	183875
a00016335	183876
a00016336	183877
a00016337	183878
a00016338	183879
a00016339	183880
a00016340	183881
a00016341	183882
a00016342	183883
a00016343	183884
a00016344	183885
a00016345	183886
a00016346	183887
a00016347	183888
a00016348	183889
a00016349	183890
a00016350	183891
a00016351	183892
a00016352	183893
a00016353	183894
a00016354	183895
a00016355	183896
a00016356	183897
a00016357	183898
a00016358	183899
a00016359	183900
a00016360	183901
a00016361	183902
a00016362	183903
a00016363	183904
a00016364	183905
a00016365	183906
a00016366	183907
a00016367	183908
a00016368	183909
a00016369	183910
a00016370	183911
a00016371	183912
a00016372	183913
a00016373	183914
a00016374	183915
a00016375	183916
a00016376	183917
a00016377	183918
a00016378	183919
a00016379	183920
a00016380	183921
a00016381	183922
a00016382	183923
a00016383	183924
a00016384	183925
a00016385	183926
a00016386	183927
a00016387	183928
a00016388	183929
a00016389	183930
a00016390	183931
a00016391	183932
a00016392	183933
a00016393	183934
a00016394	183935
a00016395	183936
a00016396	183937
a00016397	183938
a00016398	183939
a00016399	183940
a00016400	183941
a00016401	183942
a00016402	183943
a00016403	183944
a00016404	183945
a00016405	183946
a00016406	183947
a00016407	183948
a00016408	183949
a00016409	183950
a00016410	183951
a00016411	183952
a00016412	183953
a00016413	183954
a00016414	183955
a00016415	183956
a00016416	183957
a00016417	183958
a00016418	183959
a00016419	183960
a00016420	183961
a00016421	183962
a00016422	183963
a00016423	183964
a00016424	183965
a00016425	183966
a00016426	183967
a00016427	183968
a00016428	183969
a00016429	183970
a00016430	183971
a00016431	183972
a00016432	183973
a00016433	183974
a00016434	183975
a00016435	183976
a00016436	183977
a00016437	183978
a00016438	183979
a00016439	183980
a00016440	183981
a00016441	183982
a00016442	183983
a00016443	183984
a00016444	183985
a00016445	183986
a00016446	183987
a00016447	183988
a00016448	183989
a00016449	183990
a00016450	183991
a00016451	183992
a00016452	183993
a00016453	183994
a00016454	183995
a00016455	183996
a00016456	183997
a00016457	183998
a00016458	183999
a00016459	184000
a00016460	184001
a00016461	184002
a00016462	184003
a00016463	184004
a00016464	184005
a00016465	184006
a00016466	184007
a00016467	184008
a00016468	184009
a00016469	184010
a00016470	184011
a00016471	184012
a00016472	184013
a00016473	184014
a00016474	184015
a00016475	184016
a00016476	184017
a00016477	184018
a00016478	184019
a00016479	184020
a00016480	184021
a00016481	184022
a00016482	184023
a00016483	184024
a00016484	184025
a00016485	184026
a00016486	184027
a00016487	184028
a00016488	184029
a00016489	184030
a00016490	184031
a00016491	184032
a00016492	184033
a00016493	184034
a00016494	184035
a00016495	184036
a00016496	184037
a00016497	184038
a00016498	184039
a00016499	184040
a00016500	184041
a00016501	184042
a00016502	184043
a00016503	184044
a00016504	184045
a00016505	184046
a00016506	184047
a00016507	184048
a00016508	184049
a00016509	184050
a00016510	184051
a00016511	184052
a00016512	184053
a00016513	184054
a00016514	184055
a00016515	184056
a00016516	184057
a00016517	184058
a00016518	184059
a00016519	184060
a00016520	184061
a00016521	184062
a00016522	184063
a00016523	184064
a00016524	184065
a00016525	184066
a00016526	184067
a00016527	184068
a00016528	184069
a00016529	184070
a00016530	184071
a00016531	184072
a00016532	184073
a00016533	184074
a00016534	184075
a00016535	184076
a00016536	184077
a00016537	184078
a00016538	184079
a00016539	184080
a00016540	184081
a00016541	184082
a00016542	184083
a00016543	184084
a00016544	184085
a00016545	184086
a00016546	184087
a00016547	184088
a00016548	184089
a00016549	184090
a00016550	184091
a00016551	184092
a00016552	184093
a00016553	184094
a00016554	184095
a00016555	184096
a00016556	184097
a00016557	184098
a00016558	184099
a00016559	184100
a00016560	184101
a00016561	184102
a00016562	184103
a00016563	184104
a00016564	184105
a00016565	184106
a00016566	184107
a00016567	184108
a00016568	184109
a00016569	184110
a00016570	184111
a00016571	184112
a00016572	184113
a00016573	184114
a00016574	184115
a00016575	184116
a00016576	184117
a00016577	184118
a00016578	184119
a00016579	184120
a00016580	184121
a00016581	184122
a00016582	184123
a00016583	184124
a00016584	184125
a00016585	184126
a00016586	184127
a00016587	184128
a00016588	184129
a00016589	184130
a00016590	184131
a00016591	184132
a00016592	184133
a00016593	184134
a00016594	184135
a00016595	184136
a00016596	184137
a00016597	184138
a00016598	184139
a00016599	184140
a00016600	184141
a00016601	184142
a00016602	184143
a00016603	184144
a00016604	184145
a00016605	184146
a00016606	184147
a00016607	184148
a00016608	184149
a00016609	184150
a00016610	184151
a00016611	184152
a00016612	184153
a00016613	184154
a00016614	184155
a00016615	184156
a00016616	184157
a00016617	184158
a00016618	184159
a00016619	184160
a00016620	184161
a00016621	184162
a00016622	184163
a00016623	184164
a00016624	184165
a00016625	184166
a00016626	184167
a00016627	184168
a00016628	184169
a00016629	184170
a00016630	184171
a00016631	184172
a00016632	184173
a00016633	184174
a00016634	184175
a00016635	184176
a00016636	184177
a00016637	184178
a00016638	184179
a00016639	184180
a00016640	184181
a00016641	184182
a00016642	184183
a00016643	184184
a00016644	184185
a00016645	184186
a00016646	184187
a00016647	184188
a00016648	184189
a00016649	184190
a00016650	184191
a00016651	184192
a00016652	184193
a00016653	184194
a00016654	184195
a00016655	184196
a00016656	184197
a00016657	184198
a00016658	184199
a00016659	184200
a00016660	184201
a00016661	184202
a00016662	184203
a00016663	184204
a00016664	184205
a00016665	184206
a00016666	184207
a00016667	184208
a00016668	184209
a00016669	184210
a00016670	184211
a00016671	184212
a00016672	184213
a00016673	184214
a00016674	184215
a00016675	184216
a00016676	184217
a00016677	184218
a00016678	184219
a00016679	184220
a00016680	184221
a00016681	184222
a00016682	184223
a00016683	184224
a00016684	184225
a00016685	184226
a00016686	184227
a00016687	184228
a00016688	184229
a00016689	184230
a00016690	184231
a00016691	184232
a00016692	184233
a00016693	184234
a00016694	184235
a00016695	184236
a00016696	184237
a00016697	184238
a00016698	184239
a00016699	184240
a00016700	184241
a00016701	184242
a00016702	184243
a00016703	184244
a00016704	184245
a00016705	184246
a00016706	184247
a00016707	184248
a00016708	184249
a00016709	184250
a00016710	184251
a00016711	184252
a00016712	184253
a00016713	184254
a00016714	184255
a00016715	184256
a00016716	184257
a00016717	184258
a00016718	184259
a00016719	184260
a00016720	184261
a00016721	184262
a00016722	184263
a00016723	184264
a00016724	184265
a00016725	184266
a00016726	184267
a00016727	184268
a00016728	184269
a00016729	184270
a00016730	184271
a00016731	184272
a00016732	184273
a00016733	184274
a00016734	184275
a00016735	184276
a00016736	184277
a00016737	184278
a00016738	184279
a00016739	184280
a00016740	184281
a00016741	184282
a00016742	184283
a00016743	184284
a00016744	184285
a00016745	184286
a00016746	184287
a00016747	184288
a00016748	184289
a00016749	184290
a00016750	184291
a00016751	184292
a00016752	184293
a00016753	184294
a00016754	184295
a00016755	184296
a00016756	184297
a00016757	184298
a00016758	184299
a00016759	184300
a00016760	184301
a00016761	184302
a00016762	184303
a00016763	184304
a00016764	184305
a00016765	184306
a00016766	184307
a00016767	184308
a00016768	184309
a00016769	184310
a00016770	184311
a00016771	184312
a00016772	184313
a00016773	184314
a00016774	184315
a00016775	184316
a00016776	184317
a00016777	184318
a00016778	184319
a00016779	184320
a00016780	184321
a00016781	184322
a00016782	184323
a00016783	184324
a00016784	184325
a00016785	184326
a00016786	184327
a00016787	184328
a00016788	184329
a00016789	184330
a00016790	184331
a00016791	184332
a00016792	184333
a00016793	184334
a00016794	184335
a00016795	184336
a00016796	184337
a00016797	184338
a00016798	184339
a00016799	184340
a00016800	184341
a00016801	184342
a00016802	184343
a00016803	184344
a00016804	184345
a00016805	184346
a00016806	184347
a00016807	184348
a00016808	184349
a00016809	184350
a00016810	184351
a00016811	184352
a00016812	184353
a00016813	184354
a00016814	184355
a00016815	184356
a00016816	184357
a00016817	184358
a00016818	184359
a00016819	184360
a00016820	184361
a00016821	184362
a00016822	184363
a00016823	184364
a00016824	184365
a00016825	184366
a00016826	184367
a00016827	184368
a00016828	184369
a00016829	184370
a00016830	184371
a00016831	184372
a00016832	184373
a00016833	184374
a00016834	184375
a00016835	184376
a00016836	184377
a00016837	184378
a00016838	184379
a00016839	184380
a00016840	184381
a00016841	184382
a00016842	184383
a00016843	184384
a00016844	184385
a00016845	184386
a00016846	184387
a00016847	184388
a00016848	184389
a00016849	184390
a00016850	184391
a00016851	184392
a00016852	184393
a00016853	184394
a00016854	184395
a00016855	184396
a00016856	184397
a00016857	184398
a00016858	184399
a00016859	184400
a00016860	184401
a00016861	184402
a00016862	184403
a00016863	184404
a00016864	184405
a00016865	184406
a00016866	184407
a00016867	184408
a00016868	184409
a00016869	184410
a00016870	184411
a00016871	184412
a00016872	184413
a00016873	184414
a00016874	184415
a00016875	184416
a00016876	184417
a00016877	184418
a00016878	184419
a00016879	184420
a00016880	184421
a00016881	184422
a00016882	184423
a00016883	184424
a00016884	184425
a00016885	184426
a00016886	184427
a00016887	184428
a00016888	184429
a00016889	184430
a00016890	184431
a00016891	184432
a00016892	184433
a00016893	184434
a00016894	184435
a00016895	184436
a00016896	184437
a00016897	184438
a00016898	184439
a00016899	184440
a00016900	184441
a00016901	184442
a00016902	184443
a00016903	184444
a00016904	184445
a00016905	184446
a00016906	184447
a00016907	184448
a00016908	184449
a00016909	184450
a00016910	184451
a00016911	184452
a00016912	184453
a00016913	184454
a00016914	184455
a00016915	184456
a00016916	184457
a00016917	184458
a00016918	184459
a00016919	184460
a00016920	184461
a00016921	184462
a00016922	184463
a00016923	184464
a00016924	184465
a00016925	184466
a00016926	184467
a00016927	184468
a00016928	184469
a00016929	184470
a00016930	184471
a00016931	184472
a00016932	184473
a00016933	184474
a00016934	184475
a00016935	184476
a00016936	184477
a00016937	184478
a00016938	184479
a00016939	184480
a00016940	184481
a00016941	184482
a00016942	184483
a00016943	184484
a00016944	184485
a00016945	184486
a00016946	184487
a00016947	184488
a00016948	184489
a00016949	184490
a00016950	184491
a00016951	184492
a00016952	184493
a00016953	184494
a00016954	184495
a00016955	184496
a00016956	184497
a00016957	184498
a00016958	184499
a00016959	184500
a00016960	184501
a00016961	184502
a00016962	184503
a00016963	184504
a00016964	184505
a00016965	184506
a00016966	184507
a00016967	184508
a00016968	184509
a00016969	184510
a00016970	184511
a00016971	184512
a00016972	184513
a00016973	184514
a00016974	184515
a00016975	184516
a00016976	184517
a00016977	184518
a00016978	184519
a00016979	184520
a00016980	184521
a00016981	184522
a00016982	184523
a00016983	184524
a00016984	184525
a00016985	184526
a00016986	184527
a00016987	184528
a00016988	184529
a00016989	184530
a00016990	184531
a00016991	184532
a00016992	184533
a00016993	184534
a00016994	184535
a00016995	184536
a00016996	184537
a00016997	184538
a00016998	184539
a00016999	184540
a00017000	184541
a00017001	184542
a00017002	184543
a00017003	184544
a00017004	184545
a00017005	184546
a00017006	184547
a00017007	184548
a00017008	184549
a00017009	184550
a00017010	184551
a00017011	184552
a00017012	184553
a00017013	184554
a00017014	184555
a00017015	184556
a00017016	184557
a00017017	184558
a00017018	184559
a00017019	184560
a00017020	184561
a00017021	184562
a00017022	184563
a00017023	184564
a00017024	184565
a00017025	184566
a00017026	184567
a00017027	184568
a00017028	184569
a00017029	184570
a00017030	184571
a00017031	184572
a00017032	184573
a00017033	184574
a00017034	184575
a00017035	184576
a00017036	184577
a00017037	184578
a00017038	184579
a00017039	184580
a00017040	184581
a00017041	184582
a00017042	184583
a00017043	184584
a00017044	184585
a00017045	184586
a00017046	184587
a00017047	184588
a00017048	184589
a00017049	184590
a00017050	184591
a00017051	184592
a00017052	184593
a00017053	184594
a00017054	184595
a00017055	184596
a00017056	184597
a00017057	184598
a00017058	184599
a00017059	184600
a00017060	184601
a00017061	184602
a00017062	184603
a00017063	184604
a00017064	184605
a00017065	184606
a00017066	184607
a00017067	184608
a00017068	184609
a00017069	184610
a00017070	184611
a00017071	184612
a00017072	184613
a00017073	184614
a00017074	184615
a00017075	184616
a00017076	184617
a00017077	184618
a00017078	184619
a00017079	184620
a00017080	184621
a00017081	184622
a00017082	184623
a00017083	184624
a00017084	184625
a00017085	184626
a00017086	184627
a00017087	184628
a00017088	184629
a00017089	184630
a00017090	184631
a00017091	184632
a00017092	184633
a00017093	184634
a00017094	184635
a00017095	184636
a00017096	184637
a00017097	184638
a00017098	184639
a00017099	184640
a00017100	184641
a00017101	184642
a00017102	184643
a00017103	184644
a00017104	184645
a00017105	184646
a00017106	184647
a00017107	184648
a00017108	184649
a00017109	184650
a00017110	184651
a00017111	184652
a00017112	184653
a00017113	184654
a00017114	184655
a00017115	184656
a00017116	184657
a00017117	184658
a00017118	184659
a00017119	184660
a00017120	184661
a00017121	184662
a00017122	184663
a00017123	184664
a00017124	184665
a00017125	184666
a00017126	184667
a00017127	184668
a00017128	184669
a00017129	184670
a00017130	184671
a00017131	184672
a00017132	184673
a00017133	184674
a00017134	184675
a00017135	184676
a00017136	184677
a00017137	184678
a00017138	184679
a00017139	184680
a00017140	184681
a00017141	184682
a00017142	184683
a00017143	184684
a00017144	184685
a00017145	184686
a00017146	184687
a00017147	184688
a00017148	184689
a00017149	184690
a00017150	184691
a00017151	184692
a00017152	184693
a00017153	184694
a00017154	184695
a00017155	184696
a00017156	184697
a00017157	184698
a00017158	184699
a00017159	184700
a00017160	184701
a00017161	184702
a00017162	184703
a00017163	184704
a00017164	184705
a00017165	184706
a00017166	184707
a00017167	184708
a00017168	184709
a00017169	184710
a00017170	184711
a00017171	184712
a00017172	184713
a00017173	184714
a00017174	184715
a00017175	184716
a00017176	184717
a00017177	184718
a00017178	184719
a00017179	184720
a00017180	184721
a00017181	184722
a00017182	184723
a00017183	184724
a00017184	184725
a00017185	184726
a00017186	184727
a00017187	184728
a00017188	184729
a00017189	184730
a00017190	184731
a00017191	184732
a00017192	184733
a00017193	184734
a00017194	184735
a00017195	184736
a00017196	184737
a00017197	184738
a00017198	184739
a00017199	184740
a00017200	184741
a00017201	184742
a00017202	184743
a00017203	184744
a00017204	184745
a00017205	184746
a00017206	184747
a00017207	184748
a00017208	184749
a00017209	184750
a00017210	184751
a00017211	184752
a00017212	184753
a00017213	184754
a00017214	184755
a00017215	184756
a00017216	184757
a00017217	184758
a00017218	184759
a00017219	184760
a00017220	184761
a00017221	184762
a00017222	184763
a00017223	184764
a00017224	184765
a00017225	184766
a00017226	184767
a00017227	184768
a00017228	184769
a00017229	184770
a00017230	184771
a00017231	184772
a00017232	184773
a00017233	184774
a00017234	184775
a00017235	184776
a00017236	184777
a00017237	184778
a00017238	184779
a00017239	184780
a00017240	184781
a00017241	184782
a00017242	184783
a00017243	184784
a00017244	184785
a00017245	184786
a00017246	184787
a00017247	184788
a00017248	184789
a00017249	184790
a00017250	184791
a00017251	184792
a00017252	184793
a00017253	184794
a00017254	184795
a00017255	184796
a00017256	184797
a00017257	184798
a00017258	184799
a00017259	184800
a00017260	184801
a00017261	184802
a00017262	184803
a00017263	184804
a00017264	184805
a00017265	184806
a00017266	184807
a00017267	184808
a00017268	184809
a00017269	184810
a00017270	184811
a00017271	184812
a00017272	184813
a00017273	184814
a00017274	184815
a00017275	184816
a00017276	184817
a00017277	184818
a00017278	184819
a00017279	184820
a00017280	184821
a00017281	184822
a00017282	184823
a00017283	184824
a00017284	184825
a00017285	184826
a00017286	184827
a00017287	184828
a00017288	184829
a00017289	184830
a00017290	184831
a00017291	184832
a00017292	184833
a00017293	184834
a00017294	184835
a00017295	184836
a00017296	184837
a00017297	184838
a00017298	184839
a00017299	184840
a00017300	184841
a00017301	184842
a00017302	184843
a00017303	184844
a00017304	184845
a00017305	184846
a00017306	184847
a00017307	184848
a00017308	184849
a00017309	184850
a00017310	184851
a00017311	184852
a00017312	184853
a00017313	184854
a00017314	184855
a00017315	184856
a00017316	184857
a00017317	184858
a00017318	184859
a00017319	184860
a00017320	184861
a00017321	184862
a00017322	184863
a00017323	184864
a00017324	184865
a00017325	184866
a00017326	184867
a00017327	184868
a00017328	184869
a00017329	184870
a00017330	184871
a00017331	184872
a00017332	184873
a00017333	184874
a00017334	184875
a00017335	184876
a00017336	184877
a00017337	184878
a00017338	184879
a00017339	184880
a00017340	184881
a00017341	184882
a00017342	184883
a00017343	184884
a00017344	184885
a00017345	184886
a00017346	184887
a00017347	184888
a00017348	184889
a00017349	184890
a00017350	184891
a00017351	184892
a00017352	184893
a00017353	184894
a00017354	184895
a00017355	184896
a00017356	184897
a00017357	184898
a00017358	184899
a00017359	184900
a00017360	184901
a00017361	184902
a00017362	184903
a00017363	184904
a00017364	184905
a00017365	184906
a00017366	184907
a00017367	184908
a00017368	184909
a00017369	184910
a00017370	184911
a00017371	184912
a00017372	184913
a00017373	184914
a00017374	184915
a00017375	184916
a00017376	184917
a00017377	184918
a00017378	184919
a00017379	184920
a00017380	184921
a00017381	184922
a00017382	184923
a00017383	184924
a00017384	184925
a00017385	184926
a00017386	184927
a00017387	184928
a00017388	184929
a00017389	184930
a00017390	184931
a00017391	184932
a00017392	184933
a00017393	184934
a00017394	184935
a00017395	184936
a00017396	184937
a00017397	184938
a00017398	184939
a00017399	184940
a00017400	184941
a00017401	184942
a00017402	184943
a00017403	184944
a00017404	184945
a00017405	184946
a00017406	184947
a00017407	184948
a00017408	184949
a00017409	184950
a00017410	184951
a00017411	184952
a00017412	184953
a00017413	184954
a00017414	184955
a00017415	184956
a00017416	184957
a00017417	184958
a00017418	184959
a00017419	184960
a00017420	184961
a00017421	184962
a00017422	184963
a00017423	184964
a00017424	184965
a00017425	184966
a00017426	184967
a00017427	184968
a00017428	184969
a00017429	184970
a00017430	184971
a00017431	184972
a00017432	184973
a00017433	184974
a00017434	184975
a00017435	184976
a00017436	184977
a00017437	184978
a00017438	184979
a00017439	184980
a00017440	184981
a00017441	184982
a00017442	184983
a00017443	184984
a00017444	184985
a00017445	184986
a00017446	184987
a00017447	184988
a00017448	184989
a00017449	184990
a00017450	184991
a00017451	184992
a00017452	184993
a00017453	184994
a00017454	184995
a00017455	184996
a00017456	184997
a00017457	184998
a00017458	184999
a00017459	185000
a00017460	185001
a00017461	185002
a00017462	185003
a00017463	185004
a00017464	185005
a00017465	185006
a00017466	185007
a00017467	185008
a00017468	185009
a00017469	185010
a00017470	185011
a00017471	185012
a00017472	185013
a00017473	185014
a00017474	185015
a00017475	185016
a00017476	185017
a00017477	185018
a00017478	185019
a00017479	185020
a00017480	185021
a00017481	185022
a00017482	185023
a00017483	185024
a00017484	185025
a00017485	185026
a00017486	185027
a00017487	185028
a00017488	185029
a00017489	185030
a00017490	185031
a00017491	185032
a00017492	185033
a00017493	185034
a00017494	185035
a00017495	185036
a00017496	185037
a00017497	185038
a00017498	185039
a00017499	185040
a00017500	185041
a00017501	185042
a00017502	185043
a00017503	185044
a00017504	185045
a00017505	185046
a00017506	185047
a00017507	185048
a00017508	185049
a00017509	185050
a00017510	185051
a00017511	185052
a00017512	185053
a00017513	185054
a00017514	185055
a00017515	185056
a00017516	185057
a00017517	185058
a00017518	185059
a00017519	185060
a00017520	185061
a00017521	185062
a00017522	185063
a00017523	185064
a00017524	185065
a00017525	185066
a00017526	185067
a00017527	185068
a00017528	185069
a00017529	185070
a00017530	185071
a00017531	185072
a00017532	185073
a00017533	185074
a00017534	185075
a00017535	185076
a00017536	185077
a00017537	185078
a00017538	185079
a00017539	185080
a00017540	185081
a00017541	185082
a00017542	185083
a00017543	185084
a00017544	185085
a00017545	185086
a00017546	185087
a00017547	185088
a00017548	185089
a00017549	185090
a00017550	185091
a00017551	185092
a00017552	185093
a00017553	185094
a00017554	185095
a00017555	185096
a00017556	185097
a00017557	185098
a00017558	185099
a00017559	185100
a00017560	185101
a00017561	185102
a00017562	185103
a00017563	185104
a00017564	185105
a00017565	185106
a00017566	185107
a00017567	185108
a00017568	185109
a00017569	185110
a00017570	185111
a00017571	185112
a00017572	185113
a00017573	185114
a00017574	185115
a00017575	185116
a00017576	185117
a00017577	185118
a00017578	185119
a00017579	185120
a00017580	185121
a00017581	185122
a00017582	185123
a00017583	185124
a00017584	185125
a00017585	185126
a00017586	185127
a00017587	185128
a00017588	185129
a00017589	185130
a00017590	185131
a00017591	185132
a00017592	185133
a00017593	185134
a00017594	185135
a00017595	185136
a00017596	185137
a00017597	185138
a00017598	185139
a00017599	185140
a00017600	185141
a00017601	185142
a00017602	185143
a00017603	185144
a00017604	185145
a00017605	185146
a00017606	185147
a00017607	185148
a00017608	185149
a00017609	185150
a00017610	185151
a00017611	185152
a00017612	185153
a00017613	185154
a00017614	185155
a00017615	185156
a00017616	185157
a00017617	185158
a00017618	185159
a00017619	185160
a00017620	185161
a00017621	185162
a00017622	185163
a00017623	185164
a00017624	185165
a00017625	185166
a00017626	185167
a00017627	185168
a00017628	185169
a00017629	185170
a00017630	185171
a00017631	185172
a00017632	185173
a00017633	185174
a00017634	185175
a00017635	185176
a00017636	185177
a00017637	185178
a00017638	185179
a00017639	185180
a00017640	185181
a00017641	185182
a00017642	185183
a00017643	185184
a00017644	185185
a00017645	185186
a00017646	185187
a00017647	185188
a00017648	185189
a00017649	185190
a00017650	185191
a00017651	185192
a00017652	185193
a00017653	185194
a00017654	185195
a00017655	185196
a00017656	185197
a00017657	185198
a00017658	185199
a00017659	185200
a00017660	185201
a00017661	185202
a00017662	185203
a00017663	185204
a00017664	185205
a00017665	185206
a00017666	185207
a00017667	185208
a00017668	185209
a00017669	185210
a00017670	185211
a00017671	185212
a00017672	185213
a00017673	185214
a00017674	185215
a00017675	185216
a00017676	185217
a00017677	185218
a00017678	185219
a00017679	185220
a00017680	185221
a00017681	185222
a00017682	185223
a00017683	185224
a00017684	185225
a00017685	185226
a00017686	185227
a00017687	185228
a00017688	185229
a00017689	185230
a00017690	185231
a00017691	185232
a00017692	185233
a00017693	185234
a00017694	185235
a00017695	185236
a00017696	185237
a00017697	185238
a00017698	185239
a00017699	185240
a00017700	185241
a00017701	185242
a00017702	185243
a00017703	185244
a00017704	185245
a00017705	185246
a00017706	185247
a00017707	185248
a00017708	185249
a00017709	185250
a00017710	185251
a00017711	185252
a00017712	185253
a00017713	185254
a00017714	185255
a00017715	185256
a00017716	185257
a00017717	185258
a00017718	185259
a00017719	185260
a00017720	185261
a00017721	185262
a00017722	185263
a00017723	185264
a00017724	185265
a00017725	185266
a00017726	185267
a00017727	185268
a00017728	185269
a00017729	185270
a00017730	185271
a00017731	185272
a00017732	185273
a00017733	185274
a00017734	185275
a00017735	185276
a00017736	185277
a00017737	185278
a00017738	185279
a00017739	185280
a00017740	185281
a00017741	185282
a00017742	185283
a00017743	185284
a00017744	185285
a00017745	185286
a00017746	185287
a00017747	185288
a00017748	185289
a00017749	185290
a00017750	185291
a00017751	185292
a00017752	185293
a00017753	185294
a00017754	185295
a00017755	185296
a00017756	185297
a00017757	185298
a00017758	185299
a00017759	185300
a00017760	185301
a00017761	185302
a00017762	185303
a00017763	185304
a00017764	185305
a00017765	185306
a00017766	185307
a00017767	185308
a00017768	185309
a00017769	185310
a00017770	185311
a00017771	185312
a00017772	185313
a00017773	185314
a00017774	185315
a00017775	185316
a00017776	185317
a00017777	185318
a00017778	185319
a00017779	185320
a00017780	185321
a00017781	185322
a00017782	185323
a00017783	185324
a00017784	185325
a00017785	185326
a00017786	185327
a00017787	185328
a00017788	185329
a00017789	185330
a00017790	185331
a00017791	185332
a00017792	185333
a00017793	185334
a00017794	185335
a00017795	185336
a00017796	185337
a00017797	185338
a00017798	185339
a00017799	185340
a00017800	185341
a00017801	185342
a00017802	185343
a00017803	185344
a00017804	185345
a00017805	185346
a00017806	185347
a00017807	185348
a00017808	185349
a00017809	185350
a00017810	185351
a00017811	185352
a00017812	185353
a00017813	185354
a00017814	185355
a00017815	185356
a00017816	185357
a00017817	185358
a00017818	185359
a00017819	185360
a00017820	185361
a00017821	185362
a00017822	185363
a00017823	185364
a00017824	185365
a00017825	185366
a00017826	185367
a00017827	185368
a00017828	185369
a00017829	185370
a00017830	185371
a00017831	185372
a00017832	185373
a00017833	185374
a00017834	185375
a00017835	185376
a00017836	185377
a00017837	185378
a00017838	185379
a00017839	185380
a00017840	185381
a00017841	185382
a00017842	185383
a00017843	185384
a00017844	185385
a00017845	185386
a00017846	185387
a00017847	185388
a00017848	185389
a00017849	185390
a00017850	185391
a00017851	185392
a00017852	185393
a00017853	185394
a00017854	185395
a00017855	185396
a00017856	185397
a00017857	185398
a00017858	185399
a00017859	185400
a00017860	185401
a00017861	185402
a00017862	185403
a00017863	185404
a00017864	185405
a00017865	185406
a00017866	185407
a00017867	185408
a00017868	185409
a00017869	185410
a00017870	185411
a00017871	185412
a00017872	185413
a00017873	185414
a00017874	185415
a00017875	185416
a00017876	185417
a00017877	185418
a00017878	185419
a00017879	185420
a00017880	185421
a00017881	185422
a00017882	185423
a00017883	185424
a00017884	185425
a00017885	185426
a00017886	185427
a00017887	185428
a00017888	185429
a00017889	185430
a00017890	185431
a00017891	185432
a00017892	185433
a00017893	185434
a00017894	185435
a00017895	185436
a00017896	185437
a00017897	185438
a00017898	185439
a00017899	185440
a00017900	185441
a00017901	185442
a00017902	185443
a00017903	185444
a00017904	185445
a00017905	185446
a00017906	185447
a00017907	185448
a00017908	185449
a00017909	185450
a00017910	185451
a00017911	185452
a00017912	185453
a00017913	185454
a00017914	185455
a00017915	185456
a00017916	185457
a00017917	185458
a00017918	185459
a00017919	185460
a00017920	185461
a00017921	185462
a00017922	185463
a00017923	185464
a00017924	185465
a00017925	185466
a00017926	185467
a00017927	185468
a00017928	185469
a00017929	185470
a00017930	185471
a00017931	185472
a00017932	185473
a00017933	185474
a00017934	185475
a00017935	185476
a00017936	185477
a00017937	185478
a00017938	185479
a00017939	185480
a00017940	185481
a00017941	185482
a00017942	185483
a00017943	185484
a00017944	185485
a00017945	185486
a00017946	185487
a00017947	185488
a00017948	185489
a00017949	185490
a00017950	185491
a00017951	185492
a00017952	185493
a00017953	185494
a00017954	185495
a00017955	185496
a00017956	185497
a00017957	185498
a00017958	185499
a00017959	185500
a00017960	185501
a00017961	185502
a00017962	185503
a00017963	185504
a00017964	185505
a00017965	185506
a00017966	185507
a00017967	185508
a00017968	185509
a00017969	185510
a00017970	185511
a00017971	185512
a00017972	185513
a00017973	185514
a00017974	185515
a00017975	185516
a00017976	185517
a00017977	185518
a00017978	185519
a00017979	185520
a00017980	185521
a00017981	185522
a00017982	185523
a00017983	185524
a00017984	185525
a00017985	185526
a00017986	185527
a00017987	185528
a00017988	185529
a00017989	185530
a00017990	185531
a00017991	185532
a00017992	185533
a00017993	185534
a00017994	185535
a00017995	185536
a00017996	185537
a00017997	185538
a00017998	185539
a00017999	185540
a00018000	185541
a00018001	185542
a00018002	185543
a00018003	185544
a00018004	185545
a00018005	185546
a00018006	185547
a00018007	185548
a00018008	185549
a00018009	185550
a00018010	185551
a00018011	185552
a00018012	185553
a00018013	185554
a00018014	185555
a00018015	185556
a00018016	185557
a00018017	185558
a00018018	185559
a00018019	185560
a00018020	185561
a00018021	185562
a00018022	185563
a00018023	185564
a00018024	185565
a00018025	185566
a00018026	185567
a00018027	185568
a00018028	185569
a00018029	185570
a00018030	185571
a00018031	185572
a00018032	185573
a00018033	185574
a00018034	185575
a00018035	185576
a00018036	185577
a00018037	185578
a00018038	185579
a00018039	185580
a00018040	185581
a00018041	185582
a00018042	185583
a00018043	185584
a00018044	185585
a00018045	185586
a00018046	185587
a00018047	185588
a00018048	185589
a00018049	185590
a00018050	185591
a00018051	185592
a00018052	185593
a00018053	185594
a00018054	185595
a00018055	185596
a00018056	185597
a00018057	185598
a00018058	185599
a00018059	185600
a00018060	185601
a00018061	185602
a00018062	185603
a00018063	185604
a00018064	185605
a00018065	185606
a00018066	185607
a00018067	185608
a00018068	185609
a00018069	185610
a00018070	185611
a00018071	185612
a00018072	185613
a00018073	185614
a00018074	185615
a00018075	185616
a00018076	185617
a00018077	185618
a00018078	185619
a00018079	185620
a00018080	185621
a00018081	185622
a00018082	185623
a00018083	185624
a00018084	185625
a00018085	185626
a00018086	185627
a00018087	185628
a00018088	185629
a00018089	185630
a00018090	185631
a00018091	185632
a00018092	185633
a00018093	185634
a00018094	185635
a00018095	185636
a00018096	185637
a00018097	185638
a00018098	185639
a00018099	185640
a00018100	185641
a00018101	185642
a00018102	185643
a00018103	185644
a00018104	185645
a00018105	185646
a00018106	185647
a00018107	185648
a00018108	185649
a00018109	185650
a00018110	185651
a00018111	185652
a00018112	185653
a00018113	185654
a00018114	185655
a00018115	185656
a00018116	185657
a00018117	185658
a00018118	185659
a00018119	185660
a00018120	185661
a00018121	185662
a00018122	185663
a00018123	185664
a00018124	185665
a00018125	185666
a00018126	185667
a00018127	185668
a00018128	185669
a00018129	185670
a00018130	185671
a00018131	185672
a00018132	185673
a00018133	185674
a00018134	185675
a00018135	185676
a00018136	185677
a00018137	185678
a00018138	185679
a00018139	185680
a00018140	185681
a00018141	185682
a00018142	185683
a00018143	185684
a00018144	185685
a00018145	185686
a00018146	185687
a00018147	185688
a00018148	185689
a00018149	185690
a00018150	185691
a00018151	185692
a00018152	185693
a00018153	185694
a00018154	185695
a00018155	185696
a00018156	185697
a00018157	185698
a00018158	185699
a00018159	185700
a00018160	185701
a00018161	185702
a00018162	185703
a00018163	185704
a00018164	185705
a00018165	185706
a00018166	185707
a00018167	185708
a00018168	185709
a00018169	185710
a00018170	185711
a00018171	185712
a00018172	185713
a00018173	185714
a00018174	185715
a00018175	185716
a00018176	185717
a00018177	185718
a00018178	185719
a00018179	185720
a00018180	185721
a00018181	185722
a00018182	185723
a00018183	185724
a00018184	185725
a00018185	185726
a00018186	185727
a00018187	185728
a00018188	185729
a00018189	185730
a00018190	185731
a00018191	185732
a00018192	185733
a00018193	185734
a00018194	185735
a00018195	185736
a00018196	185737
a00018197	185738
a00018198	185739
a00018199	185740
a00018200	185741
a00018201	185742
a00018202	185743
a00018203	185744
a00018204	185745
a00018205	185746
a00018206	185747
a00018207	185748
a00018208	185749
a00018209	185750
a00018210	185751
a00018211	185752
a00018212	185753
a00018213	185754
a00018214	185755
a00018215	185756
a00018216	185757
a00018217	185758
a00018218	185759
a00018219	185760
a00018220	185761
a00018221	185762
a00018222	185763
a00018223	185764
a00018224	185765
a00018225	185766
a00018226	185767
a00018227	185768
a00018228	185769
a00018229	185770
a00018230	185771
a00018231	185772
a00018232	185773
a00018233	185774
a00018234	185775
a00018235	185776
a00018236	185777
a00018237	185778
a00018238	185779
a00018239	185780
a00018240	185781
a00018241	185782
a00018242	185783
a00018243	185784
a00018244	185785
a00018245	185786
a00018246	185787
a00018247	185788
a00018248	185789
a00018249	185790
a00018250	185791
a00018251	185792
a00018252	185793
a00018253	185794
a00018254	185795
a00018255	185796
a00018256	185797
a00018257	185798
a00018258	185799
a00018259	185800
a00018260	185801
a00018261	185802
a00018262	185803
a00018263	185804
a00018264	185805
a00018265	185806
a00018266	185807
a00018267	185808
a00018268	185809
a00018269	185810
a00018270	185811
a00018271	185812
a00018272	185813
a00018273	185814
a00018274	185815
a00018275	185816
a00018276	185817
a00018277	185818
a00018278	185819
a00018279	185820
a00018280	185821
a00018281	185822
a00018282	185823
a00018283	185824
a00018284	185825
a00018285	185826
a00018286	185827
a00018287	185828
a00018288	185829
a00018289	185830
a00018290	185831
a00018291	185832
a00018292	185833
a00018293	185834
a00018294	185835
a00018295	185836
a00018296	185837
a00018297	185838
a00018298	185839
a00018299	185840
a00018300	185841
a00018301	185842
a00018302	185843
a00018303	185844
a00018304	185845
a00018305	185846
a00018306	185847
a00018307	185848
a00018308	185849
a00018309	185850
a00018310	185851
a00018311	185852
a00018312	185853
a00018313	185854
a00018314	185855
a00018315	185856
a00018316	185857
a00018317	185858
a00018318	185859
a00018319	185860
a00018320	185861
a00018321	185862
a00018322	185863
a00018323	185864
a00018324	185865
a00018325	185866
a00018326	185867
a00018327	185868
a00018328	185869
a00018329	185870
a00018330	185871
a00018331	185872
a00018332	185873
a00018333	185874
a00018334	185875
a00018335	185876
a00018336	185877
a00018337	185878
a00018338	185879
a00018339	185880
a00018340	185881
a00018341	185882
a00018342	185883
a00018343	185884
a00018344	185885
a00018345	185886
a00018346	185887
a00018347	185888
a00018348	185889
a00018349	185890
a00018350	185891
a00018351	185892
a00018352	185893
a00018353	185894
a00018354	185895
a00018355	185896
a00018356	185897
a00018357	185898
a00018358	185899
a00018359	185900
a00018360	185901
a00018361	185902
a00018362	185903
a00018363	185904
a00018364	185905
a00018365	185906
a00018366	185907
a00018367	185908
a00018368	185909
a00018369	185910
a00018370	185911
a00018371	185912
a00018372	185913
a00018373	185914
a00018374	185915
a00018375	185916
a00018376	185917
a00018377	185918
a00018378	185919
a00018379	185920
a00018380	185921
a00018381	185922
a00018382	185923
a00018383	185924
a00018384	185925
a00018385	185926
a00018386	185927
a00018387	185928
a00018388	185929
a00018389	185930
a00018390	185931
a00018391	185932
a00018392	185933
a00018393	185934
a00018394	185935
a00018395	185936
a00018396	185937
a00018397	185938
a00018398	185939
a00018399	185940
a00018400	185941
a00018401	185942
a00018402	185943
a00018403	185944
a00018404	185945
a00018405	185946
a00018406	185947
a00018407	185948
a00018408	185949
a00018409	185950
a00018410	185951
a00018411	185952
a00018412	185953
a00018413	185954
a00018414	185955
a00018415	185956
a00018416	185957
a00018417	185958
a00018418	185959
a00018419	185960
a00018420	185961
a00018421	185962
a00018422	185963
a00018423	185964
a00018424	185965
a00018425	185966
a00018426	185967
a00018427	185968
a00018428	185969
a00018429	185970
a00018430	185971
a00018431	185972
a00018432	185973
a00018433	185974
a00018434	185975
a00018435	185976
a00018436	185977
a00018437	185978
a00018438	185979
a00018439	185980
a00018440	185981
a00018441	185982
a00018442	185983
a00018443	185984
a00018444	185985
a00018445	185986
a00018446	185987
a00018447	185988
a00018448	185989
a00018449	185990
a00018450	185991
a00018451	185992
a00018452	185993
a00018453	185994
a00018454	185995
a00018455	185996
a00018456	185997
a00018457	185998
a00018458	185999
a00018459	186000
a00018460	186001
a00018461	186002
a00018462	186003
a00018463	186004
a00018464	186005
a00018465	186006
a00018466	186007
a00018467	186008
a00018468	186009
a00018469	186010
a00018470	186011
a00018471	186012
a00018472	186013
a00018473	186014
a00018474	186015
a00018475	186016
a00018476	186017
a00018477	186018
a00018478	186019
a00018479	186020
a00018480	186021
a00018481	186022
a00018482	186023
a00018483	186024
a00018484	186025
a00018485	186026
a00018486	186027
a00018487	186028
a00018488	186029
a00018489	186030
a00018490	186031
a00018491	186032
a00018492	186033
a00018493	186034
a00018494	186035
a00018495	186036
a00018496	186037
a00018497	186038
a00018498	186039
a00018499	186040
a00018500	186041
a00018501	186042
a00018502	186043
a00018503	186044
a00018504	186045
a00018505	186046
a00018506	186047
a00018507	186048
a00018508	186049
a00018509	186050
a00018510	186051
a00018511	186052
a00018512	186053
a00018513	186054
a00018514	186055
a00018515	186056
a00018516	186057
a00018517	186058
a00018518	186059
a00018519	186060
a00018520	186061
a00018521	186062
a00018522	186063
a00018523	186064
a00018524	186065
a00018525	186066
a00018526	186067
a00018527	186068
a00018528	186069
a00018529	186070
a00018530	186071
a00018531	186072
a00018532	186073
a00018533	186074
a00018534	186075
a00018535	186076
a00018536	186077
a00018537	186078
a00018538	186079
a00018539	186080
a00018540	186081
a00018541	186082
a00018542	186083
a00018543	186084
a00018544	186085
a00018545	186086
a00018546	186087
a00018547	186088
a00018548	186089
a00018549	186090
a00018550	186091
a00018551	186092
a00018552	186093
a00018553	186094
a00018554	186095
a00018555	186096
a00018556	186097
a00018557	186098
a00018558	186099
a00018559	186100
a00018560	186101
a00018561	186102
a00018562	186103
a00018563	186104
a00018564	186105
a00018565	186106
a00018566	186107
a00018567	186108
a00018568	186109
a00018569	186110
a00018570	186111
a00018571	186112
a00018572	186113
a00018573	186114
a00018574	186115
a00018575	186116
a00018576	186117
a00018577	186118
a00018578	186119
a00018579	186120
a00018580	186121
a00018581	186122
a00018582	186123
a00018583	186124
a00018584	186125
a00018585	186126
a00018586	186127
a00018587	186128
a00018588	186129
a00018589	186130
a00018590	186131
a00018591	186132
a00018592	186133
a00018593	186134
a00018594	186135
a00018595	186136
a00018596	186137
a00018597	186138
a00018598	186139
a00018599	186140
a00018600	186141
a00018601	186142
a00018602	186143
a00018603	186144
a00018604	186145
a00018605	186146
a00018606	186147
a00018607	186148
a00018608	186149
a00018609	186150
a00018610	186151
a00018611	186152
a00018612	186153
a00018613	186154
a00018614	186155
a00018615	186156
a00018616	186157
a00018617	186158
a00018618	186159
a00018619	186160
a00018620	186161
a00018621	186162
a00018622	186163
a00018623	186164
a00018624	186165
a00018625	186166
a00018626	186167
a00018627	186168
a00018628	186169
a00018629	186170
a00018630	186171
a00018631	186172
a00018632	186173
a00018633	186174
a00018634	186175
a00018635	186176
a00018636	186177
a00018637	186178
a00018638	186179
a00018639	186180
a00018640	186181
a00018641	186182
a00018642	186183
a00018643	186184
a00018644	186185
a00018645	186186
a00018646	186187
a00018647	186188
a00018648	186189
a00018649	186190
a00018650	186191
a00018651	186192
a00018652	186193
a00018653	186194
a00018654	186195
a00018655	186196
a00018656	186197
a00018657	186198
a00018658	186199
a00018659	186200
a00018660	186201
a00018661	186202
a00018662	186203
a00018663	186204
a00018664	186205
a00018665	186206
a00018666	186207
a00018667	186208
a00018668	186209
a00018669	186210
a00018670	186211
a00018671	186212
a00018672	186213
a00018673	186214
a00018674	186215
a00018675	186216
a00018676	186217
a00018677	186218
a00018678	186219
a00018679	186220
a00018680	186221
a00018681	186222
a00018682	186223
a00018683	186224
a00018684	186225
a00018685	186226
a00018686	186227
a00018687	186228
a00018688	186229
a00018689	186230
a00018690	186231
a00018691	186232
a00018692	186233
a00018693	186234
a00018694	186235
a00018695	186236
a00018696	186237
a00018697	186238
a00018698	186239
a00018699	186240
a00018700	186241
a00018701	186242
a00018702	186243
a00018703	186244
a00018704	186245
a00018705	186246
a00018706	186247
a00018707	186248
a00018708	186249
a00018709	186250
a00018710	186251
a00018711	186252
a00018712	186253
a00018713	186254
a00018714	186255
a00018715	186256
a00018716	186257
a00018717	186258
a00018718	186259
a00018719	186260
a00018720	186261
a00018721	186262
a00018722	186263
a00018723	186264
a00018724	186265
a00018725	186266
a00018726	186267
a00018727	186268
a00018728	186269
a00018729	186270
a00018730	186271
a00018731	186272
a00018732	186273
a00018733	186274
a00018734	186275
a00018735	186276
a00018736	186277
a00018737	186278
a00018738	186279
a00018739	186280
a00018740	186281
a00018741	186282
a00018742	186283
a00018743	186284
a00018744	186285
a00018745	186286
a00018746	186287
a00018747	186288
a00018748	186289
a00018749	186290
a00018750	186291
a00018751	186292
a00018752	186293
a00018753	186294
a00018754	186295
a00018755	186296
a00018756	186297
a00018757	186298
a00018758	186299
a00018759	186300
a00018760	186301
a00018761	186302
a00018762	186303
a00018763	186304
a00018764	186305
a00018765	186306
a00018766	186307
a00018767	186308
a00018768	186309
a00018769	186310
a00018770	186311
a00018771	186312
a00018772	186313
a00018773	186314
a00018774	186315
a00018775	186316
a00018776	186317
a00018777	186318
a00018778	186319
a00018779	186320
a00018780	186321
a00018781	186322
a00018782	186323
a00018783	186324
a00018784	186325
a00018785	186326
a00018786	186327
a00018787	186328
a00018788	186329
a00018789	186330
a00018790	186331
a00018791	186332
a00018792	186333
a00018793	186334
a00018794	186335
a00018795	186336
a00018796	186337
a00018797	186338
a00018798	186339
a00018799	186340
a00018800	186341
a00018801	186342
a00018802	186343
a00018803	186344
a00018804	186345
a00018805	186346
a00018806	186347
a00018807	186348
a00018808	186349
a00018809	186350
a00018810	186351
a00018811	186352
a00018812	186353
a00018813	186354
a00018814	186355
a00018815	186356
a00018816	186357
a00018817	186358
a00018818	186359
a00018819	186360
a00018820	186361
a00018821	186362
a00018822	186363
a00018823	186364
a00018824	186365
a00018825	186366
a00018826	186367
a00018827	186368
a00018828	186369
a00018829	186370
a00018830	186371
a00018831	186372
a00018832	186373
a00018833	186374
a00018834	186375
a00018835	186376
a00018836	186377
a00018837	186378
a00018838	186379
a00018839	186380
a00018840	186381
a00018841	186382
a00018842	186383
a00018843	186384
a00018844	186385
a00018845	186386
a00018846	186387
a00018847	186388
a00018848	186389
a00018849	186390
a00018850	186391
a00018851	186392
a00018852	186393
a00018853	186394
a00018854	186395
a00018855	186396
a00018856	186397
a00018857	186398
a00018858	186399
a00018859	186400
a00018860	186401
a00018861	186402
a00018862	186403
a00018863	186404
a00018864	186405
a00018865	186406
a00018866	186407
a00018867	186408
a00018868	186409
a00018869	186410
a00018870	186411
a00018871	186412
a00018872	186413
a00018873	186414
a00018874	186415
a00018875	186416
a00018876	186417
a00018877	186418
a00018878	186419
a00018879	186420
a00018880	186421
a00018881	186422
a00018882	186423
a00018883	186424
a00018884	186425
a00018885	186426
a00018886	186427
a00018887	186428
a00018888	186429
a00018889	186430
a00018890	186431
a00018891	186432
a00018892	186433
a00018893	186434
a00018894	186435
a00018895	186436
a00018896	186437
a00018897	186438
a00018898	186439
a00018899	186440
a00018900	186441
a00018901	186442
a00018902	186443
a00018903	186444
a00018904	186445
a00018905	186446
a00018906	186447
a00018907	186448
a00018908	186449
a00018909	186450
a00018910	186451
a00018911	186452
a00018912	186453
a00018913	186454
a00018914	186455
a00018915	186456
a00018916	186457
a00018917	186458
a00018918	186459
a00018919	186460
a00018920	186461
a00018921	186462
a00018922	186463
a00018923	186464
a00018924	186465
a00018925	186466
a00018926	186467
a00018927	186468
a00018928	186469
a00018929	186470
a00018930	186471
a00018931	186472
a00018932	186473
a00018933	186474
a00018934	186475
a00018935	186476
a00018936	186477
a00018937	186478
a00018938	186479
a00018939	186480
a00018940	186481
a00018941	186482
a00018942	186483
a00018943	186484
a00018944	186485
a00018945	186486
a00018946	186487
a00018947	186488
a00018948	186489
a00018949	186490
a00018950	186491
a00018951	186492
a00018952	186493
a00018953	186494
a00018954	186495
a00018955	186496
a00018956	186497
a00018957	186498
a00018958	186499
a00018959	186500
a00018960	186501
a00018961	186502
a00018962	186503
a00018963	186504
a00018964	186505
a00018965	186506
a00018966	186507
a00018967	186508
a00018968	186509
a00018969	186510
a00018970	186511
a00018971	186512
a00018972	186513
a00018973	186514
a00018974	186515
a00018975	186516
a00018976	186517
a00018977	186518
a00018978	186519
a00018979	186520
a00018980	186521
a00018981	186522
a00018982	186523
a00018983	186524
a00018984	186525
a00018985	186526
a00018986	186527
a00018987	186528
a00018988	186529
a00018989	186530
a00018990	186531
a00018991	186532
a00018992	186533
a00018993	186534
a00018994	186535
a00018995	186536
a00018996	186537
a00018997	186538
a00018998	186539
a00018999	186540
a00019000	186541
a00019001	186542
a00019002	186543
a00019003	186544
a00019004	186545
a00019005	186546
a00019006	186547
a00019007	186548
a00019008	186549
a00019009	186550
a00019010	186551
a00019011	186552
a00019012	186553
a00019013	186554
a00019014	186555
a00019015	186556
a00019016	186557
a00019017	186558
a00019018	186559
a00019019	186560
a00019020	186561
a00019021	186562
a00019022	186563
a00019023	186564
a00019024	186565
a00019025	186566
a00019026	186567
a00019027	186568
a00019028	186569
a00019029	186570
a00019030	186571
a00019031	186572
a00019032	186573
a00019033	186574
a00019034	186575
a00019035	186576
a00019036	186577
a00019037	186578
a00019038	186579
a00019039	186580
a00019040	186581
a00019041	186582
a00019042	186583
a00019043	186584
a00019044	186585
a00019045	186586
a00019046	186587
a00019047	186588
a00019048	186589
a00019049	186590
a00019050	186591
a00019051	186592
a00019052	186593
a00019053	186594
a00019054	186595
a00019055	186596
a00019056	186597
a00019057	186598
a00019058	186599
a00019059	186600
a00019060	186601
a00019061	186602
a00019062	186603
a00019063	186604
a00019064	186605
a00019065	186606
a00019066	186607
a00019067	186608
a00019068	186609
a00019069	186610
a00019070	186611
a00019071	186612
a00019072	186613
a00019073	186614
a00019074	186615
a00019075	186616
a00019076	186617
a00019077	186618
a00019078	186619
a00019079	186620
a00019080	186621
a00019081	186622
a00019082	186623
a00019083	186624
a00019084	186625
a00019085	186626
a00019086	186627
a00019087	186628
a00019088	186629
a00019089	186630
a00019090	186631
a00019091	186632
a00019092	186633
a00019093	186634
a00019094	186635
a00019095	186636
a00019096	186637
a00019097	186638
a00019098	186639
a00019099	186640
a00019100	186641
a00019101	186642
a00019102	186643
a00019103	186644
a00019104	186645
a00019105	186646
a00019106	186647
a00019107	186648
a00019108	186649
a00019109	186650
a00019110	186651
a00019111	186652
a00019112	186653
a00019113	186654
a00019114	186655
a00019115	186656
a00019116	186657
a00019117	186658
a00019118	186659
a00019119	186660
a00019120	186661
a00019121	186662
a00019122	186663
a00019123	186664
a00019124	186665
a00019125	186666
a00019126	186667
a00019127	186668
a00019128	186669
a00019129	186670
a00019130	186671
a00019131	186672
a00019132	186673
a00019133	186674
a00019134	186675
a00019135	186676
a00019136	186677
a00019137	186678
a00019138	186679
a00019139	186680
a00019140	186681
a00019141	186682
a00019142	186683
a00019143	186684
a00019144	186685
a00019145	186686
a00019146	186687
a00019147	186688
a00019148	186689
a00019149	186690
a00019150	186691
a00019151	186692
a00019152	186693
a00019153	186694
a00019154	186695
a00019155	186696
a00019156	186697
a00019157	186698
a00019158	186699
a00019159	186700
a00019160	186701
a00019161	186702
a00019162	186703
a00019163	186704
a00019164	186705
a00019165	186706
a00019166	186707
a00019167	186708
a00019168	186709
a00019169	186710
a00019170	186711
a00019171	186712
a00019172	186713
a00019173	186714
a00019174	186715
a00019175	186716
a00019176	186717
a00019177	186718
a00019178	186719
a00019179	186720
a00019180	186721
a00019181	186722
a00019182	186723
a00019183	186724
a00019184	186725
a00019185	186726
a00019186	186727
a00019187	186728
a00019188	186729
a00019189	186730
a00019190	186731
a00019191	186732
a00019192	186733
a00019193	186734
a00019194	186735
a00019195	186736
a00019196	186737
a00019197	186738
a00019198	186739
a00019199	186740
a00019200	186741
a00019201	186742
a00019202	186743
a00019203	186744
a00019204	186745
a00019205	186746
a00019206	186747
a00019207	186748
a00019208	186749
a00019209	186750
a00019210	186751
a00019211	186752
a00019212	186753
a00019213	186754
a00019214	186755
a00019215	186756
a00019216	186757
a00019217	186758
a00019218	186759
a00019219	186760
a00019220	186761
a00019221	186762
a00019222	186763
a00019223	186764
a00019224	186765
a00019225	186766
a00019226	186767
a00019227	186768
a00019228	186769
a00019229	186770
a00019230	186771
a00019231	186772
a00019232	186773
a00019233	186774
a00019234	186775
a00019235	186776
a00019236	186777
a00019237	186778
a00019238	186779
a00019239	186780
a00019240	186781
a00019241	186782
a00019242	186783
a00019243	186784
a00019244	186785
a00019245	186786
a00019246	186787
a00019247	186788
a00019248	186789
a00019249	186790
a00019250	186791
a00019251	186792
a00019252	186793
a00019253	186794
a00019254	186795
a00019255	186796
a00019256	186797
a00019257	186798
a00019258	186799
a00019259	186800
a00019260	186801
a00019261	186802
a00019262	186803
a00019263	186804
a00019264	186805
a00019265	186806
a00019266	186807
a00019267	186808
a00019268	186809
a00019269	186810
a00019270	186811
a00019271	186812
a00019272	186813
a00019273	186814
a00019274	186815
a00019275	186816
a00019276	186817
a00019277	186818
a00019278	186819
a00019279	186820
a00019280	186821
a00019281	186822
a00019282	186823
a00019283	186824
a00019284	186825
a00019285	186826
a00019286	186827
a00019287	186828
a00019288	186829
a00019289	186830
a00019290	186831
a00019291	186832
a00019292	186833
a00019293	186834
a00019294	186835
a00019295	186836
a00019296	186837
a00019297	186838
a00019298	186839
a00019299	186840
a00019300	186841
a00019301	186842
a00019302	186843
a00019303	186844
a00019304	186845
a00019305	186846
a00019306	186847
a00019307	186848
a00019308	186849
a00019309	186850
a00019310	186851
a00019311	186852
a00019312	186853
a00019313	186854
a00019314	186855
a00019315	186856
a00019316	186857
a00019317	186858
a00019318	186859
a00019319	186860
a00019320	186861
a00019321	186862
a00019322	186863
a00019323	186864
a00019324	186865
a00019325	186866
a00019326	186867
a00019327	186868
a00019328	186869
a00019329	186870
a00019330	186871
a00019331	186872
a00019332	186873
a00019333	186874
a00019334	186875
a00019335	186876
a00019336	186877
a00019337	186878
a00019338	186879
a00019339	186880
a00019340	186881
a00019341	186882
a00019342	186883
a00019343	186884
a00019344	186885
a00019345	186886
a00019346	186887
a00019347	186888
a00019348	186889
a00019349	186890
a00019350	186891
a00019351	186892
a00019352	186893
a00019353	186894
a00019354	186895
a00019355	186896
a00019356	186897
a00019357	186898
a00019358	186899
a00019359	186900
a00019360	186901
a00019361	186902
a00019362	186903
a00019363	186904
a00019364	186905
a00019365	186906
a00019366	186907
a00019367	186908
a00019368	186909
a00019369	186910
a00019370	186911
a00019371	186912
a00019372	186913
a00019373	186914
a00019374	186915
a00019375	186916
a00019376	186917
a00019377	186918
a00019378	186919
a00019379	186920
a00019380	186921
a00019381	186922
a00019382	186923
a00019383	186924
a00019384	186925
a00019385	186926
a00019386	186927
a00019387	186928
a00019388	186929
a00019389	186930
a00019390	186931
a00019391	186932
a00019392	186933
a00019393	186934
a00019394	186935
a00019395	186936
a00019396	186937
a00019397	186938
a00019398	186939
a00019399	186940
a00019400	186941
a00019401	186942
a00019402	186943
a00019403	186944
a00019404	186945
a00019405	186946
a00019406	186947
a00019407	186948
a00019408	186949
a00019409	186950
a00019410	186951
a00019411	186952
a00019412	186953
a00019413	186954
a00019414	186955
a00019415	186956
a00019416	186957
a00019417	186958
a00019418	186959
a00019419	186960
a00019420	186961
a00019421	186962
a00019422	186963
a00019423	186964
a00019424	186965
a00019425	186966
a00019426	186967
a00019427	186968
a00019428	186969
a00019429	186970
a00019430	186971
a00019431	186972
a00019432	186973
a00019433	186974
a00019434	186975
a00019435	186976
a00019436	186977
a00019437	186978
a00019438	186979
a00019439	186980
a00019440	186981
a00019441	186982
a00019442	186983
a00019443	186984
a00019444	186985
a00019445	186986
a00019446	186987
a00019447	186988
a00019448	186989
a00019449	186990
a00019450	186991
a00019451	186992
a00019452	186993
a00019453	186994
a00019454	186995
a00019455	186996
a00019456	186997
a00019457	186998
a00019458	186999
a00019459	187000
a00019460	187001
a00019461	187002
a00019462	187003
a00019463	187004
a00019464	187005
a00019465	187006
a00019466	187007
a00019467	187008
a00019468	187009
a00019469	187010
a00019470	187011
a00019471	187012
a00019472	187013
a00019473	187014
a00019474	187015
a00019475	187016
a00019476	187017
a00019477	187018
a00019478	187019
a00019479	187020
a00019480	187021
a00019481	187022
a00019482	187023
a00019483	187024
a00019484	187025
a00019485	187026
a00019486	187027
a00019487	187028
a00019488	187029
a00019489	187030
a00019490	187031
a00019491	187032
a00019492	187033
a00019493	187034
a00019494	187035
a00019495	187036
a00019496	187037
a00019497	187038
a00019498	187039
a00019499	187040
a00019500	187041
a00019501	187042
a00019502	187043
a00019503	187044
a00019504	187045
a00019505	187046
a00019506	187047
a00019507	187048
a00019508	187049
a00019509	187050
a00019510	187051
a00019511	187052
a00019512	187053
a00019513	187054
a00019514	187055
a00019515	187056
a00019516	187057
a00019517	187058
a00019518	187059
a00019519	187060
a00019520	187061
a00019521	187062
a00019522	187063
a00019523	187064
a00019524	187065
a00019525	187066
a00019526	187067
a00019527	187068
a00019528	187069
a00019529	187070
a00019530	187071
a00019531	187072
a00019532	187073
a00019533	187074
a00019534	187075
a00019535	187076
a00019536	187077
a00019537	187078
a00019538	187079
a00019539	187080
a00019540	187081
a00019541	187082
a00019542	187083
a00019543	187084
a00019544	187085
a00019545	187086
a00019546	187087
a00019547	187088
a00019548	187089
a00019549	187090
a00019550	187091
a00019551	187092
a00019552	187093
a00019553	187094
a00019554	187095
a00019555	187096
a00019556	187097
a00019557	187098
a00019558	187099
a00019559	187100
a00019560	187101
a00019561	187102
a00019562	187103
a00019563	187104
a00019564	187105
a00019565	187106
a00019566	187107
a00019567	187108
a00019568	187109
a00019569	187110
a00019570	187111
a00019571	187112
a00019572	187113
a00019573	187114
a00019574	187115
a00019575	187116
a00019576	187117
a00019577	187118
a00019578	187119
a00019579	187120
a00019580	187121
a00019581	187122
a00019582	187123
a00019583	187124
a00019584	187125
a00019585	187126
a00019586	187127
a00019587	187128
a00019588	187129
a00019589	187130
a00019590	187131
a00019591	187132
a00019592	187133
a00019593	187134
a00019594	187135
a00019595	187136
a00019596	187137
a00019597	187138
a00019598	187139
a00019599	187140
a00019600	187141
a00019601	187142
a00019602	187143
a00019603	187144
a00019604	187145
a00019605	187146
a00019606	187147
a00019607	187148
a00019608	187149
a00019609	187150
a00019610	187151
a00019611	187152
a00019612	187153
a00019613	187154
a00019614	187155
a00019615	187156
a00019616	187157
a00019617	187158
a00019618	187159
a00019619	187160
a00019620	187161
a00019621	187162
a00019622	187163
a00019623	187164
a00019624	187165
a00019625	187166
a00019626	187167
a00019627	187168
a00019628	187169
a00019629	187170
a00019630	187171
a00019631	187172
a00019632	187173
a00019633	187174
a00019634	187175
a00019635	187176
a00019636	187177
a00019637	187178
a00019638	187179
a00019639	187180
a00019640	187181
a00019641	187182
a00019642	187183
a00019643	187184
a00019644	187185
a00019645	187186
a00019646	187187
a00019647	187188
a00019648	187189
a00019649	187190
a00019650	187191
a00019651	187192
a00019652	187193
a00019653	187194
a00019654	187195
a00019655	187196
a00019656	187197
a00019657	187198
a00019658	187199
a00019659	187200
a00019660	187201
a00019661	187202
a00019662	187203
a00019663	187204
a00019664	187205
a00019665	187206
a00019666	187207
a00019667	187208
a00019668	187209
a00019669	187210
a00019670	187211
a00019671	187212
a00019672	187213
a00019673	187214
a00019674	187215
a00019675	187216
a00019676	187217
a00019677	187218
a00019678	187219
a00019679	187220
a00019680	187221
a00019681	187222
a00019682	187223
a00019683	187224
a00019684	187225
a00019685	187226
a00019686	187227
a00019687	187228
a00019688	187229
a00019689	187230
a00019690	187231
a00019691	187232
a00019692	187233
a00019693	187234
a00019694	187235
a00019695	187236
a00019696	187237
a00019697	187238
a00019698	187239
a00019699	187240
a00019700	187241
a00019701	187242
a00019702	187243
a00019703	187244
a00019704	187245
a00019705	187246
a00019706	187247
a00019707	187248
a00019708	187249
a00019709	187250
a00019710	187251
a00019711	187252
a00019712	187253
a00019713	187254
a00019714	187255
a00019715	187256
a00019716	187257
a00019717	187258
a00019718	187259
a00019719	187260
a00019720	187261
a00019721	187262
a00019722	187263
a00019723	187264
a00019724	187265
a00019725	187266
a00019726	187267
a00019727	187268
a00019728	187269
a00019729	187270
a00019730	187271
a00019731	187272
a00019732	187273
a00019733	187274
a00019734	187275
a00019735	187276
a00019736	187277
a00019737	187278
a00019738	187279
a00019739	187280
a00019740	187281
a00019741	187282
a00019742	187283
a00019743	187284
a00019744	187285
a00019745	187286
a00019746	187287
a00019747	187288
a00019748	187289
a00019749	187290
a00019750	187291
a00019751	187292
a00019752	187293
a00019753	187294
a00019754	187295
a00019755	187296
a00019756	187297
a00019757	187298
a00019758	187299
a00019759	187300
a00019760	187301
a00019761	187302
a00019762	187303
a00019763	187304
a00019764	187305
a00019765	187306
a00019766	187307
a00019767	187308
a00019768	187309
a00019769	187310
a00019770	187311
a00019771	187312
a00019772	187313
a00019773	187314
a00019774	187315
a00019775	187316
a00019776	187317
a00019777	187318
a00019778	187319
a00019779	187320
a00019780	187321
a00019781	187322
a00019782	187323
a00019783	187324
a00019784	187325
a00019785	187326
a00019786	187327
a00019787	187328
a00019788	187329
a00019789	187330
a00019790	187331
a00019791	187332
a00019792	187333
a00019793	187334
a00019794	187335
a00019795	187336
a00019796	187337
a00019797	187338
a00019798	187339
a00019799	187340
a00019800	187341
a00019801	187342
a00019802	187343
a00019803	187344
a00019804	187345
a00019805	187346
a00019806	187347
a00019807	187348
a00019808	187349
a00019809	187350
a00019810	187351
a00019811	187352
a00019812	187353
a00019813	187354
a00019814	187355
a00019815	187356
a00019816	187357
a00019817	187358
a00019818	187359
a00019819	187360
a00019820	187361
a00019821	187362
a00019822	187363
a00019823	187364
a00019824	187365
a00019825	187366
a00019826	187367
a00019827	187368
a00019828	187369
a00019829	187370
a00019830	187371
a00019831	187372
a00019832	187373
a00019833	187374
a00019834	187375
a00019835	187376
a00019836	187377
a00019837	187378
a00019838	187379
a00019839	187380
a00019840	187381
a00019841	187382
a00019842	187383
a00019843	187384
a00019844	187385
a00019845	187386
a00019846	187387
a00019847	187388
a00019848	187389
a00019849	187390
a00019850	187391
a00019851	187392
a00019852	187393
a00019853	187394
a00019854	187395
a00019855	187396
a00019856	187397
a00019857	187398
a00019858	187399
a00019859	187400
a00019860	187401
a00019861	187402
a00019862	187403
a00019863	187404
a00019864	187405
a00019865	187406
a00019866	187407
a00019867	187408
a00019868	187409
a00019869	187410
a00019870	187411
a00019871	187412
a00019872	187413
a00019873	187414
a00019874	187415
a00019875	187416
a00019876	187417
a00019877	187418
a00019878	187419
a00019879	187420
a00019880	187421
a00019881	187422
a00019882	187423
a00019883	187424
a00019884	187425
a00019885	187426
a00019886	187427
a00019887	187428
a00019888	187429
a00019889	187430
a00019890	187431
a00019891	187432
a00019892	187433
a00019893	187434
a00019894	187435
a00019895	187436
a00019896	187437
a00019897	187438
a00019898	187439
a00019899	187440
a00019900	187441
a00019901	187442
a00019902	187443
a00019903	187444
a00019904	187445
a00019905	187446
a00019906	187447
a00019907	187448
a00019908	187449
a00019909	187450
a00019910	187451
a00019911	187452
a00019912	187453
a00019913	187454
a00019914	187455
a00019915	187456
a00019916	187457
a00019917	187458
a00019918	187459
a00019919	187460
a00019920	187461
a00019921	187462
a00019922	187463
a00019923	187464
a00019924	187465
a00019925	187466
a00019926	187467
a00019927	187468
a00019928	187469
a00019929	187470
a00019930	187471
a00019931	187472
a00019932	187473
a00019933	187474
a00019934	187475
a00019935	187476
a00019936	187477
a00019937	187478
a00019938	187479
a00019939	187480
a00019940	187481
a00019941	187482
a00019942	187483
a00019943	187484
a00019944	187485
a00019945	187486
a00019946	187487
a00019947	187488
a00019948	187489
a00019949	187490
a00019950	187491
a00019951	187492
a00019952	187493
a00019953	187494
a00019954	187495
a00019955	187496
a00019956	187497
a00019957	187498
a00019958	187499
a00019959	187500
a00019960	187501
a00019961	187502
a00019962	187503
a00019963	187504
a00019964	187505
a00019965	187506
a00019966	187507
a00019967	187508
a00019968	187509
a00019969	187510
a00019970	187511
a00019971	187512
a00019972	187513
a00019973	187514
a00019974	187515
a00019975	187516
a00019976	187517
a00019977	187518
a00019978	187519
a00019979	187520
a00019980	187521
a00019981	187522
a00019982	187523
a00019983	187524
a00019984	187525
a00019985	187526
a00019986	187527
a00019987	187528
a00019988	187529
a00019989	187530
a00019990	187531
a00019991	187532
a00019992	187533
a00019993	187534
a00019994	187535
a00019995	187536
a00019996	187537
a00019997	187538
a00019998	187539
a00019999	187540
a00020000	187541
a00020001	187542
a00020002	187543
a00020003	187544
a00020004	187545
a00020005	187546
a00020006	187547
a00020007	187548
a00020008	187549
a00020009	187550
a00020010	187551
a00020011	187552
a00020012	187553
a00020013	187554
a00020014	187555
a00020015	187556
a00020016	187557
a00020017	187558
a00020018	187559
a00020019	187560
a00020020	187561
a00020021	187562
a00020022	187563
a00020023	187564
a00020024	187565
a00020025	187566
a00020026	187567
a00020027	187568
a00020028	187569
a00020029	187570
a00020030	187571
a00020031	187572
a00020032	187573
a00020033	187574
a00020034	187575
a00020035	187576
a00020036	187577
a00020037	187578
a00020038	187579
a00020039	187580
a00020040	187581
a00020041	187582
a00020042	187583
a00020043	187584
a00020044	187585
a00020045	187586
a00020046	187587
a00020047	187588
a00020048	187589
a00020049	187590
a00020050	187591
a00020051	187592
a00020052	187593
a00020053	187594
a00020054	187595
a00020055	187596
a00020056	187597
a00020057	187598
a00020058	187599
a00020059	187600
a00020060	187601
a00020061	187602
a00020062	187603
a00020063	187604
a00020064	187605
a00020065	187606
a00020066	187607
a00020067	187608
a00020068	187609
a00020069	187610
a00020070	187611
a00020071	187612
a00020072	187613
a00020073	187614
a00020074	187615
a00020075	187616
a00020076	187617
a00020077	187618
a00020078	187619
a00020079	187620
a00020080	187621
a00020081	187622
a00020082	187623
a00020083	187624
a00020084	187625
a00020085	187626
a00020086	187627
a00020087	187628
a00020088	187629
a00020089	187630
a00020090	187631
a00020091	187632
a00020092	187633
a00020093	187634
a00020094	187635
a00020095	187636
a00020096	187637
a00020097	187638
a00020098	187639
a00020099	187640
a00020100	187641
a00020101	187642
a00020102	187643
a00020103	187644
a00020104	187645
a00020105	187646
a00020106	187647
a00020107	187648
a00020108	187649
a00020109	187650
a00020110	187651
a00020111	187652
a00020112	187653
a00020113	187654
a00020114	187655
a00020115	187656
a00020116	187657
a00020117	187658
a00020118	187659
a00020119	187660
a00020120	187661
a00020121	187662
a00020122	187663
a00020123	187664
a00020124	187665
a00020125	187666
a00020126	187667
a00020127	187668
a00020128	187669
a00020129	187670
a00020130	187671
a00020131	187672
a00020132	187673
a00020133	187674
a00020134	187675
a00020135	187676
a00020136	187677
a00020137	187678
a00020138	187679
a00020139	187680
a00020140	187681
a00020141	187682
a00020142	187683
a00020143	187684
a00020144	187685
a00020145	187686
a00020146	187687
a00020147	187688
a00020148	187689
a00020149	187690
a00020150	187691
a00020151	187692
a00020152	187693
a00020153	187694
a00020154	187695
a00020155	187696
a00020156	187697
a00020157	187698
a00020158	187699
a00020159	187700
a00020160	187701
a00020161	187702
a00020162	187703
a00020163	187704
a00020164	187705
a00020165	187706
a00020166	187707
a00020167	187708
a00020168	187709
a00020169	187710
a00020170	187711
a00020171	187712
a00020172	187713
a00020173	187714
a00020174	187715
a00020175	187716
a00020176	187717
a00020177	187718
a00020178	187719
a00020179	187720
a00020180	187721
a00020181	187722
a00020182	187723
a00020183	187724
a00020184	187725
a00020185	187726
a00020186	187727
a00020187	187728
a00020188	187729
a00020189	187730
a00020190	187731
a00020191	187732
a00020192	187733
a00020193	187734
a00020194	187735
a00020195	187736
a00020196	187737
a00020197	187738
a00020198	187739
a00020199	187740
a00020200	187741
a00020201	187742
a00020202	187743
a00020203	187744
a00020204	187745
a00020205	187746
a00020206	187747
a00020207	187748
a00020208	187749
a00020209	187750
a00020210	187751
a00020211	187752
a00020212	187753
a00020213	187754
a00020214	187755
a00020215	187756
a00020216	187757
a00020217	187758
a00020218	187759
a00020219	187760
a00020220	187761
a00020221	187762
a00020222	187763
a00020223	187764
a00020224	187765
a00020225	187766
a00020226	187767
a00020227	187768
a00020228	187769
a00020229	187770
a00020230	187771
a00020231	187772
a00020232	187773
a00020233	187774
a00020234	187775
a00020235	187776
a00020236	187777
a00020237	187778
a00020238	187779
a00020239	187780
a00020240	187781
a00020241	187782
a00020242	187783
a00020243	187784
a00020244	187785
a00020245	187786
a00020246	187787
a00020247	187788
a00020248	187789
a00020249	187790
a00020250	187791
a00020251	187792
a00020252	187793
a00020253	187794
a00020254	187795
a00020255	187796
a00020256	187797
a00020257	187798
a00020258	187799
a00020259	187800
a00020260	187801
a00020261	187802
a00020262	187803
a00020263	187804
a00020264	187805
a00020265	187806
a00020266	187807
a00020267	187808
a00020268	187809
a00020269	187810
a00020270	187811
a00020271	187812
a00020272	187813
a00020273	187814
a00020274	187815
a00020275	187816
a00020276	187817
a00020277	187818
a00020278	187819
a00020279	187820
a00020280	187821
a00020281	187822
a00020282	187823
a00020283	187824
a00020284	187825
a00020285	187826
a00020286	187827
a00020287	187828
a00020288	187829
a00020289	187830
a00020290	187831
a00020291	187832
a00020292	187833
a00020293	187834
a00020294	187835
a00020295	187836
a00020296	187837
a00020297	187838
a00020298	187839
a00020299	187840
a00020300	187841
a00020301	187842
a00020302	187843
a00020303	187844
a00020304	187845
a00020305	187846
a00020306	187847
a00020307	187848
a00020308	187849
a00020309	187850
a00020310	187851
a00020311	187852
a00020312	187853
a00020313	187854
a00020314	187855
a00020315	187856
a00020316	187857
a00020317	187858
a00020318	187859
a00020319	187860
a00020320	187861
a00020321	187862
a00020322	187863
a00020323	187864
a00020324	187865
a00020325	187866
a00020326	187867
a00020327	187868
a00020328	187869
a00020329	187870
a00020330	187871
a00020331	187872
a00020332	187873
a00020333	187874
a00020334	187875
a00020335	187876
a00020336	187877
a00020337	187878
a00020338	187879
a00020339	187880
a00020340	187881
a00020341	187882
a00020342	187883
a00020343	187884
a00020344	187885
a00020345	187886
a00020346	187887
a00020347	187888
a00020348	187889
a00020349	187890
a00020350	187891
a00020351	187892
a00020352	187893
a00020353	187894
a00020354	187895
a00020355	187896
a00020356	187897
a00020357	187898
a00020358	187899
a00020359	187900
a00020360	187901
a00020361	187902
a00020362	187903
a00020363	187904
a00020364	187905
a00020365	187906
a00020366	187907
a00020367	187908
a00020368	187909
a00020369	187910
a00020370	187911
a00020371	187912
a00020372	187913
a00020373	187914
a00020374	187915
a00020375	187916
a00020376	187917
a00020377	187918
a00020378	187919
a00020379	187920
a00020380	187921
a00020381	187922
a00020382	187923
a00020383	187924
a00020384	187925
a00020385	187926
a00020386	187927
a00020387	187928
a00020388	187929
a00020389	187930
a00020390	187931
a00020391	187932
a00020392	187933
a00020393	187934
a00020394	187935
a00020395	187936
a00020396	187937
a00020397	187938
a00020398	187939
a00020399	187940
a00020400	187941
a00020401	187942
a00020402	187943
a00020403	187944
a00020404	187945
a00020405	187946
a00020406	187947
a00020407	187948
a00020408	187949
a00020409	187950
a00020410	187951
a00020411	187952
a00020412	187953
a00020413	187954
a00020414	187955
a00020415	187956
a00020416	187957
a00020417	187958
a00020418	187959
a00020419	187960
a00020420	187961
a00020421	187962
a00020422	187963
a00020423	187964
a00020424	187965
a00020425	187966
a00020426	187967
a00020427	187968
a00020428	187969
a00020429	187970
a00020430	187971
a00020431	187972
a00020432	187973
a00020433	187974
a00020434	187975
a00020435	187976
a00020436	187977
a00020437	187978
a00020438	187979
a00020439	187980
a00020440	187981
a00020441	187982
a00020442	187983
a00020443	187984
a00020444	187985
a00020445	187986
a00020446	187987
a00020447	187988
a00020448	187989
a00020449	187990
a00020450	187991
a00020451	187992
a00020452	187993
a00020453	187994
a00020454	187995
a00020455	187996
a00020456	187997
a00020457	187998
a00020458	187999
a00020459	188000
a00020460	188001
a00020461	188002
a00020462	188003
a00020463	188004
a00020464	188005
a00020465	188006
a00020466	188007
a00020467	188008
a00020468	188009
a00020469	188010
a00020470	188011
a00020471	188012
a00020472	188013
a00020473	188014
a00020474	188015
a00020475	188016
a00020476	188017
a00020477	188018
a00020478	188019
a00020479	188020
a00020480	188021
a00020481	188022
a00020482	188023
a00020483	188024
a00020484	188025
a00020485	188026
a00020486	188027
a00020487	188028
a00020488	188029
a00020489	188030
a00020490	188031
a00020491	188032
a00020492	188033
a00020493	188034
a00020494	188035
a00020495	188036
a00020496	188037
a00020497	188038
a00020498	188039
a00020499	188040
a00020500	188041
a00020501	188042
a00020502	188043
a00020503	188044
a00020504	188045
a00020505	188046
a00020506	188047
a00020507	188048
a00020508	188049
a00020509	188050
a00020510	188051
a00020511	188052
a00020512	188053
a00020513	188054
a00020514	188055
a00020515	188056
a00020516	188057
a00020517	188058
a00020518	188059
a00020519	188060
a00020520	188061
a00020521	188062
a00020522	188063
a00020523	188064
a00020524	188065
a00020525	188066
a00020526	188067
a00020527	188068
a00020528	188069
a00020529	188070
a00020530	188071
a00020531	188072
a00020532	188073
a00020533	188074
a00020534	188075
a00020535	188076
a00020536	188077
a00020537	188078
a00020538	188079
a00020539	188080
a00020540	188081
a00020541	188082
a00020542	188083
a00020543	188084
a00020544	188085
a00020545	188086
a00020546	188087
a00020547	188088
a00020548	188089
a00020549	188090
a00020550	188091
a00020551	188092
a00020552	188093
a00020553	188094
a00020554	188095
a00020555	188096
a00020556	188097
a00020557	188098
a00020558	188099
a00020559	188100
a00020560	188101
a00020561	188102
a00020562	188103
a00020563	188104
a00020564	188105
a00020565	188106
a00020566	188107
a00020567	188108
a00020568	188109
a00020569	188110
a00020570	188111
a00020571	188112
a00020572	188113
a00020573	188114
a00020574	188115
a00020575	188116
a00020576	188117
a00020577	188118
a00020578	188119
a00020579	188120
a00020580	188121
a00020581	188122
a00020582	188123
a00020583	188124
a00020584	188125
a00020585	188126
a00020586	188127
a00020587	188128
a00020588	188129
a00020589	188130
a00020590	188131
a00020591	188132
a00020592	188133
a00020593	188134
a00020594	188135
a00020595	188136
a00020596	188137
a00020597	188138
a00020598	188139
a00020599	188140
a00020600	188141
a00020601	188142
a00020602	188143
a00020603	188144
a00020604	188145
a00020605	188146
a00020606	188147
a00020607	188148
a00020608	188149
a00020609	188150
a00020610	188151
a00020611	188152
a00020612	188153
a00020613	188154
a00020614	188155
a00020615	188156
a00020616	188157
a00020617	188158
a00020618	188159
a00020619	188160
a00020620	188161
a00020621	188162
a00020622	188163
a00020623	188164
a00020624	188165
a00020625	188166
a00020626	188167
a00020627	188168
a00020628	188169
a00020629	188170
a00020630	188171
a00020631	188172
a00020632	188173
a00020633	188174
a00020634	188175
a00020635	188176
a00020636	188177
a00020637	188178
a00020638	188179
a00020639	188180
a00020640	188181
a00020641	188182
a00020642	188183
a00020643	188184
a00020644	188185
a00020645	188186
a00020646	188187
a00020647	188188
a00020648	188189
a00020649	188190
a00020650	188191
a00020651	188192
a00020652	188193
a00020653	188194
a00020654	188195
a00020655	188196
a00020656	188197
a00020657	188198
a00020658	188199
a00020659	188200
a00020660	188201
a00020661	188202
a00020662	188203
a00020663	188204
a00020664	188205
a00020665	188206
a00020666	188207
a00020667	188208
a00020668	188209
a00020669	188210
a00020670	188211
a00020671	188212
a00020672	188213
a00020673	188214
a00020674	188215
a00020675	188216
a00020676	188217
a00020677	188218
a00020678	188219
a00020679	188220
a00020680	188221
a00020681	188222
a00020682	188223
a00020683	188224
a00020684	188225
a00020685	188226
a00020686	188227
a00020687	188228
a00020688	188229
a00020689	188230
a00020690	188231
a00020691	188232
a00020692	188233
a00020693	188234
a00020694	188235
a00020695	188236
a00020696	188237
a00020697	188238
a00020698	188239
a00020699	188240
a00020700	188241
a00020701	188242
a00020702	188243
a00020703	188244
a00020704	188245
a00020705	188246
a00020706	188247
a00020707	188248
a00020708	188249
a00020709	188250
a00020710	188251
a00020711	188252
a00020712	188253
a00020713	188254
a00020714	188255
a00020715	188256
a00020716	188257
a00020717	188258
a00020718	188259
a00020719	188260
a00020720	188261
a00020721	188262
a00020722	188263
a00020723	188264
a00020724	188265
a00020725	188266
a00020726	188267
a00020727	188268
a00020728	188269
a00020729	188270
a00020730	188271
a00020731	188272
a00020732	188273
a00020733	188274
a00020734	188275
a00020735	188276
a00020736	188277
a00020737	188278
a00020738	188279
a00020739	188280
a00020740	188281
a00020741	188282
a00020742	188283
a00020743	188284
a00020744	188285
a00020745	188286
a00020746	188287
a00020747	188288
a00020748	188289
a00020749	188290
a00020750	188291
a00020751	188292
a00020752	188293
a00020753	188294
a00020754	188295
a00020755	188296
a00020756	188297
a00020757	188298
a00020758	188299
a00020759	188300
a00020760	188301
a00020761	188302
a00020762	188303
a00020763	188304
a00020764	188305
a00020765	188306
a00020766	188307
a00020767	188308
a00020768	188309
a00020769	188310
a00020770	188311
a00020771	188312
a00020772	188313
a00020773	188314
a00020774	188315
a00020775	188316
a00020776	188317
a00020777	188318
a00020778	188319
a00020779	188320
a00020780	188321
a00020781	188322
a00020782	188323
a00020783	188324
a00020784	188325
a00020785	188326
a00020786	188327
a00020787	188328
a00020788	188329
a00020789	188330
a00020790	188331
a00020791	188332
a00020792	188333
a00020793	188334
a00020794	188335
a00020795	188336
a00020796	188337
a00020797	188338
a00020798	188339
a00020799	188340
a00020800	188341
a00020801	188342
a00020802	188343
a00020803	188344
a00020804	188345
a00020805	188346
a00020806	188347
a00020807	188348
a00020808	188349
a00020809	188350
a00020810	188351
a00020811	188352
a00020812	188353
a00020813	188354
a00020814	188355
a00020815	188356
a00020816	188357
a00020817	188358
a00020818	188359
a00020819	188360
a00020820	188361
a00020821	188362
a00020822	188363
a00020823	188364
a00020824	188365
a00020825	188366
a00020826	188367
a00020827	188368
a00020828	188369
a00020829	188370
a00020830	188371
a00020831	188372
a00020832	188373
a00020833	188374
a00020834	188375
a00020835	188376
a00020836	188377
a00020837	188378
a00020838	188379
a00020839	188380
a00020840	188381
a00020841	188382
a00020842	188383
a00020843	188384
a00020844	188385
a00020845	188386
a00020846	188387
a00020847	188388
a00020848	188389
a00020849	188390
a00020850	188391
a00020851	188392
a00020852	188393
a00020853	188394
a00020854	188395
a00020855	188396
a00020856	188397
a00020857	188398
a00020858	188399
a00020859	188400
a00020860	188401
a00020861	188402
a00020862	188403
a00020863	188404
a00020864	188405
a00020865	188406
a00020866	188407
a00020867	188408
a00020868	188409
a00020869	188410
a00020870	188411
a00020871	188412
a00020872	188413
a00020873	188414
a00020874	188415
a00020875	188416
a00020876	188417
a00020877	188418
a00020878	188419
a00020879	188420
a00020880	188421
a00020881	188422
a00020882	188423
a00020883	188424
a00020884	188425
a00020885	188426
a00020886	188427
a00020887	188428
a00020888	188429
a00020889	188430
a00020890	188431
a00020891	188432
a00020892	188433
a00020893	188434
a00020894	188435
a00020895	188436
a00020896	188437
a00020897	188438
a00020898	188439
a00020899	188440
a00020900	188441
a00020901	188442
a00020902	188443
a00020903	188444
a00020904	188445
a00020905	188446
a00020906	188447
a00020907	188448
a00020908	188449
a00020909	188450
a00020910	188451
a00020911	188452
a00020912	188453
a00020913	188454
a00020914	188455
a00020915	188456
a00020916	188457
a00020917	188458
a00020918	188459
a00020919	188460
a00020920	188461
a00020921	188462
a00020922	188463
a00020923	188464
a00020924	188465
a00020925	188466
a00020926	188467
a00020927	188468
a00020928	188469
a00020929	188470
a00020930	188471
a00020931	188472
a00020932	188473
a00020933	188474
a00020934	188475
a00020935	188476
a00020936	188477
a00020937	188478
a00020938	188479
a00020939	188480
a00020940	188481
a00020941	188482
a00020942	188483
a00020943	188484
a00020944	188485
a00020945	188486
a00020946	188487
a00020947	188488
a00020948	188489
a00020949	188490
a00020950	188491
a00020951	188492
a00020952	188493
a00020953	188494
a00020954	188495
a00020955	188496
a00020956	188497
a00020957	188498
a00020958	188499
a00020959	188500
a00020960	188501
a00020961	188502
a00020962	188503
a00020963	188504
a00020964	188505
a00020965	188506
a00020966	188507
a00020967	188508
a00020968	188509
a00020969	188510
a00020970	188511
a00020971	188512
a00020972	188513
a00020973	188514
a00020974	188515
a00020975	188516
a00020976	188517
a00020977	188518
a00020978	188519
a00020979	188520
a00020980	188521
a00020981	188522
a00020982	188523
a00020983	188524
a00020984	188525
a00020985	188526
a00020986	188527
a00020987	188528
a00020988	188529
a00020989	188530
a00020990	188531
a00020991	188532
a00020992	188533
a00020993	188534
a00020994	188535
a00020995	188536
a00020996	188537
a00020997	188538
a00020998	188539
a00020999	188540
a00021000	188541
a00021001	188542
a00021002	188543
a00021003	188544
a00021004	188545
a00021005	188546
a00021006	188547
a00021007	188548
a00021008	188549
a00021009	188550
a00021010	188551
a00021011	188552
a00021012	188553
a00021013	188554
a00021014	188555
a00021015	188556
a00021016	188557
a00021017	188558
a00021018	188559
a00021019	188560
a00021020	188561
a00021021	188562
a00021022	188563
a00021023	188564
a00021024	188565
a00021025	188566
a00021026	188567
a00021027	188568
a00021028	188569
a00021029	188570
a00021030	188571
a00021031	188572
a00021032	188573
a00021033	188574
a00021034	188575
a00021035	188576
a00021036	188577
a00021037	188578
a00021038	188579
a00021039	188580
a00021040	188581
a00021041	188582
a00021042	188583
a00021043	188584
a00021044	188585
a00021045	188586
a00021046	188587
a00021047	188588
a00021048	188589
a00021049	188590
a00021050	188591
a00021051	188592
a00021052	188593
a00021053	188594
a00021054	188595
a00021055	188596
a00021056	188597
a00021057	188598
a00021058	188599
a00021059	188600
a00021060	188601
a00021061	188602
a00021062	188603
a00021063	188604
a00021064	188605
a00021065	188606
a00021066	188607
a00021067	188608
a00021068	188609
a00021069	188610
a00021070	188611
a00021071	188612
a00021072	188613
a00021073	188614
a00021074	188615
a00021075	188616
a00021076	188617
a00021077	188618
a00021078	188619
a00021079	188620
a00021080	188621
a00021081	188622
a00021082	188623
a00021083	188624
a00021084	188625
a00021085	188626
a00021086	188627
a00021087	188628
a00021088	188629
a00021089	188630
a00021090	188631
a00021091	188632
a00021092	188633
a00021093	188634
a00021094	188635
a00021095	188636
a00021096	188637
a00021097	188638
a00021098	188639
a00021099	188640
a00021100	188641
a00021101	188642
a00021102	188643
a00021103	188644
a00021104	188645
a00021105	188646
a00021106	188647
a00021107	188648
a00021108	188649
a00021109	188650
a00021110	188651
a00021111	188652
a00021112	188653
a00021113	188654
a00021114	188655
a00021115	188656
a00021116	188657
a00021117	188658
a00021118	188659
a00021119	188660
a00021120	188661
a00021121	188662
a00021122	188663
a00021123	188664
a00021124	188665
a00021125	188666
a00021126	188667
a00021127	188668
a00021128	188669
a00021129	188670
a00021130	188671
a00021131	188672
a00021132	188673
a00021133	188674
a00021134	188675
a00021135	188676
a00021136	188677
a00021137	188678
a00021138	188679
a00021139	188680
a00021140	188681
a00021141	188682
a00021142	188683
a00021143	188684
a00021144	188685
a00021145	188686
a00021146	188687
a00021147	188688
a00021148	188689
a00021149	188690
a00021150	188691
a00021151	188692
a00021152	188693
a00021153	188694
a00021154	188695
a00021155	188696
a00021156	188697
a00021157	188698
a00021158	188699
a00021159	188700
a00021160	188701
a00021161	188702
a00021162	188703
a00021163	188704
a00021164	188705
a00021165	188706
a00021166	188707
a00021167	188708
a00021168	188709
a00021169	188710
a00021170	188711
a00021171	188712
a00021172	188713
a00021173	188714
a00021174	188715
a00021175	188716
a00021176	188717
a00021177	188718
a00021178	188719
a00021179	188720
a00021180	188721
a00021181	188722
a00021182	188723
a00021183	188724
a00021184	188725
a00021185	188726
a00021186	188727
a00021187	188728
a00021188	188729
a00021189	188730
a00021190	188731
a00021191	188732
a00021192	188733
a00021193	188734
a00021194	188735
a00021195	188736
a00021196	188737
a00021197	188738
a00021198	188739
a00021199	188740
a00021200	188741
a00021201	188742
a00021202	188743
a00021203	188744
a00021204	188745
a00021205	188746
a00021206	188747
a00021207	188748
a00021208	188749
a00021209	188750
a00021210	188751
a00021211	188752
a00021212	188753
a00021213	188754
a00021214	188755
a00021215	188756
a00021216	188757
a00021217	188758
a00021218	188759
a00021219	188760
a00021220	188761
a00021221	188762
a00021222	188763
a00021223	188764
a00021224	188765
a00021225	188766
a00021226	188767
a00021227	188768
a00021228	188769
a00021229	188770
a00021230	188771
a00021231	188772
a00021232	188773
a00021233	188774
a00021234	188775
a00021235	188776
a00021236	188777
a00021237	188778
a00021238	188779
a00021239	188780
a00021240	188781
a00021241	188782
a00021242	188783
a00021243	188784
a00021244	188785
a00021245	188786
a00021246	188787
a00021247	188788
a00021248	188789
a00021249	188790
a00021250	188791
a00021251	188792
a00021252	188793
a00021253	188794
a00021254	188795
a00021255	188796
a00021256	188797
a00021257	188798
a00021258	188799
a00021259	188800
a00021260	188801
a00021261	188802
a00021262	188803
a00021263	188804
a00021264	188805
a00021265	188806
a00021266	188807
a00021267	188808
a00021268	188809
a00021269	188810
a00021270	188811
a00021271	188812
a00021272	188813
a00021273	188814
a00021274	188815
a00021275	188816
a00021276	188817
a00021277	188818
a00021278	188819
a00021279	188820
a00021280	188821
a00021281	188822
a00021282	188823
a00021283	188824
a00021284	188825
a00021285	188826
a00021286	188827
a00021287	188828
a00021288	188829
a00021289	188830
a00021290	188831
a00021291	188832
a00021292	188833
a00021293	188834
a00021294	188835
a00021295	188836
a00021296	188837
a00021297	188838
a00021298	188839
a00021299	188840
a00021300	188841
a00021301	188842
a00021302	188843
a00021303	188844
a00021304	188845
a00021305	188846
a00021306	188847
a00021307	188848
a00021308	188849
a00021309	188850
a00021310	188851
a00021311	188852
a00021312	188853
a00021313	188854
a00021314	188855
a00021315	188856
a00021316	188857
a00021317	188858
a00021318	188859
a00021319	188860
a00021320	188861
a00021321	188862
a00021322	188863
a00021323	188864
a00021324	188865
a00021325	188866
a00021326	188867
a00021327	188868
a00021328	188869
a00021329	188870
a00021330	188871
a00021331	188872
a00021332	188873
a00021333	188874
a00021334	188875
a00021335	188876
a00021336	188877
a00021337	188878
a00021338	188879
a00021339	188880
a00021340	188881
a00021341	188882
a00021342	188883
a00021343	188884
a00021344	188885
a00021345	188886
a00021346	188887
a00021347	188888
a00021348	188889
a00021349	188890
a00021350	188891
a00021351	188892
a00021352	188893
a00021353	188894
a00021354	188895
a00021355	188896
a00021356	188897
a00021357	188898
a00021358	188899
a00021359	188900
a00021360	188901
a00021361	188902
a00021362	188903
a00021363	188904
a00021364	188905
a00021365	188906
a00021366	188907
a00021367	188908
a00021368	188909
a00021369	188910
a00021370	188911
a00021371	188912
a00021372	188913
a00021373	188914
a00021374	188915
a00021375	188916
a00021376	188917
a00021377	188918
a00021378	188919
a00021379	188920
a00021380	188921
a00021381	188922
a00021382	188923
a00021383	188924
a00021384	188925
a00021385	188926
a00021386	188927
a00021387	188928
a00021388	188929
a00021389	188930
a00021390	188931
a00021391	188932
a00021392	188933
a00021393	188934
a00021394	188935
a00021395	188936
a00021396	188937
a00021397	188938
a00021398	188939
a00021399	188940
a00021400	188941
a00021401	188942
a00021402	188943
a00021403	188944
a00021404	188945
a00021405	188946
a00021406	188947
a00021407	188948
a00021408	188949
a00021409	188950
a00021410	188951
a00021411	188952
a00021412	188953
a00021413	188954
a00021414	188955
a00021415	188956
a00021416	188957
a00021417	188958
a00021418	188959
a00021419	188960
a00021420	188961
a00021421	188962
a00021422	188963
a00021423	188964
a00021424	188965
a00021425	188966
a00021426	188967
a00021427	188968
a00021428	188969
a00021429	188970
a00021430	188971
a00021431	188972
a00021432	188973
a00021433	188974
a00021434	188975
a00021435	188976
a00021436	188977
a00021437	188978
a00021438	188979
a00021439	188980
a00021440	188981
a00021441	188982
a00021442	188983
a00021443	188984
a00021444	188985
a00021445	188986
a00021446	188987
a00021447	188988
a00021448	188989
a00021449	188990
a00021450	188991
a00021451	188992
a00021452	188993
a00021453	188994
a00021454	188995
a00021455	188996
a00021456	188997
a00021457	188998
a00021458	188999
a00021459	189000
a00021460	189001
a00021461	189002
a00021462	189003
a00021463	189004
a00021464	189005
a00021465	189006
a00021466	189007
a00021467	189008
a00021468	189009
a00021469	189010
a00021470	189011
a00021471	189012
a00021472	189013
a00021473	189014
a00021474	189015
a00021475	189016
a00021476	189017
a00021477	189018
a00021478	189019
a00021479	189020
a00021480	189021
a00021481	189022
a00021482	189023
a00021483	189024
a00021484	189025
a00021485	189026
a00021486	189027
a00021487	189028
a00021488	189029
a00021489	189030
a00021490	189031
a00021491	189032
a00021492	189033
a00021493	189034
a00021494	189035
a00021495	189036
a00021496	189037
a00021497	189038
a00021498	189039
a00021499	189040
a00021500	189041
a00021501	189042
a00021502	189043
a00021503	189044
a00021504	189045
a00021505	189046
a00021506	189047
a00021507	189048
a00021508	189049
a00021509	189050
a00021510	189051
a00021511	189052
a00021512	189053
a00021513	189054
a00021514	189055
a00021515	189056
a00021516	189057
a00021517	189058
a00021518	189059
a00021519	189060
a00021520	189061
a00021521	189062
a00021522	189063
a00021523	189064
a00021524	189065
a00021525	189066
a00021526	189067
a00021527	189068
a00021528	189069
a00021529	189070
a00021530	189071
a00021531	189072
a00021532	189073
a00021533	189074
a00021534	189075
a00021535	189076
a00021536	189077
a00021537	189078
a00021538	189079
a00021539	189080
a00021540	189081
a00021541	189082
a00021542	189083
a00021543	189084
a00021544	189085
a00021545	189086
a00021546	189087
a00021547	189088
a00021548	189089
a00021549	189090
a00021550	189091
a00021551	189092
a00021552	189093
a00021553	189094
a00021554	189095
a00021555	189096
a00021556	189097
a00021557	189098
a00021558	189099
a00021559	189100
a00021560	189101
a00021561	189102
a00021562	189103
a00021563	189104
a00021564	189105
a00021565	189106
a00021566	189107
a00021567	189108
a00021568	189109
a00021569	189110
a00021570	189111
a00021571	189112
a00021572	189113
a00021573	189114
a00021574	189115
a00021575	189116
a00021576	189117
a00021577	189118
a00021578	189119
a00021579	189120
a00021580	189121
a00021581	189122
a00021582	189123
a00021583	189124
a00021584	189125
a00021585	189126
a00021586	189127
a00021587	189128
a00021588	189129
a00021589	189130
a00021590	189131
a00021591	189132
a00021592	189133
a00021593	189134
a00021594	189135
a00021595	189136
a00021596	189137
a00021597	189138
a00021598	189139
a00021599	189140
a00021600	189141
a00021601	189142
a00021602	189143
a00021603	189144
a00021604	189145
a00021605	189146
a00021606	189147
a00021607	189148
a00021608	189149
a00021609	189150
a00021610	189151
a00021611	189152
a00021612	189153
a00021613	189154
a00021614	189155
a00021615	189156
a00021616	189157
a00021617	189158
a00021618	189159
a00021619	189160
a00021620	189161
a00021621	189162
a00021622	189163
a00021623	189164
a00021624	189165
a00021625	189166
a00021626	189167
a00021627	189168
a00021628	189169
a00021629	189170
a00021630	189171
a00021631	189172
a00021632	189173
a00021633	189174
a00021634	189175
a00021635	189176
a00021636	189177
a00021637	189178
a00021638	189179
a00021639	189180
a00021640	189181
a00021641	189182
a00021642	189183
a00021643	189184
a00021644	189185
a00021645	189186
a00021646	189187
a00021647	189188
a00021648	189189
a00021649	189190
a00021650	189191
a00021651	189192
a00021652	189193
a00021653	189194
a00021654	189195
a00021655	189196
a00021656	189197
a00021657	189198
a00021658	189199
a00021659	189200
a00021660	189201
a00021661	189202
a00021662	189203
a00021663	189204
a00021664	189205
a00021665	189206
a00021666	189207
a00021667	189208
a00021668	189209
a00021669	189210
a00021670	189211
a00021671	189212
a00021672	189213
a00021673	189214
a00021674	189215
a00021675	189216
a00021676	189217
a00021677	189218
a00021678	189219
a00021679	189220
a00021680	189221
a00021681	189222
a00021682	189223
a00021683	189224
a00021684	189225
a00021685	189226
a00021686	189227
a00021687	189228
a00021688	189229
a00021689	189230
a00021690	189231
a00021691	189232
a00021692	189233
a00021693	189234
a00021694	189235
a00021695	189236
a00021696	189237
a00021697	189238
a00021698	189239
a00021699	189240
a00021700	189241
a00021701	189242
a00021702	189243
a00021703	189244
a00021704	189245
a00021705	189246
a00021706	189247
a00021707	189248
a00021708	189249
a00021709	189250
a00021710	189251
a00021711	189252
a00021712	189253
a00021713	189254
a00021714	189255
a00021715	189256
a00021716	189257
a00021717	189258
a00021718	189259
a00021719	189260
a00021720	189261
a00021721	189262
a00021722	189263
a00021723	189264
a00021724	189265
a00021725	189266
a00021726	189267
a00021727	189268
a00021728	189269
a00021729	189270
a00021730	189271
a00021731	189272
a00021732	189273
a00021733	189274
a00021734	189275
a00021735	189276
a00021736	189277
a00021737	189278
a00021738	189279
a00021739	189280
a00021740	189281
a00021741	189282
a00021742	189283
a00021743	189284
a00021744	189285
a00021745	189286
a00021746	189287
a00021747	189288
a00021748	189289
a00021749	189290
a00021750	189291
a00021751	189292
a00021752	189293
a00021753	189294
a00021754	189295
a00021755	189296
a00021756	189297
a00021757	189298
a00021758	189299
a00021759	189300
a00021760	189301
a00021761	189302
a00021762	189303
a00021763	189304
a00021764	189305
a00021765	189306
a00021766	189307
a00021767	189308
a00021768	189309
a00021769	189310
a00021770	189311
a00021771	189312
a00021772	189313
a00021773	189314
a00021774	189315
a00021775	189316
a00021776	189317
a00021777	189318
a00021778	189319
a00021779	189320
a00021780	189321
a00021781	189322
a00021782	189323
a00021783	189324
a00021784	189325
a00021785	189326
a00021786	189327
a00021787	189328
a00021788	189329
a00021789	189330
a00021790	189331
a00021791	189332
a00021792	189333
a00021793	189334
a00021794	189335
a00021795	189336
a00021796	189337
a00021797	189338
a00021798	189339
a00021799	189340
a00021800	189341
a00021801	189342
a00021802	189343
a00021803	189344
a00021804	189345
a00021805	189346
a00021806	189347
a00021807	189348
a00021808	189349
a00021809	189350
a00021810	189351
a00021811	189352
a00021812	189353
a00021813	189354
a00021814	189355
a00021815	189356
a00021816	189357
a00021817	189358
a00021818	189359
a00021819	189360
a00021820	189361
a00021821	189362
a00021822	189363
a00021823	189364
a00021824	189365
a00021825	189366
a00021826	189367
a00021827	189368
a00021828	189369
a00021829	189370
a00021830	189371
a00021831	189372
a00021832	189373
a00021833	189374
a00021834	189375
a00021835	189376
a00021836	189377
a00021837	189378
a00021838	189379
a00021839	189380
a00021840	189381
a00021841	189382
a00021842	189383
a00021843	189384
a00021844	189385
a00021845	189386
a00021846	189387
a00021847	189388
a00021848	189389
a00021849	189390
a00021850	189391
a00021851	189392
a00021852	189393
a00021853	189394
a00021854	189395
a00021855	189396
a00021856	189397
a00021857	189398
a00021858	189399
a00021859	189400
a00021860	189401
a00021861	189402
a00021862	189403
a00021863	189404
a00021864	189405
a00021865	189406
a00021866	189407
a00021867	189408
a00021868	189409
a00021869	189410
a00021870	189411
a00021871	189412
a00021872	189413
a00021873	189414
a00021874	189415
a00021875	189416
a00021876	189417
a00021877	189418
a00021878	189419
a00021879	189420
a00021880	189421
a00021881	189422
a00021882	189423
a00021883	189424
a00021884	189425
a00021885	189426
a00021886	189427
a00021887	189428
a00021888	189429
a00021889	189430
a00021890	189431
a00021891	189432
a00021892	189433
a00021893	189434
a00021894	189435
a00021895	189436
a00021896	189437
a00021897	189438
a00021898	189439
a00021899	189440
a00021900	189441
a00021901	189442
a00021902	189443
a00021903	189444
a00021904	189445
a00021905	189446
a00021906	189447
a00021907	189448
a00021908	189449
a00021909	189450
a00021910	189451
a00021911	189452
a00021912	189453
a00021913	189454
a00021914	189455
a00021915	189456
a00021916	189457
a00021917	189458
a00021918	189459
a00021919	189460
a00021920	189461
a00021921	189462
a00021922	189463
a00021923	189464
a00021924	189465
a00021925	189466
a00021926	189467
a00021927	189468
a00021928	189469
a00021929	189470
a00021930	189471
a00021931	189472
a00021932	189473
a00021933	189474
a00021934	189475
a00021935	189476
a00021936	189477
a00021937	189478
a00021938	189479
a00021939	189480
a00021940	189481
a00021941	189482
a00021942	189483
a00021943	189484
a00021944	189485
a00021945	189486
a00021946	189487
a00021947	189488
a00021948	189489
a00021949	189490
a00021950	189491
a00021951	189492
a00021952	189493
a00021953	189494
a00021954	189495
a00021955	189496
a00021956	189497
a00021957	189498
a00021958	189499
a00021959	189500
a00021960	189501
a00021961	189502
a00021962	189503
a00021963	189504
a00021964	189505
a00021965	189506
a00021966	189507
a00021967	189508
a00021968	189509
a00021969	189510
a00021970	189511
a00021971	189512
a00021972	189513
a00021973	189514
a00021974	189515
a00021975	189516
a00021976	189517
a00021977	189518
a00021978	189519
a00021979	189520
a00021980	189521
a00021981	189522
a00021982	189523
a00021983	189524
a00021984	189525
a00021985	189526
a00021986	189527
a00021987	189528
a00021988	189529
a00021989	189530
a00021990	189531
a00021991	189532
a00021992	189533
a00021993	189534
a00021994	189535
a00021995	189536
a00021996	189537
a00021997	189538
a00021998	189539
a00021999	189540
a00022000	189541
a00022001	189542
a00022002	189543
a00022003	189544
a00022004	189545
a00022005	189546
a00022006	189547
a00022007	189548
a00022008	189549
a00022009	189550
a00022010	189551
a00022011	189552
a00022012	189553
a00022013	189554
a00022014	189555
a00022015	189556
a00022016	189557
a00022017	189558
a00022018	189559
a00022019	189560
a00022020	189561
a00022021	189562
a00022022	189563
a00022023	189564
a00022024	189565
a00022025	189566
a00022026	189567
a00022027	189568
a00022028	189569
a00022029	189570
a00022030	189571
a00022031	189572
a00022032	189573
a00022033	189574
a00022034	189575
a00022035	189576
a00022036	189577
a00022037	189578
a00022038	189579
a00022039	189580
a00022040	189581
a00022041	189582
a00022042	189583
a00022043	189584
a00022044	189585
a00022045	189586
a00022046	189587
a00022047	189588
a00022048	189589
a00022049	189590
a00022050	189591
a00022051	189592
a00022052	189593
a00022053	189594
a00022054	189595
a00022055	189596
a00022056	189597
a00022057	189598
a00022058	189599
a00022059	189600
a00022060	189601
a00022061	189602
a00022062	189603
a00022063	189604
a00022064	189605
a00022065	189606
a00022066	189607
a00022067	189608
a00022068	189609
a00022069	189610
a00022070	189611
a00022071	189612
a00022072	189613
a00022073	189614
a00022074	189615
a00022075	189616
a00022076	189617
a00022077	189618
a00022078	189619
a00022079	189620
a00022080	189621
a00022081	189622
a00022082	189623
a00022083	189624
a00022084	189625
a00022085	189626
a00022086	189627
a00022087	189628
a00022088	189629
a00022089	189630
a00022090	189631
a00022091	189632
a00022092	189633
a00022093	189634
a00022094	189635
a00022095	189636
a00022096	189637
a00022097	189638
a00022098	189639
a00022099	189640
a00022100	189641
a00022101	189642
a00022102	189643
a00022103	189644
a00022104	189645
a00022105	189646
a00022106	189647
a00022107	189648
a00022108	189649
a00022109	189650
a00022110	189651
a00022111	189652
a00022112	189653
a00022113	189654
a00022114	189655
a00022115	189656
a00022116	189657
a00022117	189658
a00022118	189659
a00022119	189660
a00022120	189661
a00022121	189662
a00022122	189663
a00022123	189664
a00022124	189665
a00022125	189666
a00022126	189667
a00022127	189668
a00022128	189669
a00022129	189670
a00022130	189671
a00022131	189672
a00022132	189673
a00022133	189674
a00022134	189675
a00022135	189676
a00022136	189677
a00022137	189678
a00022138	189679
a00022139	189680
a00022140	189681
a00022141	189682
a00022142	189683
a00022143	189684
a00022144	189685
a00022145	189686
a00022146	189687
a00022147	189688
a00022148	189689
a00022149	189690
a00022150	189691
a00022151	189692
a00022152	189693
a00022153	189694
a00022154	189695
a00022155	189696
a00022156	189697
a00022157	189698
a00022158	189699
a00022159	189700
a00022160	189701
a00022161	189702
a00022162	189703
a00022163	189704
a00022164	189705
a00022165	189706
a00022166	189707
a00022167	189708
a00022168	189709
a00022169	189710
a00022170	189711
a00022171	189712
a00022172	189713
a00022173	189714
a00022174	189715
a00022175	189716
a00022176	189717
a00022177	189718
a00022178	189719
a00022179	189720
a00022180	189721
a00022181	189722
a00022182	189723
a00022183	189724
a00022184	189725
a00022185	189726
a00022186	189727
a00022187	189728
a00022188	189729
a00022189	189730
a00022190	189731
a00022191	189732
a00022192	189733
a00022193	189734
a00022194	189735
a00022195	189736
a00022196	189737
a00022197	189738
a00022198	189739
a00022199	189740
a00022200	189741
a00022201	189742
a00022202	189743
a00022203	189744
a00022204	189745
a00022205	189746
a00022206	189747
a00022207	189748
a00022208	189749
a00022209	189750
a00022210	189751
a00022211	189752
a00022212	189753
a00022213	189754
a00022214	189755
a00022215	189756
a00022216	189757
a00022217	189758
a00022218	189759
a00022219	189760
a00022220	189761
a00022221	189762
a00022222	189763
a00022223	189764
a00022224	189765
a00022225	189766
a00022226	189767
a00022227	189768
a00022228	189769
a00022229	189770
a00022230	189771
a00022231	189772
a00022232	189773
a00022233	189774
a00022234	189775
a00022235	189776
a00022236	189777
a00022237	189778
a00022238	189779
a00022239	189780
a00022240	189781
a00022241	189782
a00022242	189783
a00022243	189784
a00022244	189785
a00022245	189786
a00022246	189787
a00022247	189788
a00022248	189789
a00022249	189790
a00022250	189791
a00022251	189792
a00022252	189793
a00022253	189794
a00022254	189795
a00022255	189796
a00022256	189797
a00022257	189798
a00022258	189799
a00022259	189800
a00022260	189801
a00022261	189802
a00022262	189803
a00022263	189804
a00022264	189805
a00022265	189806
a00022266	189807
a00022267	189808
a00022268	189809
a00022269	189810
a00022270	189811
a00022271	189812
a00022272	189813
a00022273	189814
a00022274	189815
a00022275	189816
a00022276	189817
a00022277	189818
a00022278	189819
a00022279	189820
a00022280	189821
a00022281	189822
a00022282	189823
a00022283	189824
a00022284	189825
a00022285	189826
a00022286	189827
a00022287	189828
a00022288	189829
a00022289	189830
a00022290	189831
a00022291	189832
a00022292	189833
a00022293	189834
a00022294	189835
a00022295	189836
a00022296	189837
a00022297	189838
a00022298	189839
a00022299	189840
a00022300	189841
a00022301	189842
a00022302	189843
a00022303	189844
a00022304	189845
a00022305	189846
a00022306	189847
a00022307	189848
a00022308	189849
a00022309	189850
a00022310	189851
a00022311	189852
a00022312	189853
a00022313	189854
a00022314	189855
a00022315	189856
a00022316	189857
a00022317	189858
a00022318	189859
a00022319	189860
a00022320	189861
a00022321	189862
a00022322	189863
a00022323	189864
a00022324	189865
a00022325	189866
a00022326	189867
a00022327	189868
a00022328	189869
a00022329	189870
a00022330	189871
a00022331	189872
a00022332	189873
a00022333	189874
a00022334	189875
a00022335	189876
a00022336	189877
a00022337	189878
a00022338	189879
a00022339	189880
a00022340	189881
a00022341	189882
a00022342	189883
a00022343	189884
a00022344	189885
a00022345	189886
a00022346	189887
a00022347	189888
a00022348	189889
a00022349	189890
a00022350	189891
a00022351	189892
a00022352	189893
a00022353	189894
a00022354	189895
a00022355	189896
a00022356	189897
a00022357	189898
a00022358	189899
a00022359	189900
a00022360	189901
a00022361	189902
a00022362	189903
a00022363	189904
a00022364	189905
a00022365	189906
a00022366	189907
a00022367	189908
a00022368	189909
a00022369	189910
a00022370	189911
a00022371	189912
a00022372	189913
a00022373	189914
a00022374	189915
a00022375	189916
a00022376	189917
a00022377	189918
a00022378	189919
a00022379	189920
a00022380	189921
a00022381	189922
a00022382	189923
a00022383	189924
a00022384	189925
a00022385	189926
a00022386	189927
a00022387	189928
a00022388	189929
a00022389	189930
a00022390	189931
a00022391	189932
a00022392	189933
a00022393	189934
a00022394	189935
a00022395	189936
a00022396	189937
a00022397	189938
a00022398	189939
a00022399	189940
a00022400	189941
a00022401	189942
a00022402	189943
a00022403	189944
a00022404	189945
a00022405	189946
a00022406	189947
a00022407	189948
a00022408	189949
a00022409	189950
a00022410	189951
a00022411	189952
a00022412	189953
a00022413	189954
a00022414	189955
a00022415	189956
a00022416	189957
a00022417	189958
a00022418	189959
a00022419	189960
a00022420	189961
a00022421	189962
a00022422	189963
a00022423	189964
a00022424	189965
a00022425	189966
a00022426	189967
a00022427	189968
a00022428	189969
a00022429	189970
a00022430	189971
a00022431	189972
a00022432	189973
a00022433	189974
a00022434	189975
a00022435	189976
a00022436	189977
a00022437	189978
a00022438	189979
a00022439	189980
a00022440	189981
a00022441	189982
a00022442	189983
a00022443	189984
a00022444	189985
a00022445	189986
a00022446	189987
a00022447	189988
a00022448	189989
a00022449	189990
a00022450	189991
a00022451	189992
a00022452	189993
a00022453	189994
a00022454	189995
a00022455	189996
a00022456	189997
a00022457	189998
a00022458	189999
a00022459	190000
a00022460	190001
a00022461	190002
a00022462	190003
a00022463	190004
a00022464	190005
a00022465	190006
a00022466	190007
a00022467	190008
a00022468	190009
a00022469	190010
a00022470	190011
a00022471	190012
a00022472	190013
a00022473	190014
a00022474	190015
a00022475	190016
a00022476	190017
a00022477	190018
a00022478	190019
a00022479	190020
a00022480	190021
a00022481	190022
a00022482	190023
a00022483	190024
a00022484	190025
a00022485	190026
a00022486	190027
a00022487	190028
a00022488	190029
a00022489	190030
a00022490	190031
a00022491	190032
a00022492	190033
a00022493	190034
a00022494	190035
a00022495	190036
a00022496	190037
a00022497	190038
a00022498	190039
a00022499	190040
a00022500	190041
a00022501	190042
a00022502	190043
a00022503	190044
a00022504	190045
a00022505	190046
a00022506	190047
a00022507	190048
a00022508	190049
a00022509	190050
a00022510	190051
a00022511	190052
a00022512	190053
a00022513	190054
a00022514	190055
a00022515	190056
a00022516	190057
a00022517	190058
a00022518	190059
a00022519	190060
a00022520	190061
a00022521	190062
a00022522	190063
a00022523	190064
a00022524	190065
a00022525	190066
a00022526	190067
a00022527	190068
a00022528	190069
a00022529	190070
a00022530	190071
a00022531	190072
a00022532	190073
a00022533	190074
a00022534	190075
a00022535	190076
a00022536	190077
a00022537	190078
a00022538	190079
a00022539	190080
a00022540	190081
a00022541	190082
a00022542	190083
a00022543	190084
a00022544	190085
a00022545	190086
a00022546	190087
a00022547	190088
a00022548	190089
a00022549	190090
a00022550	190091
a00022551	190092
a00022552	190093
a00022553	190094
a00022554	190095
a00022555	190096
a00022556	190097
a00022557	190098
a00022558	190099
a00022559	190100
a00022560	190101
a00022561	190102
a00022562	190103
a00022563	190104
a00022564	190105
a00022565	190106
a00022566	190107
a00022567	190108
a00022568	190109
a00022569	190110
a00022570	190111
a00022571	190112
a00022572	190113
a00022573	190114
a00022574	190115
a00022575	190116
a00022576	190117
a00022577	190118
a00022578	190119
a00022579	190120
a00022580	190121
a00022581	190122
a00022582	190123
a00022583	190124
a00022584	190125
a00022585	190126
a00022586	190127
a00022587	190128
a00022588	190129
a00022589	190130
a00022590	190131
a00022591	190132
a00022592	190133
a00022593	190134
a00022594	190135
a00022595	190136
a00022596	190137
a00022597	190138
a00022598	190139
a00022599	190140
a00022600	190141
a00022601	190142
a00022602	190143
a00022603	190144
a00022604	190145
a00022605	190146
a00022606	190147
a00022607	190148
a00022608	190149
a00022609	190150
a00022610	190151
a00022611	190152
a00022612	190153
a00022613	190154
a00022614	190155
a00022615	190156
a00022616	190157
a00022617	190158
a00022618	190159
a00022619	190160
a00022620	190161
a00022621	190162
a00022622	190163
a00022623	190164
a00022624	190165
a00022625	190166
a00022626	190167
a00022627	190168
a00022628	190169
a00022629	190170
a00022630	190171
a00022631	190172
a00022632	190173
a00022633	190174
a00022634	190175
a00022635	190176
a00022636	190177
a00022637	190178
a00022638	190179
a00022639	190180
a00022640	190181
a00022641	190182
a00022642	190183
a00022643	190184
a00022644	190185
a00022645	190186
a00022646	190187
a00022647	190188
a00022648	190189
a00022649	190190
a00022650	190191
a00022651	190192
a00022652	190193
a00022653	190194
a00022654	190195
a00022655	190196
a00022656	190197
a00022657	190198
a00022658	190199
a00022659	190200
a00022660	190201
a00022661	190202
a00022662	190203
a00022663	190204
a00022664	190205
a00022665	190206
a00022666	190207
a00022667	190208
a00022668	190209
a00022669	190210
a00022670	190211
a00022671	190212
a00022672	190213
a00022673	190214
a00022674	190215
a00022675	190216
a00022676	190217
a00022677	190218
a00022678	190219
a00022679	190220
a00022680	190221
a00022681	190222
a00022682	190223
a00022683	190224
a00022684	190225
a00022685	190226
a00022686	190227
a00022687	190228
a00022688	190229
a00022689	190230
a00022690	190231
a00022691	190232
a00022692	190233
a00022693	190234
a00022694	190235
a00022695	190236
a00022696	190237
a00022697	190238
a00022698	190239
a00022699	190240
a00022700	190241
a00022701	190242
a00022702	190243
a00022703	190244
a00022704	190245
a00022705	190246
a00022706	190247
a00022707	190248
a00022708	190249
a00022709	190250
a00022710	190251
a00022711	190252
a00022712	190253
a00022713	190254
a00022714	190255
a00022715	190256
a00022716	190257
a00022717	190258
a00022718	190259
a00022719	190260
a00022720	190261
a00022721	190262
a00022722	190263
a00022723	190264
a00022724	190265
a00022725	190266
a00022726	190267
a00022727	190268
a00022728	190269
a00022729	190270
a00022730	190271
a00022731	190272
a00022732	190273
a00022733	190274
a00022734	190275
a00022735	190276
a00022736	190277
a00022737	190278
a00022738	190279
a00022739	190280
a00022740	190281
a00022741	190282
a00022742	190283
a00022743	190284
a00022744	190285
a00022745	190286
a00022746	190287
a00022747	190288
a00022748	190289
a00022749	190290
a00022750	190291
a00022751	190292
a00022752	190293
a00022753	190294
a00022754	190295
a00022755	190296
a00022756	190297
a00022757	190298
a00022758	190299
a00022759	190300
a00022760	190301
a00022761	190302
a00022762	190303
a00022763	190304
a00022764	190305
a00022765	190306
a00022766	190307
a00022767	190308
a00022768	190309
a00022769	190310
a00022770	190311
a00022771	190312
a00022772	190313
a00022773	190314
a00022774	190315
a00022775	190316
a00022776	190317
a00022777	190318
a00022778	190319
a00022779	190320
a00022780	190321
a00022781	190322
a00022782	190323
a00022783	190324
a00022784	190325
a00022785	190326
a00022786	190327
a00022787	190328
a00022788	190329
a00022789	190330
a00022790	190331
a00022791	190332
a00022792	190333
a00022793	190334
a00022794	190335
a00022795	190336
a00022796	190337
a00022797	190338
a00022798	190339
a00022799	190340
a00022800	190341
a00022801	190342
a00022802	190343
a00022803	190344
a00022804	190345
a00022805	190346
a00022806	190347
a00022807	190348
a00022808	190349
a00022809	190350
a00022810	190351
a00022811	190352
a00022812	190353
a00022813	190354
a00022814	190355
a00022815	190356
a00022816	190357
a00022817	190358
a00022818	190359
a00022819	190360
a00022820	190361
a00022821	190362
a00022822	190363
a00022823	190364
a00022824	190365
a00022825	190366
a00022826	190367
a00022827	190368
a00022828	190369
a00022829	190370
a00022830	190371
a00022831	190372
a00022832	190373
a00022833	190374
a00022834	190375
a00022835	190376
a00022836	190377
a00022837	190378
a00022838	190379
a00022839	190380
a00022840	190381
a00022841	190382
a00022842	190383
a00022843	190384
a00022844	190385
a00022845	190386
a00022846	190387
a00022847	190388
a00022848	190389
a00022849	190390
a00022850	190391
a00022851	190392
a00022852	190393
a00022853	190394
a00022854	190395
a00022855	190396
a00022856	190397
a00022857	190398
a00022858	190399
a00022859	190400
a00022860	190401
a00022861	190402
a00022862	190403
a00022863	190404
a00022864	190405
a00022865	190406
a00022866	190407
a00022867	190408
a00022868	190409
a00022869	190410
a00022870	190411
a00022871	190412
a00022872	190413
a00022873	190414
a00022874	190415
a00022875	190416
a00022876	190417
a00022877	190418
a00022878	190419
a00022879	190420
a00022880	190421
a00022881	190422
a00022882	190423
a00022883	190424
a00022884	190425
a00022885	190426
a00022886	190427
a00022887	190428
a00022888	190429
a00022889	190430
a00022890	190431
a00022891	190432
a00022892	190433
a00022893	190434
a00022894	190435
a00022895	190436
a00022896	190437
a00022897	190438
a00022898	190439
a00022899	190440
a00022900	190441
a00022901	190442
a00022902	190443
a00022903	190444
a00022904	190445
a00022905	190446
a00022906	190447
a00022907	190448
a00022908	190449
a00022909	190450
a00022910	190451
a00022911	190452
a00022912	190453
a00022913	190454
a00022914	190455
a00022915	190456
a00022916	190457
a00022917	190458
a00022918	190459
a00022919	190460
a00022920	190461
a00022921	190462
a00022922	190463
a00022923	190464
a00022924	190465
a00022925	190466
a00022926	190467
a00022927	190468
a00022928	190469
a00022929	190470
a00022930	190471
a00022931	190472
a00022932	190473
a00022933	190474
a00022934	190475
a00022935	190476
a00022936	190477
a00022937	190478
a00022938	190479
a00022939	190480
a00022940	190481
a00022941	190482
a00022942	190483
a00022943	190484
a00022944	190485
a00022945	190486
a00022946	190487
a00022947	190488
a00022948	190489
a00022949	190490
a00022950	190491
a00022951	190492
a00022952	190493
a00022953	190494
a00022954	190495
a00022955	190496
a00022956	190497
a00022957	190498
a00022958	190499
a00022959	190500
a00022960	190501
a00022961	190502
a00022962	190503
a00022963	190504
a00022964	190505
a00022965	190506
a00022966	190507
a00022967	190508
a00022968	190509
a00022969	190510
a00022970	190511
a00022971	190512
a00022972	190513
a00022973	190514
a00022974	190515
a00022975	190516
a00022976	190517
a00022977	190518
a00022978	190519
a00022979	190520
a00022980	190521
a00022981	190522
a00022982	190523
a00022983	190524
a00022984	190525
a00022985	190526
a00022986	190527
a00022987	190528
a00022988	190529
a00022989	190530
a00022990	190531
a00022991	190532
a00022992	190533
a00022993	190534
a00022994	190535
a00022995	190536
a00022996	190537
a00022997	190538
a00022998	190539
a00022999	190540
a00023000	190541
a00023001	190542
a00023002	190543
a00023003	190544
a00023004	190545
a00023005	190546
a00023006	190547
a00023007	190548
a00023008	190549
a00023009	190550
a00023010	190551
a00023011	190552
a00023012	190553
a00023013	190554
a00023014	190555
a00023015	190556
a00023016	190557
a00023017	190558
a00023018	190559
a00023019	190560
a00023020	190561
a00023021	190562
a00023022	190563
a00023023	190564
a00023024	190565
a00023025	190566
a00023026	190567
a00023027	190568
a00023028	190569
a00023029	190570
a00023030	190571
a00023031	190572
a00023032	190573
a00023033	190574
a00023034	190575
a00023035	190576
a00023036	190577
a00023037	190578
a00023038	190579
a00023039	190580
a00023040	190581
a00023041	190582
a00023042	190583
a00023043	190584
a00023044	190585
a00023045	190586
a00023046	190587
a00023047	190588
a00023048	190589
a00023049	190590
a00023050	190591
a00023051	190592
a00023052	190593
a00023053	190594
a00023054	190595
a00023055	190596
a00023056	190597
a00023057	190598
a00023058	190599
a00023059	190600
a00023060	190601
a00023061	190602
a00023062	190603
a00023063	190604
a00023064	190605
a00023065	190606
a00023066	190607
a00023067	190608
a00023068	190609
a00023069	190610
a00023070	190611
a00023071	190612
a00023072	190613
a00023073	190614
a00023074	190615
a00023075	190616
a00023076	190617
a00023077	190618
a00023078	190619
a00023079	190620
a00023080	190621
a00023081	190622
a00023082	190623
a00023083	190624
a00023084	190625
a00023085	190626
a00023086	190627
a00023087	190628
a00023088	190629
a00023089	190630
a00023090	190631
a00023091	190632
a00023092	190633
a00023093	190634
a00023094	190635
a00023095	190636
a00023096	190637
a00023097	190638
a00023098	190639
a00023099	190640
a00023100	190641
a00023101	190642
a00023102	190643
a00023103	190644
a00023104	190645
a00023105	190646
a00023106	190647
a00023107	190648
a00023108	190649
a00023109	190650
a00023110	190651
a00023111	190652
a00023112	190653
a00023113	190654
a00023114	190655
a00023115	190656
a00023116	190657
a00023117	190658
a00023118	190659
a00023119	190660
a00023120	190661
a00023121	190662
a00023122	190663
a00023123	190664
a00023124	190665
a00023125	190666
a00023126	190667
a00023127	190668
a00023128	190669
a00023129	190670
a00023130	190671
a00023131	190672
a00023132	190673
a00023133	190674
a00023134	190675
a00023135	190676
a00023136	190677
a00023137	190678
a00023138	190679
a00023139	190680
a00023140	190681
a00023141	190682
a00023142	190683
a00023143	190684
a00023144	190685
a00023145	190686
a00023146	190687
a00023147	190688
a00023148	190689
a00023149	190690
a00023150	190691
a00023151	190692
a00023152	190693
a00023153	190694
a00023154	190695
a00023155	190696
a00023156	190697
a00023157	190698
a00023158	190699
a00023159	190700
a00023160	190701
a00023161	190702
a00023162	190703
a00023163	190704
a00023164	190705
a00023165	190706
a00023166	190707
a00023167	190708
a00023168	190709
a00023169	190710
a00023170	190711
a00023171	190712
a00023172	190713
a00023173	190714
a00023174	190715
a00023175	190716
a00023176	190717
a00023177	190718
a00023178	190719
a00023179	190720
a00023180	190721
a00023181	190722
a00023182	190723
a00023183	190724
a00023184	190725
a00023185	190726
a00023186	190727
a00023187	190728
a00023188	190729
a00023189	190730
a00023190	190731
a00023191	190732
a00023192	190733
a00023193	190734
a00023194	190735
a00023195	190736
a00023196	190737
a00023197	190738
a00023198	190739
a00023199	190740
a00023200	190741
a00023201	190742
a00023202	190743
a00023203	190744
a00023204	190745
a00023205	190746
a00023206	190747
a00023207	190748
a00023208	190749
a00023209	190750
a00023210	190751
a00023211	190752
a00023212	190753
a00023213	190754
a00023214	190755
a00023215	190756
a00023216	190757
a00023217	190758
a00023218	190759
a00023219	190760
a00023220	190761
a00023221	190762
a00023222	190763
a00023223	190764
a00023224	190765
a00023225	190766
a00023226	190767
a00023227	190768
a00023228	190769
a00023229	190770
a00023230	190771
a00023231	190772
a00023232	190773
a00023233	190774
a00023234	190775
a00023235	190776
a00023236	190777
a00023237	190778
a00023238	190779
a00023239	190780
a00023240	190781
a00023241	190782
a00023242	190783
a00023243	190784
a00023244	190785
a00023245	190786
a00023246	190787
a00023247	190788
a00023248	190789
a00023249	190790
a00023250	190791
a00023251	190792
a00023252	190793
a00023253	190794
a00023254	190795
a00023255	190796
a00023256	190797
a00023257	190798
a00023258	190799
a00023259	190800
a00023260	190801
a00023261	190802
a00023262	190803
a00023263	190804
a00023264	190805
a00023265	190806
a00023266	190807
a00023267	190808
a00023268	190809
a00023269	190810
a00023270	190811
a00023271	190812
a00023272	190813
a00023273	190814
a00023274	190815
a00023275	190816
a00023276	190817
a00023277	190818
a00023278	190819
a00023279	190820
a00023280	190821
a00023281	190822
a00023282	190823
a00023283	190824
a00023284	190825
a00023285	190826
a00023286	190827
a00023287	190828
a00023288	190829
a00023289	190830
a00023290	190831
a00023291	190832
a00023292	190833
a00023293	190834
a00023294	190835
a00023295	190836
a00023296	190837
a00023297	190838
a00023298	190839
a00023299	190840
a00023300	190841
a00023301	190842
a00023302	190843
a00023303	190844
a00023304	190845
a00023305	190846
a00023306	190847
a00023307	190848
a00023308	190849
a00023309	190850
a00023310	190851
a00023311	190852
a00023312	190853
a00023313	190854
a00023314	190855
a00023315	190856
a00023316	190857
a00023317	190858
a00023318	190859
a00023319	190860
a00023320	190861
a00023321	190862
a00023322	190863
a00023323	190864
a00023324	190865
a00023325	190866
a00023326	190867
a00023327	190868
a00023328	190869
a00023329	190870
a00023330	190871
a00023331	190872
a00023332	190873
a00023333	190874
a00023334	190875
a00023335	190876
a00023336	190877
a00023337	190878
a00023338	190879
a00023339	190880
a00023340	190881
a00023341	190882
a00023342	190883
a00023343	190884
a00023344	190885
a00023345	190886
a00023346	190887
a00023347	190888
a00023348	190889
a00023349	190890
a00023350	190891
a00023351	190892
a00023352	190893
a00023353	190894
a00023354	190895
a00023355	190896
a00023356	190897
a00023357	190898
a00023358	190899
a00023359	190900
a00023360	190901
a00023361	190902
a00023362	190903
a00023363	190904
a00023364	190905
a00023365	190906
a00023366	190907
a00023367	190908
a00023368	190909
a00023369	190910
a00023370	190911
a00023371	190912
a00023372	190913
a00023373	190914
a00023374	190915
a00023375	190916
a00023376	190917
a00023377	190918
a00023378	190919
a00023379	190920
a00023380	190921
a00023381	190922
a00023382	190923
a00023383	190924
a00023384	190925
a00023385	190926
a00023386	190927
a00023387	190928
a00023388	190929
a00023389	190930
a00023390	190931
a00023391	190932
a00023392	190933
a00023393	190934
a00023394	190935
a00023395	190936
a00023396	190937
a00023397	190938
a00023398	190939
a00023399	190940
a00023400	190941
a00023401	190942
a00023402	190943
a00023403	190944
a00023404	190945
a00023405	190946
a00023406	190947
a00023407	190948
a00023408	190949
a00023409	190950
a00023410	190951
a00023411	190952
a00023412	190953
a00023413	190954
a00023414	190955
a00023415	190956
a00023416	190957
a00023417	190958
a00023418	190959
a00023419	190960
a00023420	190961
a00023421	190962
a00023422	190963
a00023423	190964
a00023424	190965
a00023425	190966
a00023426	190967
a00023427	190968
a00023428	190969
a00023429	190970
a00023430	190971
a00023431	190972
a00023432	190973
a00023433	190974
a00023434	190975
a00023435	190976
a00023436	190977
a00023437	190978
a00023438	190979
a00023439	190980
a00023440	190981
a00023441	190982
a00023442	190983
a00023443	190984
a00023444	190985
a00023445	190986
a00023446	190987
a00023447	190988
a00023448	190989
a00023449	190990
a00023450	190991
a00023451	190992
a00023452	190993
a00023453	190994
a00023454	190995
a00023455	190996
a00023456	190997
a00023457	190998
a00023458	190999
a00023459	191000
a00023460	191001
a00023461	191002
a00023462	191003
a00023463	191004
a00023464	191005
a00023465	191006
a00023466	191007
a00023467	191008
a00023468	191009
a00023469	191010
a00023470	191011
a00023471	191012
a00023472	191013
a00023473	191014
a00023474	191015
a00023475	191016
a00023476	191017
a00023477	191018
a00023478	191019
a00023479	191020
a00023480	191021
a00023481	191022
a00023482	191023
a00023483	191024
a00023484	191025
a00023485	191026
a00023486	191027
a00023487	191028
a00023488	191029
a00023489	191030
a00023490	191031
a00023491	191032
a00023492	191033
a00023493	191034
a00023494	191035
a00023495	191036
a00023496	191037
a00023497	191038
a00023498	191039
a00023499	191040
a00023500	191041
a00023501	191042
a00023502	191043
a00023503	191044
a00023504	191045
a00023505	191046
a00023506	191047
a00023507	191048
a00023508	191049
a00023509	191050
a00023510	191051
a00023511	191052
a00023512	191053
a00023513	191054
a00023514	191055
a00023515	191056
a00023516	191057
a00023517	191058
a00023518	191059
a00023519	191060
a00023520	191061
a00023521	191062
a00023522	191063
a00023523	191064
a00023524	191065
a00023525	191066
a00023526	191067
a00023527	191068
a00023528	191069
a00023529	191070
a00023530	191071
a00023531	191072
a00023532	191073
a00023533	191074
a00023534	191075
a00023535	191076
a00023536	191077
a00023537	191078
a00023538	191079
a00023539	191080
a00023540	191081
a00023541	191082
a00023542	191083
a00023543	191084
a00023544	191085
a00023545	191086
a00023546	191087
a00023547	191088
a00023548	191089
a00023549	191090
a00023550	191091
a00023551	191092
a00023552	191093
a00023553	191094
a00023554	191095
a00023555	191096
a00023556	191097
a00023557	191098
a00023558	191099
a00023559	191100
a00023560	191101
a00023561	191102
a00023562	191103
a00023563	191104
a00023564	191105
a00023565	191106
a00023566	191107
a00023567	191108
a00023568	191109
a00023569	191110
a00023570	191111
a00023571	191112
a00023572	191113
a00023573	191114
a00023574	191115
a00023575	191116
a00023576	191117
a00023577	191118
a00023578	191119
a00023579	191120
a00023580	191121
a00023581	191122
a00023582	191123
a00023583	191124
a00023584	191125
a00023585	191126
a00023586	191127
a00023587	191128
a00023588	191129
a00023589	191130
a00023590	191131
a00023591	191132
a00023592	191133
a00023593	191134
a00023594	191135
a00023595	191136
a00023596	191137
a00023597	191138
a00023598	191139
a00023599	191140
a00023600	191141
a00023601	191142
a00023602	191143
a00023603	191144
a00023604	191145
a00023605	191146
a00023606	191147
a00023607	191148
a00023608	191149
a00023609	191150
a00023610	191151
a00023611	191152
a00023612	191153
a00023613	191154
a00023614	191155
a00023615	191156
a00023616	191157
a00023617	191158
a00023618	191159
a00023619	191160
a00023620	191161
a00023621	191162
a00023622	191163
a00023623	191164
a00023624	191165
a00023625	191166
a00023626	191167
a00023627	191168
a00023628	191169
a00023629	191170
a00023630	191171
a00023631	191172
a00023632	191173
a00023633	191174
a00023634	191175
a00023635	191176
a00023636	191177
a00023637	191178
a00023638	191179
a00023639	191180
a00023640	191181
a00023641	191182
a00023642	191183
a00023643	191184
a00023644	191185
a00023645	191186
a00023646	191187
a00023647	191188
a00023648	191189
a00023649	191190
a00023650	191191
a00023651	191192
a00023652	191193
a00023653	191194
a00023654	191195
a00023655	191196
a00023656	191197
a00023657	191198
a00023658	191199
a00023659	191200
a00023660	191201
a00023661	191202
a00023662	191203
a00023663	191204
a00023664	191205
a00023665	191206
a00023666	191207
a00023667	191208
a00023668	191209
a00023669	191210
a00023670	191211
a00023671	191212
a00023672	191213
a00023673	191214
a00023674	191215
a00023675	191216
a00023676	191217
a00023677	191218
a00023678	191219
a00023679	191220
a00023680	191221
a00023681	191222
a00023682	191223
a00023683	191224
a00023684	191225
a00023685	191226
a00023686	191227
a00023687	191228
a00023688	191229
a00023689	191230
a00023690	191231
a00023691	191232
a00023692	191233
a00023693	191234
a00023694	191235
a00023695	191236
a00023696	191237
a00023697	191238
a00023698	191239
a00023699	191240
a00023700	191241
a00023701	191242
a00023702	191243
a00023703	191244
a00023704	191245
a00023705	191246
a00023706	191247
a00023707	191248
a00023708	191249
a00023709	191250
a00023710	191251
a00023711	191252
a00023712	191253
a00023713	191254
a00023714	191255
a00023715	191256
a00023716	191257
a00023717	191258
a00023718	191259
a00023719	191260
a00023720	191261
a00023721	191262
a00023722	191263
a00023723	191264
a00023724	191265
a00023725	191266
a00023726	191267
a00023727	191268
a00023728	191269
a00023729	191270
a00023730	191271
a00023731	191272
a00023732	191273
a00023733	191274
a00023734	191275
a00023735	191276
a00023736	191277
a00023737	191278
a00023738	191279
a00023739	191280
a00023740	191281
a00023741	191282
a00023742	191283
a00023743	191284
a00023744	191285
a00023745	191286
a00023746	191287
a00023747	191288
a00023748	191289
a00023749	191290
a00023750	191291
a00023751	191292
a00023752	191293
a00023753	191294
a00023754	191295
a00023755	191296
a00023756	191297
a00023757	191298
a00023758	191299
a00023759	191300
a00023760	191301
a00023761	191302
a00023762	191303
a00023763	191304
a00023764	191305
a00023765	191306
a00023766	191307
a00023767	191308
a00023768	191309
a00023769	191310
a00023770	191311
a00023771	191312
a00023772	191313
a00023773	191314
a00023774	191315
a00023775	191316
a00023776	191317
a00023777	191318
a00023778	191319
a00023779	191320
a00023780	191321
a00023781	191322
a00023782	191323
a00023783	191324
a00023784	191325
a00023785	191326
a00023786	191327
a00023787	191328
a00023788	191329
a00023789	191330
a00023790	191331
a00023791	191332
a00023792	191333
a00023793	191334
a00023794	191335
a00023795	191336
a00023796	191337
a00023797	191338
a00023798	191339
a00023799	191340
a00023800	191341
a00023801	191342
a00023802	191343
a00023803	191344
a00023804	191345
a00023805	191346
a00023806	191347
a00023807	191348
a00023808	191349
a00023809	191350
a00023810	191351
a00023811	191352
a00023812	191353
a00023813	191354
a00023814	191355
a00023815	191356
a00023816	191357
a00023817	191358
a00023818	191359
a00023819	191360
a00023820	191361
a00023821	191362
a00023822	191363
a00023823	191364
a00023824	191365
a00023825	191366
a00023826	191367
a00023827	191368
a00023828	191369
a00023829	191370
a00023830	191371
a00023831	191372
a00023832	191373
a00023833	191374
a00023834	191375
a00023835	191376
a00023836	191377
a00023837	191378
a00023838	191379
a00023839	191380
a00023840	191381
a00023841	191382
a00023842	191383
a00023843	191384
a00023844	191385
a00023845	191386
a00023846	191387
a00023847	191388
a00023848	191389
a00023849	191390
a00023850	191391
a00023851	191392
a00023852	191393
a00023853	191394
a00023854	191395
a00023855	191396
a00023856	191397
a00023857	191398
a00023858	191399
a00023859	191400
a00023860	191401
a00023861	191402
a00023862	191403
a00023863	191404
a00023864	191405
a00023865	191406
a00023866	191407
a00023867	191408
a00023868	191409
a00023869	191410
a00023870	191411
a00023871	191412
a00023872	191413
a00023873	191414
a00023874	191415
a00023875	191416
a00023876	191417
a00023877	191418
a00023878	191419
a00023879	191420
a00023880	191421
a00023881	191422
a00023882	191423
a00023883	191424
a00023884	191425
a00023885	191426
a00023886	191427
a00023887	191428
a00023888	191429
a00023889	191430
a00023890	191431
a00023891	191432
a00023892	191433
a00023893	191434
a00023894	191435
a00023895	191436
a00023896	191437
a00023897	191438
a00023898	191439
a00023899	191440
a00023900	191441
a00023901	191442
a00023902	191443
a00023903	191444
a00023904	191445
a00023905	191446
a00023906	191447
a00023907	191448
a00023908	191449
a00023909	191450
a00023910	191451
a00023911	191452
a00023912	191453
a00023913	191454
a00023914	191455
a00023915	191456
a00023916	191457
a00023917	191458
a00023918	191459
a00023919	191460
a00023920	191461
a00023921	191462
a00023922	191463
a00023923	191464
a00023924	191465
a00023925	191466
a00023926	191467
a00023927	191468
a00023928	191469
a00023929	191470
a00023930	191471
a00023931	191472
a00023932	191473
a00023933	191474
a00023934	191475
a00023935	191476
a00023936	191477
a00023937	191478
a00023938	191479
a00023939	191480
a00023940	191481
a00023941	191482
a00023942	191483
a00023943	191484
a00023944	191485
a00023945	191486
a00023946	191487
a00023947	191488
a00023948	191489
a00023949	191490
a00023950	191491
a00023951	191492
a00023952	191493
a00023953	191494
a00023954	191495
a00023955	191496
a00023956	191497
a00023957	191498
a00023958	191499
a00023959	191500
a00023960	191501
a00023961	191502
a00023962	191503
a00023963	191504
a00023964	191505
a00023965	191506
a00023966	191507
a00023967	191508
a00023968	191509
a00023969	191510
a00023970	191511
a00023971	191512
a00023972	191513
a00023973	191514
a00023974	191515
a00023975	191516
a00023976	191517
a00023977	191518
a00023978	191519
a00023979	191520
a00023980	191521
a00023981	191522
a00023982	191523
a00023983	191524
a00023984	191525
a00023985	191526
a00023986	191527
a00023987	191528
a00023988	191529
a00023989	191530
a00023990	191531
a00023991	191532
a00023992	191533
a00023993	191534
a00023994	191535
a00023995	191536
a00023996	191537
a00023997	191538
a00023998	191539
a00023999	191540
a00024000	191541
a00024001	191542
a00024002	191543
a00024003	191544
a00024004	191545
a00024005	191546
a00024006	191547
a00024007	191548
a00024008	191549
a00024009	191550
a00024010	191551
a00024011	191552
a00024012	191553
a00024013	191554
a00024014	191555
a00024015	191556
a00024016	191557
a00024017	191558
a00024018	191559
a00024019	191560
a00024020	191561
a00024021	191562
a00024022	191563
a00024023	191564
a00024024	191565
a00024025	191566
a00024026	191567
a00024027	191568
a00024028	191569
a00024029	191570
a00024030	191571
a00024031	191572
a00024032	191573
a00024033	191574
a00024034	191575
a00024035	191576
a00024036	191577
a00024037	191578
a00024038	191579
a00024039	191580
a00024040	191581
a00024041	191582
a00024042	191583
a00024043	191584
a00024044	191585
a00024045	191586
a00024046	191587
a00024047	191588
a00024048	191589
a00024049	191590
a00024050	191591
a00024051	191592
a00024052	191593
a00024053	191594
a00024054	191595
a00024055	191596
a00024056	191597
a00024057	191598
a00024058	191599
a00024059	191600
a00024060	191601
a00024061	191602
a00024062	191603
a00024063	191604
a00024064	191605
a00024065	191606
a00024066	191607
a00024067	191608
a00024068	191609
a00024069	191610
a00024070	191611
a00024071	191612
a00024072	191613
a00024073	191614
a00024074	191615
a00024075	191616
a00024076	191617
a00024077	191618
a00024078	191619
a00024079	191620
a00024080	191621
a00024081	191622
a00024082	191623
a00024083	191624
a00024084	191625
a00024085	191626
a00024086	191627
a00024087	191628
a00024088	191629
a00024089	191630
a00024090	191631
a00024091	191632
a00024092	191633
a00024093	191634
a00024094	191635
a00024095	191636
a00024096	191637
a00024097	191638
a00024098	191639
a00024099	191640
a00024100	191641
a00024101	191642
a00024102	191643
a00024103	191644
a00024104	191645
a00024105	191646
a00024106	191647
a00024107	191648
a00024108	191649
a00024109	191650
a00024110	191651
a00024111	191652
a00024112	191653
a00024113	191654
a00024114	191655
a00024115	191656
a00024116	191657
a00024117	191658
a00024118	191659
a00024119	191660
a00024120	191661
a00024121	191662
a00024122	191663
a00024123	191664
a00024124	191665
a00024125	191666
a00024126	191667
a00024127	191668
a00024128	191669
a00024129	191670
a00024130	191671
a00024131	191672
a00024132	191673
a00024133	191674
a00024134	191675
a00024135	191676
a00024136	191677
a00024137	191678
a00024138	191679
a00024139	191680
a00024140	191681
a00024141	191682
a00024142	191683
a00024143	191684
a00024144	191685
a00024145	191686
a00024146	191687
a00024147	191688
a00024148	191689
a00024149	191690
a00024150	191691
a00024151	191692
a00024152	191693
a00024153	191694
a00024154	191695
a00024155	191696
a00024156	191697
a00024157	191698
a00024158	191699
a00024159	191700
a00024160	191701
a00024161	191702
a00024162	191703
a00024163	191704
a00024164	191705
a00024165	191706
a00024166	191707
a00024167	191708
a00024168	191709
a00024169	191710
a00024170	191711
a00024171	191712
a00024172	191713
a00024173	191714
a00024174	191715
a00024175	191716
a00024176	191717
a00024177	191718
a00024178	191719
a00024179	191720
a00024180	191721
a00024181	191722
a00024182	191723
a00024183	191724
a00024184	191725
a00024185	191726
a00024186	191727
a00024187	191728
a00024188	191729
a00024189	191730
a00024190	191731
a00024191	191732
a00024192	191733
a00024193	191734
a00024194	191735
a00024195	191736
a00024196	191737
a00024197	191738
a00024198	191739
a00024199	191740
a00024200	191741
a00024201	191742
a00024202	191743
a00024203	191744
a00024204	191745
a00024205	191746
a00024206	191747
a00024207	191748
a00024208	191749
a00024209	191750
a00024210	191751
a00024211	191752
a00024212	191753
a00024213	191754
a00024214	191755
a00024215	191756
a00024216	191757
a00024217	191758
a00024218	191759
a00024219	191760
a00024220	191761
a00024221	191762
a00024222	191763
a00024223	191764
a00024224	191765
a00024225	191766
a00024226	191767
a00024227	191768
a00024228	191769
a00024229	191770
a00024230	191771
a00024231	191772
a00024232	191773
a00024233	191774
a00024234	191775
a00024235	191776
a00024236	191777
a00024237	191778
a00024238	191779
a00024239	191780
a00024240	191781
a00024241	191782
a00024242	191783
a00024243	191784
a00024244	191785
a00024245	191786
a00024246	191787
a00024247	191788
a00024248	191789
a00024249	191790
a00024250	191791
a00024251	191792
a00024252	191793
a00024253	191794
a00024254	191795
a00024255	191796
a00024256	191797
a00024257	191798
a00024258	191799
a00024259	191800
a00024260	191801
a00024261	191802
a00024262	191803
a00024263	191804
a00024264	191805
a00024265	191806
a00024266	191807
a00024267	191808
a00024268	191809
a00024269	191810
a00024270	191811
a00024271	191812
a00024272	191813
a00024273	191814
a00024274	191815
a00024275	191816
a00024276	191817
a00024277	191818
a00024278	191819
a00024279	191820
a00024280	191821
a00024281	191822
a00024282	191823
a00024283	191824
a00024284	191825
a00024285	191826
a00024286	191827
a00024287	191828
a00024288	191829
a00024289	191830
a00024290	191831
a00024291	191832
a00024292	191833
a00024293	191834
a00024294	191835
a00024295	191836
a00024296	191837
a00024297	191838
a00024298	191839
a00024299	191840
a00024300	191841
a00024301	191842
a00024302	191843
a00024303	191844
a00024304	191845
a00024305	191846
a00024306	191847
a00024307	191848
a00024308	191849
a00024309	191850
a00024310	191851
a00024311	191852
a00024312	191853
a00024313	191854
a00024314	191855
a00024315	191856
a00024316	191857
a00024317	191858
a00024318	191859
a00024319	191860
a00024320	191861
a00024321	191862
a00024322	191863
a00024323	191864
a00024324	191865
a00024325	191866
a00024326	191867
a00024327	191868
a00024328	191869
a00024329	191870
a00024330	191871
a00024331	191872
a00024332	191873
a00024333	191874
a00024334	191875
a00024335	191876
a00024336	191877
a00024337	191878
a00024338	191879
a00024339	191880
a00024340	191881
a00024341	191882
a00024342	191883
a00024343	191884
a00024344	191885
a00024345	191886
a00024346	191887
a00024347	191888
a00024348	191889
a00024349	191890
a00024350	191891
a00024351	191892
a00024352	191893
a00024353	191894
a00024354	191895
a00024355	191896
a00024356	191897
a00024357	191898
a00024358	191899
a00024359	191900
a00024360	191901
a00024361	191902
a00024362	191903
a00024363	191904
a00024364	191905
a00024365	191906
a00024366	191907
a00024367	191908
a00024368	191909
a00024369	191910
a00024370	191911
a00024371	191912
a00024372	191913
a00024373	191914
a00024374	191915
a00024375	191916
a00024376	191917
a00024377	191918
a00024378	191919
a00024379	191920
a00024380	191921
a00024381	191922
a00024382	191923
a00024383	191924
a00024384	191925
a00024385	191926
a00024386	191927
a00024387	191928
a00024388	191929
a00024389	191930
a00024390	191931
a00024391	191932
a00024392	191933
a00024393	191934
a00024394	191935
a00024395	191936
a00024396	191937
a00024397	191938
a00024398	191939
a00024399	191940
a00024400	191941
a00024401	191942
a00024402	191943
a00024403	191944
a00024404	191945
a00024405	191946
a00024406	191947
a00024407	191948
a00024408	191949
a00024409	191950
a00024410	191951
a00024411	191952
a00024412	191953
a00024413	191954
a00024414	191955
a00024415	191956
a00024416	191957
a00024417	191958
a00024418	191959
a00024419	191960
a00024420	191961
a00024421	191962
a00024422	191963
a00024423	191964
a00024424	191965
a00024425	191966
a00024426	191967
a00024427	191968
a00024428	191969
a00024429	191970
a00024430	191971
a00024431	191972
a00024432	191973
a00024433	191974
a00024434	191975
a00024435	191976
a00024436	191977
a00024437	191978
a00024438	191979
a00024439	191980
a00024440	191981
a00024441	191982
a00024442	191983
a00024443	191984
a00024444	191985
a00024445	191986
a00024446	191987
a00024447	191988
a00024448	191989
a00024449	191990
a00024450	191991
a00024451	191992
a00024452	191993
a00024453	191994
a00024454	191995
a00024455	191996
a00024456	191997
a00024457	191998
a00024458	191999
a00024459	192000
a00024460	192001
a00024461	192002
a00024462	192003
a00024463	192004
a00024464	192005
a00024465	192006
a00024466	192007
a00024467	192008
a00024468	192009
a00024469	192010
a00024470	192011
a00024471	192012
a00024472	192013
a00024473	192014
a00024474	192015
a00024475	192016
a00024476	192017
a00024477	192018
a00024478	192019
a00024479	192020
a00024480	192021
a00024481	192022
a00024482	192023
a00024483	192024
a00024484	192025
a00024485	192026
a00024486	192027
a00024487	192028
a00024488	192029
a00024489	192030
a00024490	192031
a00024491	192032
a00024492	192033
a00024493	192034
a00024494	192035
a00024495	192036
a00024496	192037
a00024497	192038
a00024498	192039
a00024499	192040
a00024500	192041
a00024501	192042
a00024502	192043
a00024503	192044
a00024504	192045
a00024505	192046
a00024506	192047
a00024507	192048
a00024508	192049
a00024509	192050
a00024510	192051
a00024511	192052
a00024512	192053
a00024513	192054
a00024514	192055
a00024515	192056
a00024516	192057
a00024517	192058
a00024518	192059
a00024519	192060
a00024520	192061
a00024521	192062
a00024522	192063
a00024523	192064
a00024524	192065
a00024525	192066
a00024526	192067
a00024527	192068
a00024528	192069
a00024529	192070
a00024530	192071
a00024531	192072
a00024532	192073
a00024533	192074
a00024534	192075
a00024535	192076
a00024536	192077
a00024537	192078
a00024538	192079
a00024539	192080
a00024540	192081
a00024541	192082
a00024542	192083
a00024543	192084
a00024544	192085
a00024545	192086
a00024546	192087
a00024547	192088
a00024548	192089
a00024549	192090
a00024550	192091
a00024551	192092
a00024552	192093
a00024553	192094
a00024554	192095
a00024555	192096
a00024556	192097
a00024557	192098
a00024558	192099
a00024559	192100
a00024560	192101
a00024561	192102
a00024562	192103
a00024563	192104
a00024564	192105
a00024565	192106
a00024566	192107
a00024567	192108
a00024568	192109
a00024569	192110
a00024570	192111
a00024571	192112
a00024572	192113
a00024573	192114
a00024574	192115
a00024575	192116
a00024576	192117
a00024577	192118
a00024578	192119
a00024579	192120
a00024580	192121
a00024581	192122
a00024582	192123
a00024583	192124
a00024584	192125
a00024585	192126
a00024586	192127
a00024587	192128
a00024588	192129
a00024589	192130
a00024590	192131
a00024591	192132
a00024592	192133
a00024593	192134
a00024594	192135
a00024595	192136
a00024596	192137
a00024597	192138
a00024598	192139
a00024599	192140
a00024600	192141
a00024601	192142
a00024602	192143
a00024603	192144
a00024604	192145
a00024605	192146
a00024606	192147
a00024607	192148
a00024608	192149
a00024609	192150
a00024610	192151
a00024611	192152
a00024612	192153
a00024613	192154
a00024614	192155
a00024615	192156
a00024616	192157
a00024617	192158
a00024618	192159
a00024619	192160
a00024620	192161
a00024621	192162
a00024622	192163
a00024623	192164
a00024624	192165
a00024625	192166
a00024626	192167
a00024627	192168
a00024628	192169
a00024629	192170
a00024630	192171
a00024631	192172
a00024632	192173
a00024633	192174
a00024634	192175
a00024635	192176
a00024636	192177
a00024637	192178
a00024638	192179
a00024639	192180
a00024640	192181
a00024641	192182
a00024642	192183
a00024643	192184
a00024644	192185
a00024645	192186
a00024646	192187
a00024647	192188
a00024648	192189
a00024649	192190
a00024650	192191
a00024651	192192
a00024652	192193
a00024653	192194
a00024654	192195
a00024655	192196
a00024656	192197
a00024657	192198
a00024658	192199
a00024659	192200
a00024660	192201
a00024661	192202
a00024662	192203
a00024663	192204
a00024664	192205
a00024665	192206
a00024666	192207
a00024667	192208
a00024668	192209
a00024669	192210
a00024670	192211
a00024671	192212
a00024672	192213
a00024673	192214
a00024674	192215
a00024675	192216
a00024676	192217
a00024677	192218
a00024678	192219
a00024679	192220
a00024680	192221
a00024681	192222
a00024682	192223
a00024683	192224
a00024684	192225
a00024685	192226
a00024686	192227
a00024687	192228
a00024688	192229
a00024689	192230
a00024690	192231
a00024691	192232
a00024692	192233
a00024693	192234
a00024694	192235
a00024695	192236
a00024696	192237
a00024697	192238
a00024698	192239
a00024699	192240
a00024700	192241
a00024701	192242
a00024702	192243
a00024703	192244
a00024704	192245
a00024705	192246
a00024706	192247
a00024707	192248
a00024708	192249
a00024709	192250
a00024710	192251
a00024711	192252
a00024712	192253
a00024713	192254
a00024714	192255
a00024715	192256
a00024716	192257
a00024717	192258
a00024718	192259
a00024719	192260
a00024720	192261
a00024721	192262
a00024722	192263
a00024723	192264
a00024724	192265
a00024725	192266
a00024726	192267
a00024727	192268
a00024728	192269
a00024729	192270
a00024730	192271
a00024731	192272
a00024732	192273
a00024733	192274
a00024734	192275
a00024735	192276
a00024736	192277
a00024737	192278
a00024738	192279
a00024739	192280
a00024740	192281
a00024741	192282
a00024742	192283
a00024743	192284
a00024744	192285
a00024745	192286
a00024746	192287
a00024747	192288
a00024748	192289
a00024749	192290
a00024750	192291
a00024751	192292
a00024752	192293
a00024753	192294
a00024754	192295
a00024755	192296
a00024756	192297
a00024757	192298
a00024758	192299
a00024759	192300
a00024760	192301
a00024761	192302
a00024762	192303
a00024763	192304
a00024764	192305
a00024765	192306
a00024766	192307
a00024767	192308
a00024768	192309
a00024769	192310
a00024770	192311
a00024771	192312
a00024772	192313
a00024773	192314
a00024774	192315
a00024775	192316
a00024776	192317
a00024777	192318
a00024778	192319
a00024779	192320
a00024780	192321
a00024781	192322
a00024782	192323
a00024783	192324
a00024784	192325
a00024785	192326
a00024786	192327
a00024787	192328
a00024788	192329
a00024789	192330
a00024790	192331
a00024791	192332
a00024792	192333
a00024793	192334
a00024794	192335
a00024795	192336
a00024796	192337
a00024797	192338
a00024798	192339
a00024799	192340
a00024800	192341
a00024801	192342
a00024802	192343
a00024803	192344
a00024804	192345
a00024805	192346
a00024806	192347
a00024807	192348
a00024808	192349
a00024809	192350
a00024810	192351
a00024811	192352
a00024812	192353
a00024813	192354
a00024814	192355
a00024815	192356
a00024816	192357
a00024817	192358
a00024818	192359
a00024819	192360
a00024820	192361
a00024821	192362
a00024822	192363
a00024823	192364
a00024824	192365
a00024825	192366
a00024826	192367
a00024827	192368
a00024828	192369
a00024829	192370
a00024830	192371
a00024831	192372
a00024832	192373
a00024833	192374
a00024834	192375
a00024835	192376
a00024836	192377
a00024837	192378
a00024838	192379
a00024839	192380
a00024840	192381
a00024841	192382
a00024842	192383
a00024843	192384
a00024844	192385
a00024845	192386
a00024846	192387
a00024847	192388
a00024848	192389
a00024849	192390
a00024850	192391
a00024851	192392
a00024852	192393
a00024853	192394
a00024854	192395
a00024855	192396
a00024856	192397
a00024857	192398
a00024858	192399
a00024859	192400
a00024860	192401
a00024861	192402
a00024862	192403
a00024863	192404
a00024864	192405
a00024865	192406
a00024866	192407
a00024867	192408
a00024868	192409
a00024869	192410
a00024870	192411
a00024871	192412
a00024872	192413
a00024873	192414
a00024874	192415
a00024875	192416
a00024876	192417
a00024877	192418
a00024878	192419
a00024879	192420
a00024880	192421
a00024881	192422
a00024882	192423
a00024883	192424
a00024884	192425
a00024885	192426
a00024886	192427
a00024887	192428
a00024888	192429
a00024889	192430
a00024890	192431
a00024891	192432
a00024892	192433
a00024893	192434
a00024894	192435
a00024895	192436
a00024896	192437
a00024897	192438
a00024898	192439
a00024899	192440
a00024900	192441
a00024901	192442
a00024902	192443
a00024903	192444
a00024904	192445
a00024905	192446
a00024906	192447
a00024907	192448
a00024908	192449
a00024909	192450
a00024910	192451
a00024911	192452
a00024912	192453
a00024913	192454
a00024914	192455
a00024915	192456
a00024916	192457
a00024917	192458
a00024918	192459
a00024919	192460
a00024920	192461
a00024921	192462
a00024922	192463
a00024923	192464
a00024924	192465
a00024925	192466
a00024926	192467
a00024927	192468
a00024928	192469
a00024929	192470
a00024930	192471
a00024931	192472
a00024932	192473
a00024933	192474
a00024934	192475
a00024935	192476
a00024936	192477
a00024937	192478
a00024938	192479
a00024939	192480
a00024940	192481
a00024941	192482
a00024942	192483
a00024943	192484
a00024944	192485
a00024945	192486
a00024946	192487
a00024947	192488
a00024948	192489
a00024949	192490
a00024950	192491
a00024951	192492
a00024952	192493
a00024953	192494
a00024954	192495
a00024955	192496
a00024956	192497
a00024957	192498
a00024958	192499
a00024959	192500
a00024960	192501
a00024961	192502
a00024962	192503
a00024963	192504
a00024964	192505
a00024965	192506
a00024966	192507
a00024967	192508
a00024968	192509
a00024969	192510
a00024970	192511
a00024971	192512
a00024972	192513
a00024973	192514
a00024974	192515
a00024975	192516
a00024976	192517
a00024977	192518
a00024978	192519
a00024979	192520
a00024980	192521
a00024981	192522
a00024982	192523
a00024983	192524
a00024984	192525
a00024985	192526
a00024986	192527
a00024987	192528
a00024988	192529
a00024989	192530
a00024990	192531
a00024991	192532
a00024992	192533
a00024993	192534
a00024994	192535
a00024995	192536
a00024996	192537
a00024997	192538
a00024998	192539
a00024999	192540
a00025000	192541
a00025001	192542
a00025002	192543
a00025003	192544
a00025004	192545
a00025005	192546
a00025006	192547
a00025007	192548
a00025008	192549
a00025009	192550
a00025010	192551
a00025011	192552
a00025012	192553
a00025013	192554
a00025014	192555
a00025015	192556
a00025016	192557
a00025017	192558
a00025018	192559
a00025019	192560
a00025020	192561
a00025021	192562
a00025022	192563
a00025023	192564
a00025024	192565
a00025025	192566
a00025026	192567
a00025027	192568
a00025028	192569
a00025029	192570
a00025030	192571
a00025031	192572
a00025032	192573
a00025033	192574
a00025034	192575
a00025035	192576
a00025036	192577
a00025037	192578
a00025038	192579
a00025039	192580
a00025040	192581
a00025041	192582
a00025042	192583
a00025043	192584
a00025044	192585
a00025045	192586
a00025046	192587
a00025047	192588
a00025048	192589
a00025049	192590
a00025050	192591
a00025051	192592
a00025052	192593
a00025053	192594
a00025054	192595
a00025055	192596
a00025056	192597
a00025057	192598
a00025058	192599
a00025059	192600
a00025060	192601
a00025061	192602
a00025062	192603
a00025063	192604
a00025064	192605
a00025065	192606
a00025066	192607
a00025067	192608
a00025068	192609
a00025069	192610
a00025070	192611
a00025071	192612
a00025072	192613
a00025073	192614
a00025074	192615
a00025075	192616
a00025076	192617
a00025077	192618
a00025078	192619
a00025079	192620
a00025080	192621
a00025081	192622
a00025082	192623
a00025083	192624
a00025084	192625
a00025085	192626
a00025086	192627
a00025087	192628
a00025088	192629
a00025089	192630
a00025090	192631
a00025091	192632
a00025092	192633
a00025093	192634
a00025094	192635
a00025095	192636
a00025096	192637
a00025097	192638
a00025098	192639
a00025099	192640
a00025100	192641
a00025101	192642
a00025102	192643
a00025103	192644
a00025104	192645
a00025105	192646
a00025106	192647
a00025107	192648
a00025108	192649
a00025109	192650
a00025110	192651
a00025111	192652
a00025112	192653
a00025113	192654
a00025114	192655
a00025115	192656
a00025116	192657
a00025117	192658
a00025118	192659
a00025119	192660
a00025120	192661
a00025121	192662
a00025122	192663
a00025123	192664
a00025124	192665
a00025125	192666
a00025126	192667
a00025127	192668
a00025128	192669
a00025129	192670
a00025130	192671
a00025131	192672
a00025132	192673
a00025133	192674
a00025134	192675
a00025135	192676
a00025136	192677
a00025137	192678
a00025138	192679
a00025139	192680
a00025140	192681
a00025141	192682
a00025142	192683
a00025143	192684
a00025144	192685
a00025145	192686
a00025146	192687
a00025147	192688
a00025148	192689
a00025149	192690
a00025150	192691
a00025151	192692
a00025152	192693
a00025153	192694
a00025154	192695
a00025155	192696
a00025156	192697
a00025157	192698
a00025158	192699
a00025159	192700
a00025160	192701
a00025161	192702
a00025162	192703
a00025163	192704
a00025164	192705
a00025165	192706
a00025166	192707
a00025167	192708
a00025168	192709
a00025169	192710
a00025170	192711
a00025171	192712
a00025172	192713
a00025173	192714
a00025174	192715
a00025175	192716
a00025176	192717
a00025177	192718
a00025178	192719
a00025179	192720
a00025180	192721
a00025181	192722
a00025182	192723
a00025183	192724
a00025184	192725
a00025185	192726
a00025186	192727
a00025187	192728
a00025188	192729
a00025189	192730
a00025190	192731
a00025191	192732
a00025192	192733
a00025193	192734
a00025194	192735
a00025195	192736
a00025196	192737
a00025197	192738
a00025198	192739
a00025199	192740
a00025200	192741
a00025201	192742
a00025202	192743
a00025203	192744
a00025204	192745
a00025205	192746
a00025206	192747
a00025207	192748
a00025208	192749
a00025209	192750
a00025210	192751
a00025211	192752
a00025212	192753
a00025213	192754
a00025214	192755
a00025215	192756
a00025216	192757
a00025217	192758
a00025218	192759
a00025219	192760
a00025220	192761
a00025221	192762
a00025222	192763
a00025223	192764
a00025224	192765
a00025225	192766
a00025226	192767
a00025227	192768
a00025228	192769
a00025229	192770
a00025230	192771
a00025231	192772
a00025232	192773
a00025233	192774
a00025234	192775
a00025235	192776
a00025236	192777
a00025237	192778
a00025238	192779
a00025239	192780
a00025240	192781
a00025241	192782
a00025242	192783
a00025243	192784
a00025244	192785
a00025245	192786
a00025246	192787
a00025247	192788
a00025248	192789
a00025249	192790
a00025250	192791
a00025251	192792
a00025252	192793
a00025253	192794
a00025254	192795
a00025255	192796
a00025256	192797
a00025257	192798
a00025258	192799
a00025259	192800
a00025260	192801
a00025261	192802
a00025262	192803
a00025263	192804
a00025264	192805
a00025265	192806
a00025266	192807
a00025267	192808
a00025268	192809
a00025269	192810
a00025270	192811
a00025271	192812
a00025272	192813
a00025273	192814
a00025274	192815
a00025275	192816
a00025276	192817
a00025277	192818
a00025278	192819
a00025279	192820
a00025280	192821
a00025281	192822
a00025282	192823
a00025283	192824
a00025284	192825
a00025285	192826
a00025286	192827
a00025287	192828
a00025288	192829
a00025289	192830
a00025290	192831
a00025291	192832
a00025292	192833
a00025293	192834
a00025294	192835
a00025295	192836
a00025296	192837
a00025297	192838
a00025298	192839
a00025299	192840
a00025300	192841
a00025301	192842
a00025302	192843
a00025303	192844
a00025304	192845
a00025305	192846
a00025306	192847
a00025307	192848
a00025308	192849
a00025309	192850
a00025310	192851
a00025311	192852
a00025312	192853
a00025313	192854
a00025314	192855
a00025315	192856
a00025316	192857
a00025317	192858
a00025318	192859
a00025319	192860
a00025320	192861
a00025321	192862
a00025322	192863
a00025323	192864
a00025324	192865
a00025325	192866
a00025326	192867
a00025327	192868
a00025328	192869
a00025329	192870
a00025330	192871
a00025331	192872
a00025332	192873
a00025333	192874
a00025334	192875
a00025335	192876
a00025336	192877
a00025337	192878
a00025338	192879
a00025339	192880
a00025340	192881
a00025341	192882
a00025342	192883
a00025343	192884
a00025344	192885
a00025345	192886
a00025346	192887
a00025347	192888
a00025348	192889
a00025349	192890
a00025350	192891
a00025351	192892
a00025352	192893
a00025353	192894
a00025354	192895
a00025355	192896
a00025356	192897
a00025357	192898
a00025358	192899
a00025359	192900
a00025360	192901
a00025361	192902
a00025362	192903
a00025363	192904
a00025364	192905
a00025365	192906
a00025366	192907
a00025367	192908
a00025368	192909
a00025369	192910
a00025370	192911
a00025371	192912
a00025372	192913
a00025373	192914
a00025374	192915
a00025375	192916
a00025376	192917
a00025377	192918
a00025378	192919
a00025379	192920
a00025380	192921
a00025381	192922
a00025382	192923
a00025383	192924
a00025384	192925
a00025385	192926
a00025386	192927
a00025387	192928
a00025388	192929
a00025389	192930
a00025390	192931
a00025391	192932
a00025392	192933
a00025393	192934
a00025394	192935
a00025395	192936
a00025396	192937
a00025397	192938
a00025398	192939
a00025399	192940
a00025400	192941
a00025401	192942
a00025402	192943
a00025403	192944
a00025404	192945
a00025405	192946
a00025406	192947
a00025407	192948
a00025408	192949
a00025409	192950
a00025410	192951
a00025411	192952
a00025412	192953
a00025413	192954
a00025414	192955
a00025415	192956
a00025416	192957
a00025417	192958
a00025418	192959
a00025419	192960
a00025420	192961
a00025421	192962
a00025422	192963
a00025423	192964
a00025424	192965
a00025425	192966
a00025426	192967
a00025427	192968
a00025428	192969
a00025429	192970
a00025430	192971
a00025431	192972
a00025432	192973
a00025433	192974
a00025434	192975
a00025435	192976
a00025436	192977
a00025437	192978
a00025438	192979
a00025439	192980
a00025440	192981
a00025441	192982
a00025442	192983
a00025443	192984
a00025444	192985
a00025445	192986
a00025446	192987
a00025447	192988
a00025448	192989
a00025449	192990
a00025450	192991
a00025451	192992
a00025452	192993
a00025453	192994
a00025454	192995
a00025455	192996
a00025456	192997
a00025457	192998
a00025458	192999
a00025459	193000
a00025460	193001
a00025461	193002
a00025462	193003
a00025463	193004
a00025464	193005
a00025465	193006
a00025466	193007
a00025467	193008
a00025468	193009
a00025469	193010
a00025470	193011
a00025471	193012
a00025472	193013
a00025473	193014
a00025474	193015
a00025475	193016
a00025476	193017
a00025477	193018
a00025478	193019
a00025479	193020
a00025480	193021
a00025481	193022
a00025482	193023
a00025483	193024
a00025484	193025
a00025485	193026
a00025486	193027
a00025487	193028
a00025488	193029
a00025489	193030
a00025490	193031
a00025491	193032
a00025492	193033
a00025493	193034
a00025494	193035
a00025495	193036
a00025496	193037
a00025497	193038
a00025498	193039
a00025499	193040
a00025500	193041
a00025501	193042
a00025502	193043
a00025503	193044
a00025504	193045
a00025505	193046
a00025506	193047
a00025507	193048
a00025508	193049
a00025509	193050
a00025510	193051
a00025511	193052
a00025512	193053
a00025513	193054
a00025514	193055
a00025515	193056
a00025516	193057
a00025517	193058
a00025518	193059
a00025519	193060
a00025520	193061
a00025521	193062
a00025522	193063
a00025523	193064
a00025524	193065
a00025525	193066
a00025526	193067
a00025527	193068
a00025528	193069
a00025529	193070
a00025530	193071
a00025531	193072
a00025532	193073
a00025533	193074
a00025534	193075
a00025535	193076
a00025536	193077
a00025537	193078
a00025538	193079
a00025539	193080
a00025540	193081
a00025541	193082
a00025542	193083
a00025543	193084
a00025544	193085
a00025545	193086
a00025546	193087
a00025547	193088
a00025548	193089
a00025549	193090
a00025550	193091
a00025551	193092
a00025552	193093
a00025553	193094
a00025554	193095
a00025555	193096
a00025556	193097
a00025557	193098
a00025558	193099
a00025559	193100
a00025560	193101
a00025561	193102
a00025562	193103
a00025563	193104
a00025564	193105
a00025565	193106
a00025566	193107
a00025567	193108
a00025568	193109
a00025569	193110
a00025570	193111
a00025571	193112
a00025572	193113
a00025573	193114
a00025574	193115
a00025575	193116
a00025576	193117
a00025577	193118
a00025578	193119
a00025579	193120
a00025580	193121
a00025581	193122
a00025582	193123
a00025583	193124
a00025584	193125
a00025585	193126
a00025586	193127
a00025587	193128
a00025588	193129
a00025589	193130
a00025590	193131
a00025591	193132
a00025592	193133
a00025593	193134
a00025594	193135
a00025595	193136
a00025596	193137
a00025597	193138
a00025598	193139
a00025599	193140
a00025600	193141
a00025601	193142
a00025602	193143
a00025603	193144
a00025604	193145
a00025605	193146
a00025606	193147
a00025607	193148
a00025608	193149
a00025609	193150
a00025610	193151
a00025611	193152
a00025612	193153
a00025613	193154
a00025614	193155
a00025615	193156
a00025616	193157
a00025617	193158
a00025618	193159
a00025619	193160
a00025620	193161
a00025621	193162
a00025622	193163
a00025623	193164
a00025624	193165
a00025625	193166
a00025626	193167
a00025627	193168
a00025628	193169
a00025629	193170
a00025630	193171
a00025631	193172
a00025632	193173
a00025633	193174
a00025634	193175
a00025635	193176
a00025636	193177
a00025637	193178
a00025638	193179
a00025639	193180
a00025640	193181
a00025641	193182
a00025642	193183
a00025643	193184
a00025644	193185
a00025645	193186
a00025646	193187
a00025647	193188
a00025648	193189
a00025649	193190
a00025650	193191
a00025651	193192
a00025652	193193
a00025653	193194
a00025654	193195
a00025655	193196
a00025656	193197
a00025657	193198
a00025658	193199
a00025659	193200
a00025660	193201
a00025661	193202
a00025662	193203
a00025663	193204
a00025664	193205
a00025665	193206
a00025666	193207
a00025667	193208
a00025668	193209
a00025669	193210
a00025670	193211
a00025671	193212
a00025672	193213
a00025673	193214
a00025674	193215
a00025675	193216
a00025676	193217
a00025677	193218
a00025678	193219
a00025679	193220
a00025680	193221
a00025681	193222
a00025682	193223
a00025683	193224
a00025684	193225
a00025685	193226
a00025686	193227
a00025687	193228
a00025688	193229
a00025689	193230
a00025690	193231
a00025691	193232
a00025692	193233
a00025693	193234
a00025694	193235
a00025695	193236
a00025696	193237
a00025697	193238
a00025698	193239
a00025699	193240
a00025700	193241
a00025701	193242
a00025702	193243
a00025703	193244
a00025704	193245
a00025705	193246
a00025706	193247
a00025707	193248
a00025708	193249
a00025709	193250
a00025710	193251
a00025711	193252
a00025712	193253
a00025713	193254
a00025714	193255
a00025715	193256
a00025716	193257
a00025717	193258
a00025718	193259
a00025719	193260
a00025720	193261
a00025721	193262
a00025722	193263
a00025723	193264
a00025724	193265
a00025725	193266
a00025726	193267
a00025727	193268
a00025728	193269
a00025729	193270
a00025730	193271
a00025731	193272
a00025732	193273
a00025733	193274
a00025734	193275
a00025735	193276
a00025736	193277
a00025737	193278
a00025738	193279
a00025739	193280
a00025740	193281
a00025741	193282
a00025742	193283
a00025743	193284
a00025744	193285
a00025745	193286
a00025746	193287
a00025747	193288
a00025748	193289
a00025749	193290
a00025750	193291
a00025751	193292
a00025752	193293
a00025753	193294
a00025754	193295
a00025755	193296
a00025756	193297
a00025757	193298
a00025758	193299
a00025759	193300
a00025760	193301
a00025761	193302
a00025762	193303
a00025763	193304
a00025764	193305
a00025765	193306
a00025766	193307
a00025767	193308
a00025768	193309
a00025769	193310
a00025770	193311
a00025771	193312
a00025772	193313
a00025773	193314
a00025774	193315
a00025775	193316
a00025776	193317
a00025777	193318
a00025778	193319
a00025779	193320
a00025780	193321
a00025781	193322
a00025782	193323
a00025783	193324
a00025784	193325
a00025785	193326
a00025786	193327
a00025787	193328
a00025788	193329
a00025789	193330
a00025790	193331
a00025791	193332
a00025792	193333
a00025793	193334
a00025794	193335
a00025795	193336
a00025796	193337
a00025797	193338
a00025798	193339
a00025799	193340
a00025800	193341
a00025801	193342
a00025802	193343
a00025803	193344
a00025804	193345
a00025805	193346
a00025806	193347
a00025807	193348
a00025808	193349
a00025809	193350
a00025810	193351
a00025811	193352
a00025812	193353
a00025813	193354
a00025814	193355
a00025815	193356
a00025816	193357
a00025817	193358
a00025818	193359
a00025819	193360
a00025820	193361
a00025821	193362
a00025822	193363
a00025823	193364
a00025824	193365
a00025825	193366
a00025826	193367
a00025827	193368
a00025828	193369
a00025829	193370
a00025830	193371
a00025831	193372
a00025832	193373
a00025833	193374
a00025834	193375
a00025835	193376
a00025836	193377
a00025837	193378
a00025838	193379
a00025839	193380
a00025840	193381
a00025841	193382
a00025842	193383
a00025843	193384
a00025844	193385
a00025845	193386
a00025846	193387
a00025847	193388
a00025848	193389
a00025849	193390
a00025850	193391
a00025851	193392
a00025852	193393
a00025853	193394
a00025854	193395
a00025855	193396
a00025856	193397
a00025857	193398
a00025858	193399
a00025859	193400
a00025860	193401
a00025861	193402
a00025862	193403
a00025863	193404
a00025864	193405
a00025865	193406
a00025866	193407
a00025867	193408
a00025868	193409
a00025869	193410
a00025870	193411
a00025871	193412
a00025872	193413
a00025873	193414
a00025874	193415
a00025875	193416
a00025876	193417
a00025877	193418
a00025878	193419
a00025879	193420
a00025880	193421
a00025881	193422
a00025882	193423
a00025883	193424
a00025884	193425
a00025885	193426
a00025886	193427
a00025887	193428
a00025888	193429
a00025889	193430
a00025890	193431
a00025891	193432
a00025892	193433
a00025893	193434
a00025894	193435
a00025895	193436
a00025896	193437
a00025897	193438
a00025898	193439
a00025899	193440
a00025900	193441
a00025901	193442
a00025902	193443
a00025903	193444
a00025904	193445
a00025905	193446
a00025906	193447
a00025907	193448
a00025908	193449
a00025909	193450
a00025910	193451
a00025911	193452
a00025912	193453
a00025913	193454
a00025914	193455
a00025915	193456
a00025916	193457
a00025917	193458
a00025918	193459
a00025919	193460
a00025920	193461
a00025921	193462
a00025922	193463
a00025923	193464
a00025924	193465
a00025925	193466
a00025926	193467
a00025927	193468
a00025928	193469
a00025929	193470
a00025930	193471
a00025931	193472
a00025932	193473
a00025933	193474
a00025934	193475
a00025935	193476
a00025936	193477
a00025937	193478
a00025938	193479
a00025939	193480
a00025940	193481
a00025941	193482
a00025942	193483
a00025943	193484
a00025944	193485
a00025945	193486
a00025946	193487
a00025947	193488
a00025948	193489
a00025949	193490
a00025950	193491
a00025951	193492
a00025952	193493
a00025953	193494
a00025954	193495
a00025955	193496
a00025956	193497
a00025957	193498
a00025958	193499
a00025959	193500
a00025960	193501
a00025961	193502
a00025962	193503
a00025963	193504
a00025964	193505
a00025965	193506
a00025966	193507
a00025967	193508
a00025968	193509
a00025969	193510
a00025970	193511
a00025971	193512
a00025972	193513
a00025973	193514
a00025974	193515
a00025975	193516
a00025976	193517
a00025977	193518
a00025978	193519
a00025979	193520
a00025980	193521
a00025981	193522
a00025982	193523
a00025983	193524
a00025984	193525
a00025985	193526
a00025986	193527
a00025987	193528
a00025988	193529
a00025989	193530
a00025990	193531
a00025991	193532
a00025992	193533
a00025993	193534
a00025994	193535
a00025995	193536
a00025996	193537
a00025997	193538
a00025998	193539
a00025999	193540
a00026000	193541
a00026001	193542
a00026002	193543
a00026003	193544
a00026004	193545
a00026005	193546
a00026006	193547
a00026007	193548
a00026008	193549
a00026009	193550
a00026010	193551
a00026011	193552
a00026012	193553
a00026013	193554
a00026014	193555
a00026015	193556
a00026016	193557
a00026017	193558
a00026018	193559
a00026019	193560
a00026020	193561
a00026021	193562
a00026022	193563
a00026023	193564
a00026024	193565
a00026025	193566
a00026026	193567
a00026027	193568
a00026028	193569
a00026029	193570
a00026030	193571
a00026031	193572
a00026032	193573
a00026033	193574
a00026034	193575
a00026035	193576
a00026036	193577
a00026037	193578
a00026038	193579
a00026039	193580
a00026040	193581
a00026041	193582
a00026042	193583
a00026043	193584
a00026044	193585
a00026045	193586
a00026046	193587
a00026047	193588
a00026048	193589
a00026049	193590
a00026050	193591
a00026051	193592
a00026052	193593
a00026053	193594
a00026054	193595
a00026055	193596
a00026056	193597
a00026057	193598
a00026058	193599
a00026059	193600
a00026060	193601
a00026061	193602
a00026062	193603
a00026063	193604
a00026064	193605
a00026065	193606
a00026066	193607
a00026067	193608
a00026068	193609
a00026069	193610
a00026070	193611
a00026071	193612
a00026072	193613
a00026073	193614
a00026074	193615
a00026075	193616
a00026076	193617
a00026077	193618
a00026078	193619
a00026079	193620
a00026080	193621
a00026081	193622
a00026082	193623
a00026083	193624
a00026084	193625
a00026085	193626
a00026086	193627
a00026087	193628
a00026088	193629
a00026089	193630
a00026090	193631
a00026091	193632
a00026092	193633
a00026093	193634
a00026094	193635
a00026095	193636
a00026096	193637
a00026097	193638
a00026098	193639
a00026099	193640
a00026100	193641
a00026101	193642
a00026102	193643
a00026103	193644
a00026104	193645
a00026105	193646
a00026106	193647
a00026107	193648
a00026108	193649
a00026109	193650
a00026110	193651
a00026111	193652
a00026112	193653
a00026113	193654
a00026114	193655
a00026115	193656
a00026116	193657
a00026117	193658
a00026118	193659
a00026119	193660
a00026120	193661
a00026121	193662
a00026122	193663
a00026123	193664
a00026124	193665
a00026125	193666
a00026126	193667
a00026127	193668
a00026128	193669
a00026129	193670
a00026130	193671
a00026131	193672
a00026132	193673
a00026133	193674
a00026134	193675
a00026135	193676
a00026136	193677
a00026137	193678
a00026138	193679
a00026139	193680
a00026140	193681
a00026141	193682
a00026142	193683
a00026143	193684
a00026144	193685
a00026145	193686
a00026146	193687
a00026147	193688
a00026148	193689
a00026149	193690
a00026150	193691
a00026151	193692
a00026152	193693
a00026153	193694
a00026154	193695
a00026155	193696
a00026156	193697
a00026157	193698
a00026158	193699
a00026159	193700
a00026160	193701
a00026161	193702
a00026162	193703
a00026163	193704
a00026164	193705
a00026165	193706
a00026166	193707
a00026167	193708
a00026168	193709
a00026169	193710
a00026170	193711
a00026171	193712
a00026172	193713
a00026173	193714
a00026174	193715
a00026175	193716
a00026176	193717
a00026177	193718
a00026178	193719
a00026179	193720
a00026180	193721
a00026181	193722
a00026182	193723
a00026183	193724
a00026184	193725
a00026185	193726
a00026186	193727
a00026187	193728
a00026188	193729
a00026189	193730
a00026190	193731
a00026191	193732
a00026192	193733
a00026193	193734
a00026194	193735
a00026195	193736
a00026196	193737
a00026197	193738
a00026198	193739
a00026199	193740
a00026200	193741
a00026201	193742
a00026202	193743
a00026203	193744
a00026204	193745
a00026205	193746
a00026206	193747
a00026207	193748
a00026208	193749
a00026209	193750
a00026210	193751
a00026211	193752
a00026212	193753
a00026213	193754
a00026214	193755
a00026215	193756
a00026216	193757
a00026217	193758
a00026218	193759
a00026219	193760
a00026220	193761
a00026221	193762
a00026222	193763
a00026223	193764
a00026224	193765
a00026225	193766
a00026226	193767
a00026227	193768
a00026228	193769
a00026229	193770
a00026230	193771
a00026231	193772
a00026232	193773
a00026233	193774
a00026234	193775
a00026235	193776
a00026236	193777
a00026237	193778
a00026238	193779
a00026239	193780
a00026240	193781
a00026241	193782
a00026242	193783
a00026243	193784
a00026244	193785
a00026245	193786
a00026246	193787
a00026247	193788
a00026248	193789
a00026249	193790
a00026250	193791
a00026251	193792
a00026252	193793
a00026253	193794
a00026254	193795
a00026255	193796
a00026256	193797
a00026257	193798
a00026258	193799
a00026259	193800
a00026260	193801
a00026261	193802
a00026262	193803
a00026263	193804
a00026264	193805
a00026265	193806
a00026266	193807
a00026267	193808
a00026268	193809
a00026269	193810
a00026270	193811
a00026271	193812
a00026272	193813
a00026273	193814
a00026274	193815
a00026275	193816
a00026276	193817
a00026277	193818
a00026278	193819
a00026279	193820
a00026280	193821
a00026281	193822
a00026282	193823
a00026283	193824
a00026284	193825
a00026285	193826
a00026286	193827
a00026287	193828
a00026288	193829
a00026289	193830
a00026290	193831
a00026291	193832
a00026292	193833
a00026293	193834
a00026294	193835
a00026295	193836
a00026296	193837
a00026297	193838
a00026298	193839
a00026299	193840
a00026300	193841
a00026301	193842
a00026302	193843
a00026303	193844
a00026304	193845
a00026305	193846
a00026306	193847
a00026307	193848
a00026308	193849
a00026309	193850
a00026310	193851
a00026311	193852
a00026312	193853
a00026313	193854
a00026314	193855
a00026315	193856
a00026316	193857
a00026317	193858
a00026318	193859
a00026319	193860
a00026320	193861
a00026321	193862
a00026322	193863
a00026323	193864
a00026324	193865
a00026325	193866
a00026326	193867
a00026327	193868
a00026328	193869
a00026329	193870
a00026330	193871
a00026331	193872
a00026332	193873
a00026333	193874
a00026334	193875
a00026335	193876
a00026336	193877
a00026337	193878
a00026338	193879
a00026339	193880
a00026340	193881
a00026341	193882
a00026342	193883
a00026343	193884
a00026344	193885
a00026345	193886
a00026346	193887
a00026347	193888
a00026348	193889
a00026349	193890
a00026350	193891
a00026351	193892
a00026352	193893
a00026353	193894
a00026354	193895
a00026355	193896
a00026356	193897
a00026357	193898
a00026358	193899
a00026359	193900
a00026360	193901
a00026361	193902
a00026362	193903
a00026363	193904
a00026364	193905
a00026365	193906
a00026366	193907
a00026367	193908
a00026368	193909
a00026369	193910
a00026370	193911
a00026371	193912
a00026372	193913
a00026373	193914
a00026374	193915
a00026375	193916
a00026376	193917
a00026377	193918
a00026378	193919
a00026379	193920
a00026380	193921
a00026381	193922
a00026382	193923
a00026383	193924
a00026384	193925
a00026385	193926
a00026386	193927
a00026387	193928
a00026388	193929
a00026389	193930
a00026390	193931
a00026391	193932
a00026392	193933
a00026393	193934
a00026394	193935
a00026395	193936
a00026396	193937
a00026397	193938
a00026398	193939
a00026399	193940
a00026400	193941
a00026401	193942
a00026402	193943
a00026403	193944
a00026404	193945
a00026405	193946
a00026406	193947
a00026407	193948
a00026408	193949
a00026409	193950
a00026410	193951
a00026411	193952
a00026412	193953
a00026413	193954
a00026414	193955
a00026415	193956
a00026416	193957
a00026417	193958
a00026418	193959
a00026419	193960
a00026420	193961
a00026421	193962
a00026422	193963
a00026423	193964
a00026424	193965
a00026425	193966
a00026426	193967
a00026427	193968
a00026428	193969
a00026429	193970
a00026430	193971
a00026431	193972
a00026432	193973
a00026433	193974
a00026434	193975
a00026435	193976
a00026436	193977
a00026437	193978
a00026438	193979
a00026439	193980
a00026440	193981
a00026441	193982
a00026442	193983
a00026443	193984
a00026444	193985
a00026445	193986
a00026446	193987
a00026447	193988
a00026448	193989
a00026449	193990
a00026450	193991
a00026451	193992
a00026452	193993
a00026453	193994
a00026454	193995
a00026455	193996
a00026456	193997
a00026457	193998
a00026458	193999
a00026459	194000
a00026460	194001
a00026461	194002
a00026462	194003
a00026463	194004
a00026464	194005
a00026465	194006
a00026466	194007
a00026467	194008
a00026468	194009
a00026469	194010
a00026470	194011
a00026471	194012
a00026472	194013
a00026473	194014
a00026474	194015
a00026475	194016
a00026476	194017
a00026477	194018
a00026478	194019
a00026479	194020
a00026480	194021
a00026481	194022
a00026482	194023
a00026483	194024
a00026484	194025
a00026485	194026
a00026486	194027
a00026487	194028
a00026488	194029
a00026489	194030
a00026490	194031
a00026491	194032
a00026492	194033
a00026493	194034
a00026494	194035
a00026495	194036
a00026496	194037
a00026497	194038
a00026498	194039
a00026499	194040
a00026500	194041
a00026501	194042
a00026502	194043
a00026503	194044
a00026504	194045
a00026505	194046
a00026506	194047
a00026507	194048
a00026508	194049
a00026509	194050
a00026510	194051
a00026511	194052
a00026512	194053
a00026513	194054
a00026514	194055
a00026515	194056
a00026516	194057
a00026517	194058
a00026518	194059
a00026519	194060
a00026520	194061
a00026521	194062
a00026522	194063
a00026523	194064
a00026524	194065
a00026525	194066
a00026526	194067
a00026527	194068
a00026528	194069
a00026529	194070
a00026530	194071
a00026531	194072
a00026532	194073
a00026533	194074
a00026534	194075
a00026535	194076
a00026536	194077
a00026537	194078
a00026538	194079
a00026539	194080
a00026540	194081
a00026541	194082
a00026542	194083
a00026543	194084
a00026544	194085
a00026545	194086
a00026546	194087
a00026547	194088
a00026548	194089
a00026549	194090
a00026550	194091
a00026551	194092
a00026552	194093
a00026553	194094
a00026554	194095
a00026555	194096
a00026556	194097
a00026557	194098
a00026558	194099
a00026559	194100
a00026560	194101
a00026561	194102
a00026562	194103
a00026563	194104
a00026564	194105
a00026565	194106
a00026566	194107
a00026567	194108
a00026568	194109
a00026569	194110
a00026570	194111
a00026571	194112
a00026572	194113
a00026573	194114
a00026574	194115
a00026575	194116
a00026576	194117
a00026577	194118
a00026578	194119
a00026579	194120
a00026580	194121
a00026581	194122
a00026582	194123
a00026583	194124
a00026584	194125
a00026585	194126
a00026586	194127
a00026587	194128
a00026588	194129
a00026589	194130
a00026590	194131
a00026591	194132
a00026592	194133
a00026593	194134
a00026594	194135
a00026595	194136
a00026596	194137
a00026597	194138
a00026598	194139
a00026599	194140
a00026600	194141
a00026601	194142
a00026602	194143
a00026603	194144
a00026604	194145
a00026605	194146
a00026606	194147
a00026607	194148
a00026608	194149
a00026609	194150
a00026610	194151
a00026611	194152
a00026612	194153
a00026613	194154
a00026614	194155
a00026615	194156
a00026616	194157
a00026617	194158
a00026618	194159
a00026619	194160
a00026620	194161
a00026621	194162
a00026622	194163
a00026623	194164
a00026624	194165
a00026625	194166
a00026626	194167
a00026627	194168
a00026628	194169
a00026629	194170
a00026630	194171
a00026631	194172
a00026632	194173
a00026633	194174
a00026634	194175
a00026635	194176
a00026636	194177
a00026637	194178
a00026638	194179
a00026639	194180
a00026640	194181
a00026641	194182
a00026642	194183
a00026643	194184
a00026644	194185
a00026645	194186
a00026646	194187
a00026647	194188
a00026648	194189
a00026649	194190
a00026650	194191
a00026651	194192
a00026652	194193
a00026653	194194
a00026654	194195
a00026655	194196
a00026656	194197
a00026657	194198
a00026658	194199
a00026659	194200
a00026660	194201
a00026661	194202
a00026662	194203
a00026663	194204
a00026664	194205
a00026665	194206
a00026666	194207
a00026667	194208
a00026668	194209
a00026669	194210
a00026670	194211
a00026671	194212
a00026672	194213
a00026673	194214
a00026674	194215
a00026675	194216
a00026676	194217
a00026677	194218
a00026678	194219
a00026679	194220
a00026680	194221
a00026681	194222
a00026682	194223
a00026683	194224
a00026684	194225
a00026685	194226
a00026686	194227
a00026687	194228
a00026688	194229
a00026689	194230
a00026690	194231
a00026691	194232
a00026692	194233
a00026693	194234
a00026694	194235
a00026695	194236
a00026696	194237
a00026697	194238
a00026698	194239
a00026699	194240
a00026700	194241
a00026701	194242
a00026702	194243
a00026703	194244
a00026704	194245
a00026705	194246
a00026706	194247
a00026707	194248
a00026708	194249
a00026709	194250
a00026710	194251
a00026711	194252
a00026712	194253
a00026713	194254
a00026714	194255
a00026715	194256
a00026716	194257
a00026717	194258
a00026718	194259
a00026719	194260
a00026720	194261
a00026721	194262
a00026722	194263
a00026723	194264
a00026724	194265
a00026725	194266
a00026726	194267
a00026727	194268
a00026728	194269
a00026729	194270
a00026730	194271
a00026731	194272
a00026732	194273
a00026733	194274
a00026734	194275
a00026735	194276
a00026736	194277
a00026737	194278
a00026738	194279
a00026739	194280
a00026740	194281
a00026741	194282
a00026742	194283
a00026743	194284
a00026744	194285
a00026745	194286
a00026746	194287
a00026747	194288
a00026748	194289
a00026749	194290
a00026750	194291
a00026751	194292
a00026752	194293
a00026753	194294
a00026754	194295
a00026755	194296
a00026756	194297
a00026757	194298
a00026758	194299
a00026759	194300
a00026760	194301
a00026761	194302
a00026762	194303
a00026763	194304
a00026764	194305
a00026765	194306
a00026766	194307
a00026767	194308
a00026768	194309
a00026769	194310
a00026770	194311
a00026771	194312
a00026772	194313
a00026773	194314
a00026774	194315
a00026775	194316
a00026776	194317
a00026777	194318
a00026778	194319
a00026779	194320
a00026780	194321
a00026781	194322
a00026782	194323
a00026783	194324
a00026784	194325
a00026785	194326
a00026786	194327
a00026787	194328
a00026788	194329
a00026789	194330
a00026790	194331
a00026791	194332
a00026792	194333
a00026793	194334
a00026794	194335
a00026795	194336
a00026796	194337
a00026797	194338
a00026798	194339
a00026799	194340
a00026800	194341
a00026801	194342
a00026802	194343
a00026803	194344
a00026804	194345
a00026805	194346
a00026806	194347
a00026807	194348
a00026808	194349
a00026809	194350
a00026810	194351
a00026811	194352
a00026812	194353
a00026813	194354
a00026814	194355
a00026815	194356
a00026816	194357
a00026817	194358
a00026818	194359
a00026819	194360
a00026820	194361
a00026821	194362
a00026822	194363
a00026823	194364
a00026824	194365
a00026825	194366
a00026826	194367
a00026827	194368
a00026828	194369
a00026829	194370
a00026830	194371
a00026831	194372
a00026832	194373
a00026833	194374
a00026834	194375
a00026835	194376
a00026836	194377
a00026837	194378
a00026838	194379
a00026839	194380
a00026840	194381
a00026841	194382
a00026842	194383
a00026843	194384
a00026844	194385
a00026845	194386
a00026846	194387
a00026847	194388
a00026848	194389
a00026849	194390
a00026850	194391
a00026851	194392
a00026852	194393
a00026853	194394
a00026854	194395
a00026855	194396
a00026856	194397
a00026857	194398
a00026858	194399
a00026859	194400
a00026860	194401
a00026861	194402
a00026862	194403
a00026863	194404
a00026864	194405
a00026865	194406
a00026866	194407
a00026867	194408
a00026868	194409
a00026869	194410
a00026870	194411
a00026871	194412
a00026872	194413
a00026873	194414
a00026874	194415
a00026875	194416
a00026876	194417
a00026877	194418
a00026878	194419
a00026879	194420
a00026880	194421
a00026881	194422
a00026882	194423
a00026883	194424
a00026884	194425
a00026885	194426
a00026886	194427
a00026887	194428
a00026888	194429
a00026889	194430
a00026890	194431
a00026891	194432
a00026892	194433
a00026893	194434
a00026894	194435
a00026895	194436
a00026896	194437
a00026897	194438
a00026898	194439
a00026899	194440
a00026900	194441
a00026901	194442
a00026902	194443
a00026903	194444
a00026904	194445
a00026905	194446
a00026906	194447
a00026907	194448
a00026908	194449
a00026909	194450
a00026910	194451
a00026911	194452
a00026912	194453
a00026913	194454
a00026914	194455
a00026915	194456
a00026916	194457
a00026917	194458
a00026918	194459
a00026919	194460
a00026920	194461
a00026921	194462
a00026922	194463
a00026923	194464
a00026924	194465
a00026925	194466
a00026926	194467
a00026927	194468
a00026928	194469
a00026929	194470
a00026930	194471
a00026931	194472
a00026932	194473
a00026933	194474
a00026934	194475
a00026935	194476
a00026936	194477
a00026937	194478
a00026938	194479
a00026939	194480
a00026940	194481
a00026941	194482
a00026942	194483
a00026943	194484
a00026944	194485
a00026945	194486
a00026946	194487
a00026947	194488
a00026948	194489
a00026949	194490
a00026950	194491
a00026951	194492
a00026952	194493
a00026953	194494
a00026954	194495
a00026955	194496
a00026956	194497
a00026957	194498
a00026958	194499
a00026959	194500
a00026960	194501
a00026961	194502
a00026962	194503
a00026963	194504
a00026964	194505
a00026965	194506
a00026966	194507
a00026967	194508
a00026968	194509
a00026969	194510
a00026970	194511
a00026971	194512
a00026972	194513
a00026973	194514
a00026974	194515
a00026975	194516
a00026976	194517
a00026977	194518
a00026978	194519
a00026979	194520
a00026980	194521
a00026981	194522
a00026982	194523
a00026983	194524
a00026984	194525
a00026985	194526
a00026986	194527
a00026987	194528
a00026988	194529
a00026989	194530
a00026990	194531
a00026991	194532
a00026992	194533
a00026993	194534
a00026994	194535
a00026995	194536
a00026996	194537
a00026997	194538
a00026998	194539
a00026999	194540
a00027000	194541
a00027001	194542
a00027002	194543
a00027003	194544
a00027004	194545
a00027005	194546
a00027006	194547
a00027007	194548
a00027008	194549
a00027009	194550
a00027010	194551
a00027011	194552
a00027012	194553
a00027013	194554
a00027014	194555
a00027015	194556
a00027016	194557
a00027017	194558
a00027018	194559
a00027019	194560
a00027020	194561
a00027021	194562
a00027022	194563
a00027023	194564
a00027024	194565
a00027025	194566
a00027026	194567
a00027027	194568
a00027028	194569
a00027029	194570
a00027030	194571
a00027031	194572
a00027032	194573
a00027033	194574
a00027034	194575
a00027035	194576
a00027036	194577
a00027037	194578
a00027038	194579
a00027039	194580
a00027040	194581
a00027041	194582
a00027042	194583
a00027043	194584
a00027044	194585
a00027045	194586
a00027046	194587
a00027047	194588
a00027048	194589
a00027049	194590
a00027050	194591
a00027051	194592
a00027052	194593
a00027053	194594
a00027054	194595
a00027055	194596
a00027056	194597
a00027057	194598
a00027058	194599
a00027059	194600
a00027060	194601
a00027061	194602
a00027062	194603
a00027063	194604
a00027064	194605
a00027065	194606
a00027066	194607
a00027067	194608
a00027068	194609
a00027069	194610
a00027070	194611
a00027071	194612
a00027072	194613
a00027073	194614
a00027074	194615
a00027075	194616
a00027076	194617
a00027077	194618
a00027078	194619
a00027079	194620
a00027080	194621
a00027081	194622
a00027082	194623
a00027083	194624
a00027084	194625
a00027085	194626
a00027086	194627
a00027087	194628
a00027088	194629
a00027089	194630
a00027090	194631
a00027091	194632
a00027092	194633
a00027093	194634
a00027094	194635
a00027095	194636
a00027096	194637
a00027097	194638
a00027098	194639
a00027099	194640
a00027100	194641
a00027101	194642
a00027102	194643
a00027103	194644
a00027104	194645
a00027105	194646
a00027106	194647
a00027107	194648
a00027108	194649
a00027109	194650
a00027110	194651
a00027111	194652
a00027112	194653
a00027113	194654
a00027114	194655
a00027115	194656
a00027116	194657
a00027117	194658
a00027118	194659
a00027119	194660
a00027120	194661
a00027121	194662
a00027122	194663
a00027123	194664
a00027124	194665
a00027125	194666
a00027126	194667
a00027127	194668
a00027128	194669
a00027129	194670
a00027130	194671
a00027131	194672
a00027132	194673
a00027133	194674
a00027134	194675
a00027135	194676
a00027136	194677
a00027137	194678
a00027138	194679
a00027139	194680
a00027140	194681
a00027141	194682
a00027142	194683
a00027143	194684
a00027144	194685
a00027145	194686
a00027146	194687
a00027147	194688
a00027148	194689
a00027149	194690
a00027150	194691
a00027151	194692
a00027152	194693
a00027153	194694
a00027154	194695
a00027155	194696
a00027156	194697
a00027157	194698
a00027158	194699
a00027159	194700
a00027160	194701
a00027161	194702
a00027162	194703
a00027163	194704
a00027164	194705
a00027165	194706
a00027166	194707
a00027167	194708
a00027168	194709
a00027169	194710
a00027170	194711
a00027171	194712
a00027172	194713
a00027173	194714
a00027174	194715
a00027175	194716
a00027176	194717
a00027177	194718
a00027178	194719
a00027179	194720
a00027180	194721
a00027181	194722
a00027182	194723
a00027183	194724
a00027184	194725
a00027185	194726
a00027186	194727
a00027187	194728
a00027188	194729
a00027189	194730
a00027190	194731
a00027191	194732
a00027192	194733
a00027193	194734
a00027194	194735
a00027195	194736
a00027196	194737
a00027197	194738
a00027198	194739
a00027199	194740
a00027200	194741
a00027201	194742
a00027202	194743
a00027203	194744
a00027204	194745
a00027205	194746
a00027206	194747
a00027207	194748
a00027208	194749
a00027209	194750
a00027210	194751
a00027211	194752
a00027212	194753
a00027213	194754
a00027214	194755
a00027215	194756
a00027216	194757
a00027217	194758
a00027218	194759
a00027219	194760
a00027220	194761
a00027221	194762
a00027222	194763
a00027223	194764
a00027224	194765
a00027225	194766
a00027226	194767
a00027227	194768
a00027228	194769
a00027229	194770
a00027230	194771
a00027231	194772
a00027232	194773
a00027233	194774
a00027234	194775
a00027235	194776
a00027236	194777
a00027237	194778
a00027238	194779
a00027239	194780
a00027240	194781
a00027241	194782
a00027242	194783
a00027243	194784
a00027244	194785
a00027245	194786
a00027246	194787
a00027247	194788
a00027248	194789
a00027249	194790
a00027250	194791
a00027251	194792
a00027252	194793
a00027253	194794
a00027254	194795
a00027255	194796
a00027256	194797
a00027257	194798
a00027258	194799
a00027259	194800
a00027260	194801
a00027261	194802
a00027262	194803
a00027263	194804
a00027264	194805
a00027265	194806
a00027266	194807
a00027267	194808
a00027268	194809
a00027269	194810
a00027270	194811
a00027271	194812
a00027272	194813
a00027273	194814
a00027274	194815
a00027275	194816
a00027276	194817
a00027277	194818
a00027278	194819
a00027279	194820
a00027280	194821
a00027281	194822
a00027282	194823
a00027283	194824
a00027284	194825
a00027285	194826
a00027286	194827
a00027287	194828
a00027288	194829
a00027289	194830
a00027290	194831
a00027291	194832
a00027292	194833
a00027293	194834
a00027294	194835
a00027295	194836
a00027296	194837
a00027297	194838
a00027298	194839
a00027299	194840
a00027300	194841
a00027301	194842
a00027302	194843
a00027303	194844
a00027304	194845
a00027305	194846
a00027306	194847
a00027307	194848
a00027308	194849
a00027309	194850
a00027310	194851
a00027311	194852
a00027312	194853
a00027313	194854
a00027314	194855
a00027315	194856
a00027316	194857
a00027317	194858
a00027318	194859
a00027319	194860
a00027320	194861
a00027321	194862
a00027322	194863
a00027323	194864
a00027324	194865
a00027325	194866
a00027326	194867
a00027327	194868
a00027328	194869
a00027329	194870
a00027330	194871
a00027331	194872
a00027332	194873
a00027333	194874
a00027334	194875
a00027335	194876
a00027336	194877
a00027337	194878
a00027338	194879
a00027339	194880
a00027340	194881
a00027341	194882
a00027342	194883
a00027343	194884
a00027344	194885
a00027345	194886
a00027346	194887
a00027347	194888
a00027348	194889
a00027349	194890
a00027350	194891
a00027351	194892
a00027352	194893
a00027353	194894
a00027354	194895
a00027355	194896
a00027356	194897
a00027357	194898
a00027358	194899
a00027359	194900
a00027360	194901
a00027361	194902
a00027362	194903
a00027363	194904
a00027364	194905
a00027365	194906
a00027366	194907
a00027367	194908
a00027368	194909
a00027369	194910
a00027370	194911
a00027371	194912
a00027372	194913
a00027373	194914
a00027374	194915
a00027375	194916
a00027376	194917
a00027377	194918
a00027378	194919
a00027379	194920
a00027380	194921
a00027381	194922
a00027382	194923
a00027383	194924
a00027384	194925
a00027385	194926
a00027386	194927
a00027387	194928
a00027388	194929
a00027389	194930
a00027390	194931
a00027391	194932
a00027392	194933
a00027393	194934
a00027394	194935
a00027395	194936
a00027396	194937
a00027397	194938
a00027398	194939
a00027399	194940
a00027400	194941
a00027401	194942
a00027402	194943
a00027403	194944
a00027404	194945
a00027405	194946
a00027406	194947
a00027407	194948
a00027408	194949
a00027409	194950
a00027410	194951
a00027411	194952
a00027412	194953
a00027413	194954
a00027414	194955
a00027415	194956
a00027416	194957
a00027417	194958
a00027418	194959
a00027419	194960
a00027420	194961
a00027421	194962
a00027422	194963
a00027423	194964
a00027424	194965
a00027425	194966
a00027426	194967
a00027427	194968
a00027428	194969
a00027429	194970
a00027430	194971
a00027431	194972
a00027432	194973
a00027433	194974
a00027434	194975
a00027435	194976
a00027436	194977
a00027437	194978
a00027438	194979
a00027439	194980
a00027440	194981
a00027441	194982
a00027442	194983
a00027443	194984
a00027444	194985
a00027445	194986
a00027446	194987
a00027447	194988
a00027448	194989
a00027449	194990
a00027450	194991
a00027451	194992
a00027452	194993
a00027453	194994
a00027454	194995
a00027455	194996
a00027456	194997
a00027457	194998
a00027458	194999
a00027459	195000
a00027460	195001
a00027461	195002
a00027462	195003
a00027463	195004
a00027464	195005
a00027465	195006
a00027466	195007
a00027467	195008
a00027468	195009
a00027469	195010
a00027470	195011
a00027471	195012
a00027472	195013
a00027473	195014
a00027474	195015
a00027475	195016
a00027476	195017
a00027477	195018
a00027478	195019
a00027479	195020
a00027480	195021
a00027481	195022
a00027482	195023
a00027483	195024
a00027484	195025
a00027485	195026
a00027486	195027
a00027487	195028
a00027488	195029
a00027489	195030
a00027490	195031
a00027491	195032
a00027492	195033
a00027493	195034
a00027494	195035
a00027495	195036
a00027496	195037
a00027497	195038
a00027498	195039
a00027499	195040
a00027500	195041
a00027501	195042
a00027502	195043
a00027503	195044
a00027504	195045
a00027505	195046
a00027506	195047
a00027507	195048
a00027508	195049
a00027509	195050
a00027510	195051
a00027511	195052
a00027512	195053
a00027513	195054
a00027514	195055
a00027515	195056
a00027516	195057
a00027517	195058
a00027518	195059
a00027519	195060
a00027520	195061
a00027521	195062
a00027522	195063
a00027523	195064
a00027524	195065
a00027525	195066
a00027526	195067
a00027527	195068
a00027528	195069
a00027529	195070
a00027530	195071
a00027531	195072
a00027532	195073
a00027533	195074
a00027534	195075
a00027535	195076
a00027536	195077
a00027537	195078
a00027538	195079
a00027539	195080
a00027540	195081
a00027541	195082
a00027542	195083
a00027543	195084
a00027544	195085
a00027545	195086
a00027546	195087
a00027547	195088
a00027548	195089
a00027549	195090
a00027550	195091
a00027551	195092
a00027552	195093
a00027553	195094
a00027554	195095
a00027555	195096
a00027556	195097
a00027557	195098
a00027558	195099
a00027559	195100
a00027560	195101
a00027561	195102
a00027562	195103
a00027563	195104
a00027564	195105
a00027565	195106
a00027566	195107
a00027567	195108
a00027568	195109
a00027569	195110
a00027570	195111
a00027571	195112
a00027572	195113
a00027573	195114
a00027574	195115
a00027575	195116
a00027576	195117
a00027577	195118
a00027578	195119
a00027579	195120
a00027580	195121
a00027581	195122
a00027582	195123
a00027583	195124
a00027584	195125
a00027585	195126
a00027586	195127
a00027587	195128
a00027588	195129
a00027589	195130
a00027590	195131
a00027591	195132
a00027592	195133
a00027593	195134
a00027594	195135
a00027595	195136
a00027596	195137
a00027597	195138
a00027598	195139
a00027599	195140
a00027600	195141
a00027601	195142
a00027602	195143
a00027603	195144
a00027604	195145
a00027605	195146
a00027606	195147
a00027607	195148
a00027608	195149
a00027609	195150
a00027610	195151
a00027611	195152
a00027612	195153
a00027613	195154
a00027614	195155
a00027615	195156
a00027616	195157
a00027617	195158
a00027618	195159
a00027619	195160
a00027620	195161
a00027621	195162
a00027622	195163
a00027623	195164
a00027624	195165
a00027625	195166
a00027626	195167
a00027627	195168
a00027628	195169
a00027629	195170
a00027630	195171
a00027631	195172
a00027632	195173
a00027633	195174
a00027634	195175
a00027635	195176
a00027636	195177
a00027637	195178
a00027638	195179
a00027639	195180
a00027640	195181
a00027641	195182
a00027642	195183
a00027643	195184
a00027644	195185
a00027645	195186
a00027646	195187
a00027647	195188
a00027648	195189
a00027649	195190
a00027650	195191
a00027651	195192
a00027652	195193
a00027653	195194
a00027654	195195
a00027655	195196
a00027656	195197
a00027657	195198
a00027658	195199
a00027659	195200
a00027660	195201
a00027661	195202
a00027662	195203
a00027663	195204
a00027664	195205
a00027665	195206
a00027666	195207
a00027667	195208
a00027668	195209
a00027669	195210
a00027670	195211
a00027671	195212
a00027672	195213
a00027673	195214
a00027674	195215
a00027675	195216
a00027676	195217
a00027677	195218
a00027678	195219
a00027679	195220
a00027680	195221
a00027681	195222
a00027682	195223
a00027683	195224
a00027684	195225
a00027685	195226
a00027686	195227
a00027687	195228
a00027688	195229
a00027689	195230
a00027690	195231
a00027691	195232
a00027692	195233
a00027693	195234
a00027694	195235
a00027695	195236
a00027696	195237
a00027697	195238
a00027698	195239
a00027699	195240
a00027700	195241
a00027701	195242
a00027702	195243
a00027703	195244
a00027704	195245
a00027705	195246
a00027706	195247
a00027707	195248
a00027708	195249
a00027709	195250
a00027710	195251
a00027711	195252
a00027712	195253
a00027713	195254
a00027714	195255
a00027715	195256
a00027716	195257
a00027717	195258
a00027718	195259
a00027719	195260
a00027720	195261
a00027721	195262
a00027722	195263
a00027723	195264
a00027724	195265
a00027725	195266
a00027726	195267
a00027727	195268
a00027728	195269
a00027729	195270
a00027730	195271
a00027731	195272
a00027732	195273
a00027733	195274
a00027734	195275
a00027735	195276
a00027736	195277
a00027737	195278
a00027738	195279
a00027739	195280
a00027740	195281
a00027741	195282
a00027742	195283
a00027743	195284
a00027744	195285
a00027745	195286
a00027746	195287
a00027747	195288
a00027748	195289
a00027749	195290
a00027750	195291
a00027751	195292
a00027752	195293
a00027753	195294
a00027754	195295
a00027755	195296
a00027756	195297
a00027757	195298
a00027758	195299
a00027759	195300
a00027760	195301
a00027761	195302
a00027762	195303
a00027763	195304
a00027764	195305
a00027765	195306
a00027766	195307
a00027767	195308
a00027768	195309
a00027769	195310
a00027770	195311
a00027771	195312
a00027772	195313
a00027773	195314
a00027774	195315
a00027775	195316
a00027776	195317
a00027777	195318
a00027778	195319
a00027779	195320
a00027780	195321
a00027781	195322
a00027782	195323
a00027783	195324
a00027784	195325
a00027785	195326
a00027786	195327
a00027787	195328
a00027788	195329
a00027789	195330
a00027790	195331
a00027791	195332
a00027792	195333
a00027793	195334
a00027794	195335
a00027795	195336
a00027796	195337
a00027797	195338
a00027798	195339
a00027799	195340
a00027800	195341
a00027801	195342
a00027802	195343
a00027803	195344
a00027804	195345
a00027805	195346
a00027806	195347
a00027807	195348
a00027808	195349
a00027809	195350
a00027810	195351
a00027811	195352
a00027812	195353
a00027813	195354
a00027814	195355
a00027815	195356
a00027816	195357
a00027817	195358
a00027818	195359
a00027819	195360
a00027820	195361
a00027821	195362
a00027822	195363
a00027823	195364
a00027824	195365
a00027825	195366
a00027826	195367
a00027827	195368
a00027828	195369
a00027829	195370
a00027830	195371
a00027831	195372
a00027832	195373
a00027833	195374
a00027834	195375
a00027835	195376
a00027836	195377
a00027837	195378
a00027838	195379
a00027839	195380
a00027840	195381
a00027841	195382
a00027842	195383
a00027843	195384
a00027844	195385
a00027845	195386
a00027846	195387
a00027847	195388
a00027848	195389
a00027849	195390
a00027850	195391
a00027851	195392
a00027852	195393
a00027853	195394
a00027854	195395
a00027855	195396
a00027856	195397
a00027857	195398
a00027858	195399
a00027859	195400
a00027860	195401
a00027861	195402
a00027862	195403
a00027863	195404
a00027864	195405
a00027865	195406
a00027866	195407
a00027867	195408
a00027868	195409
a00027869	195410
a00027870	195411
a00027871	195412
a00027872	195413
a00027873	195414
a00027874	195415
a00027875	195416
a00027876	195417
a00027877	195418
a00027878	195419
a00027879	195420
a00027880	195421
a00027881	195422
a00027882	195423
a00027883	195424
a00027884	195425
a00027885	195426
a00027886	195427
a00027887	195428
a00027888	195429
a00027889	195430
a00027890	195431
a00027891	195432
a00027892	195433
a00027893	195434
a00027894	195435
a00027895	195436
a00027896	195437
a00027897	195438
a00027898	195439
a00027899	195440
a00027900	195441
a00027901	195442
a00027902	195443
a00027903	195444
a00027904	195445
a00027905	195446
a00027906	195447
a00027907	195448
a00027908	195449
a00027909	195450
a00027910	195451
a00027911	195452
a00027912	195453
a00027913	195454
a00027914	195455
a00027915	195456
a00027916	195457
a00027917	195458
a00027918	195459
a00027919	195460
a00027920	195461
a00027921	195462
a00027922	195463
a00027923	195464
a00027924	195465
a00027925	195466
a00027926	195467
a00027927	195468
a00027928	195469
a00027929	195470
a00027930	195471
a00027931	195472
a00027932	195473
a00027933	195474
a00027934	195475
a00027935	195476
a00027936	195477
a00027937	195478
a00027938	195479
a00027939	195480
a00027940	195481
a00027941	195482
a00027942	195483
a00027943	195484
a00027944	195485
a00027945	195486
a00027946	195487
a00027947	195488
a00027948	195489
a00027949	195490
a00027950	195491
a00027951	195492
a00027952	195493
a00027953	195494
a00027954	195495
a00027955	195496
a00027956	195497
a00027957	195498
a00027958	195499
a00027959	195500
a00027960	195501
a00027961	195502
a00027962	195503
a00027963	195504
a00027964	195505
a00027965	195506
a00027966	195507
a00027967	195508
a00027968	195509
a00027969	195510
a00027970	195511
a00027971	195512
a00027972	195513
a00027973	195514
a00027974	195515
a00027975	195516
a00027976	195517
a00027977	195518
a00027978	195519
a00027979	195520
a00027980	195521
a00027981	195522
a00027982	195523
a00027983	195524
a00027984	195525
a00027985	195526
a00027986	195527
a00027987	195528
a00027988	195529
a00027989	195530
a00027990	195531
a00027991	195532
a00027992	195533
a00027993	195534
a00027994	195535
a00027995	195536
a00027996	195537
a00027997	195538
a00027998	195539
a00027999	195540
a00028000	195541
a00028001	195542
a00028002	195543
a00028003	195544
a00028004	195545
a00028005	195546
a00028006	195547
a00028007	195548
a00028008	195549
a00028009	195550
a00028010	195551
a00028011	195552
a00028012	195553
a00028013	195554
a00028014	195555
a00028015	195556
a00028016	195557
a00028017	195558
a00028018	195559
a00028019	195560
a00028020	195561
a00028021	195562
a00028022	195563
a00028023	195564
a00028024	195565
a00028025	195566
a00028026	195567
a00028027	195568
a00028028	195569
a00028029	195570
a00028030	195571
a00028031	195572
a00028032	195573
a00028033	195574
a00028034	195575
a00028035	195576
a00028036	195577
a00028037	195578
a00028038	195579
a00028039	195580
a00028040	195581
a00028041	195582
a00028042	195583
a00028043	195584
a00028044	195585
a00028045	195586
a00028046	195587
a00028047	195588
a00028048	195589
a00028049	195590
a00028050	195591
a00028051	195592
a00028052	195593
a00028053	195594
a00028054	195595
a00028055	195596
a00028056	195597
a00028057	195598
a00028058	195599
a00028059	195600
a00028060	195601
a00028061	195602
a00028062	195603
a00028063	195604
a00028064	195605
a00028065	195606
a00028066	195607
a00028067	195608
a00028068	195609
a00028069	195610
a00028070	195611
a00028071	195612
a00028072	195613
a00028073	195614
a00028074	195615
a00028075	195616
a00028076	195617
a00028077	195618
a00028078	195619
a00028079	195620
a00028080	195621
a00028081	195622
a00028082	195623
a00028083	195624
a00028084	195625
a00028085	195626
a00028086	195627
a00028087	195628
a00028088	195629
a00028089	195630
a00028090	195631
a00028091	195632
a00028092	195633
a00028093	195634
a00028094	195635
a00028095	195636
a00028096	195637
a00028097	195638
a00028098	195639
a00028099	195640
a00028100	195641
a00028101	195642
a00028102	195643
a00028103	195644
a00028104	195645
a00028105	195646
a00028106	195647
a00028107	195648
a00028108	195649
a00028109	195650
a00028110	195651
a00028111	195652
a00028112	195653
a00028113	195654
a00028114	195655
a00028115	195656
a00028116	195657
a00028117	195658
a00028118	195659
a00028119	195660
a00028120	195661
a00028121	195662
a00028122	195663
a00028123	195664
a00028124	195665
a00028125	195666
a00028126	195667
a00028127	195668
a00028128	195669
a00028129	195670
a00028130	195671
a00028131	195672
a00028132	195673
a00028133	195674
a00028134	195675
a00028135	195676
a00028136	195677
a00028137	195678
a00028138	195679
a00028139	195680
a00028140	195681
a00028141	195682
a00028142	195683
a00028143	195684
a00028144	195685
a00028145	195686
a00028146	195687
a00028147	195688
a00028148	195689
a00028149	195690
a00028150	195691
a00028151	195692
a00028152	195693
a00028153	195694
a00028154	195695
a00028155	195696
a00028156	195697
a00028157	195698
a00028158	195699
a00028159	195700
a00028160	195701
a00028161	195702
a00028162	195703
a00028163	195704
a00028164	195705
a00028165	195706
a00028166	195707
a00028167	195708
a00028168	195709
a00028169	195710
a00028170	195711
a00028171	195712
a00028172	195713
a00028173	195714
a00028174	195715
a00028175	195716
a00028176	195717
a00028177	195718
a00028178	195719
a00028179	195720
a00028180	195721
a00028181	195722
a00028182	195723
a00028183	195724
a00028184	195725
a00028185	195726
a00028186	195727
a00028187	195728
a00028188	195729
a00028189	195730
a00028190	195731
a00028191	195732
a00028192	195733
a00028193	195734
a00028194	195735
a00028195	195736
a00028196	195737
a00028197	195738
a00028198	195739
a00028199	195740
a00028200	195741
a00028201	195742
a00028202	195743
a00028203	195744
a00028204	195745
a00028205	195746
a00028206	195747
a00028207	195748
a00028208	195749
a00028209	195750
a00028210	195751
a00028211	195752
a00028212	195753
a00028213	195754
a00028214	195755
a00028215	195756
a00028216	195757
a00028217	195758
a00028218	195759
a00028219	195760
a00028220	195761
a00028221	195762
a00028222	195763
a00028223	195764
a00028224	195765
a00028225	195766
a00028226	195767
a00028227	195768
a00028228	195769
a00028229	195770
a00028230	195771
a00028231	195772
a00028232	195773
a00028233	195774
a00028234	195775
a00028235	195776
a00028236	195777
a00028237	195778
a00028238	195779
a00028239	195780
a00028240	195781
a00028241	195782
a00028242	195783
a00028243	195784
a00028244	195785
a00028245	195786
a00028246	195787
a00028247	195788
a00028248	195789
a00028249	195790
a00028250	195791
a00028251	195792
a00028252	195793
a00028253	195794
a00028254	195795
a00028255	195796
a00028256	195797
a00028257	195798
a00028258	195799
a00028259	195800
a00028260	195801
a00028261	195802
a00028262	195803
a00028263	195804
a00028264	195805
a00028265	195806
a00028266	195807
a00028267	195808
a00028268	195809
a00028269	195810
a00028270	195811
a00028271	195812
a00028272	195813
a00028273	195814
a00028274	195815
a00028275	195816
a00028276	195817
a00028277	195818
a00028278	195819
a00028279	195820
a00028280	195821
a00028281	195822
a00028282	195823
a00028283	195824
a00028284	195825
a00028285	195826
a00028286	195827
a00028287	195828
a00028288	195829
a00028289	195830
a00028290	195831
a00028291	195832
a00028292	195833
a00028293	195834
a00028294	195835
a00028295	195836
a00028296	195837
a00028297	195838
a00028298	195839
a00028299	195840
a00028300	195841
a00028301	195842
a00028302	195843
a00028303	195844
a00028304	195845
a00028305	195846
a00028306	195847
a00028307	195848
a00028308	195849
a00028309	195850
a00028310	195851
a00028311	195852
a00028312	195853
a00028313	195854
a00028314	195855
a00028315	195856
a00028316	195857
a00028317	195858
a00028318	195859
a00028319	195860
a00028320	195861
a00028321	195862
a00028322	195863
a00028323	195864
a00028324	195865
a00028325	195866
a00028326	195867
a00028327	195868
a00028328	195869
a00028329	195870
a00028330	195871
a00028331	195872
a00028332	195873
a00028333	195874
a00028334	195875
a00028335	195876
a00028336	195877
a00028337	195878
a00028338	195879
a00028339	195880
a00028340	195881
a00028341	195882
a00028342	195883
a00028343	195884
a00028344	195885
a00028345	195886
a00028346	195887
a00028347	195888
a00028348	195889
a00028349	195890
a00028350	195891
a00028351	195892
a00028352	195893
a00028353	195894
a00028354	195895
a00028355	195896
a00028356	195897
a00028357	195898
a00028358	195899
a00028359	195900
a00028360	195901
a00028361	195902
a00028362	195903
a00028363	195904
a00028364	195905
a00028365	195906
a00028366	195907
a00028367	195908
a00028368	195909
a00028369	195910
a00028370	195911
a00028371	195912
a00028372	195913
a00028373	195914
a00028374	195915
a00028375	195916
a00028376	195917
a00028377	195918
a00028378	195919
a00028379	195920
a00028380	195921
a00028381	195922
a00028382	195923
a00028383	195924
a00028384	195925
a00028385	195926
a00028386	195927
a00028387	195928
a00028388	195929
a00028389	195930
a00028390	195931
a00028391	195932
a00028392	195933
a00028393	195934
a00028394	195935
a00028395	195936
a00028396	195937
a00028397	195938
a00028398	195939
a00028399	195940
a00028400	195941
a00028401	195942
a00028402	195943
a00028403	195944
a00028404	195945
a00028405	195946
a00028406	195947
a00028407	195948
a00028408	195949
a00028409	195950
a00028410	195951
a00028411	195952
a00028412	195953
a00028413	195954
a00028414	195955
a00028415	195956
a00028416	195957
a00028417	195958
a00028418	195959
a00028419	195960
a00028420	195961
a00028421	195962
a00028422	195963
a00028423	195964
a00028424	195965
a00028425	195966
a00028426	195967
a00028427	195968
a00028428	195969
a00028429	195970
a00028430	195971
a00028431	195972
a00028432	195973
a00028433	195974
a00028434	195975
a00028435	195976
a00028436	195977
a00028437	195978
a00028438	195979
a00028439	195980
a00028440	195981
a00028441	195982
a00028442	195983
a00028443	195984
a00028444	195985
a00028445	195986
a00028446	195987
a00028447	195988
a00028448	195989
a00028449	195990
a00028450	195991
a00028451	195992
a00028452	195993
a00028453	195994
a00028454	195995
a00028455	195996
a00028456	195997
a00028457	195998
a00028458	195999
a00028459	196000
a00028460	196001
a00028461	196002
a00028462	196003
a00028463	196004
a00028464	196005
a00028465	196006
a00028466	196007
a00028467	196008
a00028468	196009
a00028469	196010
a00028470	196011
a00028471	196012
a00028472	196013
a00028473	196014
a00028474	196015
a00028475	196016
a00028476	196017
a00028477	196018
a00028478	196019
a00028479	196020
a00028480	196021
a00028481	196022
a00028482	196023
a00028483	196024
a00028484	196025
a00028485	196026
a00028486	196027
a00028487	196028
a00028488	196029
a00028489	196030
a00028490	196031
a00028491	196032
a00028492	196033
a00028493	196034
a00028494	196035
a00028495	196036
a00028496	196037
a00028497	196038
a00028498	196039
a00028499	196040
a00028500	196041
a00028501	196042
a00028502	196043
a00028503	196044
a00028504	196045
a00028505	196046
a00028506	196047
a00028507	196048
a00028508	196049
a00028509	196050
a00028510	196051
a00028511	196052
a00028512	196053
a00028513	196054
a00028514	196055
a00028515	196056
a00028516	196057
a00028517	196058
a00028518	196059
a00028519	196060
a00028520	196061
a00028521	196062
a00028522	196063
a00028523	196064
a00028524	196065
a00028525	196066
a00028526	196067
a00028527	196068
a00028528	196069
a00028529	196070
a00028530	196071
a00028531	196072
a00028532	196073
a00028533	196074
a00028534	196075
a00028535	196076
a00028536	196077
a00028537	196078
a00028538	196079
a00028539	196080
a00028540	196081
a00028541	196082
a00028542	196083
a00028543	196084
a00028544	196085
a00028545	196086
a00028546	196087
a00028547	196088
a00028548	196089
a00028549	196090
a00028550	196091
a00028551	196092
a00028552	196093
a00028553	196094
a00028554	196095
a00028555	196096
a00028556	196097
a00028557	196098
a00028558	196099
a00028559	196100
a00028560	196101
a00028561	196102
a00028562	196103
a00028563	196104
a00028564	196105
a00028565	196106
a00028566	196107
a00028567	196108
a00028568	196109
a00028569	196110
a00028570	196111
a00028571	196112
a00028572	196113
a00028573	196114
a00028574	196115
a00028575	196116
a00028576	196117
a00028577	196118
a00028578	196119
a00028579	196120
a00028580	196121
a00028581	196122
a00028582	196123
a00028583	196124
a00028584	196125
a00028585	196126
a00028586	196127
a00028587	196128
a00028588	196129
a00028589	196130
a00028590	196131
a00028591	196132
a00028592	196133
a00028593	196134
a00028594	196135
a00028595	196136
a00028596	196137
a00028597	196138
a00028598	196139
a00028599	196140
a00028600	196141
a00028601	196142
a00028602	196143
a00028603	196144
a00028604	196145
a00028605	196146
a00028606	196147
a00028607	196148
a00028608	196149
a00028609	196150
a00028610	196151
a00028611	196152
a00028612	196153
a00028613	196154
a00028614	196155
a00028615	196156
a00028616	196157
a00028617	196158
a00028618	196159
a00028619	196160
a00028620	196161
a00028621	196162
a00028622	196163
a00028623	196164
a00028624	196165
a00028625	196166
a00028626	196167
a00028627	196168
a00028628	196169
a00028629	196170
a00028630	196171
a00028631	196172
a00028632	196173
a00028633	196174
a00028634	196175
a00028635	196176
a00028636	196177
a00028637	196178
a00028638	196179
a00028639	196180
a00028640	196181
a00028641	196182
a00028642	196183
a00028643	196184
a00028644	196185
a00028645	196186
a00028646	196187
a00028647	196188
a00028648	196189
a00028649	196190
a00028650	196191
a00028651	196192
a00028652	196193
a00028653	196194
a00028654	196195
a00028655	196196
a00028656	196197
a00028657	196198
a00028658	196199
a00028659	196200
a00028660	196201
a00028661	196202
a00028662	196203
a00028663	196204
a00028664	196205
a00028665	196206
a00028666	196207
a00028667	196208
a00028668	196209
a00028669	196210
a00028670	196211
a00028671	196212
a00028672	196213
a00028673	196214
a00028674	196215
a00028675	196216
a00028676	196217
a00028677	196218
a00028678	196219
a00028679	196220
a00028680	196221
a00028681	196222
a00028682	196223
a00028683	196224
a00028684	196225
a00028685	196226
a00028686	196227
a00028687	196228
a00028688	196229
a00028689	196230
a00028690	196231
a00028691	196232
a00028692	196233
a00028693	196234
a00028694	196235
a00028695	196236
a00028696	196237
a00028697	196238
a00028698	196239
a00028699	196240
a00028700	196241
a00028701	196242
a00028702	196243
a00028703	196244
a00028704	196245
a00028705	196246
a00028706	196247
a00028707	196248
a00028708	196249
a00028709	196250
a00028710	196251
a00028711	196252
a00028712	196253
a00028713	196254
a00028714	196255
a00028715	196256
a00028716	196257
a00028717	196258
a00028718	196259
a00028719	196260
a00028720	196261
a00028721	196262
a00028722	196263
a00028723	196264
a00028724	196265
a00028725	196266
a00028726	196267
a00028727	196268
a00028728	196269
a00028729	196270
a00028730	196271
a00028731	196272
a00028732	196273
a00028733	196274
a00028734	196275
a00028735	196276
a00028736	196277
a00028737	196278
a00028738	196279
a00028739	196280
a00028740	196281
a00028741	196282
a00028742	196283
a00028743	196284
a00028744	196285
a00028745	196286
a00028746	196287
a00028747	196288
a00028748	196289
a00028749	196290
a00028750	196291
a00028751	196292
a00028752	196293
a00028753	196294
a00028754	196295
a00028755	196296
a00028756	196297
a00028757	196298
a00028758	196299
a00028759	196300
a00028760	196301
a00028761	196302
a00028762	196303
a00028763	196304
a00028764	196305
a00028765	196306
a00028766	196307
a00028767	196308
a00028768	196309
a00028769	196310
a00028770	196311
a00028771	196312
a00028772	196313
a00028773	196314
a00028774	196315
a00028775	196316
a00028776	196317
a00028777	196318
a00028778	196319
a00028779	196320
a00028780	196321
a00028781	196322
a00028782	196323
a00028783	196324
a00028784	196325
a00028785	196326
a00028786	196327
a00028787	196328
a00028788	196329
a00028789	196330
a00028790	196331
a00028791	196332
a00028792	196333
a00028793	196334
a00028794	196335
a00028795	196336
a00028796	196337
a00028797	196338
a00028798	196339
a00028799	196340
a00028800	196341
a00028801	196342
a00028802	196343
a00028803	196344
a00028804	196345
a00028805	196346
a00028806	196347
a00028807	196348
a00028808	196349
a00028809	196350
a00028810	196351
a00028811	196352
a00028812	196353
a00028813	196354
a00028814	196355
a00028815	196356
a00028816	196357
a00028817	196358
a00028818	196359
a00028819	196360
a00028820	196361
a00028821	196362
a00028822	196363
a00028823	196364
a00028824	196365
a00028825	196366
a00028826	196367
a00028827	196368
a00028828	196369
a00028829	196370
a00028830	196371
a00028831	196372
a00028832	196373
a00028833	196374
a00028834	196375
a00028835	196376
a00028836	196377
a00028837	196378
a00028838	196379
a00028839	196380
a00028840	196381
a00028841	196382
a00028842	196383
a00028843	196384
a00028844	196385
a00028845	196386
a00028846	196387
a00028847	196388
a00028848	196389
a00028849	196390
a00028850	196391
a00028851	196392
a00028852	196393
a00028853	196394
a00028854	196395
a00028855	196396
a00028856	196397
a00028857	196398
a00028858	196399
a00028859	196400
a00028860	196401
a00028861	196402
a00028862	196403
a00028863	196404
a00028864	196405
a00028865	196406
a00028866	196407
a00028867	196408
a00028868	196409
a00028869	196410
a00028870	196411
a00028871	196412
a00028872	196413
a00028873	196414
a00028874	196415
a00028875	196416
a00028876	196417
a00028877	196418
a00028878	196419
a00028879	196420
a00028880	196421
a00028881	196422
a00028882	196423
a00028883	196424
a00028884	196425
a00028885	196426
a00028886	196427
a00028887	196428
a00028888	196429
a00028889	196430
a00028890	196431
a00028891	196432
a00028892	196433
a00028893	196434
a00028894	196435
a00028895	196436
a00028896	196437
a00028897	196438
a00028898	196439
a00028899	196440
a00028900	196441
a00028901	196442
a00028902	196443
a00028903	196444
a00028904	196445
a00028905	196446
a00028906	196447
a00028907	196448
a00028908	196449
a00028909	196450
a00028910	196451
a00028911	196452
a00028912	196453
a00028913	196454
a00028914	196455
a00028915	196456
a00028916	196457
a00028917	196458
a00028918	196459
a00028919	196460
a00028920	196461
a00028921	196462
a00028922	196463
a00028923	196464
a00028924	196465
a00028925	196466
a00028926	196467
a00028927	196468
a00028928	196469
a00028929	196470
a00028930	196471
a00028931	196472
a00028932	196473
a00028933	196474
a00028934	196475
a00028935	196476
a00028936	196477
a00028937	196478
a00028938	196479
a00028939	196480
a00028940	196481
a00028941	196482
a00028942	196483
a00028943	196484
a00028944	196485
a00028945	196486
a00028946	196487
a00028947	196488
a00028948	196489
a00028949	196490
a00028950	196491
a00028951	196492
a00028952	196493
a00028953	196494
a00028954	196495
a00028955	196496
a00028956	196497
a00028957	196498
a00028958	196499
a00028959	196500
a00028960	196501
a00028961	196502
a00028962	196503
a00028963	196504
a00028964	196505
a00028965	196506
a00028966	196507
a00028967	196508
a00028968	196509
a00028969	196510
a00028970	196511
a00028971	196512
a00028972	196513
a00028973	196514
a00028974	196515
a00028975	196516
a00028976	196517
a00028977	196518
a00028978	196519
a00028979	196520
a00028980	196521
a00028981	196522
a00028982	196523
a00028983	196524
a00028984	196525
a00028985	196526
a00028986	196527
a00028987	196528
a00028988	196529
a00028989	196530
a00028990	196531
a00028991	196532
a00028992	196533
a00028993	196534
a00028994	196535
a00028995	196536
a00028996	196537
a00028997	196538
a00028998	196539
a00028999	196540
a00029000	196541
a00029001	196542
a00029002	196543
a00029003	196544
a00029004	196545
a00029005	196546
a00029006	196547
a00029007	196548
a00029008	196549
a00029009	196550
a00029010	196551
a00029011	196552
a00029012	196553
a00029013	196554
a00029014	196555
a00029015	196556
a00029016	196557
a00029017	196558
a00029018	196559
a00029019	196560
a00029020	196561
a00029021	196562
a00029022	196563
a00029023	196564
a00029024	196565
a00029025	196566
a00029026	196567
a00029027	196568
a00029028	196569
a00029029	196570
a00029030	196571
a00029031	196572
a00029032	196573
a00029033	196574
a00029034	196575
a00029035	196576
a00029036	196577
a00029037	196578
a00029038	196579
a00029039	196580
a00029040	196581
a00029041	196582
a00029042	196583
a00029043	196584
a00029044	196585
a00029045	196586
a00029046	196587
a00029047	196588
a00029048	196589
a00029049	196590
a00029050	196591
a00029051	196592
a00029052	196593
a00029053	196594
a00029054	196595
a00029055	196596
a00029056	196597
a00029057	196598
a00029058	196599
a00029059	196600
a00029060	196601
a00029061	196602
a00029062	196603
a00029063	196604
a00029064	196605
a00029065	196606
a00029066	196607
a00029067	196608
a00029068	196609
a00029069	196610
a00029070	196611
a00029071	196612
a00029072	196613
a00029073	196614
a00029074	196615
a00029075	196616
a00029076	196617
a00029077	196618
a00029078	196619
a00029079	196620
a00029080	196621
a00029081	196622
a00029082	196623
a00029083	196624
a00029084	196625
a00029085	196626
a00029086	196627
a00029087	196628
a00029088	196629
a00029089	196630
a00029090	196631
a00029091	196632
a00029092	196633
a00029093	196634
a00029094	196635
a00029095	196636
a00029096	196637
a00029097	196638
a00029098	196639
a00029099	196640
a00029100	196641
a00029101	196642
a00029102	196643
a00029103	196644
a00029104	196645
a00029105	196646
a00029106	196647
a00029107	196648
a00029108	196649
a00029109	196650
a00029110	196651
a00029111	196652
a00029112	196653
a00029113	196654
a00029114	196655
a00029115	196656
a00029116	196657
a00029117	196658
a00029118	196659
a00029119	196660
a00029120	196661
a00029121	196662
a00029122	196663
a00029123	196664
a00029124	196665
a00029125	196666
a00029126	196667
a00029127	196668
a00029128	196669
a00029129	196670
a00029130	196671
a00029131	196672
a00029132	196673
a00029133	196674
a00029134	196675
a00029135	196676
a00029136	196677
a00029137	196678
a00029138	196679
a00029139	196680
a00029140	196681
a00029141	196682
a00029142	196683
a00029143	196684
a00029144	196685
a00029145	196686
a00029146	196687
a00029147	196688
a00029148	196689
a00029149	196690
a00029150	196691
a00029151	196692
a00029152	196693
a00029153	196694
a00029154	196695
a00029155	196696
a00029156	196697
a00029157	196698
a00029158	196699
a00029159	196700
a00029160	196701
a00029161	196702
a00029162	196703
a00029163	196704
a00029164	196705
a00029165	196706
a00029166	196707
a00029167	196708
a00029168	196709
a00029169	196710
a00029170	196711
a00029171	196712
a00029172	196713
a00029173	196714
a00029174	196715
a00029175	196716
a00029176	196717
a00029177	196718
a00029178	196719
a00029179	196720
a00029180	196721
a00029181	196722
a00029182	196723
a00029183	196724
a00029184	196725
a00029185	196726
a00029186	196727
a00029187	196728
a00029188	196729
a00029189	196730
a00029190	196731
a00029191	196732
a00029192	196733
a00029193	196734
a00029194	196735
a00029195	196736
a00029196	196737
a00029197	196738
a00029198	196739
a00029199	196740
a00029200	196741
a00029201	196742
a00029202	196743
a00029203	196744
a00029204	196745
a00029205	196746
a00029206	196747
a00029207	196748
a00029208	196749
a00029209	196750
a00029210	196751
a00029211	196752
a00029212	196753
a00029213	196754
a00029214	196755
a00029215	196756
a00029216	196757
a00029217	196758
a00029218	196759
a00029219	196760
a00029220	196761
a00029221	196762
a00029222	196763
a00029223	196764
a00029224	196765
a00029225	196766
a00029226	196767
a00029227	196768
a00029228	196769
a00029229	196770
a00029230	196771
a00029231	196772
a00029232	196773
a00029233	196774
a00029234	196775
a00029235	196776
a00029236	196777
a00029237	196778
a00029238	196779
a00029239	196780
a00029240	196781
a00029241	196782
a00029242	196783
a00029243	196784
a00029244	196785
a00029245	196786
a00029246	196787
a00029247	196788
a00029248	196789
a00029249	196790
a00029250	196791
a00029251	196792
a00029252	196793
a00029253	196794
a00029254	196795
a00029255	196796
a00029256	196797
a00029257	196798
a00029258	196799
a00029259	196800
a00029260	196801
a00029261	196802
a00029262	196803
a00029263	196804
a00029264	196805
a00029265	196806
a00029266	196807
a00029267	196808
a00029268	196809
a00029269	196810
a00029270	196811
a00029271	196812
a00029272	196813
a00029273	196814
a00029274	196815
a00029275	196816
a00029276	196817
a00029277	196818
a00029278	196819
a00029279	196820
a00029280	196821
a00029281	196822
a00029282	196823
a00029283	196824
a00029284	196825
a00029285	196826
a00029286	196827
a00029287	196828
a00029288	196829
a00029289	196830
a00029290	196831
a00029291	196832
a00029292	196833
a00029293	196834
a00029294	196835
a00029295	196836
a00029296	196837
a00029297	196838
a00029298	196839
a00029299	196840
a00029300	196841
a00029301	196842
a00029302	196843
a00029303	196844
a00029304	196845
a00029305	196846
a00029306	196847
a00029307	196848
a00029308	196849
a00029309	196850
a00029310	196851
a00029311	196852
a00029312	196853
a00029313	196854
a00029314	196855
a00029315	196856
a00029316	196857
a00029317	196858
a00029318	196859
a00029319	196860
a00029320	196861
a00029321	196862
a00029322	196863
a00029323	196864
a00029324	196865
a00029325	196866
a00029326	196867
a00029327	196868
a00029328	196869
a00029329	196870
a00029330	196871
a00029331	196872
a00029332	196873
a00029333	196874
a00029334	196875
a00029335	196876
a00029336	196877
a00029337	196878
a00029338	196879
a00029339	196880
a00029340	196881
a00029341	196882
a00029342	196883
a00029343	196884
a00029344	196885
a00029345	196886
a00029346	196887
a00029347	196888
a00029348	196889
a00029349	196890
a00029350	196891
a00029351	196892
a00029352	196893
a00029353	196894
a00029354	196895
a00029355	196896
a00029356	196897
a00029357	196898
a00029358	196899
a00029359	196900
a00029360	196901
a00029361	196902
a00029362	196903
a00029363	196904
a00029364	196905
a00029365	196906
a00029366	196907
a00029367	196908
a00029368	196909
a00029369	196910
a00029370	196911
a00029371	196912
a00029372	196913
a00029373	196914
a00029374	196915
a00029375	196916
a00029376	196917
a00029377	196918
a00029378	196919
a00029379	196920
a00029380	196921
a00029381	196922
a00029382	196923
a00029383	196924
a00029384	196925
a00029385	196926
a00029386	196927
a00029387	196928
a00029388	196929
a00029389	196930
a00029390	196931
a00029391	196932
a00029392	196933
a00029393	196934
a00029394	196935
a00029395	196936
a00029396	196937
a00029397	196938
a00029398	196939
a00029399	196940
a00029400	196941
a00029401	196942
a00029402	196943
a00029403	196944
a00029404	196945
a00029405	196946
a00029406	196947
a00029407	196948
a00029408	196949
a00029409	196950
a00029410	196951
a00029411	196952
a00029412	196953
a00029413	196954
a00029414	196955
a00029415	196956
a00029416	196957
a00029417	196958
a00029418	196959
a00029419	196960
a00029420	196961
a00029421	196962
a00029422	196963
a00029423	196964
a00029424	196965
a00029425	196966
a00029426	196967
a00029427	196968
a00029428	196969
a00029429	196970
a00029430	196971
a00029431	196972
a00029432	196973
a00029433	196974
a00029434	196975
a00029435	196976
a00029436	196977
a00029437	196978
a00029438	196979
a00029439	196980
a00029440	196981
a00029441	196982
a00029442	196983
a00029443	196984
a00029444	196985
a00029445	196986
a00029446	196987
a00029447	196988
a00029448	196989
a00029449	196990
a00029450	196991
a00029451	196992
a00029452	196993
a00029453	196994
a00029454	196995
a00029455	196996
a00029456	196997
a00029457	196998
a00029458	196999
a00029459	197000
a00029460	197001
a00029461	197002
a00029462	197003
a00029463	197004
a00029464	197005
a00029465	197006
a00029466	197007
a00029467	197008
a00029468	197009
a00029469	197010
a00029470	197011
a00029471	197012
a00029472	197013
a00029473	197014
a00029474	197015
a00029475	197016
a00029476	197017
a00029477	197018
a00029478	197019
a00029479	197020
a00029480	197021
a00029481	197022
a00029482	197023
a00029483	197024
a00029484	197025
a00029485	197026
a00029486	197027
a00029487	197028
a00029488	197029
a00029489	197030
a00029490	197031
a00029491	197032
a00029492	197033
a00029493	197034
a00029494	197035
a00029495	197036
a00029496	197037
a00029497	197038
a00029498	197039
a00029499	197040
a00029500	197041
a00029501	197042
a00029502	197043
a00029503	197044
a00029504	197045
a00029505	197046
a00029506	197047
a00029507	197048
a00029508	197049
a00029509	197050
a00029510	197051
a00029511	197052
a00029512	197053
a00029513	197054
a00029514	197055
a00029515	197056
a00029516	197057
a00029517	197058
a00029518	197059
a00029519	197060
a00029520	197061
a00029521	197062
a00029522	197063
a00029523	197064
a00029524	197065
a00029525	197066
a00029526	197067
a00029527	197068
a00029528	197069
a00029529	197070
a00029530	197071
a00029531	197072
a00029532	197073
a00029533	197074
a00029534	197075
a00029535	197076
a00029536	197077
a00029537	197078
a00029538	197079
a00029539	197080
a00029540	197081
a00029541	197082
a00029542	197083
a00029543	197084
a00029544	197085
a00029545	197086
a00029546	197087
a00029547	197088
a00029548	197089
a00029549	197090
a00029550	197091
a00029551	197092
a00029552	197093
a00029553	197094
a00029554	197095
a00029555	197096
a00029556	197097
a00029557	197098
a00029558	197099
a00029559	197100
a00029560	197101
a00029561	197102
a00029562	197103
a00029563	197104
a00029564	197105
a00029565	197106
a00029566	197107
a00029567	197108
a00029568	197109
a00029569	197110
a00029570	197111
a00029571	197112
a00029572	197113
a00029573	197114
a00029574	197115
a00029575	197116
a00029576	197117
a00029577	197118
a00029578	197119
a00029579	197120
a00029580	197121
a00029581	197122
a00029582	197123
a00029583	197124
a00029584	197125
a00029585	197126
a00029586	197127
a00029587	197128
a00029588	197129
a00029589	197130
a00029590	197131
a00029591	197132
a00029592	197133
a00029593	197134
a00029594	197135
a00029595	197136
a00029596	197137
a00029597	197138
a00029598	197139
a00029599	197140
a00029600	197141
a00029601	197142
a00029602	197143
a00029603	197144
a00029604	197145
a00029605	197146
a00029606	197147
a00029607	197148
a00029608	197149
a00029609	197150
a00029610	197151
a00029611	197152
a00029612	197153
a00029613	197154
a00029614	197155
a00029615	197156
a00029616	197157
a00029617	197158
a00029618	197159
a00029619	197160
a00029620	197161
a00029621	197162
a00029622	197163
a00029623	197164
a00029624	197165
a00029625	197166
a00029626	197167
a00029627	197168
a00029628	197169
a00029629	197170
a00029630	197171
a00029631	197172
a00029632	197173
a00029633	197174
a00029634	197175
a00029635	197176
a00029636	197177
a00029637	197178
a00029638	197179
a00029639	197180
a00029640	197181
a00029641	197182
a00029642	197183
a00029643	197184
a00029644	197185
a00029645	197186
a00029646	197187
a00029647	197188
a00029648	197189
a00029649	197190
a00029650	197191
a00029651	197192
a00029652	197193
a00029653	197194
a00029654	197195
a00029655	197196
a00029656	197197
a00029657	197198
a00029658	197199
a00029659	197200
a00029660	197201
a00029661	197202
a00029662	197203
a00029663	197204
a00029664	197205
a00029665	197206
a00029666	197207
a00029667	197208
a00029668	197209
a00029669	197210
a00029670	197211
a00029671	197212
a00029672	197213
a00029673	197214
a00029674	197215
a00029675	197216
a00029676	197217
a00029677	197218
a00029678	197219
a00029679	197220
a00029680	197221
a00029681	197222
a00029682	197223
a00029683	197224
a00029684	197225
a00029685	197226
a00029686	197227
a00029687	197228
a00029688	197229
a00029689	197230
a00029690	197231
a00029691	197232
a00029692	197233
a00029693	197234
a00029694	197235
a00029695	197236
a00029696	197237
a00029697	197238
a00029698	197239
a00029699	197240
a00029700	197241
a00029701	197242
a00029702	197243
a00029703	197244
a00029704	197245
a00029705	197246
a00029706	197247
a00029707	197248
a00029708	197249
a00029709	197250
a00029710	197251
a00029711	197252
a00029712	197253
a00029713	197254
a00029714	197255
a00029715	197256
a00029716	197257
a00029717	197258
a00029718	197259
a00029719	197260
a00029720	197261
a00029721	197262
a00029722	197263
a00029723	197264
a00029724	197265
a00029725	197266
a00029726	197267
a00029727	197268
a00029728	197269
a00029729	197270
a00029730	197271
a00029731	197272
a00029732	197273
a00029733	197274
a00029734	197275
a00029735	197276
a00029736	197277
a00029737	197278
a00029738	197279
a00029739	197280
a00029740	197281
a00029741	197282
a00029742	197283
a00029743	197284
a00029744	197285
a00029745	197286
a00029746	197287
a00029747	197288
a00029748	197289
a00029749	197290
a00029750	197291
a00029751	197292
a00029752	197293
a00029753	197294
a00029754	197295
a00029755	197296
a00029756	197297
a00029757	197298
a00029758	197299
a00029759	197300
a00029760	197301
a00029761	197302
a00029762	197303
a00029763	197304
a00029764	197305
a00029765	197306
a00029766	197307
a00029767	197308
a00029768	197309
a00029769	197310
a00029770	197311
a00029771	197312
a00029772	197313
a00029773	197314
a00029774	197315
a00029775	197316
a00029776	197317
a00029777	197318
a00029778	197319
a00029779	197320
a00029780	197321
a00029781	197322
a00029782	197323
a00029783	197324
a00029784	197325
a00029785	197326
a00029786	197327
a00029787	197328
a00029788	197329
a00029789	197330
a00029790	197331
a00029791	197332
a00029792	197333
a00029793	197334
a00029794	197335
a00029795	197336
a00029796	197337
a00029797	197338
a00029798	197339
a00029799	197340
a00029800	197341
a00029801	197342
a00029802	197343
a00029803	197344
a00029804	197345
a00029805	197346
a00029806	197347
a00029807	197348
a00029808	197349
a00029809	197350
a00029810	197351
a00029811	197352
a00029812	197353
a00029813	197354
a00029814	197355
a00029815	197356
a00029816	197357
a00029817	197358
a00029818	197359
a00029819	197360
a00029820	197361
a00029821	197362
a00029822	197363
a00029823	197364
a00029824	197365
a00029825	197366
a00029826	197367
a00029827	197368
a00029828	197369
a00029829	197370
a00029830	197371
a00029831	197372
a00029832	197373
a00029833	197374
a00029834	197375
a00029835	197376
a00029836	197377
a00029837	197378
a00029838	197379
a00029839	197380
a00029840	197381
a00029841	197382
a00029842	197383
a00029843	197384
a00029844	197385
a00029845	197386
a00029846	197387
a00029847	197388
a00029848	197389
a00029849	197390
a00029850	197391
a00029851	197392
a00029852	197393
a00029853	197394
a00029854	197395
a00029855	197396
a00029856	197397
a00029857	197398
a00029858	197399
a00029859	197400
a00029860	197401
a00029861	197402
a00029862	197403
a00029863	197404
a00029864	197405
a00029865	197406
a00029866	197407
a00029867	197408
a00029868	197409
a00029869	197410
a00029870	197411
a00029871	197412
a00029872	197413
a00029873	197414
a00029874	197415
a00029875	197416
a00029876	197417
a00029877	197418
a00029878	197419
a00029879	197420
a00029880	197421
a00029881	197422
a00029882	197423
a00029883	197424
a00029884	197425
a00029885	197426
a00029886	197427
a00029887	197428
a00029888	197429
a00029889	197430
a00029890	197431
a00029891	197432
a00029892	197433
a00029893	197434
a00029894	197435
a00029895	197436
a00029896	197437
a00029897	197438
a00029898	197439
a00029899	197440
a00029900	197441
a00029901	197442
a00029902	197443
a00029903	197444
a00029904	197445
a00029905	197446
a00029906	197447
a00029907	197448
a00029908	197449
a00029909	197450
a00029910	197451
a00029911	197452
a00029912	197453
a00029913	197454
a00029914	197455
a00029915	197456
a00029916	197457
a00029917	197458
a00029918	197459
a00029919	197460
a00029920	197461
a00029921	197462
a00029922	197463
a00029923	197464
a00029924	197465
a00029925	197466
a00029926	197467
a00029927	197468
a00029928	197469
a00029929	197470
a00029930	197471
a00029931	197472
a00029932	197473
a00029933	197474
a00029934	197475
a00029935	197476
a00029936	197477
a00029937	197478
a00029938	197479
a00029939	197480
a00029940	197481
a00029941	197482
a00029942	197483
a00029943	197484
a00029944	197485
a00029945	197486
a00029946	197487
a00029947	197488
a00029948	197489
a00029949	197490
a00029950	197491
a00029951	197492
a00029952	197493
a00029953	197494
a00029954	197495
a00029955	197496
a00029956	197497
a00029957	197498
a00029958	197499
a00029959	197500
a00029960	197501
a00029961	197502
a00029962	197503
a00029963	197504
a00029964	197505
a00029965	197506
a00029966	197507
a00029967	197508
a00029968	197509
a00029969	197510
a00029970	197511
a00029971	197512
a00029972	197513
a00029973	197514
a00029974	197515
a00029975	197516
a00029976	197517
a00029977	197518
a00029978	197519
a00029979	197520
a00029980	197521
a00029981	197522
a00029982	197523
a00029983	197524
a00029984	197525
a00029985	197526
a00029986	197527
a00029987	197528
a00029988	197529
a00029989	197530
a00029990	197531
a00029991	197532
a00029992	197533
a00029993	197534
a00029994	197535
a00029995	197536
a00029996	197537
a00029997	197538
a00029998	197539
a00029999	197540
a00030000	197541
a00030001	197542
a00030002	197543
a00030003	197544
a00030004	197545
a00030005	197546
a00030006	197547
a00030007	197548
a00030008	197549
a00030009	197550
a00030010	197551
a00030011	197552
a00030012	197553
a00030013	197554
a00030014	197555
a00030015	197556
a00030016	197557
a00030017	197558
a00030018	197559
a00030019	197560
a00030020	197561
a00030021	197562
a00030022	197563
a00030023	197564
a00030024	197565
a00030025	197566
a00030026	197567
a00030027	197568
a00030028	197569
a00030029	197570
a00030030	197571
a00030031	197572
a00030032	197573
a00030033	197574
a00030034	197575
a00030035	197576
a00030036	197577
a00030037	197578
a00030038	197579
a00030039	197580
a00030040	197581
a00030041	197582
a00030042	197583
a00030043	197584
a00030044	197585
a00030045	197586
a00030046	197587
a00030047	197588
a00030048	197589
a00030049	197590
a00030050	197591
a00030051	197592
a00030052	197593
a00030053	197594
a00030054	197595
a00030055	197596
a00030056	197597
a00030057	197598
a00030058	197599
a00030059	197600
a00030060	197601
a00030061	197602
a00030062	197603
a00030063	197604
a00030064	197605
a00030065	197606
a00030066	197607
a00030067	197608
a00030068	197609
a00030069	197610
a00030070	197611
a00030071	197612
a00030072	197613
a00030073	197614
a00030074	197615
a00030075	197616
a00030076	197617
a00030077	197618
a00030078	197619
a00030079	197620
a00030080	197621
a00030081	197622
a00030082	197623
a00030083	197624
a00030084	197625
a00030085	197626
a00030086	197627
a00030087	197628
a00030088	197629
a00030089	197630
a00030090	197631
a00030091	197632
a00030092	197633
a00030093	197634
a00030094	197635
a00030095	197636
a00030096	197637
a00030097	197638
a00030098	197639
a00030099	197640
a00030100	197641
a00030101	197642
a00030102	197643
a00030103	197644
a00030104	197645
a00030105	197646
a00030106	197647
a00030107	197648
a00030108	197649
a00030109	197650
a00030110	197651
a00030111	197652
a00030112	197653
a00030113	197654
a00030114	197655
a00030115	197656
a00030116	197657
a00030117	197658
a00030118	197659
a00030119	197660
a00030120	197661
a00030121	197662
a00030122	197663
a00030123	197664
a00030124	197665
a00030125	197666
a00030126	197667
a00030127	197668
a00030128	197669
a00030129	197670
a00030130	197671
a00030131	197672
a00030132	197673
a00030133	197674
a00030134	197675
a00030135	197676
a00030136	197677
a00030137	197678
a00030138	197679
a00030139	197680
a00030140	197681
a00030141	197682
a00030142	197683
a00030143	197684
a00030144	197685
a00030145	197686
a00030146	197687
a00030147	197688
a00030148	197689
a00030149	197690
a00030150	197691
a00030151	197692
a00030152	197693
a00030153	197694
a00030154	197695
a00030155	197696
a00030156	197697
a00030157	197698
a00030158	197699
a00030159	197700
a00030160	197701
a00030161	197702
a00030162	197703
a00030163	197704
a00030164	197705
a00030165	197706
a00030166	197707
a00030167	197708
a00030168	197709
a00030169	197710
a00030170	197711
a00030171	197712
a00030172	197713
a00030173	197714
a00030174	197715
a00030175	197716
a00030176	197717
a00030177	197718
a00030178	197719
a00030179	197720
a00030180	197721
a00030181	197722
a00030182	197723
a00030183	197724
a00030184	197725
a00030185	197726
a00030186	197727
a00030187	197728
a00030188	197729
a00030189	197730
a00030190	197731
a00030191	197732
a00030192	197733
a00030193	197734
a00030194	197735
a00030195	197736
a00030196	197737
a00030197	197738
a00030198	197739
a00030199	197740
a00030200	197741
a00030201	197742
a00030202	197743
a00030203	197744
a00030204	197745
a00030205	197746
a00030206	197747
a00030207	197748
a00030208	197749
a00030209	197750
a00030210	197751
a00030211	197752
a00030212	197753
a00030213	197754
a00030214	197755
a00030215	197756
a00030216	197757
a00030217	197758
a00030218	197759
a00030219	197760
a00030220	197761
a00030221	197762
a00030222	197763
a00030223	197764
a00030224	197765
a00030225	197766
a00030226	197767
a00030227	197768
a00030228	197769
a00030229	197770
a00030230	197771
a00030231	197772
a00030232	197773
a00030233	197774
a00030234	197775
a00030235	197776
a00030236	197777
a00030237	197778
a00030238	197779
a00030239	197780
a00030240	197781
a00030241	197782
a00030242	197783
a00030243	197784
a00030244	197785
a00030245	197786
a00030246	197787
a00030247	197788
a00030248	197789
a00030249	197790
a00030250	197791
a00030251	197792
a00030252	197793
a00030253	197794
a00030254	197795
a00030255	197796
a00030256	197797
a00030257	197798
a00030258	197799
a00030259	197800
a00030260	197801
a00030261	197802
a00030262	197803
a00030263	197804
a00030264	197805
a00030265	197806
a00030266	197807
a00030267	197808
a00030268	197809
a00030269	197810
a00030270	197811
a00030271	197812
a00030272	197813
a00030273	197814
a00030274	197815
a00030275	197816
a00030276	197817
a00030277	197818
a00030278	197819
a00030279	197820
a00030280	197821
a00030281	197822
a00030282	197823
a00030283	197824
a00030284	197825
a00030285	197826
a00030286	197827
a00030287	197828
a00030288	197829
a00030289	197830
a00030290	197831
a00030291	197832
a00030292	197833
a00030293	197834
a00030294	197835
a00030295	197836
a00030296	197837
a00030297	197838
a00030298	197839
a00030299	197840
a00030300	197841
a00030301	197842
a00030302	197843
a00030303	197844
a00030304	197845
a00030305	197846
a00030306	197847
a00030307	197848
a00030308	197849
a00030309	197850
a00030310	197851
a00030311	197852
a00030312	197853
a00030313	197854
a00030314	197855
a00030315	197856
a00030316	197857
a00030317	197858
a00030318	197859
a00030319	197860
a00030320	197861
a00030321	197862
a00030322	197863
a00030323	197864
a00030324	197865
a00030325	197866
a00030326	197867
a00030327	197868
a00030328	197869
a00030329	197870
a00030330	197871
a00030331	197872
a00030332	197873
a00030333	197874
a00030334	197875
a00030335	197876
a00030336	197877
a00030337	197878
a00030338	197879
a00030339	197880
a00030340	197881
a00030341	197882
a00030342	197883
a00030343	197884
a00030344	197885
a00030345	197886
a00030346	197887
a00030347	197888
a00030348	197889
a00030349	197890
a00030350	197891
a00030351	197892
a00030352	197893
a00030353	197894
a00030354	197895
a00030355	197896
a00030356	197897
a00030357	197898
a00030358	197899
a00030359	197900
a00030360	197901
a00030361	197902
a00030362	197903
a00030363	197904
a00030364	197905
a00030365	197906
a00030366	197907
a00030367	197908
a00030368	197909
a00030369	197910
a00030370	197911
a00030371	197912
a00030372	197913
a00030373	197914
a00030374	197915
a00030375	197916
a00030376	197917
a00030377	197918
a00030378	197919
a00030379	197920
a00030380	197921
a00030381	197922
a00030382	197923
a00030383	197924
a00030384	197925
a00030385	197926
a00030386	197927
a00030387	197928
a00030388	197929
a00030389	197930
a00030390	197931
a00030391	197932
a00030392	197933
a00030393	197934
a00030394	197935
a00030395	197936
a00030396	197937
a00030397	197938
a00030398	197939
a00030399	197940
a00030400	197941
a00030401	197942
a00030402	197943
a00030403	197944
a00030404	197945
a00030405	197946
a00030406	197947
a00030407	197948
a00030408	197949
a00030409	197950
a00030410	197951
a00030411	197952
a00030412	197953
a00030413	197954
a00030414	197955
a00030415	197956
a00030416	197957
a00030417	197958
a00030418	197959
a00030419	197960
a00030420	197961
a00030421	197962
a00030422	197963
a00030423	197964
a00030424	197965
a00030425	197966
a00030426	197967
a00030427	197968
a00030428	197969
a00030429	197970
a00030430	197971
a00030431	197972
a00030432	197973
a00030433	197974
a00030434	197975
a00030435	197976
a00030436	197977
a00030437	197978
a00030438	197979
a00030439	197980
a00030440	197981
a00030441	197982
a00030442	197983
a00030443	197984
a00030444	197985
a00030445	197986
a00030446	197987
a00030447	197988
a00030448	197989
a00030449	197990
a00030450	197991
a00030451	197992
a00030452	197993
a00030453	197994
a00030454	197995
a00030455	197996
a00030456	197997
a00030457	197998
a00030458	197999
a00030459	198000
a00030460	198001
a00030461	198002
a00030462	198003
a00030463	198004
a00030464	198005
a00030465	198006
a00030466	198007
a00030467	198008
a00030468	198009
a00030469	198010
a00030470	198011
a00030471	198012
a00030472	198013
a00030473	198014
a00030474	198015
a00030475	198016
a00030476	198017
a00030477	198018
a00030478	198019
a00030479	198020
a00030480	198021
a00030481	198022
a00030482	198023
a00030483	198024
a00030484	198025
a00030485	198026
a00030486	198027
a00030487	198028
a00030488	198029
a00030489	198030
a00030490	198031
a00030491	198032
a00030492	198033
a00030493	198034
a00030494	198035
a00030495	198036
a00030496	198037
a00030497	198038
a00030498	198039
a00030499	198040
a00030500	198041
a00030501	198042
a00030502	198043
a00030503	198044
a00030504	198045
a00030505	198046
a00030506	198047
a00030507	198048
a00030508	198049
a00030509	198050
a00030510	198051
a00030511	198052
a00030512	198053
a00030513	198054
a00030514	198055
a00030515	198056
a00030516	198057
a00030517	198058
a00030518	198059
a00030519	198060
a00030520	198061
a00030521	198062
a00030522	198063
a00030523	198064
a00030524	198065
a00030525	198066
a00030526	198067
a00030527	198068
a00030528	198069
a00030529	198070
a00030530	198071
a00030531	198072
a00030532	198073
a00030533	198074
a00030534	198075
a00030535	198076
a00030536	198077
a00030537	198078
a00030538	198079
a00030539	198080
a00030540	198081
a00030541	198082
a00030542	198083
a00030543	198084
a00030544	198085
a00030545	198086
a00030546	198087
a00030547	198088
a00030548	198089
a00030549	198090
a00030550	198091
a00030551	198092
a00030552	198093
a00030553	198094
a00030554	198095
a00030555	198096
a00030556	198097
a00030557	198098
a00030558	198099
a00030559	198100
a00030560	198101
a00030561	198102
a00030562	198103
a00030563	198104
a00030564	198105
a00030565	198106
a00030566	198107
a00030567	198108
a00030568	198109
a00030569	198110
a00030570	198111
a00030571	198112
a00030572	198113
a00030573	198114
a00030574	198115
a00030575	198116
a00030576	198117
a00030577	198118
a00030578	198119
a00030579	198120
a00030580	198121
a00030581	198122
a00030582	198123
a00030583	198124
a00030584	198125
a00030585	198126
a00030586	198127
a00030587	198128
a00030588	198129
a00030589	198130
a00030590	198131
a00030591	198132
a00030592	198133
a00030593	198134
a00030594	198135
a00030595	198136
a00030596	198137
a00030597	198138
a00030598	198139
a00030599	198140
a00030600	198141
a00030601	198142
a00030602	198143
a00030603	198144
a00030604	198145
a00030605	198146
a00030606	198147
a00030607	198148
a00030608	198149
a00030609	198150
a00030610	198151
a00030611	198152
a00030612	198153
a00030613	198154
a00030614	198155
a00030615	198156
a00030616	198157
a00030617	198158
a00030618	198159
a00030619	198160
a00030620	198161
a00030621	198162
a00030622	198163
a00030623	198164
a00030624	198165
a00030625	198166
a00030626	198167
a00030627	198168
a00030628	198169
a00030629	198170
a00030630	198171
a00030631	198172
a00030632	198173
a00030633	198174
a00030634	198175
a00030635	198176
a00030636	198177
a00030637	198178
a00030638	198179
a00030639	198180
a00030640	198181
a00030641	198182
a00030642	198183
a00030643	198184
a00030644	198185
a00030645	198186
a00030646	198187
a00030647	198188
a00030648	198189
a00030649	198190
a00030650	198191
a00030651	198192
a00030652	198193
a00030653	198194
a00030654	198195
a00030655	198196
a00030656	198197
a00030657	198198
a00030658	198199
a00030659	198200
a00030660	198201
a00030661	198202
a00030662	198203
a00030663	198204
a00030664	198205
a00030665	198206
a00030666	198207
a00030667	198208
a00030668	198209
a00030669	198210
a00030670	198211
a00030671	198212
a00030672	198213
a00030673	198214
a00030674	198215
a00030675	198216
a00030676	198217
a00030677	198218
a00030678	198219
a00030679	198220
a00030680	198221
a00030681	198222
a00030682	198223
a00030683	198224
a00030684	198225
a00030685	198226
a00030686	198227
a00030687	198228
a00030688	198229
a00030689	198230
a00030690	198231
a00030691	198232
a00030692	198233
a00030693	198234
a00030694	198235
a00030695	198236
a00030696	198237
a00030697	198238
a00030698	198239
a00030699	198240
a00030700	198241
a00030701	198242
a00030702	198243
a00030703	198244
a00030704	198245
a00030705	198246
a00030706	198247
a00030707	198248
a00030708	198249
a00030709	198250
a00030710	198251
a00030711	198252
a00030712	198253
a00030713	198254
a00030714	198255
a00030715	198256
a00030716	198257
a00030717	198258
a00030718	198259
a00030719	198260
a00030720	198261
a00030721	198262
a00030722	198263
a00030723	198264
a00030724	198265
a00030725	198266
a00030726	198267
a00030727	198268
a00030728	198269
a00030729	198270
a00030730	198271
a00030731	198272
a00030732	198273
a00030733	198274
a00030734	198275
a00030735	198276
a00030736	198277
a00030737	198278
a00030738	198279
a00030739	198280
a00030740	198281
a00030741	198282
a00030742	198283
a00030743	198284
a00030744	198285
a00030745	198286
a00030746	198287
a00030747	198288
a00030748	198289
a00030749	198290
a00030750	198291
a00030751	198292
a00030752	198293
a00030753	198294
a00030754	198295
a00030755	198296
a00030756	198297
a00030757	198298
a00030758	198299
a00030759	198300
a00030760	198301
a00030761	198302
a00030762	198303
a00030763	198304
a00030764	198305
a00030765	198306
a00030766	198307
a00000001	198308
a00000002	198309
a00000003	198310
a00000004	198311
a00000005	198312
a00000006	198313
a00000007	198314
a00000008	198315
a00000009	198316
a00000010	198317
a00000011	198318
a00000012	198319
a00000013	198320
a00000014	198321
a00000015	198322
a00000016	198323
a00000017	198324
a00000018	198325
a00000019	198326
a00000020	198327
a00000021	198328
a00000022	198329
a00000023	198330
a00000024	198331
a00000025	198332
a00000026	198333
a00000027	198334
a00000028	198335
a00000029	198336
a00000030	198337
a00000031	198338
a00000032	198339
a00000033	198340
a00000034	198341
a00000035	198342
a00000036	198343
a00000037	198344
a00000038	198345
a00000039	198346
a00000040	198347
a00000041	198348
a00000042	198349
a00000043	198350
a00000044	198351
a00000045	198352
a00000046	198353
a00000047	198354
a00000048	198355
a00000049	198356
a00000050	198357
a00000051	198358
a00000052	198359
a00000053	198360
a00000054	198361
a00000055	198362
a00000056	198363
a00000057	198364
a00000058	198365
a00000059	198366
a00000060	198367
a00000061	198368
a00000062	198369
a00000063	198370
a00000064	198371
a00000065	198372
a00000066	198373
a00000067	198374
a00000068	198375
a00000069	198376
a00000070	198377
a00000071	198378
a00000072	198379
a00000073	198380
a00000074	198381
a00000075	198382
a00000076	198383
a00000077	198384
a00000078	198385
a00000079	198386
a00000080	198387
a00000081	198388
a00000082	198389
a00000083	198390
a00000084	198391
a00000085	198392
a00000086	198393
a00000087	198394
a00000088	198395
a00000089	198396
a00000090	198397
a00000091	198398
a00000092	198399
a00000093	198400
a00000094	198401
a00000095	198402
a00000096	198403
a00000097	198404
a00000098	198405
a00000099	198406
a00000100	198407
a00000101	198408
a00000102	198409
a00000103	198410
a00000104	198411
a00000105	198412
a00000106	198413
a00000107	198414
a00000108	198415
a00000109	198416
a00000110	198417
a00000111	198418
a00000112	198419
a00000113	198420
a00000114	198421
a00000115	198422
a00000116	198423
a00000117	198424
a00000118	198425
a00000119	198426
a00000120	198427
a00000121	198428
a00000122	198429
a00000123	198430
a00000124	198431
a00000125	198432
a00000126	198433
a00000127	198434
a00000128	198435
a00000129	198436
a00000130	198437
a00000131	198438
a00000132	198439
a00000133	198440
a00000134	198441
a00000135	198442
a00000136	198443
a00000137	198444
a00000138	198445
a00000139	198446
a00000140	198447
a00000141	198448
a00000142	198449
a00000143	198450
a00000144	198451
a00000145	198452
a00000146	198453
a00000147	198454
a00000148	198455
a00000149	198456
a00000150	198457
a00000151	198458
a00000152	198459
a00000153	198460
a00000154	198461
a00000155	198462
a00000156	198463
a00000157	198464
a00000158	198465
a00000159	198466
a00000160	198467
a00000161	198468
a00000162	198469
a00000163	198470
a00000164	198471
a00000165	198472
a00000166	198473
a00000167	198474
a00000168	198475
a00000169	198476
a00000170	198477
a00000171	198478
a00000172	198479
a00000173	198480
a00000174	198481
a00000175	198482
a00000176	198483
a00000177	198484
a00000178	198485
a00000179	198486
a00000180	198487
a00000181	198488
a00000182	198489
a00000183	198490
a00000184	198491
a00000185	198492
a00000186	198493
a00000187	198494
a00000188	198495
a00000189	198496
a00000190	198497
a00000191	198498
a00000192	198499
a00000193	198500
a00000194	198501
a00000195	198502
a00000196	198503
a00000197	198504
a00000198	198505
a00000199	198506
a00000200	198507
a00000201	198508
a00000202	198509
a00000203	198510
a00000204	198511
a00000205	198512
a00000206	198513
a00000207	198514
a00000208	198515
a00000209	198516
a00000210	198517
a00000211	198518
a00000212	198519
a00000213	198520
a00000214	198521
a00000215	198522
a00000216	198523
a00000217	198524
a00000218	198525
a00000219	198526
a00000220	198527
a00000221	198528
a00000222	198529
a00000223	198530
a00000224	198531
a00000225	198532
a00000226	198533
a00000227	198534
a00000228	198535
a00000229	198536
a00000230	198537
a00000231	198538
a00000232	198539
a00000233	198540
a00000234	198541
a00000235	198542
a00000236	198543
a00000237	198544
a00000238	198545
a00000239	198546
a00000240	198547
a00000241	198548
a00000242	198549
a00000243	198550
a00000244	198551
a00000245	198552
a00000246	198553
a00000247	198554
a00000248	198555
a00000249	198556
a00000250	198557
a00000251	198558
a00000252	198559
a00000253	198560
a00000254	198561
a00000255	198562
a00000256	198563
a00000257	198564
a00000258	198565
a00000259	198566
a00000260	198567
a00000261	198568
a00000262	198569
a00000263	198570
a00000264	198571
a00000265	198572
a00000266	198573
a00000267	198574
a00000268	198575
a00000269	198576
a00000270	198577
a00000271	198578
a00000272	198579
a00000273	198580
a00000274	198581
a00000275	198582
a00000276	198583
a00000277	198584
a00000278	198585
a00000279	198586
a00000280	198587
a00000281	198588
a00000282	198589
a00000283	198590
a00000284	198591
a00000285	198592
a00000286	198593
a00000287	198594
a00000288	198595
a00000289	198596
a00000290	198597
a00000291	198598
a00000292	198599
a00000293	198600
a00000294	198601
a00000295	198602
a00000296	198603
a00000297	198604
a00000298	198605
a00000299	198606
a00000300	198607
a00000301	198608
a00000302	198609
a00000303	198610
a00000304	198611
a00000305	198612
a00000306	198613
a00000307	198614
a00000308	198615
a00000309	198616
a00000310	198617
a00000311	198618
a00000312	198619
a00000313	198620
a00000314	198621
a00000315	198622
a00000316	198623
a00000317	198624
a00000318	198625
a00000319	198626
a00000320	198627
a00000321	198628
a00000322	198629
a00000323	198630
a00000324	198631
a00000325	198632
a00000326	198633
a00000327	198634
a00000328	198635
a00000329	198636
a00000330	198637
a00000331	198638
a00000332	198639
a00000333	198640
a00000334	198641
a00000335	198642
a00000336	198643
a00000337	198644
a00000338	198645
a00000339	198646
a00000340	198647
a00000341	198648
a00000342	198649
a00000343	198650
a00000344	198651
a00000345	198652
a00000346	198653
a00000347	198654
a00000348	198655
a00000349	198656
a00000350	198657
a00000351	198658
a00000352	198659
a00000353	198660
a00000354	198661
a00000355	198662
a00000356	198663
a00000357	198664
a00000358	198665
a00000359	198666
a00000360	198667
a00000361	198668
a00000362	198669
a00000363	198670
a00000364	198671
a00000365	198672
a00000366	198673
a00000367	198674
a00000368	198675
a00000369	198676
a00000370	198677
a00000371	198678
a00000372	198679
a00000373	198680
a00000374	198681
a00000375	198682
a00000376	198683
a00000377	198684
a00000378	198685
a00000379	198686
a00000380	198687
a00000381	198688
a00000382	198689
a00000383	198690
a00000384	198691
a00000385	198692
a00000386	198693
a00000387	198694
a00000388	198695
a00000389	198696
a00000390	198697
a00000391	198698
a00000392	198699
a00000393	198700
a00000394	198701
a00000395	198702
a00000396	198703
a00000397	198704
a00000398	198705
a00000399	198706
a00000400	198707
a00000401	198708
a00000402	198709
a00000403	198710
a00000404	198711
a00000405	198712
a00000406	198713
a00000407	198714
a00000408	198715
a00000409	198716
a00000410	198717
a00000411	198718
a00000412	198719
a00000413	198720
a00000414	198721
a00000415	198722
a00000416	198723
a00000417	198724
a00000418	198725
a00000419	198726
a00000420	198727
a00000421	198728
a00000422	198729
a00000423	198730
a00000424	198731
a00000425	198732
a00000426	198733
a00000427	198734
a00000428	198735
a00000429	198736
a00000430	198737
a00000431	198738
a00000432	198739
a00000433	198740
a00000434	198741
a00000435	198742
a00000436	198743
a00000437	198744
a00000438	198745
a00000439	198746
a00000440	198747
a00000441	198748
a00000442	198749
a00000443	198750
a00000444	198751
a00000445	198752
a00000446	198753
a00000447	198754
a00000448	198755
a00000449	198756
a00000450	198757
a00000451	198758
a00000452	198759
a00000453	198760
a00000454	198761
a00000455	198762
a00000456	198763
a00000457	198764
a00000458	198765
a00000459	198766
a00000460	198767
a00000461	198768
a00000462	198769
a00000463	198770
a00000464	198771
a00000465	198772
a00000466	198773
a00000467	198774
a00000468	198775
a00000469	198776
a00000470	198777
a00000471	198778
a00000472	198779
a00000473	198780
a00000474	198781
a00000475	198782
a00000476	198783
a00000477	198784
a00000478	198785
a00000479	198786
a00000480	198787
a00000481	198788
a00000482	198789
a00000483	198790
a00000484	198791
a00000485	198792
a00000486	198793
a00000487	198794
a00000488	198795
a00000489	198796
a00000490	198797
a00000491	198798
a00000492	198799
a00000493	198800
a00000494	198801
a00000495	198802
a00000496	198803
a00000497	198804
a00000498	198805
a00000499	198806
a00000500	198807
a00000501	198808
a00000502	198809
a00000503	198810
a00000504	198811
a00000505	198812
a00000506	198813
a00000507	198814
a00000508	198815
a00000509	198816
a00000510	198817
a00000511	198818
a00000512	198819
a00000513	198820
a00000514	198821
a00000515	198822
a00000516	198823
a00000517	198824
a00000518	198825
a00000519	198826
a00000520	198827
a00000521	198828
a00000522	198829
a00000523	198830
a00000524	198831
a00000525	198832
a00000526	198833
a00000527	198834
a00000528	198835
a00000529	198836
a00000530	198837
a00000531	198838
a00000532	198839
a00000533	198840
a00000534	198841
a00000535	198842
a00000536	198843
a00000537	198844
a00000538	198845
a00000539	198846
a00000540	198847
a00000541	198848
a00000542	198849
a00000543	198850
a00000544	198851
a00000545	198852
a00000546	198853
a00000547	198854
a00000548	198855
a00000549	198856
a00000550	198857
a00000551	198858
a00000552	198859
a00000553	198860
a00000554	198861
a00000555	198862
a00000556	198863
a00000557	198864
a00000558	198865
a00000559	198866
a00000560	198867
a00000561	198868
a00000562	198869
a00000563	198870
a00000564	198871
a00000565	198872
a00000566	198873
a00000567	198874
a00000568	198875
a00000569	198876
a00000570	198877
a00000571	198878
a00000572	198879
a00000573	198880
a00000574	198881
a00000575	198882
a00000576	198883
a00000577	198884
a00000578	198885
a00000579	198886
a00000580	198887
a00000581	198888
a00000582	198889
a00000583	198890
a00000584	198891
a00000585	198892
a00000586	198893
a00000587	198894
a00000588	198895
a00000589	198896
a00000590	198897
a00000591	198898
a00000592	198899
a00000593	198900
a00000594	198901
a00000595	198902
a00000596	198903
a00000597	198904
a00000598	198905
a00000599	198906
a00000600	198907
a00000601	198908
a00000602	198909
a00000603	198910
a00000604	198911
a00000605	198912
a00000606	198913
a00000607	198914
a00000608	198915
a00000609	198916
a00000610	198917
a00000611	198918
a00000612	198919
a00000613	198920
a00000614	198921
a00000615	198922
a00000616	198923
a00000617	198924
a00000618	198925
a00000619	198926
a00000620	198927
a00000621	198928
a00000622	198929
a00000623	198930
a00000624	198931
a00000625	198932
a00000626	198933
a00000627	198934
a00000628	198935
a00000629	198936
a00000630	198937
a00000631	198938
a00000632	198939
a00000633	198940
a00000634	198941
a00000635	198942
a00000636	198943
a00000637	198944
a00000638	198945
a00000639	198946
a00000640	198947
a00000641	198948
a00000642	198949
a00000643	198950
a00000644	198951
a00000645	198952
a00000646	198953
a00000647	198954
a00000648	198955
a00000649	198956
a00000650	198957
a00000651	198958
a00000652	198959
a00000653	198960
a00000654	198961
a00000655	198962
a00000656	198963
a00000657	198964
a00000658	198965
a00000659	198966
a00000660	198967
a00000661	198968
a00000662	198969
a00000663	198970
a00000664	198971
a00000665	198972
a00000666	198973
a00000667	198974
a00000668	198975
a00000669	198976
a00000670	198977
a00000671	198978
a00000672	198979
a00000673	198980
a00000674	198981
a00000675	198982
a00000676	198983
a00000677	198984
a00000678	198985
a00000679	198986
a00000680	198987
a00000681	198988
a00000682	198989
a00000683	198990
a00000684	198991
a00000685	198992
a00000686	198993
a00000687	198994
a00000688	198995
a00000689	198996
a00000690	198997
a00000691	198998
a00000692	198999
a00000693	199000
a00000694	199001
a00000695	199002
a00000696	199003
a00000697	199004
a00000698	199005
a00000699	199006
a00000700	199007
a00000701	199008
a00000702	199009
a00000703	199010
a00000704	199011
a00000705	199012
a00000706	199013
a00000707	199014
a00000708	199015
a00000709	199016
a00000710	199017
a00000711	199018
a00000712	199019
a00000713	199020
a00000714	199021
a00000715	199022
a00000716	199023
a00000717	199024
a00000718	199025
a00000719	199026
a00000720	199027
a00000721	199028
a00000722	199029
a00000723	199030
a00000724	199031
a00000725	199032
a00000726	199033
a00000727	199034
a00000728	199035
a00000729	199036
a00000730	199037
a00000731	199038
a00000732	199039
a00000733	199040
a00000734	199041
a00000735	199042
a00000736	199043
a00000737	199044
a00000738	199045
a00000739	199046
a00000740	199047
a00000741	199048
a00000742	199049
a00000743	199050
a00000744	199051
a00000745	199052
a00000746	199053
a00000747	199054
a00000748	199055
a00000749	199056
a00000750	199057
a00000751	199058
a00000752	199059
a00000753	199060
a00000754	199061
a00000755	199062
a00000756	199063
a00000757	199064
a00000758	199065
a00000759	199066
a00000760	199067
a00000761	199068
a00000762	199069
a00000763	199070
a00000764	199071
a00000765	199072
a00000766	199073
a00000767	199074
a00000768	199075
a00000769	199076
a00000770	199077
a00000771	199078
a00000772	199079
a00000773	199080
a00000774	199081
a00000775	199082
a00000776	199083
a00000777	199084
a00000778	199085
a00000779	199086
a00000780	199087
a00000781	199088
a00000782	199089
a00000783	199090
a00000784	199091
a00000785	199092
a00000786	199093
a00000787	199094
a00000788	199095
a00000789	199096
a00000790	199097
a00000791	199098
a00000792	199099
a00000793	199100
a00000794	199101
a00000795	199102
a00000796	199103
a00000797	199104
a00000798	199105
a00000799	199106
a00000800	199107
a00000801	199108
a00000802	199109
a00000803	199110
a00000804	199111
a00000805	199112
a00000806	199113
a00000807	199114
a00000808	199115
a00000809	199116
a00000810	199117
a00000811	199118
a00000812	199119
a00000813	199120
a00000814	199121
a00000815	199122
a00000816	199123
a00000817	199124
a00000818	199125
a00000819	199126
a00000820	199127
a00000821	199128
a00000822	199129
a00000823	199130
a00000824	199131
a00000825	199132
a00000826	199133
a00000827	199134
a00000828	199135
a00000829	199136
a00000830	199137
a00000831	199138
a00000832	199139
a00000833	199140
a00000834	199141
a00000835	199142
a00000836	199143
a00000837	199144
a00000838	199145
a00000839	199146
a00000840	199147
a00000841	199148
a00000842	199149
a00000843	199150
a00000844	199151
a00000845	199152
a00000846	199153
a00000847	199154
a00000848	199155
a00000849	199156
a00000850	199157
a00000851	199158
a00000852	199159
a00000853	199160
a00000854	199161
a00000855	199162
a00000856	199163
a00000857	199164
a00000858	199165
a00000859	199166
a00000860	199167
a00000861	199168
a00000862	199169
a00000863	199170
a00000864	199171
a00000865	199172
a00000866	199173
a00000867	199174
a00000868	199175
a00000869	199176
a00000870	199177
a00000871	199178
a00000872	199179
a00000873	199180
a00000874	199181
a00000875	199182
a00000876	199183
a00000877	199184
a00000878	199185
a00000879	199186
a00000880	199187
a00000881	199188
a00000882	199189
a00000883	199190
a00000884	199191
a00000885	199192
a00000886	199193
a00000887	199194
a00000888	199195
a00000889	199196
a00000890	199197
a00000891	199198
a00000892	199199
a00000893	199200
a00000894	199201
a00000895	199202
a00000896	199203
a00000897	199204
a00000898	199205
a00000899	199206
a00000900	199207
a00000901	199208
a00000902	199209
a00000903	199210
a00000904	199211
a00000905	199212
a00000906	199213
a00000907	199214
a00000908	199215
a00000909	199216
a00000910	199217
a00000911	199218
a00000912	199219
a00000913	199220
a00000914	199221
a00000915	199222
a00000916	199223
a00000917	199224
a00000918	199225
a00000919	199226
a00000920	199227
a00000921	199228
a00000922	199229
a00000923	199230
a00000924	199231
a00000925	199232
a00000926	199233
a00000927	199234
a00000928	199235
a00000929	199236
a00000930	199237
a00000931	199238
a00000932	199239
a00000933	199240
a00000934	199241
a00000935	199242
a00000936	199243
a00000937	199244
a00000938	199245
a00000939	199246
a00000940	199247
a00000941	199248
a00000942	199249
a00000943	199250
a00000944	199251
a00000945	199252
a00000946	199253
a00000947	199254
a00000948	199255
a00000949	199256
a00000950	199257
a00000951	199258
a00000952	199259
a00000953	199260
a00000954	199261
a00000955	199262
a00000956	199263
a00000957	199264
a00000958	199265
a00000959	199266
a00000960	199267
a00000961	199268
a00000962	199269
a00000963	199270
a00000964	199271
a00000965	199272
a00000966	199273
a00000967	199274
a00000968	199275
a00000969	199276
a00000970	199277
a00000971	199278
a00000972	199279
a00000973	199280
a00000974	199281
a00000975	199282
a00000976	199283
a00000977	199284
a00000978	199285
a00000979	199286
a00000980	199287
a00000981	199288
a00000982	199289
a00000983	199290
a00000984	199291
a00000985	199292
a00000986	199293
a00000987	199294
a00000988	199295
a00000989	199296
a00000990	199297
a00000991	199298
a00000992	199299
a00000993	199300
a00000994	199301
a00000995	199302
a00000996	199303
a00000997	199304
a00000998	199305
a00000999	199306
a00001000	199307
a00001001	199308
a00001002	199309
a00001003	199310
a00001004	199311
a00001005	199312
a00001006	199313
a00001007	199314
a00001008	199315
a00001009	199316
a00001010	199317
a00001011	199318
a00001012	199319
a00001013	199320
a00001014	199321
a00001015	199322
a00001016	199323
a00001017	199324
a00001018	199325
a00001019	199326
a00001020	199327
a00001021	199328
a00001022	199329
a00001023	199330
a00001024	199331
a00001025	199332
a00001026	199333
a00001027	199334
a00001028	199335
a00001029	199336
a00001030	199337
a00001031	199338
a00001032	199339
a00001033	199340
a00001034	199341
a00001035	199342
a00001036	199343
a00001037	199344
a00001038	199345
a00001039	199346
a00001040	199347
a00001041	199348
a00001042	199349
a00001043	199350
a00001044	199351
a00001045	199352
a00001046	199353
a00001047	199354
a00001048	199355
a00001049	199356
a00001050	199357
a00001051	199358
a00001052	199359
a00001053	199360
a00001054	199361
a00001055	199362
a00001056	199363
a00001057	199364
a00001058	199365
a00001059	199366
a00001060	199367
a00001061	199368
a00001062	199369
a00001063	199370
a00001064	199371
a00001065	199372
a00001066	199373
a00001067	199374
a00001068	199375
a00001069	199376
a00001070	199377
a00001071	199378
a00001072	199379
a00001073	199380
a00001074	199381
a00001075	199382
a00001076	199383
a00001077	199384
a00001078	199385
a00001079	199386
a00001080	199387
a00001081	199388
a00001082	199389
a00001083	199390
a00001084	199391
a00001085	199392
a00001086	199393
a00001087	199394
a00001088	199395
a00001089	199396
a00001090	199397
a00001091	199398
a00001092	199399
a00001093	199400
a00001094	199401
a00001095	199402
a00001096	199403
a00001097	199404
a00001098	199405
a00001099	199406
a00001100	199407
a00001101	199408
a00001102	199409
a00001103	199410
a00001104	199411
a00001105	199412
a00001106	199413
a00001107	199414
a00001108	199415
a00001109	199416
a00001110	199417
a00001111	199418
a00001112	199419
a00001113	199420
a00001114	199421
a00001115	199422
a00001116	199423
a00001117	199424
a00001118	199425
a00001119	199426
a00001120	199427
a00001121	199428
a00001122	199429
a00001123	199430
a00001124	199431
a00001125	199432
a00001126	199433
a00001127	199434
a00001128	199435
a00001129	199436
a00001130	199437
a00001131	199438
a00001132	199439
a00001133	199440
a00001134	199441
a00001135	199442
a00001136	199443
a00001137	199444
a00001138	199445
a00001139	199446
a00001140	199447
a00001141	199448
a00001142	199449
a00001143	199450
a00001144	199451
a00001145	199452
a00001146	199453
a00001147	199454
a00001148	199455
a00001149	199456
a00001150	199457
a00001151	199458
a00001152	199459
a00001153	199460
a00001154	199461
a00001155	199462
a00001156	199463
a00001157	199464
a00001158	199465
a00001159	199466
a00001160	199467
a00001161	199468
a00001162	199469
a00001163	199470
a00001164	199471
a00001165	199472
a00001166	199473
a00001167	199474
a00001168	199475
a00001169	199476
a00001170	199477
a00001171	199478
a00001172	199479
a00001173	199480
a00001174	199481
a00001175	199482
a00001176	199483
a00001177	199484
a00001178	199485
a00001179	199486
a00001180	199487
a00001181	199488
a00001182	199489
a00001183	199490
a00001184	199491
a00001185	199492
a00001186	199493
a00001187	199494
a00001188	199495
a00001189	199496
a00001190	199497
a00001191	199498
a00001192	199499
a00001193	199500
a00001194	199501
a00001195	199502
a00001196	199503
a00001197	199504
a00001198	199505
a00001199	199506
a00001200	199507
a00001201	199508
a00001202	199509
a00001203	199510
a00001204	199511
a00001205	199512
a00001206	199513
a00001207	199514
a00001208	199515
a00001209	199516
a00001210	199517
a00001211	199518
a00001212	199519
a00001213	199520
a00001214	199521
a00001215	199522
a00001216	199523
a00001217	199524
a00001218	199525
a00001219	199526
a00001220	199527
a00001221	199528
a00001222	199529
a00001223	199530
a00001224	199531
a00001225	199532
a00001226	199533
a00001227	199534
a00001228	199535
a00001229	199536
a00001230	199537
a00001231	199538
a00001232	199539
a00001233	199540
a00001234	199541
a00001235	199542
a00001236	199543
a00001237	199544
a00001238	199545
a00001239	199546
a00001240	199547
a00001241	199548
a00001242	199549
a00001243	199550
a00001244	199551
a00001245	199552
a00001246	199553
a00001247	199554
a00001248	199555
a00001249	199556
a00001250	199557
a00001251	199558
a00001252	199559
a00001253	199560
a00001254	199561
a00001255	199562
a00001256	199563
a00001257	199564
a00001258	199565
a00001259	199566
a00001260	199567
a00001261	199568
a00001262	199569
a00001263	199570
a00001264	199571
a00001265	199572
a00001266	199573
a00001267	199574
a00001268	199575
a00001269	199576
a00001270	199577
a00001271	199578
a00001272	199579
a00001273	199580
a00001274	199581
a00001275	199582
a00001276	199583
a00001277	199584
a00001278	199585
a00001279	199586
a00001280	199587
a00001281	199588
a00001282	199589
a00001283	199590
a00001284	199591
a00001285	199592
a00001286	199593
a00001287	199594
a00001288	199595
a00001289	199596
a00001290	199597
a00001291	199598
a00001292	199599
a00001293	199600
a00001294	199601
a00001295	199602
a00001296	199603
a00001297	199604
a00001298	199605
a00001299	199606
a00001300	199607
a00001301	199608
a00001302	199609
a00001303	199610
a00001304	199611
a00001305	199612
a00001306	199613
a00001307	199614
a00001308	199615
a00001309	199616
a00001310	199617
a00001311	199618
a00001312	199619
a00001313	199620
a00001314	199621
a00001315	199622
a00001316	199623
a00001317	199624
a00001318	199625
a00001319	199626
a00001320	199627
a00001321	199628
a00001322	199629
a00001323	199630
a00001324	199631
a00001325	199632
a00001326	199633
a00001327	199634
a00001328	199635
a00001329	199636
a00001330	199637
a00001331	199638
a00001332	199639
a00001333	199640
a00001334	199641
a00001335	199642
a00001336	199643
a00001337	199644
a00001338	199645
a00001339	199646
a00001340	199647
a00001341	199648
a00001342	199649
a00001343	199650
a00001344	199651
a00001345	199652
a00001346	199653
a00001347	199654
a00001348	199655
a00001349	199656
a00001350	199657
a00001351	199658
a00001352	199659
a00001353	199660
a00001354	199661
a00001355	199662
a00001356	199663
a00001357	199664
a00001358	199665
a00001359	199666
a00001360	199667
a00001361	199668
a00001362	199669
a00001363	199670
a00001364	199671
a00001365	199672
a00001366	199673
a00001367	199674
a00001368	199675
a00001369	199676
a00001370	199677
a00001371	199678
a00001372	199679
a00001373	199680
a00001374	199681
a00001375	199682
a00001376	199683
a00001377	199684
a00001378	199685
a00001379	199686
a00001380	199687
a00001381	199688
a00001382	199689
a00001383	199690
a00001384	199691
a00001385	199692
a00001386	199693
a00001387	199694
a00001388	199695
a00001389	199696
a00001390	199697
a00001391	199698
a00001392	199699
a00001393	199700
a00001394	199701
a00001395	199702
a00001396	199703
a00001397	199704
a00001398	199705
a00001399	199706
a00001400	199707
a00001401	199708
a00001402	199709
a00001403	199710
a00001404	199711
a00001405	199712
a00001406	199713
a00001407	199714
a00001408	199715
a00001409	199716
a00001410	199717
a00001411	199718
a00001412	199719
a00001413	199720
a00001414	199721
a00001415	199722
a00001416	199723
a00001417	199724
a00001418	199725
a00001419	199726
a00001420	199727
a00001421	199728
a00001422	199729
a00001423	199730
a00001424	199731
a00001425	199732
a00001426	199733
a00001427	199734
a00001428	199735
a00001429	199736
a00001430	199737
a00001431	199738
a00001432	199739
a00001433	199740
a00001434	199741
a00001435	199742
a00001436	199743
a00001437	199744
a00001438	199745
a00001439	199746
a00001440	199747
a00001441	199748
a00001442	199749
a00001443	199750
a00001444	199751
a00001445	199752
a00001446	199753
a00001447	199754
a00001448	199755
a00001449	199756
a00001450	199757
a00001451	199758
a00001452	199759
a00001453	199760
a00001454	199761
a00001455	199762
a00001456	199763
a00001457	199764
a00001458	199765
a00001459	199766
a00001460	199767
a00001461	199768
a00001462	199769
a00001463	199770
a00001464	199771
a00001465	199772
a00001466	199773
a00001467	199774
a00001468	199775
a00001469	199776
a00001470	199777
a00001471	199778
a00001472	199779
a00001473	199780
a00001474	199781
a00001475	199782
a00001476	199783
a00001477	199784
a00001478	199785
a00001479	199786
a00001480	199787
a00001481	199788
a00001482	199789
a00001483	199790
a00001484	199791
a00001485	199792
a00001486	199793
a00001487	199794
a00001488	199795
a00001489	199796
a00001490	199797
a00001491	199798
a00001492	199799
a00001493	199800
a00001494	199801
a00001495	199802
a00001496	199803
a00001497	199804
a00001498	199805
a00001499	199806
a00001500	199807
a00001501	199808
a00001502	199809
a00001503	199810
a00001504	199811
a00001505	199812
a00001506	199813
a00001507	199814
a00001508	199815
a00001509	199816
a00001510	199817
a00001511	199818
a00001512	199819
a00001513	199820
a00001514	199821
a00001515	199822
a00001516	199823
a00001517	199824
a00001518	199825
a00001519	199826
a00001520	199827
a00001521	199828
a00001522	199829
a00001523	199830
a00001524	199831
a00001525	199832
a00001526	199833
a00001527	199834
a00001528	199835
a00001529	199836
a00001530	199837
a00001531	199838
a00001532	199839
a00001533	199840
a00001534	199841
a00001535	199842
a00001536	199843
a00001537	199844
a00001538	199845
a00001539	199846
a00001540	199847
a00001541	199848
a00001542	199849
a00001543	199850
a00001544	199851
a00001545	199852
a00001546	199853
a00001547	199854
a00001548	199855
a00001549	199856
a00001550	199857
a00001551	199858
a00001552	199859
a00001553	199860
a00001554	199861
a00001555	199862
a00001556	199863
a00001557	199864
a00001558	199865
a00001559	199866
a00001560	199867
a00001561	199868
a00001562	199869
a00001563	199870
a00001564	199871
a00001565	199872
a00001566	199873
a00001567	199874
a00001568	199875
a00001569	199876
a00001570	199877
a00001571	199878
a00001572	199879
a00001573	199880
a00001574	199881
a00001575	199882
a00001576	199883
a00001577	199884
a00001578	199885
a00001579	199886
a00001580	199887
a00001581	199888
a00001582	199889
a00001583	199890
a00001584	199891
a00001585	199892
a00001586	199893
a00001587	199894
a00001588	199895
a00001589	199896
a00001590	199897
a00001591	199898
a00001592	199899
a00001593	199900
a00001594	199901
a00001595	199902
a00001596	199903
a00001597	199904
a00001598	199905
a00001599	199906
a00001600	199907
a00001601	199908
a00001602	199909
a00001603	199910
a00001604	199911
a00001605	199912
a00001606	199913
a00001607	199914
a00001608	199915
a00001609	199916
a00001610	199917
a00001611	199918
a00001612	199919
a00001613	199920
a00001614	199921
a00001615	199922
a00001616	199923
a00001617	199924
a00001618	199925
a00001619	199926
a00001620	199927
a00001621	199928
a00001622	199929
a00001623	199930
a00001624	199931
a00001625	199932
a00001626	199933
a00001627	199934
a00001628	199935
a00001629	199936
a00001630	199937
a00001631	199938
a00001632	199939
a00001633	199940
a00001634	199941
a00001635	199942
a00001636	199943
a00001637	199944
a00001638	199945
a00001639	199946
a00001640	199947
a00001641	199948
a00001642	199949
a00001643	199950
a00001644	199951
a00001645	199952
a00001646	199953
a00001647	199954
a00001648	199955
a00001649	199956
a00001650	199957
a00001651	199958
a00001652	199959
a00001653	199960
a00001654	199961
a00001655	199962
a00001656	199963
a00001657	199964
a00001658	199965
a00001659	199966
a00001660	199967
a00001661	199968
a00001662	199969
a00001663	199970
a00001664	199971
a00001665	199972
a00001666	199973
a00001667	199974
a00001668	199975
a00001669	199976
a00001670	199977
a00001671	199978
a00001672	199979
a00001673	199980
a00001674	199981
a00001675	199982
a00001676	199983
a00001677	199984
a00001678	199985
a00001679	199986
a00001680	199987
a00001681	199988
a00001682	199989
a00001683	199990
a00001684	199991
a00001685	199992
a00001686	199993
a00001687	199994
a00001688	199995
a00001689	199996
a00001690	199997
a00001691	199998
a00001692	199999
a00001693	200000
a00001694	200001
a00001695	200002
a00001696	200003
a00001697	200004
a00001698	200005
a00001699	200006
a00001700	200007
a00001701	200008
a00001702	200009
a00001703	200010
a00001704	200011
a00001705	200012
a00001706	200013
a00001707	200014
a00001708	200015
a00001709	200016
a00001710	200017
a00001711	200018
a00001712	200019
a00001713	200020
a00001714	200021
a00001715	200022
a00001716	200023
a00001717	200024
a00001718	200025
a00001719	200026
a00001720	200027
a00001721	200028
a00001722	200029
a00001723	200030
a00001724	200031
a00001725	200032
a00001726	200033
a00001727	200034
a00001728	200035
a00001729	200036
a00001730	200037
a00001731	200038
a00001732	200039
a00001733	200040
a00001734	200041
a00001735	200042
a00001736	200043
a00001737	200044
a00001738	200045
a00001739	200046
a00001740	200047
a00001741	200048
a00001742	200049
a00001743	200050
a00001744	200051
a00001745	200052
a00001746	200053
a00001747	200054
a00001748	200055
a00001749	200056
a00001750	200057
a00001751	200058
a00001752	200059
a00001753	200060
a00001754	200061
a00001755	200062
a00001756	200063
a00001757	200064
a00001758	200065
a00001759	200066
a00001760	200067
a00001761	200068
a00001762	200069
a00001763	200070
a00001764	200071
a00001765	200072
a00001766	200073
a00001767	200074
a00001768	200075
a00001769	200076
a00001770	200077
a00001771	200078
a00001772	200079
a00001773	200080
a00001774	200081
a00001775	200082
a00001776	200083
a00001777	200084
a00001778	200085
a00001779	200086
a00001780	200087
a00001781	200088
a00001782	200089
a00001783	200090
a00001784	200091
a00001785	200092
a00001786	200093
a00001787	200094
a00001788	200095
a00001789	200096
a00001790	200097
a00001791	200098
a00001792	200099
a00001793	200100
a00001794	200101
a00001795	200102
a00001796	200103
a00001797	200104
a00001798	200105
a00001799	200106
a00001800	200107
a00001801	200108
a00001802	200109
a00001803	200110
a00001804	200111
a00001805	200112
a00001806	200113
a00001807	200114
a00001808	200115
a00001809	200116
a00001810	200117
a00001811	200118
a00001812	200119
a00001813	200120
a00001814	200121
a00001815	200122
a00001816	200123
a00001817	200124
a00001818	200125
a00001819	200126
a00001820	200127
a00001821	200128
a00001822	200129
a00001823	200130
a00001824	200131
a00001825	200132
a00001826	200133
a00001827	200134
a00001828	200135
a00001829	200136
a00001830	200137
a00001831	200138
a00001832	200139
a00001833	200140
a00001834	200141
a00001835	200142
a00001836	200143
a00001837	200144
a00001838	200145
a00001839	200146
a00001840	200147
a00001841	200148
a00001842	200149
a00001843	200150
a00001844	200151
a00001845	200152
a00001846	200153
a00001847	200154
a00001848	200155
a00001849	200156
a00001850	200157
a00001851	200158
a00001852	200159
a00001853	200160
a00001854	200161
a00001855	200162
a00001856	200163
a00001857	200164
a00001858	200165
a00001859	200166
a00001860	200167
a00001861	200168
a00001862	200169
a00001863	200170
a00001864	200171
a00001865	200172
a00001866	200173
a00001867	200174
a00001868	200175
a00001869	200176
a00001870	200177
a00001871	200178
a00001872	200179
a00001873	200180
a00001874	200181
a00001875	200182
a00001876	200183
a00001877	200184
a00001878	200185
a00001879	200186
a00001880	200187
a00001881	200188
a00001882	200189
a00001883	200190
a00001884	200191
a00001885	200192
a00001886	200193
a00001887	200194
a00001888	200195
a00001889	200196
a00001890	200197
a00001891	200198
a00001892	200199
a00001893	200200
a00001894	200201
a00001895	200202
a00001896	200203
a00001897	200204
a00001898	200205
a00001899	200206
a00001900	200207
a00001901	200208
a00001902	200209
a00001903	200210
a00001904	200211
a00001905	200212
a00001906	200213
a00001907	200214
a00001908	200215
a00001909	200216
a00001910	200217
a00001911	200218
a00001912	200219
a00001913	200220
a00001914	200221
a00001915	200222
a00001916	200223
a00001917	200224
a00001918	200225
a00001919	200226
a00001920	200227
a00001921	200228
a00001922	200229
a00001923	200230
a00001924	200231
a00001925	200232
a00001926	200233
a00001927	200234
a00001928	200235
a00001929	200236
a00001930	200237
a00001931	200238
a00001932	200239
a00001933	200240
a00001934	200241
a00001935	200242
a00001936	200243
a00001937	200244
a00001938	200245
a00001939	200246
a00001940	200247
a00001941	200248
a00001942	200249
a00001943	200250
a00001944	200251
a00001945	200252
a00001946	200253
a00001947	200254
a00001948	200255
a00001949	200256
a00001950	200257
a00001951	200258
a00001952	200259
a00001953	200260
a00001954	200261
a00001955	200262
