annotation	node
a00000000	50728
a00000773	50729
a00000774	50730
a00000775	50731
a00000776	50732
a00000777	50733
a00000778	50734
a00000779	50735
a00000780	50736
a00000781	50737
a00000782	50738
a00000783	50739
a00000784	50740
a00000785	50741
a00000786	50742
a00000787	50743
a00000788	50744
a00000789	50745
a00000790	50746
a00000791	50747
a00000792	50748
a00000793	50749
a00000794	50750
a00000795	50751
a00000796	50752
a00000797	50753
a00000798	50754
a00000799	50755
a00000800	50756
a00000801	50757
a00000802	50758
a00000803	50759
a00000804	50760
a00000805	50761
a00000806	50762
a00000807	50763
a00000808	50764
a00000809	50765
a00000810	50766
a00000811	50767
a00000812	50768
a00000813	50769
a00000814	50770
a00000815	50771
a00000816	50772
a00000817	50773
a00000818	50774
a00000819	50775
a00000820	50776
a00000821	50777
a00000822	50778
a00000823	50779
a00000824	50780
a00000825	50781
a00000826	50782
a00000827	50783
a00000828	50784
a00000829	50785
a00000830	50786
a00000831	50787
a00000832	50788
a00000833	50789
a00000834	50790
a00000835	50791
a00000836	50792
a00000837	50793
a00000838	50794
a00000839	50795
a00000840	50796
a00000841	50797
a00000842	50798
a00000843	50799
a00000844	50800
a00000845	50801
a00000846	50802
a00000847	50803
a00000848	50804
a00000849	50805
a00000850	50806
a00000851	50807
a00000852	50808
a00000853	50809
a00000854	50810
a00000855	50811
a00000856	50812
a00000857	50813
a00000858	50814
a00000859	50815
a00000860	50816
a00000861	50817
a00000862	50818
a00000863	50819
a00000864	50820
a00000865	50821
a00000866	50822
a00000867	50823
a00000868	50824
a00000869	50825
a00000870	50826
a00000871	50827
a00000872	50828
a00000873	50829
a00000874	50830
a00000875	50831
a00000876	50832
a00000877	50833
a00000878	50834
a00000879	50835
a00000880	50836
a00000881	50837
a00000882	50838
a00000883	50839
a00000884	50840
a00000885	50841
a00000886	50842
a00000887	50843
a00000888	50844
a00000889	50845
a00000890	50846
a00000891	50847
a00000892	50848
a00000893	50849
a00000894	50850
a00000895	50851
a00000896	50852
a00000897	50853
a00000898	50854
a00000899	50855
a00000900	50856
a00000901	50857
a00000902	50858
a00000903	50859
a00000904	50860
a00000905	50861
a00000906	50862
a00000907	50863
a00000908	50864
a00000909	50865
a00000910	50866
a00000911	50867
a00000912	50868
a00000913	50869
a00000914	50870
a00000915	50871
a00000916	50872
a00000917	50873
a00000918	50874
a00000919	50875
a00000920	50876
a00000921	50877
a00000922	50878
a00000923	50879
a00000924	50880
a00000925	50881
a00000926	50882
a00000927	50883
a00000928	50884
a00000929	50885
a00000930	50886
a00000931	50887
a00000932	50888
a00000933	50889
a00000934	50890
a00000935	50891
a00000936	50892
a00000937	50893
a00000938	50894
a00000939	50895
a00000940	50896
a00000941	50897
a00000942	50898
a00000943	50899
a00000944	50900
a00000945	50901
a00000946	50902
a00000947	50903
a00000948	50904
a00000949	50905
a00000950	50906
a00000951	50907
a00000952	50908
a00000953	50909
a00000954	50910
a00000955	50911
a00000956	50912
a00000957	50913
a00000958	50914
a00000959	50915
a00000960	50916
a00000961	50917
a00000962	50918
a00000963	50919
a00000964	50920
a00000965	50921
a00000966	50922
a00000967	50923
a00000968	50924
a00000969	50925
a00000970	50926
a00000971	50927
a00000972	50928
a00000973	50929
a00000974	50930
a00000975	50931
a00000976	50932
a00000977	50933
a00000978	50934
a00000979	50935
a00000980	50936
a00000981	50937
a00000982	50938
a00000983	50939
a00000984	50940
a00000985	50941
a00000986	50942
a00000987	50943
a00000988	50944
a00000989	50945
a00000990	50946
a00000991	50947
a00000992	50948
a00000993	50949
a00000994	50950
a00000995	50951
a00000996	50952
a00000997	50953
a00000998	50954
a00000999	50955
a00001000	50956
a00001001	50957
a00001002	50958
a00001003	50959
a00001004	50960
a00001005	50961
a00001006	50962
a00001007	50963
a00001008	50964
a00001009	50965
a00001010	50966
a00001011	50967
a00001012	50968
a00001013	50969
a00001014	50970
a00001015	50971
a00001016	50972
a00001017	50973
a00001018	50974
a00001019	50975
a00001020	50976
a00001021	50977
a00001022	50978
a00001023	50979
a00001024	50980
a00001025	50981
a00001026	50982
a00001027	50983
a00001028	50984
a00001029	50985
a00001030	50986
a00001031	50987
a00001032	50988
a00001033	50989
a00001034	50990
a00001035	50991
a00001036	50992
a00001037	50993
a00001038	50994
a00001039	50995
a00001040	50996
a00001041	50997
a00001042	50998
a00001043	50999
a00001044	51000
a00001045	51001
a00001046	51002
a00001047	51003
a00001048	51004
a00001049	51005
a00001050	51006
a00001051	51007
a00001052	51008
a00001053	51009
a00001054	51010
a00001055	51011
a00001056	51012
a00001057	51013
a00001058	51014
a00001059	51015
a00001060	51016
a00001061	51017
a00001062	51018
a00001063	51019
a00001064	51020
a00001065	51021
a00001066	51022
a00001067	51023
a00001068	51024
a00001069	51025
a00001070	51026
a00001071	51027
a00001072	51028
a00001073	51029
a00001074	51030
a00001075	51031
a00001076	51032
a00001077	51033
a00001078	51034
a00001079	51035
a00001080	51036
a00001081	51037
a00001082	51038
a00001083	51039
a00001084	51040
a00001085	51041
a00001086	51042
a00001087	51043
a00001088	51044
a00001089	51045
a00001090	51046
a00001091	51047
a00001092	51048
a00001093	51049
a00001094	51050
a00001095	51051
a00001096	51052
a00001097	51053
a00001098	51054
a00001099	51055
a00001100	51056
a00001101	51057
a00001102	51058
a00001103	51059
a00001104	51060
a00001105	51061
a00001106	51062
a00001107	51063
a00001108	51064
a00001109	51065
a00001110	51066
a00001111	51067
a00001112	51068
a00001113	51069
a00001114	51070
a00001115	51071
a00001116	51072
a00001117	51073
a00001118	51074
a00001119	51075
a00001120	51076
a00001121	51077
a00001122	51078
a00001123	51079
a00001124	51080
a00001125	51081
a00001126	51082
a00001127	51083
a00001128	51084
a00001129	51085
a00001130	51086
a00001131	51087
a00001132	51088
a00001133	51089
a00001134	51090
a00001135	51091
a00001136	51092
a00001137	51093
a00001138	51094
a00001139	51095
a00001140	51096
a00001141	51097
a00001142	51098
a00001143	51099
a00001144	51100
a00001145	51101
a00001146	51102
a00001147	51103
a00001148	51104
a00001149	51105
a00001150	51106
a00001151	51107
a00001152	51108
a00001153	51109
a00001154	51110
a00001155	51111
a00001156	51112
a00001157	51113
a00001158	51114
a00001159	51115
a00001160	51116
a00001161	51117
a00001162	51118
a00001163	51119
a00001164	51120
a00001165	51121
a00001166	51122
a00001167	51123
a00001168	51124
a00001169	51125
a00001170	51126
a00001171	51127
a00001172	51128
a00001173	51129
a00001174	51130
a00001175	51131
a00001176	51132
a00001177	51133
a00001178	51134
a00001179	51135
a00001180	51136
a00001181	51137
a00001182	51138
a00001183	51139
a00001184	51140
a00001185	51141
a00001186	51142
a00001187	51143
a00001188	51144
a00001189	51145
a00001190	51146
a00001191	51147
a00001192	51148
a00001193	51149
a00001194	51150
a00001195	51151
a00001196	51152
a00001197	51153
a00001198	51154
a00001199	51155
a00001200	51156
a00001201	51157
a00001202	51158
a00001203	51159
a00001204	51160
a00001205	51161
a00001206	51162
a00001207	51163
a00001208	51164
a00001209	51165
a00001210	51166
a00001211	51167
a00001212	51168
a00001213	51169
a00001214	51170
a00001215	51171
a00001216	51172
a00001217	51173
a00001218	51174
a00001219	51175
a00001220	51176
a00001221	51177
a00001222	51178
a00001223	51179
a00001224	51180
a00001225	51181
a00001226	51182
a00001227	51183
a00001228	51184
a00001229	51185
a00001230	51186
a00001231	51187
a00001232	51188
a00001233	51189
a00001234	51190
a00001235	51191
a00001236	51192
a00001237	51193
a00001238	51194
a00001239	51195
a00001240	51196
a00001241	51197
a00001242	51198
a00001243	51199
a00001244	51200
a00001245	51201
a00001246	51202
a00001247	51203
a00001248	51204
a00001249	51205
a00001250	51206
a00001251	51207
a00001252	51208
a00001253	51209
a00001254	51210
a00001255	51211
a00001256	51212
a00001257	51213
a00001258	51214
a00001259	51215
a00001260	51216
a00001261	51217
a00001262	51218
a00001263	51219
a00001264	51220
a00001265	51221
a00001266	51222
a00001267	51223
a00001268	51224
a00001269	51225
a00001270	51226
a00001271	51227
a00001272	51228
a00001273	51229
a00001274	51230
a00001275	51231
a00001276	51232
a00001277	51233
a00001278	51234
a00001279	51235
a00001280	51236
a00001281	51237
a00001282	51238
a00001283	51239
a00001284	51240
a00001285	51241
a00001286	51242
a00001287	51243
a00001288	51244
a00001289	51245
a00001290	51246
a00001291	51247
a00001292	51248
a00001293	51249
a00001294	51250
a00001295	51251
a00001296	51252
a00001297	51253
a00001298	51254
a00001299	51255
a00001300	51256
a00001301	51257
a00001302	51258
a00001303	51259
a00001304	51260
a00001305	51261
a00001306	51262
a00001307	51263
a00001308	51264
a00001309	51265
a00001310	51266
a00001311	51267
a00001312	51268
a00001313	51269
a00001314	51270
a00001315	51271
a00001316	51272
a00001317	51273
a00001318	51274
a00001319	51275
a00001320	51276
a00001321	51277
a00001322	51278
a00001323	51279
a00001324	51280
a00001325	51281
a00001326	51282
a00001327	51283
a00001328	51284
a00001329	51285
a00001330	51286
a00001331	51287
a00001332	51288
a00001333	51289
a00001334	51290
a00001335	51291
a00001336	51292
a00001337	51293
a00001338	51294
a00001339	51295
a00001340	51296
a00001341	51297
a00001342	51298
a00001343	51299
a00001344	51300
a00001345	51301
a00001346	51302
a00001347	51303
a00001348	51304
a00001349	51305
a00001350	51306
a00001351	51307
a00001352	51308
a00001353	51309
a00001354	51310
a00001355	51311
a00001356	51312
a00001357	51313
a00001358	51314
a00001359	51315
a00001360	51316
a00001361	51317
a00001362	51318
a00001363	51319
a00001364	51320
a00001365	51321
a00001366	51322
a00001367	51323
a00001368	51324
a00001369	51325
a00001370	51326
a00001371	51327
a00001372	51328
a00001373	51329
a00001374	51330
a00001375	51331
a00001376	51332
a00001377	51333
a00001378	51334
a00001379	51335
a00001380	51336
a00001381	51337
a00001382	51338
a00001383	51339
a00001384	51340
a00001385	51341
a00001386	51342
a00001387	51343
a00001388	51344
a00001389	51345
a00001390	51346
a00001391	51347
a00001392	51348
a00001393	51349
a00001394	51350
a00001395	51351
a00001396	51352
a00001397	51353
a00001398	51354
a00001399	51355
a00001400	51356
a00001401	51357
a00001402	51358
a00001403	51359
a00001404	51360
a00001405	51361
a00001406	51362
a00001407	51363
a00001408	51364
a00001409	51365
a00001410	51366
a00001411	51367
a00001412	51368
a00001413	51369
a00001414	51370
a00001415	51371
a00001416	51372
a00001417	51373
a00001418	51374
a00001419	51375
a00001420	51376
a00001421	51377
a00001422	51378
a00001423	51379
a00001424	51380
a00001425	51381
a00001426	51382
a00001427	51383
a00001428	51384
a00001429	51385
a00001430	51386
a00001431	51387
a00001432	51388
a00001433	51389
a00001434	51390
a00001435	51391
a00001436	51392
a00001437	51393
a00001438	51394
a00001439	51395
a00001440	51396
a00001441	51397
a00001442	51398
a00001443	51399
a00001444	51400
a00001445	51401
a00001446	51402
a00001447	51403
a00001448	51404
a00001449	51405
a00001450	51406
a00001451	51407
a00001452	51408
a00001453	51409
a00001454	51410
a00001455	51411
a00001456	51412
a00001457	51413
a00001458	51414
a00001459	51415
a00001460	51416
a00001461	51417
a00001462	51418
a00001463	51419
a00001464	51420
a00001465	51421
a00001466	51422
a00001467	51423
a00001468	51424
a00001469	51425
a00001470	51426
a00001471	51427
a00001472	51428
a00001473	51429
a00001474	51430
a00001475	51431
a00001476	51432
a00001477	51433
a00001478	51434
a00001479	51435
a00001480	51436
a00001481	51437
a00001482	51438
a00001483	51439
a00001484	51440
a00001485	51441
a00001486	51442
a00001487	51443
a00001488	51444
a00001489	51445
a00001490	51446
a00001491	51447
a00001492	51448
a00001493	51449
a00001494	51450
a00001495	51451
a00001496	51452
a00001497	51453
a00001498	51454
a00001499	51455
a00001500	51456
a00001501	51457
a00001502	51458
a00001503	51459
a00001504	51460
a00001505	51461
a00001506	51462
a00001507	51463
a00001508	51464
a00001509	51465
a00001510	51466
a00001511	51467
a00001512	51468
a00001513	51469
a00001514	51470
a00001515	51471
a00001516	51472
a00001517	51473
a00001518	51474
a00001519	51475
a00001520	51476
a00001521	51477
a00001522	51478
a00001523	51479
a00001524	51480
a00001525	51481
a00001526	51482
a00001527	51483
a00001528	51484
a00001529	51485
a00001530	51486
a00001531	51487
a00001532	51488
a00001533	51489
a00001534	51490
a00001535	51491
a00001536	51492
a00001537	51493
a00001538	51494
a00001539	51495
a00001540	51496
a00001541	51497
a00001542	51498
a00001543	51499
a00001544	51500
a00001545	51501
a00001546	51502
a00001547	51503
a00001548	51504
a00001549	51505
a00001550	51506
a00001551	51507
a00001552	51508
a00001553	51509
a00001554	51510
a00001555	51511
a00001556	51512
a00001557	51513
a00001558	51514
a00001559	51515
a00001560	51516
a00001561	51517
a00001562	51518
a00001563	51519
a00001564	51520
a00001565	51521
a00001566	51522
a00001567	51523
a00001568	51524
a00001569	51525
a00001570	51526
a00001571	51527
a00001572	51528
a00001573	51529
a00001574	51530
a00001575	51531
a00001576	51532
a00001577	51533
a00001578	51534
a00001579	51535
a00001580	51536
a00001581	51537
a00001582	51538
a00001583	51539
a00001584	51540
a00001585	51541
a00001586	51542
a00001587	51543
a00001588	51544
a00001589	51545
a00001590	51546
a00001591	51547
a00001592	51548
a00001593	51549
a00001594	51550
a00001595	51551
a00001596	51552
a00001597	51553
a00001598	51554
a00001599	51555
a00001600	51556
a00001601	51557
a00001602	51558
a00001603	51559
a00001604	51560
a00001605	51561
a00001606	51562
a00001607	51563
a00001608	51564
a00001609	51565
a00001610	51566
a00001611	51567
a00001612	51568
a00001613	51569
a00001614	51570
a00001615	51571
a00001616	51572
a00001617	51573
a00001618	51574
a00001619	51575
a00001620	51576
a00001621	51577
a00001622	51578
a00001623	51579
a00001624	51580
a00001625	51581
a00001626	51582
a00001627	51583
a00001628	51584
a00001629	51585
a00001630	51586
a00001631	51587
a00001632	51588
a00001633	51589
a00001634	51590
a00001635	51591
a00001636	51592
a00001637	51593
a00001638	51594
a00001639	51595
a00001640	51596
a00001641	51597
a00001642	51598
a00001643	51599
a00001644	51600
a00001645	51601
a00001646	51602
a00001647	51603
a00001648	51604
a00001649	51605
a00001650	51606
a00001651	51607
a00001652	51608
a00001653	51609
a00001654	51610
a00001655	51611
a00001656	51612
a00001657	51613
a00001658	51614
a00001659	51615
a00001660	51616
a00001661	51617
a00001662	51618
a00001663	51619
a00001664	51620
a00001665	51621
a00001666	51622
a00001667	51623
a00001668	51624
a00001669	51625
a00001670	51626
a00001671	51627
a00001672	51628
a00001673	51629
a00001674	51630
a00001675	51631
a00001676	51632
a00001677	51633
a00001678	51634
a00001679	51635
a00001680	51636
a00001681	51637
a00001682	51638
a00001683	51639
a00001684	51640
a00001685	51641
a00001686	51642
a00001687	51643
a00001688	51644
a00001689	51645
a00001690	51646
a00001691	51647
a00001692	51648
a00001693	51649
a00001694	51650
a00001695	51651
a00001696	51652
a00001697	51653
a00001698	51654
a00001699	51655
a00001700	51656
a00001701	51657
a00001702	51658
a00001703	51659
a00001704	51660
a00001705	51661
a00001706	51662
a00001707	51663
a00001708	51664
a00001709	51665
a00001710	51666
a00001711	51667
a00001712	51668
a00001713	51669
a00001714	51670
a00001715	51671
a00001716	51672
a00001717	51673
a00001718	51674
a00001719	51675
a00001720	51676
a00001721	51677
a00001722	51678
a00001723	51679
a00001724	51680
a00001725	51681
a00001726	51682
a00001727	51683
a00001728	51684
a00001729	51685
a00001730	51686
a00001731	51687
a00001732	51688
a00001733	51689
a00001734	51690
a00001735	51691
a00001736	51692
a00001737	51693
a00001738	51694
a00001739	51695
a00001740	51696
a00001741	51697
a00001742	51698
a00001743	51699
a00001744	51700
a00001745	51701
a00001746	51702
a00001747	51703
a00001748	51704
a00001749	51705
a00001750	51706
a00001751	51707
a00001752	51708
a00001753	51709
a00001754	51710
a00001755	51711
a00001756	51712
a00001757	51713
a00001758	51714
a00001759	51715
a00001760	51716
a00001761	51717
a00001762	51718
a00001763	51719
a00001764	51720
a00001765	51721
a00001766	51722
a00001767	51723
a00001768	51724
a00001769	51725
a00001770	51726
a00001771	51727
a00001772	51728
a00001773	51729
a00001774	51730
a00001775	51731
a00001776	51732
a00001777	51733
a00001778	51734
a00001779	51735
a00001780	51736
a00001781	51737
a00001782	51738
a00001783	51739
a00001784	51740
a00001785	51741
a00001786	51742
a00001787	51743
a00001788	51744
a00001789	51745
a00001790	51746
a00001791	51747
a00001792	51748
a00001793	51749
a00001794	51750
a00001795	51751
a00001796	51752
a00001797	51753
a00001798	51754
a00001799	51755
a00001800	51756
a00001801	51757
a00001802	51758
a00001803	51759
a00001804	51760
a00001805	51761
a00001806	51762
a00001807	51763
a00001808	51764
a00001809	51765
a00001810	51766
a00001811	51767
a00001812	51768
a00001813	51769
a00001814	51770
a00001815	51771
a00001816	51772
a00001817	51773
a00001818	51774
a00001819	51775
a00001820	51776
a00001821	51777
a00001822	51778
a00001823	51779
a00001824	51780
a00001825	51781
a00001826	51782
a00001827	51783
a00001828	51784
a00001829	51785
a00001830	51786
a00001831	51787
a00001832	51788
a00001833	51789
a00001834	51790
a00001835	51791
a00001836	51792
a00001837	51793
a00001838	51794
a00001839	51795
a00001840	51796
a00001841	51797
a00001842	51798
a00001843	51799
a00001844	51800
a00001845	51801
a00001846	51802
a00001847	51803
a00001848	51804
a00001849	51805
a00001850	51806
a00001851	51807
a00001852	51808
a00001853	51809
a00001854	51810
a00001855	51811
a00001856	51812
a00001857	51813
a00001858	51814
a00001859	51815
a00001860	51816
a00001861	51817
a00001862	51818
a00001863	51819
a00001864	51820
a00001865	51821
a00001866	51822
a00001867	51823
a00001868	51824
a00001869	51825
a00001870	51826
a00001871	51827
a00001872	51828
a00001873	51829
a00001874	51830
a00001875	51831
a00001876	51832
a00001877	51833
a00001878	51834
a00001879	51835
a00001880	51836
a00001881	51837
a00001882	51838
a00001883	51839
a00001884	51840
a00001885	51841
a00001886	51842
a00001887	51843
a00001888	51844
a00001889	51845
a00001890	51846
a00001891	51847
a00001892	51848
a00001893	51849
a00001894	51850
a00001895	51851
a00001896	51852
a00001897	51853
a00001898	51854
a00001899	51855
a00001900	51856
a00001901	51857
a00001902	51858
a00001903	51859
a00001904	51860
a00001905	51861
a00001906	51862
a00001907	51863
a00001908	51864
a00001909	51865
a00001910	51866
a00001911	51867
a00001912	51868
a00001913	51869
a00001914	51870
a00001915	51871
a00001916	51872
a00001917	51873
a00001918	51874
a00001919	51875
a00001920	51876
a00001921	51877
a00001922	51878
a00001923	51879
a00001924	51880
a00001925	51881
a00001926	51882
a00001927	51883
a00001928	51884
a00001929	51885
a00001930	51886
a00001931	51887
a00001932	51888
a00001933	51889
a00001934	51890
a00001935	51891
a00001936	51892
a00001937	51893
a00001938	51894
a00001939	51895
a00001940	51896
a00001941	51897
a00001942	51898
a00001943	51899
a00001944	51900
a00001945	51901
a00001946	51902
a00001947	51903
a00001948	51904
a00001949	51905
a00001950	51906
a00001951	51907
a00001952	51908
a00001953	51909
a00001954	51910
a00001955	51911
a00001956	51912
a00001957	51913
a00001958	51914
a00001959	51915
a00001960	51916
a00001961	51917
a00001962	51918
a00001963	51919
a00001964	51920
a00001965	51921
a00001966	51922
a00001967	51923
a00001968	51924
a00001969	51925
a00001970	51926
a00001971	51927
a00001972	51928
a00001973	51929
a00001974	51930
a00001975	51931
a00001976	51932
a00001977	51933
a00001978	51934
a00001979	51935
a00001980	51936
a00001981	51937
a00001982	51938
a00001983	51939
a00001984	51940
a00001985	51941
a00001986	51942
a00001987	51943
a00001988	51944
a00001989	51945
a00001990	51946
a00001991	51947
a00001992	51948
a00001993	51949
a00001994	51950
a00001995	51951
a00001996	51952
a00001997	51953
a00001998	51954
a00001999	51955
a00002000	51956
a00002001	51957
a00002002	51958
a00002003	51959
a00002004	51960
a00002005	51961
a00002006	51962
a00002007	51963
a00002008	51964
a00002009	51965
a00002010	51966
a00002011	51967
a00002012	51968
a00002013	51969
a00002014	51970
a00002015	51971
a00002016	51972
a00002017	51973
a00002018	51974
a00002019	51975
a00002020	51976
a00002021	51977
a00002022	51978
a00002023	51979
a00002024	51980
a00002025	51981
a00002026	51982
a00002027	51983
a00002028	51984
a00002029	51985
a00002030	51986
a00002031	51987
a00002032	51988
a00002033	51989
a00002034	51990
a00002035	51991
a00002036	51992
a00002037	51993
a00002038	51994
a00002039	51995
a00002040	51996
a00002041	51997
a00002042	51998
a00002043	51999
a00002044	52000
a00002045	52001
a00002046	52002
a00002047	52003
a00002048	52004
a00002049	52005
a00002050	52006
a00002051	52007
a00002052	52008
a00002053	52009
a00002054	52010
a00002055	52011
a00002056	52012
a00002057	52013
a00002058	52014
a00002059	52015
a00002060	52016
a00002061	52017
a00002062	52018
a00002063	52019
a00002064	52020
a00002065	52021
a00002066	52022
a00002067	52023
a00002068	52024
a00002069	52025
a00002070	52026
a00002071	52027
a00002072	52028
a00002073	52029
a00002074	52030
a00002075	52031
a00002076	52032
a00002077	52033
a00002078	52034
a00002079	52035
a00002080	52036
a00002081	52037
a00002082	52038
a00002083	52039
a00002084	52040
a00002085	52041
a00002086	52042
a00002087	52043
a00002088	52044
a00002089	52045
a00002090	52046
a00002091	52047
a00002092	52048
a00002093	52049
a00002094	52050
a00002095	52051
a00002096	52052
a00002097	52053
a00002098	52054
a00002099	52055
a00002100	52056
a00002101	52057
a00002102	52058
a00002103	52059
a00002104	52060
a00002105	52061
a00002106	52062
a00002107	52063
a00002108	52064
a00002109	52065
a00002110	52066
a00002111	52067
a00002112	52068
a00002113	52069
a00002114	52070
a00002115	52071
a00002116	52072
a00002117	52073
a00002118	52074
a00002119	52075
a00002120	52076
a00002121	52077
a00002122	52078
a00002123	52079
a00002124	52080
a00002125	52081
a00002126	52082
a00002127	52083
a00002128	52084
a00002129	52085
a00002130	52086
a00002131	52087
a00002132	52088
a00002133	52089
a00002134	52090
a00002135	52091
a00002136	52092
a00002137	52093
a00002138	52094
a00002139	52095
a00002140	52096
a00002141	52097
a00002142	52098
a00002143	52099
a00002144	52100
a00002145	52101
a00002146	52102
a00002147	52103
a00002148	52104
a00002149	52105
a00002150	52106
a00002151	52107
a00002152	52108
a00002153	52109
a00002154	52110
a00002155	52111
a00002156	52112
a00002157	52113
a00002158	52114
a00002159	52115
a00002160	52116
a00002161	52117
a00002162	52118
a00002163	52119
a00002164	52120
a00002165	52121
a00002166	52122
a00002167	52123
a00002168	52124
a00002169	52125
a00002170	52126
a00002171	52127
a00002172	52128
a00002173	52129
a00002174	52130
a00002175	52131
a00002176	52132
a00002177	52133
a00002178	52134
a00002179	52135
a00002180	52136
a00002181	52137
a00002182	52138
a00002183	52139
a00002184	52140
a00002185	52141
a00002186	52142
a00002187	52143
a00002188	52144
a00002189	52145
a00002190	52146
a00002191	52147
a00002192	52148
a00002193	52149
a00002194	52150
a00002195	52151
a00002196	52152
a00002197	52153
a00002198	52154
a00002199	52155
a00002200	52156
a00002201	52157
a00002202	52158
a00002203	52159
a00002204	52160
a00002205	52161
a00002206	52162
a00002207	52163
a00002208	52164
a00002209	52165
a00002210	52166
a00002211	52167
a00002212	52168
a00002213	52169
a00002214	52170
a00002215	52171
a00002216	52172
a00002217	52173
a00002218	52174
a00002219	52175
a00002220	52176
a00002221	52177
a00002222	52178
a00002223	52179
a00002224	52180
a00002225	52181
a00002226	52182
a00002227	52183
a00002228	52184
a00002229	52185
a00002230	52186
a00002231	52187
a00002232	52188
a00002233	52189
a00002234	52190
a00002235	52191
a00002236	52192
a00002237	52193
a00002238	52194
a00002239	52195
a00002240	52196
a00002241	52197
a00002242	52198
a00002243	52199
a00002244	52200
a00002245	52201
a00002246	52202
a00002247	52203
a00002248	52204
a00002249	52205
a00002250	52206
a00002251	52207
a00002252	52208
a00002253	52209
a00002254	52210
a00002255	52211
a00002256	52212
a00002257	52213
a00002258	52214
a00002259	52215
a00002260	52216
a00002261	52217
a00002262	52218
a00002263	52219
a00002264	52220
a00002265	52221
a00002266	52222
a00002267	52223
a00002268	52224
a00002269	52225
a00002270	52226
a00002271	52227
a00002272	52228
a00002273	52229
a00002274	52230
a00002275	52231
a00002276	52232
a00002277	52233
a00002278	52234
a00002279	52235
a00002280	52236
a00002281	52237
a00002282	52238
a00002283	52239
a00002284	52240
a00002285	52241
a00002286	52242
a00002287	52243
a00002288	52244
a00002289	52245
a00002290	52246
a00002291	52247
a00002292	52248
a00002293	52249
a00002294	52250
a00002295	52251
a00002296	52252
a00002297	52253
a00002298	52254
a00002299	52255
a00002300	52256
a00002301	52257
a00002302	52258
a00002303	52259
a00002304	52260
a00002305	52261
a00002306	52262
a00002307	52263
a00002308	52264
a00002309	52265
a00002310	52266
a00002311	52267
a00002312	52268
a00002313	52269
a00002314	52270
a00002315	52271
a00002316	52272
a00002317	52273
a00002318	52274
a00002319	52275
a00002320	52276
a00002321	52277
a00002322	52278
a00002323	52279
a00002324	52280
a00002325	52281
a00002326	52282
a00002327	52283
a00002328	52284
a00002329	52285
a00002330	52286
a00002331	52287
a00002332	52288
a00002333	52289
a00002334	52290
a00002335	52291
a00002336	52292
a00002337	52293
a00002338	52294
a00002339	52295
a00002340	52296
a00002341	52297
a00002342	52298
a00002343	52299
a00002344	52300
a00002345	52301
a00002346	52302
a00002347	52303
a00002348	52304
a00002349	52305
a00002350	52306
a00002351	52307
a00002352	52308
a00002353	52309
a00002354	52310
a00002355	52311
a00002356	52312
a00002357	52313
a00002358	52314
a00002359	52315
a00002360	52316
a00002361	52317
a00002362	52318
a00002363	52319
a00002364	52320
a00002365	52321
a00002366	52322
a00002367	52323
a00002368	52324
a00002369	52325
a00002370	52326
a00002371	52327
a00002372	52328
a00002373	52329
a00002374	52330
a00002375	52331
a00002376	52332
a00002377	52333
a00002378	52334
a00002379	52335
a00002380	52336
a00002381	52337
a00002382	52338
a00002383	52339
a00002384	52340
a00002385	52341
a00002386	52342
a00002387	52343
a00002388	52344
a00002389	52345
a00002390	52346
a00002391	52347
a00002392	52348
a00002393	52349
a00002394	52350
a00002395	52351
a00002396	52352
a00002397	52353
a00002398	52354
a00002399	52355
a00002400	52356
a00002401	52357
a00002402	52358
a00002403	52359
a00002404	52360
a00002405	52361
a00002406	52362
a00002407	52363
a00002408	52364
a00002409	52365
a00002410	52366
a00002411	52367
a00002412	52368
a00002413	52369
a00002414	52370
a00002415	52371
a00002416	52372
a00002417	52373
a00002418	52374
a00002419	52375
a00002420	52376
a00002421	52377
a00002422	52378
a00002423	52379
a00002424	52380
a00002425	52381
a00002426	52382
a00002427	52383
a00002428	52384
a00002429	52385
a00002430	52386
a00002431	52387
a00002432	52388
a00002433	52389
a00002434	52390
a00002435	52391
a00002436	52392
a00002437	52393
a00002438	52394
a00002439	52395
a00002440	52396
a00002441	52397
a00002442	52398
a00002443	52399
a00002444	52400
a00002445	52401
a00002446	52402
a00002447	52403
a00002448	52404
a00002449	52405
a00002450	52406
a00002451	52407
a00002452	52408
a00002453	52409
a00002454	52410
a00002455	52411
a00002456	52412
a00002457	52413
a00002458	52414
a00002459	52415
a00002460	52416
a00002461	52417
a00002462	52418
a00002463	52419
a00002464	52420
a00002465	52421
a00002466	52422
a00002467	52423
a00002468	52424
a00002469	52425
a00002470	52426
a00002471	52427
a00002472	52428
a00002473	52429
a00002474	52430
a00002475	52431
a00002476	52432
a00002477	52433
a00002478	52434
a00002479	52435
a00002480	52436
a00002481	52437
a00002482	52438
a00002483	52439
a00002484	52440
a00002485	52441
a00002486	52442
a00002487	52443
a00002488	52444
a00002489	52445
a00002490	52446
a00002491	52447
a00002492	52448
a00002493	52449
a00002494	52450
a00002495	52451
a00002496	52452
a00002497	52453
a00002498	52454
a00002499	52455
a00002500	52456
a00002501	52457
a00002502	52458
a00002503	52459
a00002504	52460
a00002505	52461
a00002506	52462
a00002507	52463
a00002508	52464
a00002509	52465
a00002510	52466
a00002511	52467
a00002512	52468
a00002513	52469
a00002514	52470
a00002515	52471
a00002516	52472
a00002517	52473
a00002518	52474
a00002519	52475
a00002520	52476
a00002521	52477
a00002522	52478
a00002523	52479
a00002524	52480
a00002525	52481
a00002526	52482
a00002527	52483
a00002528	52484
a00002529	52485
a00002530	52486
a00002531	52487
a00002532	52488
a00002533	52489
a00002534	52490
a00002535	52491
a00002536	52492
a00002537	52493
a00002538	52494
a00002539	52495
a00002540	52496
a00002541	52497
a00002542	52498
a00002543	52499
a00002544	52500
a00002545	52501
a00002546	52502
a00002547	52503
a00002548	52504
a00002549	52505
a00002550	52506
a00002551	52507
a00002552	52508
a00002553	52509
a00002554	52510
a00002555	52511
a00002556	52512
a00002557	52513
a00002558	52514
a00002559	52515
a00002560	52516
a00002561	52517
a00002562	52518
a00002563	52519
a00002564	52520
a00002565	52521
a00002566	52522
a00002567	52523
a00002568	52524
a00002569	52525
a00002570	52526
a00002571	52527
a00002572	52528
a00002573	52529
a00002574	52530
a00002575	52531
a00002576	52532
a00002577	52533
a00002578	52534
a00002579	52535
a00002580	52536
a00002581	52537
a00002582	52538
a00002583	52539
a00002584	52540
a00002585	52541
a00002586	52542
a00002587	52543
a00002588	52544
a00002589	52545
a00002590	52546
a00002591	52547
a00002592	52548
a00002593	52549
a00002594	52550
a00002595	52551
a00002596	52552
a00002597	52553
a00002598	52554
a00002599	52555
a00002600	52556
a00002601	52557
a00002602	52558
a00002603	52559
a00002604	52560
a00002605	52561
a00002606	52562
a00002607	52563
a00002608	52564
a00002609	52565
a00002610	52566
a00002611	52567
a00002612	52568
a00002613	52569
a00002614	52570
a00002615	52571
a00002616	52572
a00002617	52573
a00002618	52574
a00002619	52575
a00002620	52576
a00002621	52577
a00002622	52578
a00002623	52579
a00002624	52580
a00002625	52581
a00002626	52582
a00002627	52583
a00002628	52584
a00002629	52585
a00002630	52586
a00002631	52587
a00002632	52588
a00002633	52589
a00002634	52590
a00002635	52591
a00002636	52592
a00002637	52593
a00002638	52594
a00002639	52595
a00002640	52596
a00002641	52597
a00002642	52598
a00002643	52599
a00002644	52600
a00002645	52601
a00002646	52602
a00002647	52603
a00002648	52604
a00002649	52605
a00002650	52606
a00002651	52607
a00002652	52608
a00002653	52609
a00002654	52610
a00002655	52611
a00002656	52612
a00002657	52613
a00002658	52614
a00002659	52615
a00002660	52616
a00002661	52617
a00002662	52618
a00002663	52619
a00002664	52620
a00002665	52621
a00002666	52622
a00002667	52623
a00002668	52624
a00002669	52625
a00002670	52626
a00002671	52627
a00002672	52628
a00002673	52629
a00002674	52630
a00002675	52631
a00002676	52632
a00002677	52633
a00002678	52634
a00002679	52635
a00002680	52636
a00002681	52637
a00002682	52638
a00002683	52639
a00002684	52640
a00002685	52641
a00002686	52642
a00002687	52643
a00002688	52644
a00002689	52645
a00002690	52646
a00002691	52647
a00002692	52648
a00002693	52649
a00002694	52650
a00002695	52651
a00002696	52652
a00002697	52653
a00002698	52654
a00002699	52655
a00002700	52656
a00002701	52657
a00002702	52658
a00002703	52659
a00002704	52660
a00002705	52661
a00002706	52662
a00002707	52663
a00002708	52664
a00002709	52665
a00002710	52666
a00002711	52667
a00002712	52668
a00002713	52669
a00002714	52670
a00002715	52671
a00002716	52672
a00002717	52673
a00002718	52674
a00002719	52675
a00002720	52676
a00002721	52677
a00002722	52678
a00002723	52679
a00002724	52680
a00002725	52681
a00002726	52682
a00002727	52683
a00002728	52684
a00002729	52685
a00002730	52686
a00002731	52687
a00002732	52688
a00002733	52689
a00002734	52690
a00002735	52691
a00002736	52692
a00002737	52693
a00002738	52694
a00002739	52695
a00002740	52696
a00002741	52697
a00002742	52698
a00002743	52699
a00002744	52700
a00002745	52701
a00002746	52702
a00002747	52703
a00002748	52704
a00002749	52705
a00002750	52706
a00002751	52707
a00002752	52708
a00002753	52709
a00002754	52710
a00002755	52711
a00002756	52712
a00002757	52713
a00002758	52714
a00002759	52715
a00002760	52716
a00002761	52717
a00002762	52718
a00002763	52719
a00002764	52720
a00002765	52721
a00002766	52722
a00002767	52723
a00002768	52724
a00002769	52725
a00002770	52726
a00002771	52727
a00002772	52728
a00002773	52729
a00002774	52730
a00002775	52731
a00002776	52732
a00002777	52733
a00002778	52734
a00002779	52735
a00002780	52736
a00002781	52737
a00002782	52738
a00002783	52739
a00002784	52740
a00002785	52741
a00002786	52742
a00002787	52743
a00002788	52744
a00002789	52745
a00002790	52746
a00002791	52747
a00002792	52748
a00002793	52749
a00002794	52750
a00002795	52751
a00002796	52752
a00002797	52753
a00002798	52754
a00002799	52755
a00002800	52756
a00002801	52757
a00002802	52758
a00002803	52759
a00002804	52760
a00002805	52761
a00002806	52762
a00002807	52763
a00002808	52764
a00002809	52765
a00002810	52766
a00002811	52767
a00002812	52768
a00002813	52769
a00002814	52770
a00002815	52771
a00002816	52772
a00002817	52773
a00002818	52774
a00002819	52775
a00002820	52776
a00002821	52777
a00002822	52778
a00002823	52779
a00002824	52780
a00002825	52781
a00002826	52782
a00002827	52783
a00002828	52784
a00002829	52785
a00002830	52786
a00002831	52787
a00002832	52788
a00002833	52789
a00002834	52790
a00002835	52791
a00002836	52792
a00002837	52793
a00002838	52794
a00002839	52795
a00002840	52796
a00002841	52797
a00002842	52798
a00002843	52799
a00002844	52800
a00002845	52801
a00002846	52802
a00002847	52803
a00002848	52804
a00002849	52805
a00002850	52806
a00002851	52807
a00002852	52808
a00002853	52809
a00002854	52810
a00002855	52811
a00002856	52812
a00002857	52813
a00002858	52814
a00002859	52815
a00002860	52816
a00002861	52817
a00002862	52818
a00002863	52819
a00002864	52820
a00002865	52821
a00002866	52822
a00002867	52823
a00002868	52824
a00002869	52825
a00002870	52826
a00002871	52827
a00002872	52828
a00002873	52829
a00002874	52830
a00002875	52831
a00002876	52832
a00002877	52833
a00002878	52834
a00002879	52835
a00002880	52836
a00002881	52837
a00002882	52838
a00002883	52839
a00002884	52840
a00002885	52841
a00002886	52842
a00002887	52843
a00002888	52844
a00002889	52845
a00002890	52846
a00002891	52847
a00002892	52848
a00002893	52849
a00002894	52850
a00002895	52851
a00002896	52852
a00002897	52853
a00002898	52854
a00002899	52855
a00002900	52856
a00002901	52857
a00002902	52858
a00002903	52859
a00002904	52860
a00002905	52861
a00002906	52862
a00002907	52863
a00002908	52864
a00002909	52865
a00002910	52866
a00002911	52867
a00002912	52868
a00002913	52869
a00002914	52870
a00002915	52871
a00002916	52872
a00002917	52873
a00002918	52874
a00002919	52875
a00002920	52876
a00002921	52877
a00002922	52878
a00002923	52879
a00002924	52880
a00002925	52881
a00002926	52882
a00002927	52883
a00002928	52884
a00002929	52885
a00002930	52886
a00002931	52887
a00002932	52888
a00002933	52889
a00002934	52890
a00002935	52891
a00002936	52892
a00002937	52893
a00002938	52894
a00002939	52895
a00002940	52896
a00002941	52897
a00002942	52898
a00002943	52899
a00002944	52900
a00002945	52901
a00002946	52902
a00002947	52903
a00002948	52904
a00002949	52905
a00002950	52906
a00002951	52907
a00002952	52908
a00002953	52909
a00002954	52910
a00002955	52911
a00002956	52912
a00002957	52913
a00002958	52914
a00002959	52915
a00002960	52916
a00002961	52917
a00002962	52918
a00002963	52919
a00002964	52920
a00002965	52921
a00002966	52922
a00002967	52923
a00002968	52924
a00002969	52925
a00002970	52926
a00002971	52927
a00002972	52928
a00002973	52929
a00002974	52930
a00002975	52931
a00002976	52932
a00002977	52933
a00002978	52934
a00002979	52935
a00002980	52936
a00002981	52937
a00002982	52938
a00002983	52939
a00002984	52940
a00002985	52941
a00002986	52942
a00002987	52943
a00002988	52944
a00002989	52945
a00002990	52946
a00002991	52947
a00002992	52948
a00002993	52949
a00002994	52950
a00002995	52951
a00002996	52952
a00002997	52953
a00002998	52954
a00002999	52955
a00003000	52956
a00003001	52957
a00003002	52958
a00003003	52959
a00003004	52960
a00003005	52961
a00003006	52962
a00003007	52963
a00003008	52964
a00003009	52965
a00003010	52966
a00003011	52967
a00003012	52968
a00003013	52969
a00003014	52970
a00003015	52971
a00003016	52972
a00003017	52973
a00003018	52974
a00003019	52975
a00003020	52976
a00003021	52977
a00003022	52978
a00003023	52979
a00003024	52980
a00003025	52981
a00003026	52982
a00003027	52983
a00003028	52984
a00003029	52985
a00003030	52986
a00003031	52987
a00003032	52988
a00003033	52989
a00003034	52990
a00003035	52991
a00003036	52992
a00003037	52993
a00003038	52994
a00003039	52995
a00003040	52996
a00003041	52997
a00003042	52998
a00003043	52999
a00003044	53000
a00003045	53001
a00003046	53002
a00003047	53003
a00003048	53004
a00003049	53005
a00003050	53006
a00003051	53007
a00003052	53008
a00003053	53009
a00003054	53010
a00003055	53011
a00003056	53012
a00003057	53013
a00003058	53014
a00003059	53015
a00003060	53016
a00003061	53017
a00003062	53018
a00003063	53019
a00003064	53020
a00003065	53021
a00003066	53022
a00003067	53023
a00003068	53024
a00003069	53025
a00003070	53026
a00003071	53027
a00003072	53028
a00003073	53029
a00003074	53030
a00003075	53031
a00003076	53032
a00003077	53033
a00003078	53034
a00003079	53035
a00003080	53036
a00003081	53037
a00003082	53038
a00003083	53039
a00003084	53040
a00003085	53041
a00003086	53042
a00003087	53043
a00003088	53044
a00003089	53045
a00003090	53046
a00003091	53047
a00003092	53048
a00003093	53049
a00003094	53050
a00003095	53051
a00003096	53052
a00003097	53053
a00003098	53054
a00003099	53055
a00003100	53056
a00003101	53057
a00003102	53058
a00003103	53059
a00003104	53060
a00003105	53061
a00003106	53062
a00003107	53063
a00003108	53064
a00003109	53065
a00003110	53066
a00003111	53067
a00003112	53068
a00003113	53069
a00003114	53070
a00003115	53071
a00003116	53072
a00003117	53073
a00003118	53074
a00003119	53075
a00003120	53076
a00003121	53077
a00003122	53078
a00003123	53079
a00003124	53080
a00003125	53081
a00003126	53082
a00003127	53083
a00003128	53084
a00003129	53085
a00003130	53086
a00003131	53087
a00003132	53088
a00003133	53089
a00003134	53090
a00003135	53091
a00003136	53092
a00003137	53093
a00003138	53094
a00003139	53095
a00003140	53096
a00003141	53097
a00003142	53098
a00003143	53099
a00003144	53100
a00003145	53101
a00003146	53102
a00003147	53103
a00003148	53104
a00003149	53105
a00003150	53106
a00003151	53107
a00003152	53108
a00003153	53109
a00003154	53110
a00003155	53111
a00003156	53112
a00003157	53113
a00003158	53114
a00003159	53115
a00003160	53116
a00003161	53117
a00003162	53118
a00003163	53119
a00003164	53120
a00003165	53121
a00003166	53122
a00003167	53123
a00003168	53124
a00003169	53125
a00003170	53126
a00003171	53127
a00003172	53128
a00003173	53129
a00003174	53130
a00003175	53131
a00003176	53132
a00003177	53133
a00003178	53134
a00003179	53135
a00003180	53136
a00003181	53137
a00003182	53138
a00003183	53139
a00003184	53140
a00003185	53141
a00003186	53142
a00003187	53143
a00003188	53144
a00003189	53145
a00003190	53146
a00003191	53147
a00003192	53148
a00003193	53149
a00003194	53150
a00003195	53151
a00003196	53152
a00003197	53153
a00003198	53154
a00003199	53155
a00003200	53156
a00003201	53157
a00003202	53158
a00003203	53159
a00003204	53160
a00003205	53161
a00003206	53162
a00003207	53163
a00003208	53164
a00003209	53165
a00003210	53166
a00003211	53167
a00003212	53168
a00003213	53169
a00003214	53170
a00003215	53171
a00003216	53172
a00003217	53173
a00003218	53174
a00003219	53175
a00003220	53176
a00003221	53177
a00003222	53178
a00003223	53179
a00003224	53180
a00003225	53181
a00003226	53182
a00003227	53183
a00003228	53184
a00003229	53185
a00003230	53186
a00003231	53187
a00003232	53188
a00003233	53189
a00003234	53190
a00003235	53191
a00003236	53192
a00003237	53193
a00003238	53194
a00003239	53195
a00003240	53196
a00003241	53197
a00003242	53198
a00003243	53199
a00003244	53200
a00003245	53201
a00003246	53202
a00003247	53203
a00003248	53204
a00003249	53205
a00003250	53206
a00003251	53207
a00003252	53208
a00003253	53209
a00003254	53210
a00003255	53211
a00003256	53212
a00003257	53213
a00003258	53214
a00003259	53215
a00003260	53216
a00003261	53217
a00003262	53218
a00003263	53219
a00003264	53220
a00003265	53221
a00003266	53222
a00003267	53223
a00003268	53224
a00003269	53225
a00003270	53226
a00003271	53227
a00003272	53228
a00003273	53229
a00003274	53230
a00003275	53231
a00003276	53232
a00003277	53233
a00003278	53234
a00003279	53235
a00003280	53236
a00003281	53237
a00003282	53238
a00003283	53239
a00003284	53240
a00003285	53241
a00003286	53242
a00003287	53243
a00003288	53244
a00003289	53245
a00003290	53246
a00003291	53247
a00003292	53248
a00003293	53249
a00003294	53250
a00003295	53251
a00003296	53252
a00003297	53253
a00003298	53254
a00003299	53255
a00003300	53256
a00003301	53257
a00003302	53258
a00003303	53259
a00003304	53260
a00003305	53261
a00003306	53262
a00003307	53263
a00003308	53264
a00003309	53265
a00003310	53266
a00003311	53267
a00003312	53268
a00003313	53269
a00003314	53270
a00003315	53271
a00003316	53272
a00003317	53273
a00003318	53274
a00003319	53275
a00003320	53276
a00003321	53277
a00003322	53278
a00003323	53279
a00003324	53280
a00003325	53281
a00003326	53282
a00003327	53283
a00003328	53284
a00003329	53285
a00003330	53286
a00003331	53287
a00003332	53288
a00003333	53289
a00003334	53290
a00003335	53291
a00003336	53292
a00003337	53293
a00003338	53294
a00003339	53295
a00003340	53296
a00003341	53297
a00003342	53298
a00003343	53299
a00003344	53300
a00003345	53301
a00003346	53302
a00003347	53303
a00003348	53304
a00003349	53305
a00003350	53306
a00003351	53307
a00003352	53308
a00003353	53309
a00003354	53310
a00003355	53311
a00003356	53312
a00003357	53313
a00003358	53314
a00003359	53315
a00003360	53316
a00003361	53317
a00003362	53318
a00003363	53319
a00003364	53320
a00003365	53321
a00003366	53322
a00003367	53323
a00003368	53324
a00003369	53325
a00003370	53326
a00003371	53327
a00003372	53328
a00003373	53329
a00003374	53330
a00003375	53331
a00003376	53332
a00003377	53333
a00003378	53334
a00003379	53335
a00003380	53336
a00003381	53337
a00003382	53338
a00003383	53339
a00003384	53340
a00003385	53341
a00003386	53342
a00003387	53343
a00003388	53344
a00003389	53345
a00003390	53346
a00003391	53347
a00003392	53348
a00003393	53349
a00003394	53350
a00003395	53351
a00003396	53352
a00003397	53353
a00003398	53354
a00003399	53355
a00003400	53356
a00003401	53357
a00003402	53358
a00003403	53359
a00003404	53360
a00003405	53361
a00003406	53362
a00003407	53363
a00003408	53364
a00003409	53365
a00003410	53366
a00003411	53367
a00003412	53368
a00003413	53369
a00003414	53370
a00003415	53371
a00003416	53372
a00003417	53373
a00003418	53374
a00003419	53375
a00003420	53376
a00003421	53377
a00003422	53378
a00003423	53379
a00003424	53380
a00003425	53381
a00003426	53382
a00003427	53383
a00003428	53384
a00003429	53385
a00003430	53386
a00003431	53387
a00003432	53388
a00003433	53389
a00003434	53390
a00003435	53391
a00003436	53392
a00003437	53393
a00003438	53394
a00003439	53395
a00003440	53396
a00003441	53397
a00003442	53398
a00003443	53399
a00003444	53400
a00003445	53401
a00003446	53402
a00003447	53403
a00003448	53404
a00003449	53405
a00003450	53406
a00003451	53407
a00003452	53408
a00003453	53409
a00003454	53410
a00003455	53411
a00003456	53412
a00003457	53413
a00003458	53414
a00003459	53415
a00003460	53416
a00003461	53417
a00003462	53418
a00003463	53419
a00003464	53420
a00003465	53421
a00003466	53422
a00003467	53423
a00003468	53424
a00003469	53425
a00003470	53426
a00003471	53427
a00003472	53428
a00003473	53429
a00003474	53430
a00003475	53431
a00003476	53432
a00003477	53433
a00003478	53434
a00003479	53435
a00003480	53436
a00003481	53437
a00003482	53438
a00003483	53439
a00003484	53440
a00003485	53441
a00003486	53442
a00003487	53443
a00003488	53444
a00003489	53445
a00003490	53446
a00003491	53447
a00003492	53448
a00003493	53449
a00003494	53450
a00003495	53451
a00003496	53452
a00003497	53453
a00003498	53454
a00003499	53455
a00003500	53456
a00003501	53457
a00003502	53458
a00003503	53459
a00003504	53460
a00003505	53461
a00003506	53462
a00003507	53463
a00003508	53464
a00003509	53465
a00003510	53466
a00003511	53467
a00003512	53468
a00003513	53469
a00003514	53470
a00003515	53471
a00003516	53472
a00003517	53473
a00003518	53474
a00003519	53475
a00003520	53476
a00003521	53477
a00003522	53478
a00003523	53479
a00003524	53480
a00003525	53481
a00003526	53482
a00003527	53483
a00003528	53484
a00003529	53485
a00003530	53486
a00003531	53487
a00003532	53488
a00003533	53489
a00003534	53490
a00003535	53491
a00003536	53492
a00003537	53493
a00003538	53494
a00003539	53495
a00003540	53496
a00003541	53497
a00003542	53498
a00003543	53499
a00003544	53500
a00003545	53501
a00003546	53502
a00003547	53503
a00003548	53504
a00003549	53505
a00003550	53506
a00003551	53507
a00003552	53508
a00003553	53509
a00003554	53510
a00003555	53511
a00003556	53512
a00003557	53513
a00003558	53514
a00003559	53515
a00003560	53516
a00003561	53517
a00003562	53518
a00003563	53519
a00003564	53520
a00003565	53521
a00003566	53522
a00003567	53523
a00003568	53524
a00003569	53525
a00003570	53526
a00003571	53527
a00003572	53528
a00003573	53529
a00003574	53530
a00003575	53531
a00003576	53532
a00003577	53533
a00003578	53534
a00003579	53535
a00003580	53536
a00003581	53537
a00003582	53538
a00003583	53539
a00003584	53540
a00003585	53541
a00003586	53542
a00003587	53543
a00003588	53544
a00003589	53545
a00003590	53546
a00003591	53547
a00003592	53548
a00003593	53549
a00003594	53550
a00003595	53551
a00003596	53552
a00003597	53553
a00003598	53554
a00003599	53555
a00003600	53556
a00003601	53557
a00003602	53558
a00003603	53559
a00003604	53560
a00003605	53561
a00003606	53562
a00003607	53563
a00003608	53564
a00003609	53565
a00003610	53566
a00003611	53567
a00003612	53568
a00003613	53569
a00003614	53570
a00003615	53571
a00003616	53572
a00003617	53573
a00003618	53574
a00003619	53575
a00003620	53576
a00003621	53577
a00003622	53578
a00003623	53579
a00003624	53580
a00003625	53581
a00003626	53582
a00003627	53583
a00003628	53584
a00003629	53585
a00003630	53586
a00003631	53587
a00003632	53588
a00003633	53589
a00003634	53590
a00003635	53591
a00003636	53592
a00003637	53593
a00003638	53594
a00003639	53595
a00003640	53596
a00003641	53597
a00003642	53598
a00003643	53599
a00003644	53600
a00003645	53601
a00003646	53602
a00003647	53603
a00003648	53604
a00003649	53605
a00003650	53606
a00003651	53607
a00003652	53608
a00003653	53609
a00003654	53610
a00003655	53611
a00003656	53612
a00003657	53613
a00003658	53614
a00003659	53615
a00003660	53616
a00003661	53617
a00003662	53618
a00003663	53619
a00003664	53620
a00003665	53621
a00003666	53622
a00003667	53623
a00003668	53624
a00003669	53625
a00003670	53626
a00003671	53627
a00003672	53628
a00003673	53629
a00003674	53630
a00003675	53631
a00003676	53632
a00003677	53633
a00003678	53634
a00003679	53635
a00003680	53636
a00003681	53637
a00003682	53638
a00003683	53639
a00003684	53640
a00003685	53641
a00003686	53642
a00003687	53643
a00003688	53644
a00003689	53645
a00003690	53646
a00003691	53647
a00003692	53648
a00003693	53649
a00003694	53650
a00003695	53651
a00003696	53652
a00003697	53653
a00003698	53654
a00003699	53655
a00003700	53656
a00003701	53657
a00003702	53658
a00003703	53659
a00003704	53660
a00003705	53661
a00003706	53662
a00003707	53663
a00003708	53664
a00003709	53665
a00003710	53666
a00003711	53667
a00003712	53668
a00003713	53669
a00003714	53670
a00003715	53671
a00003716	53672
a00003717	53673
a00003718	53674
a00003719	53675
a00003720	53676
a00003721	53677
a00003722	53678
a00003723	53679
a00003724	53680
a00003725	53681
a00003726	53682
a00003727	53683
a00003728	53684
a00003729	53685
a00003730	53686
a00003731	53687
a00003732	53688
a00003733	53689
a00003734	53690
a00003735	53691
a00003736	53692
a00003737	53693
a00003738	53694
a00003739	53695
a00003740	53696
a00003741	53697
a00003742	53698
a00003743	53699
a00003744	53700
a00003745	53701
a00003746	53702
a00003747	53703
a00003748	53704
a00003749	53705
a00003750	53706
a00003751	53707
a00003752	53708
a00003753	53709
a00003754	53710
a00003755	53711
a00003756	53712
a00003757	53713
a00003758	53714
a00003759	53715
a00003760	53716
a00003761	53717
a00003762	53718
a00003763	53719
a00003764	53720
a00003765	53721
a00003766	53722
a00003767	53723
a00003768	53724
a00003769	53725
a00003770	53726
a00003771	53727
a00003772	53728
a00003773	53729
a00003774	53730
a00003775	53731
a00003776	53732
a00003777	53733
a00003778	53734
a00003779	53735
a00003780	53736
a00003781	53737
a00003782	53738
a00003783	53739
a00003784	53740
a00003785	53741
a00003786	53742
a00003787	53743
a00003788	53744
a00003789	53745
a00003790	53746
a00003791	53747
a00003792	53748
a00003793	53749
a00003794	53750
a00003795	53751
a00003796	53752
a00003797	53753
a00003798	53754
a00003799	53755
a00003800	53756
a00003801	53757
a00003802	53758
a00003803	53759
a00003804	53760
a00003805	53761
a00003806	53762
a00003807	53763
a00003808	53764
a00003809	53765
a00003810	53766
a00003811	53767
a00003812	53768
a00003813	53769
a00003814	53770
a00003815	53771
a00003816	53772
a00003817	53773
a00003818	53774
a00003819	53775
a00003820	53776
a00003821	53777
a00003822	53778
a00003823	53779
a00003824	53780
a00003825	53781
a00003826	53782
a00003827	53783
a00003828	53784
a00003829	53785
a00003830	53786
a00003831	53787
a00003832	53788
a00003833	53789
a00003834	53790
a00003835	53791
a00003836	53792
a00003837	53793
a00003838	53794
a00003839	53795
a00003840	53796
a00003841	53797
a00003842	53798
a00003843	53799
a00003844	53800
a00003845	53801
a00003846	53802
a00003847	53803
a00003848	53804
a00003849	53805
a00003850	53806
a00003851	53807
a00003852	53808
a00003853	53809
a00003854	53810
a00003855	53811
a00003856	53812
a00003857	53813
a00003858	53814
a00003859	53815
a00003860	53816
a00003861	53817
a00003862	53818
a00003863	53819
a00003864	53820
a00003865	53821
a00003866	53822
a00003867	53823
a00003868	53824
a00003869	53825
a00003870	53826
a00003871	53827
a00003872	53828
a00003873	53829
a00003874	53830
a00003875	53831
a00003876	53832
a00003877	53833
a00003878	53834
a00003879	53835
a00003880	53836
a00003881	53837
a00003882	53838
a00003883	53839
a00003884	53840
a00003885	53841
a00003886	53842
a00003887	53843
a00003888	53844
a00003889	53845
a00003890	53846
a00003891	53847
a00003892	53848
a00003893	53849
a00003894	53850
a00003895	53851
a00003896	53852
a00003897	53853
a00003898	53854
a00003899	53855
a00003900	53856
a00003901	53857
a00003902	53858
a00003903	53859
a00003904	53860
a00003905	53861
a00003906	53862
a00003907	53863
a00003908	53864
a00003909	53865
a00003910	53866
a00003911	53867
a00003912	53868
a00003913	53869
a00003914	53870
a00003915	53871
a00003916	53872
a00003917	53873
a00003918	53874
a00003919	53875
a00003920	53876
a00003921	53877
a00003922	53878
a00003923	53879
a00003924	53880
a00003925	53881
a00003926	53882
a00003927	53883
a00003928	53884
a00003929	53885
a00003930	53886
a00003931	53887
a00003932	53888
a00003933	53889
a00003934	53890
a00003935	53891
a00003936	53892
a00003937	53893
a00003938	53894
a00003939	53895
a00003940	53896
a00003941	53897
a00003942	53898
a00003943	53899
a00003944	53900
a00003945	53901
a00003946	53902
a00003947	53903
a00003948	53904
a00003949	53905
a00003950	53906
a00003951	53907
a00003952	53908
a00003953	53909
a00003954	53910
a00003955	53911
a00003956	53912
a00003957	53913
a00003958	53914
a00003959	53915
a00003960	53916
a00003961	53917
a00003962	53918
a00003963	53919
a00003964	53920
a00003965	53921
a00003966	53922
a00003967	53923
a00003968	53924
a00003969	53925
a00003970	53926
a00003971	53927
a00003972	53928
a00003973	53929
a00003974	53930
a00003975	53931
a00003976	53932
a00003977	53933
a00003978	53934
a00003979	53935
a00003980	53936
a00003981	53937
a00003982	53938
a00003983	53939
a00003984	53940
a00003985	53941
a00003986	53942
a00003987	53943
a00003988	53944
a00003989	53945
a00003990	53946
a00003991	53947
a00003992	53948
a00003993	53949
a00003994	53950
a00003995	53951
a00003996	53952
a00003997	53953
a00003998	53954
a00003999	53955
a00004000	53956
a00004001	53957
a00004002	53958
a00004003	53959
a00004004	53960
a00004005	53961
a00004006	53962
a00004007	53963
a00004008	53964
a00004009	53965
a00004010	53966
a00004011	53967
a00004012	53968
a00004013	53969
a00004014	53970
a00004015	53971
a00004016	53972
a00004017	53973
a00004018	53974
a00004019	53975
a00004020	53976
a00004021	53977
a00004022	53978
a00004023	53979
a00004024	53980
a00004025	53981
a00004026	53982
a00004027	53983
a00004028	53984
a00004029	53985
a00004030	53986
a00004031	53987
a00004032	53988
a00004033	53989
a00004034	53990
a00004035	53991
a00004036	53992
a00004037	53993
a00004038	53994
a00004039	53995
a00004040	53996
a00004041	53997
a00004042	53998
a00004043	53999
a00004044	54000
a00004045	54001
a00004046	54002
a00004047	54003
a00004048	54004
a00004049	54005
a00004050	54006
a00004051	54007
a00004052	54008
a00004053	54009
a00004054	54010
a00004055	54011
a00004056	54012
a00004057	54013
a00004058	54014
a00004059	54015
a00004060	54016
a00004061	54017
a00004062	54018
a00004063	54019
a00004064	54020
a00004065	54021
a00004066	54022
a00004067	54023
a00004068	54024
a00004069	54025
a00004070	54026
a00004071	54027
a00004072	54028
a00004073	54029
a00004074	54030
a00004075	54031
a00004076	54032
a00004077	54033
a00004078	54034
a00004079	54035
a00004080	54036
a00004081	54037
a00004082	54038
a00004083	54039
a00004084	54040
a00004085	54041
a00004086	54042
a00004087	54043
a00004088	54044
a00004089	54045
a00004090	54046
a00004091	54047
a00004092	54048
a00004093	54049
a00004094	54050
a00004095	54051
a00004096	54052
a00004097	54053
a00004098	54054
a00004099	54055
a00004100	54056
a00004101	54057
a00004102	54058
a00004103	54059
a00004104	54060
a00004105	54061
a00004106	54062
a00004107	54063
a00004108	54064
a00004109	54065
a00004110	54066
a00004111	54067
a00004112	54068
a00004113	54069
a00004114	54070
a00004115	54071
a00004116	54072
a00004117	54073
a00004118	54074
a00004119	54075
a00004120	54076
a00004121	54077
a00004122	54078
a00004123	54079
a00004124	54080
a00004125	54081
a00004126	54082
a00004127	54083
a00004128	54084
a00004129	54085
a00004130	54086
a00004131	54087
a00004132	54088
a00004133	54089
a00004134	54090
a00004135	54091
a00004136	54092
a00004137	54093
a00004138	54094
a00004139	54095
a00004140	54096
a00004141	54097
a00004142	54098
a00004143	54099
a00004144	54100
a00004145	54101
a00004146	54102
a00004147	54103
a00004148	54104
a00004149	54105
a00004150	54106
a00004151	54107
a00004152	54108
a00004153	54109
a00004154	54110
a00004155	54111
a00004156	54112
a00004157	54113
a00004158	54114
a00004159	54115
a00004160	54116
a00004161	54117
a00004162	54118
a00004163	54119
a00004164	54120
a00004165	54121
a00004166	54122
a00004167	54123
a00004168	54124
a00004169	54125
a00004170	54126
a00004171	54127
a00004172	54128
a00004173	54129
a00004174	54130
a00004175	54131
a00004176	54132
a00004177	54133
a00004178	54134
a00004179	54135
a00004180	54136
a00004181	54137
a00004182	54138
a00004183	54139
a00004184	54140
a00004185	54141
a00004186	54142
a00004187	54143
a00004188	54144
a00004189	54145
a00004190	54146
a00004191	54147
a00004192	54148
a00004193	54149
a00004194	54150
a00004195	54151
a00004196	54152
a00004197	54153
a00004198	54154
a00004199	54155
a00004200	54156
a00004201	54157
a00004202	54158
a00004203	54159
a00004204	54160
a00004205	54161
a00004206	54162
a00004207	54163
a00004208	54164
a00004209	54165
a00004210	54166
a00004211	54167
a00004212	54168
a00004213	54169
a00004214	54170
a00004215	54171
a00004216	54172
a00004217	54173
a00004218	54174
a00004219	54175
a00004220	54176
a00004221	54177
a00004222	54178
a00004223	54179
a00004224	54180
a00004225	54181
a00004226	54182
a00004227	54183
a00004228	54184
a00004229	54185
a00004230	54186
a00004231	54187
a00004232	54188
a00004233	54189
a00004234	54190
a00004235	54191
a00004236	54192
a00004237	54193
a00004238	54194
a00004239	54195
a00004240	54196
a00004241	54197
a00004242	54198
a00004243	54199
a00004244	54200
a00004245	54201
a00004246	54202
a00004247	54203
a00004248	54204
a00004249	54205
a00004250	54206
a00004251	54207
a00004252	54208
a00004253	54209
a00004254	54210
a00004255	54211
a00004256	54212
a00004257	54213
a00004258	54214
a00004259	54215
a00004260	54216
a00004261	54217
a00004262	54218
a00004263	54219
a00004264	54220
a00004265	54221
a00004266	54222
a00004267	54223
a00004268	54224
a00004269	54225
a00004270	54226
a00004271	54227
a00004272	54228
a00004273	54229
a00004274	54230
a00004275	54231
a00004276	54232
a00004277	54233
a00004278	54234
a00004279	54235
a00004280	54236
a00004281	54237
a00004282	54238
a00004283	54239
a00004284	54240
a00004285	54241
a00004286	54242
a00004287	54243
a00004288	54244
a00004289	54245
a00004290	54246
a00004291	54247
a00004292	54248
a00004293	54249
a00004294	54250
a00004295	54251
a00004296	54252
a00004297	54253
a00004298	54254
a00004299	54255
a00004300	54256
a00004301	54257
a00004302	54258
a00004303	54259
a00004304	54260
a00004305	54261
a00004306	54262
a00004307	54263
a00004308	54264
a00004309	54265
a00004310	54266
a00004311	54267
a00004312	54268
a00004313	54269
a00004314	54270
a00004315	54271
a00004316	54272
a00004317	54273
a00004318	54274
a00004319	54275
a00004320	54276
a00004321	54277
a00004322	54278
a00004323	54279
a00004324	54280
a00004325	54281
a00004326	54282
a00004327	54283
a00004328	54284
a00004329	54285
a00004330	54286
a00004331	54287
a00004332	54288
a00004333	54289
a00004334	54290
a00004335	54291
a00004336	54292
a00004337	54293
a00004338	54294
a00004339	54295
a00004340	54296
a00004341	54297
a00004342	54298
a00004343	54299
a00004344	54300
a00004345	54301
a00004346	54302
a00004347	54303
a00004348	54304
a00004349	54305
a00004350	54306
a00004351	54307
a00004352	54308
a00004353	54309
a00004354	54310
a00004355	54311
a00004356	54312
a00004357	54313
a00004358	54314
a00004359	54315
a00004360	54316
a00004361	54317
a00004362	54318
a00004363	54319
a00004364	54320
a00004365	54321
a00004366	54322
a00004367	54323
a00004368	54324
a00004369	54325
a00004370	54326
a00004371	54327
a00004372	54328
a00004373	54329
a00004374	54330
a00004375	54331
a00004376	54332
a00004377	54333
a00004378	54334
a00004379	54335
a00004380	54336
a00004381	54337
a00004382	54338
a00004383	54339
a00004384	54340
a00004385	54341
a00004386	54342
a00004387	54343
a00004388	54344
a00004389	54345
a00004390	54346
a00004391	54347
a00004392	54348
a00004393	54349
a00004394	54350
a00004395	54351
a00004396	54352
a00004397	54353
a00004398	54354
a00004399	54355
a00004400	54356
a00004401	54357
a00004402	54358
a00004403	54359
a00004404	54360
a00004405	54361
a00004406	54362
a00004407	54363
a00004408	54364
a00004409	54365
a00004410	54366
a00004411	54367
a00004412	54368
a00004413	54369
a00004414	54370
a00004415	54371
a00004416	54372
a00004417	54373
a00004418	54374
a00004419	54375
a00004420	54376
a00004421	54377
a00004422	54378
a00004423	54379
a00004424	54380
a00004425	54381
a00004426	54382
a00004427	54383
a00004428	54384
a00004429	54385
a00004430	54386
a00004431	54387
a00004432	54388
a00004433	54389
a00004434	54390
a00004435	54391
a00004436	54392
a00004437	54393
a00004438	54394
a00004439	54395
a00004440	54396
a00004441	54397
a00004442	54398
a00004443	54399
a00004444	54400
a00004445	54401
a00004446	54402
a00004447	54403
a00004448	54404
a00004449	54405
a00004450	54406
a00004451	54407
a00004452	54408
a00004453	54409
a00004454	54410
a00004455	54411
a00004456	54412
a00004457	54413
a00004458	54414
a00004459	54415
a00004460	54416
a00004461	54417
a00004462	54418
a00004463	54419
a00004464	54420
a00004465	54421
a00004466	54422
a00004467	54423
a00004468	54424
a00004469	54425
a00004470	54426
a00004471	54427
a00004472	54428
a00004473	54429
a00004474	54430
a00004475	54431
a00004476	54432
a00004477	54433
a00004478	54434
a00004479	54435
a00004480	54436
a00004481	54437
a00004482	54438
a00004483	54439
a00004484	54440
a00004485	54441
a00004486	54442
a00004487	54443
a00004488	54444
a00004489	54445
a00004490	54446
a00004491	54447
a00004492	54448
a00004493	54449
a00004494	54450
a00004495	54451
a00004496	54452
a00004497	54453
a00004498	54454
a00004499	54455
a00004500	54456
a00004501	54457
a00004502	54458
a00004503	54459
a00004504	54460
a00004505	54461
a00004506	54462
a00004507	54463
a00004508	54464
a00004509	54465
a00004510	54466
a00004511	54467
a00004512	54468
a00004513	54469
a00004514	54470
a00004515	54471
a00004516	54472
a00004517	54473
a00004518	54474
a00004519	54475
a00004520	54476
a00004521	54477
a00004522	54478
a00004523	54479
a00004524	54480
a00004525	54481
a00004526	54482
a00004527	54483
a00004528	54484
a00004529	54485
a00004530	54486
a00004531	54487
a00004532	54488
a00004533	54489
a00004534	54490
a00004535	54491
a00004536	54492
a00004537	54493
a00004538	54494
a00004539	54495
a00004540	54496
a00004541	54497
a00004542	54498
a00004543	54499
a00004544	54500
a00004545	54501
a00004546	54502
a00004547	54503
a00004548	54504
a00004549	54505
a00004550	54506
a00004551	54507
a00004552	54508
a00004553	54509
a00004554	54510
a00004555	54511
a00004556	54512
a00004557	54513
a00004558	54514
a00004559	54515
a00004560	54516
a00004561	54517
a00004562	54518
a00004563	54519
a00004564	54520
a00004565	54521
a00004566	54522
a00004567	54523
a00004568	54524
a00004569	54525
a00004570	54526
a00004571	54527
a00004572	54528
a00004573	54529
a00004574	54530
a00004575	54531
a00004576	54532
a00004577	54533
a00004578	54534
a00004579	54535
a00004580	54536
a00004581	54537
a00004582	54538
a00004583	54539
a00004584	54540
a00004585	54541
a00004586	54542
a00004587	54543
a00004588	54544
a00004589	54545
a00004590	54546
a00004591	54547
a00004592	54548
a00004593	54549
a00004594	54550
a00004595	54551
a00004596	54552
a00004597	54553
a00004598	54554
a00004599	54555
a00004600	54556
a00004601	54557
a00004602	54558
a00004603	54559
a00004604	54560
a00004605	54561
a00004606	54562
a00004607	54563
a00004608	54564
a00004609	54565
a00004610	54566
a00004611	54567
a00004612	54568
a00004613	54569
a00004614	54570
a00004615	54571
a00004616	54572
a00004617	54573
a00004618	54574
a00004619	54575
a00004620	54576
a00004621	54577
a00004622	54578
a00004623	54579
a00004624	54580
a00004625	54581
a00004626	54582
a00004627	54583
a00004628	54584
a00004629	54585
a00004630	54586
a00004631	54587
a00004632	54588
a00004633	54589
a00004634	54590
a00004635	54591
a00004636	54592
a00004637	54593
a00004638	54594
a00004639	54595
a00004640	54596
a00004641	54597
a00004642	54598
a00004643	54599
a00004644	54600
a00004645	54601
a00004646	54602
a00004647	54603
a00004648	54604
a00004649	54605
a00004650	54606
a00004651	54607
a00004652	54608
a00004653	54609
a00004654	54610
a00004655	54611
a00004656	54612
a00004657	54613
a00004658	54614
a00004659	54615
a00004660	54616
a00004661	54617
a00004662	54618
a00004663	54619
a00004664	54620
a00004665	54621
a00004666	54622
a00004667	54623
a00004668	54624
a00004669	54625
a00004670	54626
a00004671	54627
a00004672	54628
a00004673	54629
a00004674	54630
a00004675	54631
a00004676	54632
a00004677	54633
a00004678	54634
a00004679	54635
a00004680	54636
a00004681	54637
a00004682	54638
a00004683	54639
a00004684	54640
a00004685	54641
a00004686	54642
a00004687	54643
a00004688	54644
a00004689	54645
a00004690	54646
a00004691	54647
a00004692	54648
a00004693	54649
a00004694	54650
a00004695	54651
a00004696	54652
a00004697	54653
a00004698	54654
a00004699	54655
a00004700	54656
a00004701	54657
a00004702	54658
a00004703	54659
a00004704	54660
a00004705	54661
a00004706	54662
a00004707	54663
a00004708	54664
a00004709	54665
a00004710	54666
a00004711	54667
a00004712	54668
a00004713	54669
a00004714	54670
a00004715	54671
a00004716	54672
a00004717	54673
a00004718	54674
a00004719	54675
a00004720	54676
a00004721	54677
a00004722	54678
a00004723	54679
a00004724	54680
a00004725	54681
a00004726	54682
a00004727	54683
a00004728	54684
a00004729	54685
a00004730	54686
a00004731	54687
a00004732	54688
a00004733	54689
a00004734	54690
a00004735	54691
a00004736	54692
a00004737	54693
a00004738	54694
a00004739	54695
a00004740	54696
a00004741	54697
a00004742	54698
a00004743	54699
a00004744	54700
a00004745	54701
a00004746	54702
a00004747	54703
a00004748	54704
a00004749	54705
a00004750	54706
a00004751	54707
a00004752	54708
a00004753	54709
a00004754	54710
a00004755	54711
a00004756	54712
a00004757	54713
a00004758	54714
a00004759	54715
a00004760	54716
a00004761	54717
a00004762	54718
a00004763	54719
a00004764	54720
a00004765	54721
a00004766	54722
a00004767	54723
a00004768	54724
a00004769	54725
a00004770	54726
a00004771	54727
a00004772	54728
a00004773	54729
a00004774	54730
a00004775	54731
a00004776	54732
a00004777	54733
a00004778	54734
a00004779	54735
a00004780	54736
a00004781	54737
a00004782	54738
a00004783	54739
a00004784	54740
a00004785	54741
a00004786	54742
a00004787	54743
a00004788	54744
a00004789	54745
a00004790	54746
a00004791	54747
a00004792	54748
a00004793	54749
a00004794	54750
a00004795	54751
a00004796	54752
a00004797	54753
a00004798	54754
a00004799	54755
a00004800	54756
a00004801	54757
a00004802	54758
a00004803	54759
a00004804	54760
a00004805	54761
a00004806	54762
a00004807	54763
a00004808	54764
a00004809	54765
a00004810	54766
a00004811	54767
a00004812	54768
a00004813	54769
a00004814	54770
a00004815	54771
a00004816	54772
a00004817	54773
a00004818	54774
a00004819	54775
a00004820	54776
a00004821	54777
a00004822	54778
a00004823	54779
a00004824	54780
a00004825	54781
a00004826	54782
a00004827	54783
a00004828	54784
a00004829	54785
a00004830	54786
a00004831	54787
a00004832	54788
a00004833	54789
a00004834	54790
a00004835	54791
a00004836	54792
a00004837	54793
a00004838	54794
a00004839	54795
a00004840	54796
a00004841	54797
a00004842	54798
a00004843	54799
a00004844	54800
a00004845	54801
a00004846	54802
a00004847	54803
a00004848	54804
a00004849	54805
a00004850	54806
a00004851	54807
a00004852	54808
a00004853	54809
a00004854	54810
a00004855	54811
a00004856	54812
a00004857	54813
a00004858	54814
a00004859	54815
a00004860	54816
a00004861	54817
a00004862	54818
a00004863	54819
a00004864	54820
a00004865	54821
a00004866	54822
a00004867	54823
a00004868	54824
a00004869	54825
a00004870	54826
a00004871	54827
a00004872	54828
a00004873	54829
a00004874	54830
a00004875	54831
a00004876	54832
a00004877	54833
a00004878	54834
a00004879	54835
a00004880	54836
a00004881	54837
a00004882	54838
a00004883	54839
a00004884	54840
a00004885	54841
a00004886	54842
a00004887	54843
a00004888	54844
a00004889	54845
a00004890	54846
a00004891	54847
a00004892	54848
a00004893	54849
a00004894	54850
a00004895	54851
a00004896	54852
a00004897	54853
a00004898	54854
a00004899	54855
a00004900	54856
a00004901	54857
a00004902	54858
a00004903	54859
a00004904	54860
a00004905	54861
a00004906	54862
a00004907	54863
a00004908	54864
a00004909	54865
a00004910	54866
a00004911	54867
a00004912	54868
a00004913	54869
a00004914	54870
a00004915	54871
a00004916	54872
a00004917	54873
a00004918	54874
a00004919	54875
a00004920	54876
a00004921	54877
a00004922	54878
a00004923	54879
a00004924	54880
a00004925	54881
a00004926	54882
a00004927	54883
a00004928	54884
a00004929	54885
a00004930	54886
a00004931	54887
a00004932	54888
a00004933	54889
a00004934	54890
a00004935	54891
a00004936	54892
a00004937	54893
a00004938	54894
a00004939	54895
a00004940	54896
a00004941	54897
a00004942	54898
a00004943	54899
a00004944	54900
a00004945	54901
a00004946	54902
a00004947	54903
a00004948	54904
a00004949	54905
a00004950	54906
a00004951	54907
a00004952	54908
a00004953	54909
a00004954	54910
a00004955	54911
a00004956	54912
a00004957	54913
a00004958	54914
a00004959	54915
a00004960	54916
a00004961	54917
a00004962	54918
a00004963	54919
a00004964	54920
a00004965	54921
a00004966	54922
a00004967	54923
a00004968	54924
a00004969	54925
a00004970	54926
a00004971	54927
a00004972	54928
a00004973	54929
a00004974	54930
a00004975	54931
a00004976	54932
a00004977	54933
a00004978	54934
a00004979	54935
a00004980	54936
a00004981	54937
a00004982	54938
a00004983	54939
a00004984	54940
a00004985	54941
a00004986	54942
a00004987	54943
a00004988	54944
a00004989	54945
a00004990	54946
a00004991	54947
a00004992	54948
a00004993	54949
a00004994	54950
a00004995	54951
a00004996	54952
a00004997	54953
a00004998	54954
a00004999	54955
a00005000	54956
a00005001	54957
a00005002	54958
a00005003	54959
a00005004	54960
a00005005	54961
a00005006	54962
a00005007	54963
a00005008	54964
a00005009	54965
a00005010	54966
a00005011	54967
a00005012	54968
a00005013	54969
a00005014	54970
a00005015	54971
a00005016	54972
a00005017	54973
a00005018	54974
a00005019	54975
a00005020	54976
a00005021	54977
a00005022	54978
a00005023	54979
a00005024	54980
a00005025	54981
a00005026	54982
a00005027	54983
a00005028	54984
a00005029	54985
a00005030	54986
a00005031	54987
a00005032	54988
a00005033	54989
a00005034	54990
a00005035	54991
a00005036	54992
a00005037	54993
a00005038	54994
a00005039	54995
a00005040	54996
a00005041	54997
a00005042	54998
a00005043	54999
a00005044	55000
a00005045	55001
a00005046	55002
a00005047	55003
a00005048	55004
a00005049	55005
a00005050	55006
a00005051	55007
a00005052	55008
a00005053	55009
a00005054	55010
a00005055	55011
a00005056	55012
a00005057	55013
a00005058	55014
a00005059	55015
a00005060	55016
a00005061	55017
a00005062	55018
a00005063	55019
a00005064	55020
a00005065	55021
a00005066	55022
a00005067	55023
a00005068	55024
a00005069	55025
a00005070	55026
a00005071	55027
a00005072	55028
a00005073	55029
a00005074	55030
a00005075	55031
a00005076	55032
a00005077	55033
a00005078	55034
a00005079	55035
a00005080	55036
a00005081	55037
a00005082	55038
a00005083	55039
a00005084	55040
a00005085	55041
a00005086	55042
a00005087	55043
a00005088	55044
a00005089	55045
a00005090	55046
a00005091	55047
a00005092	55048
a00005093	55049
a00005094	55050
a00005095	55051
a00005096	55052
a00005097	55053
a00005098	55054
a00005099	55055
a00005100	55056
a00005101	55057
a00005102	55058
a00005103	55059
a00005104	55060
a00005105	55061
a00005106	55062
a00005107	55063
a00005108	55064
a00005109	55065
a00005110	55066
a00005111	55067
a00005112	55068
a00005113	55069
a00005114	55070
a00005115	55071
a00005116	55072
a00005117	55073
a00005118	55074
a00005119	55075
a00005120	55076
a00005121	55077
a00005122	55078
a00005123	55079
a00005124	55080
a00005125	55081
a00005126	55082
a00005127	55083
a00005128	55084
a00005129	55085
a00005130	55086
a00005131	55087
a00005132	55088
a00005133	55089
a00005134	55090
a00005135	55091
a00005136	55092
a00005137	55093
a00005138	55094
a00005139	55095
a00005140	55096
a00005141	55097
a00005142	55098
a00005143	55099
a00005144	55100
a00005145	55101
a00005146	55102
a00005147	55103
a00005148	55104
a00005149	55105
a00005150	55106
a00005151	55107
a00005152	55108
a00005153	55109
a00005154	55110
a00005155	55111
a00005156	55112
a00005157	55113
a00005158	55114
a00005159	55115
a00005160	55116
a00005161	55117
a00005162	55118
a00005163	55119
a00005164	55120
a00005165	55121
a00005166	55122
a00005167	55123
a00005168	55124
a00005169	55125
a00005170	55126
a00005171	55127
a00005172	55128
a00005173	55129
a00005174	55130
a00005175	55131
a00005176	55132
a00005177	55133
a00005178	55134
a00005179	55135
a00005180	55136
a00005181	55137
a00005182	55138
a00005183	55139
a00005184	55140
a00005185	55141
a00005186	55142
a00005187	55143
a00005188	55144
a00005189	55145
a00005190	55146
a00005191	55147
a00005192	55148
a00005193	55149
a00005194	55150
a00005195	55151
a00005196	55152
a00005197	55153
a00005198	55154
a00005199	55155
a00005200	55156
a00005201	55157
a00005202	55158
a00005203	55159
a00005204	55160
a00005205	55161
a00005206	55162
a00005207	55163
a00005208	55164
a00005209	55165
a00005210	55166
a00005211	55167
a00005212	55168
a00005213	55169
a00005214	55170
a00005215	55171
a00005216	55172
a00005217	55173
a00005218	55174
a00005219	55175
a00005220	55176
a00005221	55177
a00005222	55178
a00005223	55179
a00005224	55180
a00005225	55181
a00005226	55182
a00005227	55183
a00005228	55184
a00005229	55185
a00005230	55186
a00005231	55187
a00005232	55188
a00005233	55189
a00005234	55190
a00005235	55191
a00005236	55192
a00005237	55193
a00005238	55194
a00005239	55195
a00005240	55196
a00005241	55197
a00005242	55198
a00005243	55199
a00005244	55200
a00005245	55201
a00005246	55202
a00005247	55203
a00005248	55204
a00005249	55205
a00005250	55206
a00005251	55207
a00005252	55208
a00005253	55209
a00005254	55210
a00005255	55211
a00005256	55212
a00005257	55213
a00005258	55214
a00005259	55215
a00005260	55216
a00005261	55217
a00005262	55218
a00005263	55219
a00005264	55220
a00005265	55221
a00005266	55222
a00005267	55223
a00005268	55224
a00005269	55225
a00005270	55226
a00005271	55227
a00005272	55228
a00005273	55229
a00005274	55230
a00005275	55231
a00005276	55232
a00005277	55233
a00005278	55234
a00005279	55235
a00005280	55236
a00005281	55237
a00005282	55238
a00005283	55239
a00005284	55240
a00005285	55241
a00005286	55242
a00005287	55243
a00005288	55244
a00005289	55245
a00005290	55246
a00005291	55247
a00005292	55248
a00005293	55249
a00005294	55250
a00005295	55251
a00005296	55252
a00005297	55253
a00005298	55254
a00005299	55255
a00005300	55256
a00005301	55257
a00005302	55258
a00005303	55259
a00005304	55260
a00005305	55261
a00005306	55262
a00005307	55263
a00005308	55264
a00005309	55265
a00005310	55266
a00005311	55267
a00005312	55268
a00005313	55269
a00005314	55270
a00005315	55271
a00005316	55272
a00005317	55273
a00005318	55274
a00005319	55275
a00005320	55276
a00005321	55277
a00005322	55278
a00005323	55279
a00005324	55280
a00005325	55281
a00005326	55282
a00005327	55283
a00005328	55284
a00005329	55285
a00005330	55286
a00005331	55287
a00005332	55288
a00005333	55289
a00005334	55290
a00005335	55291
a00005336	55292
a00005337	55293
a00005338	55294
a00005339	55295
a00005340	55296
a00005341	55297
a00005342	55298
a00005343	55299
a00005344	55300
a00005345	55301
a00005346	55302
a00005347	55303
a00005348	55304
a00005349	55305
a00005350	55306
a00005351	55307
a00005352	55308
a00005353	55309
a00005354	55310
a00005355	55311
a00005356	55312
a00005357	55313
a00005358	55314
a00005359	55315
a00005360	55316
a00005361	55317
a00005362	55318
a00005363	55319
a00005364	55320
a00005365	55321
a00005366	55322
a00005367	55323
a00005368	55324
a00005369	55325
a00005370	55326
a00005371	55327
a00005372	55328
a00005373	55329
a00005374	55330
a00005375	55331
a00005376	55332
a00005377	55333
a00005378	55334
a00005379	55335
a00005380	55336
a00005381	55337
a00005382	55338
a00005383	55339
a00005384	55340
a00005385	55341
a00005386	55342
a00005387	55343
a00005388	55344
a00005389	55345
a00005390	55346
a00005391	55347
a00005392	55348
a00005393	55349
a00005394	55350
a00005395	55351
a00005396	55352
a00005397	55353
a00005398	55354
a00005399	55355
a00005400	55356
a00005401	55357
a00005402	55358
a00005403	55359
a00005404	55360
a00005405	55361
a00005406	55362
a00005407	55363
a00005408	55364
a00005409	55365
a00005410	55366
a00005411	55367
a00005412	55368
a00005413	55369
a00005414	55370
a00005415	55371
a00005416	55372
a00005417	55373
a00005418	55374
a00005419	55375
a00005420	55376
a00005421	55377
a00005422	55378
a00005423	55379
a00005424	55380
a00005425	55381
a00005426	55382
a00005427	55383
a00005428	55384
a00005429	55385
a00005430	55386
a00005431	55387
a00005432	55388
a00005433	55389
a00005434	55390
a00005435	55391
a00005436	55392
a00005437	55393
a00005438	55394
a00005439	55395
a00005440	55396
a00005441	55397
a00005442	55398
a00005443	55399
a00005444	55400
a00005445	55401
a00005446	55402
a00005447	55403
a00005448	55404
a00005449	55405
a00005450	55406
a00005451	55407
a00005452	55408
a00005453	55409
a00005454	55410
a00005455	55411
a00005456	55412
a00005457	55413
a00005458	55414
a00005459	55415
a00005460	55416
a00005461	55417
a00005462	55418
a00005463	55419
a00005464	55420
a00005465	55421
a00005466	55422
a00005467	55423
a00005468	55424
a00005469	55425
a00005470	55426
a00005471	55427
a00005472	55428
a00005473	55429
a00005474	55430
a00005475	55431
a00005476	55432
a00005477	55433
a00005478	55434
a00005479	55435
a00005480	55436
a00005481	55437
a00005482	55438
a00005483	55439
a00005484	55440
a00005485	55441
a00005486	55442
a00005487	55443
a00005488	55444
a00005489	55445
a00005490	55446
a00005491	55447
a00005492	55448
a00005493	55449
a00005494	55450
a00005495	55451
a00005496	55452
a00005497	55453
a00005498	55454
a00005499	55455
a00005500	55456
a00005501	55457
a00005502	55458
a00005503	55459
a00005504	55460
a00005505	55461
a00005506	55462
a00005507	55463
a00005508	55464
a00005509	55465
a00005510	55466
a00005511	55467
a00005512	55468
a00005513	55469
a00005514	55470
a00005515	55471
a00005516	55472
a00005517	55473
a00005518	55474
a00005519	55475
a00005520	55476
a00005521	55477
a00005522	55478
a00005523	55479
a00005524	55480
a00005525	55481
a00005526	55482
a00005527	55483
a00005528	55484
a00005529	55485
a00005530	55486
a00005531	55487
a00005532	55488
a00005533	55489
a00005534	55490
a00005535	55491
a00005536	55492
a00005537	55493
a00005538	55494
a00005539	55495
a00005540	55496
a00005541	55497
a00005542	55498
a00005543	55499
a00005544	55500
a00005545	55501
a00005546	55502
a00005547	55503
a00005548	55504
a00005549	55505
a00005550	55506
a00005551	55507
a00005552	55508
a00005553	55509
a00005554	55510
a00005555	55511
a00005556	55512
a00005557	55513
a00005558	55514
a00005559	55515
a00005560	55516
a00005561	55517
a00005562	55518
a00005563	55519
a00005564	55520
a00005565	55521
a00005566	55522
a00005567	55523
a00005568	55524
a00005569	55525
a00005570	55526
a00005571	55527
a00005572	55528
a00005573	55529
a00005574	55530
a00005575	55531
a00005576	55532
a00005577	55533
a00005578	55534
a00005579	55535
a00005580	55536
a00005581	55537
a00005582	55538
a00005583	55539
a00005584	55540
a00005585	55541
a00005586	55542
a00005587	55543
a00005588	55544
a00005589	55545
a00005590	55546
a00005591	55547
a00005592	55548
a00005593	55549
a00005594	55550
a00005595	55551
a00005596	55552
a00005597	55553
a00005598	55554
a00005599	55555
a00005600	55556
a00005601	55557
a00005602	55558
a00005603	55559
a00005604	55560
a00005605	55561
a00005606	55562
a00005607	55563
a00005608	55564
a00005609	55565
a00005610	55566
a00005611	55567
a00005612	55568
a00005613	55569
a00005614	55570
a00005615	55571
a00005616	55572
a00005617	55573
a00005618	55574
a00005619	55575
a00005620	55576
a00005621	55577
a00005622	55578
a00005623	55579
a00005624	55580
a00005625	55581
a00005626	55582
a00005627	55583
a00005628	55584
a00005629	55585
a00005630	55586
a00005631	55587
a00005632	55588
a00005633	55589
a00005634	55590
a00005635	55591
a00005636	55592
a00005637	55593
a00005638	55594
a00005639	55595
a00005640	55596
a00005641	55597
a00005642	55598
a00005643	55599
a00005644	55600
a00005645	55601
a00005646	55602
a00005647	55603
a00005648	55604
a00005649	55605
a00005650	55606
a00005651	55607
a00005652	55608
a00005653	55609
a00005654	55610
a00005655	55611
a00005656	55612
a00005657	55613
a00005658	55614
a00005659	55615
a00005660	55616
a00005661	55617
a00005662	55618
a00005663	55619
a00005664	55620
a00005665	55621
a00005666	55622
a00005667	55623
a00005668	55624
a00005669	55625
a00005670	55626
a00005671	55627
a00005672	55628
a00005673	55629
a00005674	55630
a00005675	55631
a00005676	55632
a00005677	55633
a00005678	55634
a00005679	55635
a00005680	55636
a00005681	55637
a00005682	55638
a00005683	55639
a00005684	55640
a00005685	55641
a00005686	55642
a00005687	55643
a00005688	55644
a00005689	55645
a00005690	55646
a00005691	55647
a00005692	55648
a00005693	55649
a00005694	55650
a00005695	55651
a00005696	55652
a00005697	55653
a00005698	55654
a00005699	55655
a00005700	55656
a00005701	55657
a00005702	55658
a00005703	55659
a00005704	55660
a00005705	55661
a00005706	55662
a00005707	55663
a00005708	55664
a00005709	55665
a00005710	55666
a00005711	55667
a00005712	55668
a00005713	55669
a00005714	55670
a00005715	55671
a00005716	55672
a00005717	55673
a00005718	55674
a00005719	55675
a00005720	55676
a00005721	55677
a00005722	55678
a00005723	55679
a00005724	55680
a00005725	55681
a00005726	55682
a00005727	55683
a00005728	55684
a00005729	55685
a00005730	55686
a00005731	55687
a00005732	55688
a00005733	55689
a00005734	55690
a00005735	55691
a00005736	55692
a00005737	55693
a00005738	55694
a00005739	55695
a00005740	55696
a00005741	55697
a00005742	55698
a00005743	55699
a00005744	55700
a00005745	55701
a00005746	55702
a00005747	55703
a00005748	55704
a00005749	55705
a00005750	55706
a00005751	55707
a00005752	55708
a00005753	55709
a00005754	55710
a00005755	55711
a00005756	55712
a00005757	55713
a00005758	55714
a00005759	55715
a00005760	55716
a00005761	55717
a00005762	55718
a00005763	55719
a00005764	55720
a00005765	55721
a00005766	55722
a00005767	55723
a00005768	55724
a00005769	55725
a00005770	55726
a00005771	55727
a00005772	55728
a00005773	55729
a00005774	55730
a00005775	55731
a00005776	55732
a00005777	55733
a00005778	55734
a00005779	55735
a00005780	55736
a00005781	55737
a00005782	55738
a00005783	55739
a00005784	55740
a00005785	55741
a00005786	55742
a00005787	55743
a00005788	55744
a00005789	55745
a00005790	55746
a00005791	55747
a00005792	55748
a00005793	55749
a00005794	55750
a00005795	55751
a00005796	55752
a00005797	55753
a00005798	55754
a00005799	55755
a00005800	55756
a00005801	55757
a00005802	55758
a00005803	55759
a00005804	55760
a00005805	55761
a00005806	55762
a00005807	55763
a00005808	55764
a00005809	55765
a00005810	55766
a00005811	55767
a00005812	55768
a00005813	55769
a00005814	55770
a00005815	55771
a00005816	55772
a00005817	55773
a00005818	55774
a00005819	55775
a00005820	55776
a00005821	55777
a00005822	55778
a00005823	55779
a00005824	55780
a00005825	55781
a00005826	55782
a00005827	55783
a00005828	55784
a00005829	55785
a00005830	55786
a00005831	55787
a00005832	55788
a00005833	55789
a00005834	55790
a00005835	55791
a00005836	55792
a00005837	55793
a00005838	55794
a00005839	55795
a00005840	55796
a00005841	55797
a00005842	55798
a00005843	55799
a00005844	55800
a00005845	55801
a00005846	55802
a00005847	55803
a00005848	55804
a00005849	55805
a00005850	55806
a00005851	55807
a00005852	55808
a00005853	55809
a00005854	55810
a00005855	55811
a00005856	55812
a00005857	55813
a00005858	55814
a00005859	55815
a00005860	55816
a00005861	55817
a00005862	55818
a00005863	55819
a00005864	55820
a00005865	55821
a00005866	55822
a00005867	55823
a00005868	55824
a00005869	55825
a00005870	55826
a00005871	55827
a00005872	55828
a00005873	55829
a00005874	55830
a00005875	55831
a00005876	55832
a00005877	55833
a00005878	55834
a00005879	55835
a00005880	55836
a00005881	55837
a00005882	55838
a00005883	55839
a00005884	55840
a00005885	55841
a00005886	55842
a00005887	55843
a00005888	55844
a00005889	55845
a00005890	55846
a00005891	55847
a00005892	55848
a00005893	55849
a00005894	55850
a00005895	55851
a00005896	55852
a00005897	55853
a00005898	55854
a00005899	55855
a00005900	55856
a00005901	55857
a00005902	55858
a00005903	55859
a00005904	55860
a00005905	55861
a00005906	55862
a00005907	55863
a00005908	55864
a00005909	55865
a00005910	55866
a00005911	55867
a00005912	55868
a00005913	55869
a00005914	55870
a00005915	55871
a00005916	55872
a00005917	55873
a00005918	55874
a00005919	55875
a00005920	55876
a00005921	55877
a00005922	55878
a00005923	55879
a00005924	55880
a00005925	55881
a00005926	55882
a00005927	55883
a00005928	55884
a00005929	55885
a00005930	55886
a00005931	55887
a00005932	55888
a00005933	55889
a00005934	55890
a00005935	55891
a00005936	55892
a00005937	55893
a00005938	55894
a00005939	55895
a00005940	55896
a00005941	55897
a00005942	55898
a00005943	55899
a00005944	55900
a00005945	55901
a00005946	55902
a00005947	55903
a00005948	55904
a00005949	55905
a00005950	55906
a00005951	55907
a00005952	55908
a00005953	55909
a00005954	55910
a00005955	55911
a00005956	55912
a00005957	55913
a00005958	55914
a00005959	55915
a00005960	55916
a00005961	55917
a00005962	55918
a00005963	55919
a00005964	55920
a00005965	55921
a00005966	55922
a00005967	55923
a00005968	55924
a00005969	55925
a00005970	55926
a00005971	55927
a00005972	55928
a00005973	55929
a00005974	55930
a00005975	55931
a00005976	55932
a00005977	55933
a00005978	55934
a00005979	55935
a00005980	55936
a00005981	55937
a00005982	55938
a00005983	55939
a00005984	55940
a00005985	55941
a00005986	55942
a00005987	55943
a00005988	55944
a00005989	55945
a00005990	55946
a00005991	55947
a00005992	55948
a00005993	55949
a00005994	55950
a00005995	55951
a00005996	55952
a00005997	55953
a00005998	55954
a00005999	55955
a00006000	55956
a00006001	55957
a00006002	55958
a00006003	55959
a00006004	55960
a00006005	55961
a00006006	55962
a00006007	55963
a00006008	55964
a00006009	55965
a00006010	55966
a00006011	55967
a00006012	55968
a00006013	55969
a00006014	55970
a00006015	55971
a00006016	55972
a00006017	55973
a00006018	55974
a00006019	55975
a00006020	55976
a00006021	55977
a00006022	55978
a00006023	55979
a00006024	55980
a00006025	55981
a00006026	55982
a00006027	55983
a00006028	55984
a00006029	55985
a00006030	55986
a00006031	55987
a00006032	55988
a00006033	55989
a00006034	55990
a00006035	55991
a00006036	55992
a00006037	55993
a00006038	55994
a00006039	55995
a00006040	55996
a00006041	55997
a00006042	55998
a00006043	55999
a00006044	56000
a00006045	56001
a00006046	56002
a00006047	56003
a00006048	56004
a00006049	56005
a00006050	56006
a00006051	56007
a00006052	56008
a00006053	56009
a00006054	56010
a00006055	56011
a00006056	56012
a00006057	56013
a00006058	56014
a00006059	56015
a00006060	56016
a00006061	56017
a00006062	56018
a00006063	56019
a00006064	56020
a00006065	56021
a00006066	56022
a00006067	56023
a00006068	56024
a00006069	56025
a00006070	56026
a00006071	56027
a00006072	56028
a00006073	56029
a00006074	56030
a00006075	56031
a00006076	56032
a00006077	56033
a00006078	56034
a00006079	56035
a00006080	56036
a00006081	56037
a00006082	56038
a00006083	56039
a00006084	56040
a00006085	56041
a00006086	56042
a00006087	56043
a00006088	56044
a00006089	56045
a00006090	56046
a00006091	56047
a00006092	56048
a00006093	56049
a00006094	56050
a00006095	56051
a00006096	56052
a00006097	56053
a00006098	56054
a00006099	56055
a00006100	56056
a00006101	56057
a00006102	56058
a00006103	56059
a00006104	56060
a00006105	56061
a00006106	56062
a00006107	56063
a00006108	56064
a00006109	56065
a00006110	56066
a00006111	56067
a00006112	56068
a00006113	56069
a00006114	56070
a00006115	56071
a00006116	56072
a00006117	56073
a00006118	56074
a00006119	56075
a00006120	56076
a00006121	56077
a00006122	56078
a00006123	56079
a00006124	56080
a00006125	56081
a00006126	56082
a00006127	56083
a00006128	56084
a00006129	56085
a00006130	56086
a00006131	56087
a00006132	56088
a00006133	56089
a00006134	56090
a00006135	56091
a00006136	56092
a00006137	56093
a00006138	56094
a00006139	56095
a00006140	56096
a00006141	56097
a00006142	56098
a00006143	56099
a00006144	56100
a00006145	56101
a00006146	56102
a00006147	56103
a00006148	56104
a00006149	56105
a00006150	56106
a00006151	56107
a00006152	56108
a00006153	56109
a00006154	56110
a00006155	56111
a00006156	56112
a00006157	56113
a00006158	56114
a00006159	56115
a00006160	56116
a00006161	56117
a00006162	56118
a00006163	56119
a00006164	56120
a00006165	56121
a00006166	56122
a00006167	56123
a00006168	56124
a00006169	56125
a00006170	56126
a00006171	56127
a00006172	56128
a00006173	56129
a00006174	56130
a00006175	56131
a00006176	56132
a00006177	56133
a00006178	56134
a00006179	56135
a00006180	56136
a00006181	56137
a00006182	56138
a00006183	56139
a00006184	56140
a00006185	56141
a00006186	56142
a00006187	56143
a00006188	56144
a00006189	56145
a00006190	56146
a00006191	56147
a00006192	56148
a00006193	56149
a00006194	56150
a00006195	56151
a00006196	56152
a00006197	56153
a00006198	56154
a00006199	56155
a00006200	56156
a00006201	56157
a00006202	56158
a00006203	56159
a00006204	56160
a00006205	56161
a00006206	56162
a00006207	56163
a00006208	56164
a00006209	56165
a00006210	56166
a00006211	56167
a00006212	56168
a00006213	56169
a00006214	56170
a00006215	56171
a00006216	56172
a00006217	56173
a00006218	56174
a00006219	56175
a00006220	56176
a00006221	56177
a00006222	56178
a00006223	56179
a00006224	56180
a00006225	56181
a00006226	56182
a00006227	56183
a00006228	56184
a00006229	56185
a00006230	56186
a00006231	56187
a00006232	56188
a00006233	56189
a00006234	56190
a00006235	56191
a00006236	56192
a00006237	56193
a00006238	56194
a00006239	56195
a00006240	56196
a00006241	56197
a00006242	56198
a00006243	56199
a00006244	56200
a00006245	56201
a00006246	56202
a00006247	56203
a00006248	56204
a00006249	56205
a00006250	56206
a00006251	56207
a00006252	56208
a00006253	56209
a00006254	56210
a00006255	56211
a00006256	56212
a00006257	56213
a00006258	56214
a00006259	56215
a00006260	56216
a00006261	56217
a00006262	56218
a00006263	56219
a00006264	56220
a00006265	56221
a00006266	56222
a00006267	56223
a00006268	56224
a00006269	56225
a00006270	56226
a00006271	56227
a00006272	56228
a00006273	56229
a00006274	56230
a00006275	56231
a00006276	56232
a00006277	56233
a00006278	56234
a00006279	56235
a00006280	56236
a00006281	56237
a00006282	56238
a00006283	56239
a00006284	56240
a00006285	56241
a00006286	56242
a00006287	56243
a00006288	56244
a00006289	56245
a00006290	56246
a00006291	56247
a00006292	56248
a00006293	56249
a00006294	56250
a00006295	56251
a00006296	56252
a00006297	56253
a00006298	56254
a00006299	56255
a00006300	56256
a00006301	56257
a00006302	56258
a00006303	56259
a00006304	56260
a00006305	56261
a00006306	56262
a00006307	56263
a00006308	56264
a00006309	56265
a00006310	56266
a00006311	56267
a00006312	56268
a00006313	56269
a00006314	56270
a00006315	56271
a00006316	56272
a00006317	56273
a00006318	56274
a00006319	56275
a00006320	56276
a00006321	56277
a00006322	56278
a00006323	56279
a00006324	56280
a00006325	56281
a00006326	56282
a00006327	56283
a00006328	56284
a00006329	56285
a00006330	56286
a00006331	56287
a00006332	56288
a00006333	56289
a00006334	56290
a00006335	56291
a00006336	56292
a00006337	56293
a00006338	56294
a00006339	56295
a00006340	56296
a00006341	56297
a00006342	56298
a00006343	56299
a00006344	56300
a00006345	56301
a00006346	56302
a00006347	56303
a00006348	56304
a00006349	56305
a00006350	56306
a00006351	56307
a00006352	56308
a00006353	56309
a00006354	56310
a00006355	56311
a00006356	56312
a00006357	56313
a00006358	56314
a00006359	56315
a00006360	56316
a00006361	56317
a00006362	56318
a00006363	56319
a00006364	56320
a00006365	56321
a00006366	56322
a00006367	56323
a00006368	56324
a00006369	56325
a00006370	56326
a00006371	56327
a00006372	56328
a00006373	56329
a00006374	56330
a00006375	56331
a00006376	56332
a00006377	56333
a00006378	56334
a00006379	56335
a00006380	56336
a00006381	56337
a00006382	56338
a00006383	56339
a00006384	56340
a00006385	56341
a00006386	56342
a00006387	56343
a00006388	56344
a00006389	56345
a00006390	56346
a00006391	56347
a00006392	56348
a00006393	56349
a00006394	56350
a00006395	56351
a00006396	56352
a00006397	56353
a00006398	56354
a00006399	56355
a00006400	56356
a00006401	56357
a00006402	56358
a00006403	56359
a00006404	56360
a00006405	56361
a00006406	56362
a00006407	56363
a00006408	56364
a00006409	56365
a00006410	56366
a00006411	56367
a00006412	56368
a00006413	56369
a00006414	56370
a00006415	56371
a00006416	56372
a00006417	56373
a00006418	56374
a00006419	56375
a00006420	56376
a00006421	56377
a00006422	56378
a00006423	56379
a00006424	56380
a00006425	56381
a00006426	56382
a00006427	56383
a00006428	56384
a00006429	56385
a00006430	56386
a00006431	56387
a00006432	56388
a00006433	56389
a00006434	56390
a00006435	56391
a00006436	56392
a00006437	56393
a00006438	56394
a00006439	56395
a00006440	56396
a00006441	56397
a00006442	56398
a00006443	56399
a00006444	56400
a00006445	56401
a00006446	56402
a00006447	56403
a00006448	56404
a00006449	56405
a00006450	56406
a00006451	56407
a00006452	56408
a00006453	56409
a00006454	56410
a00006455	56411
a00006456	56412
a00006457	56413
a00006458	56414
a00006459	56415
a00006460	56416
a00006461	56417
a00006462	56418
a00006463	56419
a00006464	56420
a00006465	56421
a00006466	56422
a00006467	56423
a00006468	56424
a00006469	56425
a00006470	56426
a00006471	56427
a00006472	56428
a00006473	56429
a00006474	56430
a00006475	56431
a00006476	56432
a00006477	56433
a00006478	56434
a00006479	56435
a00006480	56436
a00006481	56437
a00006482	56438
a00006483	56439
a00006484	56440
a00006485	56441
a00006486	56442
a00006487	56443
a00006488	56444
a00006489	56445
a00006490	56446
a00006491	56447
a00006492	56448
a00006493	56449
a00006494	56450
a00006495	56451
a00006496	56452
a00006497	56453
a00006498	56454
a00006499	56455
a00006500	56456
a00006501	56457
a00006502	56458
a00006503	56459
a00006504	56460
a00006505	56461
a00006506	56462
a00006507	56463
a00006508	56464
a00006509	56465
a00006510	56466
a00006511	56467
a00006512	56468
a00006513	56469
a00006514	56470
a00006515	56471
a00006516	56472
a00006517	56473
a00006518	56474
a00006519	56475
a00006520	56476
a00006521	56477
a00006522	56478
a00006523	56479
a00006524	56480
a00006525	56481
a00006526	56482
a00006527	56483
a00006528	56484
a00006529	56485
a00006530	56486
a00006531	56487
a00006532	56488
a00006533	56489
a00006534	56490
a00006535	56491
a00006536	56492
a00006537	56493
a00006538	56494
a00006539	56495
a00006540	56496
a00006541	56497
a00006542	56498
a00006543	56499
a00006544	56500
a00006545	56501
a00006546	56502
a00006547	56503
a00006548	56504
a00006549	56505
a00006550	56506
a00006551	56507
a00006552	56508
a00006553	56509
a00006554	56510
a00006555	56511
a00006556	56512
a00006557	56513
a00006558	56514
a00006559	56515
a00006560	56516
a00006561	56517
a00006562	56518
a00006563	56519
a00006564	56520
a00006565	56521
a00006566	56522
a00006567	56523
a00006568	56524
a00006569	56525
a00006570	56526
a00006571	56527
a00006572	56528
a00006573	56529
a00006574	56530
a00006575	56531
a00006576	56532
a00006577	56533
a00006578	56534
a00006579	56535
a00006580	56536
a00006581	56537
a00006582	56538
a00006583	56539
a00006584	56540
a00006585	56541
a00006586	56542
a00006587	56543
a00006588	56544
a00006589	56545
a00006590	56546
a00006591	56547
a00006592	56548
a00006593	56549
a00006594	56550
a00006595	56551
a00006596	56552
a00006597	56553
a00006598	56554
a00006599	56555
a00006600	56556
a00006601	56557
a00006602	56558
a00006603	56559
a00006604	56560
a00006605	56561
a00006606	56562
a00006607	56563
a00006608	56564
a00006609	56565
a00006610	56566
a00006611	56567
a00006612	56568
a00006613	56569
a00006614	56570
a00006615	56571
a00006616	56572
a00006617	56573
a00006618	56574
a00006619	56575
a00006620	56576
a00006621	56577
a00006622	56578
a00006623	56579
a00006624	56580
a00006625	56581
a00006626	56582
a00006627	56583
a00006628	56584
a00006629	56585
a00006630	56586
a00006631	56587
a00006632	56588
a00006633	56589
a00006634	56590
a00006635	56591
a00006636	56592
a00006637	56593
a00006638	56594
a00006639	56595
a00006640	56596
a00006641	56597
a00006642	56598
a00006643	56599
a00006644	56600
a00006645	56601
a00006646	56602
a00006647	56603
a00006648	56604
a00006649	56605
a00006650	56606
a00006651	56607
a00006652	56608
a00006653	56609
a00006654	56610
a00006655	56611
a00006656	56612
a00006657	56613
a00006658	56614
a00006659	56615
a00006660	56616
a00006661	56617
a00006662	56618
a00006663	56619
a00006664	56620
a00006665	56621
a00006666	56622
a00006667	56623
a00006668	56624
a00006669	56625
a00006670	56626
a00006671	56627
a00006672	56628
a00006673	56629
a00006674	56630
a00006675	56631
a00006676	56632
a00006677	56633
a00006678	56634
a00006679	56635
a00006680	56636
a00006681	56637
a00006682	56638
a00006683	56639
a00006684	56640
a00006685	56641
a00006686	56642
a00006687	56643
a00006688	56644
a00006689	56645
a00006690	56646
a00006691	56647
a00006692	56648
a00006693	56649
a00006694	56650
a00006695	56651
a00006696	56652
a00006697	56653
a00006698	56654
a00006699	56655
a00006700	56656
a00006701	56657
a00006702	56658
a00006703	56659
a00006704	56660
a00006705	56661
a00006706	56662
a00006707	56663
a00006708	56664
a00006709	56665
a00006710	56666
a00006711	56667
a00006712	56668
a00006713	56669
a00006714	56670
a00006715	56671
a00006716	56672
a00006717	56673
a00006718	56674
a00006719	56675
a00006720	56676
a00006721	56677
a00006722	56678
a00006723	56679
a00006724	56680
a00006725	56681
a00006726	56682
a00006727	56683
a00006728	56684
a00006729	56685
a00006730	56686
a00006731	56687
a00006732	56688
a00006733	56689
a00006734	56690
a00006735	56691
a00006736	56692
a00006737	56693
a00006738	56694
a00006739	56695
a00006740	56696
a00006741	56697
a00006742	56698
a00006743	56699
a00006744	56700
a00006745	56701
a00006746	56702
a00006747	56703
a00006748	56704
a00006749	56705
a00006750	56706
a00006751	56707
a00006752	56708
a00006753	56709
a00006754	56710
a00006755	56711
a00006756	56712
a00006757	56713
a00006758	56714
a00006759	56715
a00006760	56716
a00006761	56717
a00006762	56718
a00006763	56719
a00006764	56720
a00006765	56721
a00006766	56722
a00006767	56723
a00006768	56724
a00006769	56725
a00006770	56726
a00006771	56727
a00006772	56728
a00006773	56729
a00006774	56730
a00006775	56731
a00006776	56732
a00006777	56733
a00006778	56734
a00006779	56735
a00006780	56736
a00006781	56737
a00006782	56738
a00006783	56739
a00006784	56740
a00006785	56741
a00006786	56742
a00006787	56743
a00006788	56744
a00006789	56745
a00006790	56746
a00006791	56747
a00006792	56748
a00006793	56749
a00006794	56750
a00006795	56751
a00006796	56752
a00006797	56753
a00006798	56754
a00006799	56755
a00006800	56756
a00006801	56757
a00006802	56758
a00006803	56759
a00006804	56760
a00006805	56761
a00006806	56762
a00006807	56763
a00006808	56764
a00006809	56765
a00006810	56766
a00006811	56767
a00006812	56768
a00006813	56769
a00006814	56770
a00006815	56771
a00006816	56772
a00006817	56773
a00006818	56774
a00006819	56775
a00006820	56776
a00006821	56777
a00006822	56778
a00006823	56779
a00006824	56780
a00006825	56781
a00006826	56782
a00006827	56783
a00006828	56784
a00006829	56785
a00006830	56786
a00006831	56787
a00006832	56788
a00006833	56789
a00006834	56790
a00006835	56791
a00006836	56792
a00006837	56793
a00006838	56794
a00006839	56795
a00006840	56796
a00006841	56797
a00006842	56798
a00006843	56799
a00006844	56800
a00006845	56801
a00006846	56802
a00006847	56803
a00006848	56804
a00006849	56805
a00006850	56806
a00006851	56807
a00006852	56808
a00006853	56809
a00006854	56810
a00006855	56811
a00006856	56812
a00006857	56813
a00006858	56814
a00006859	56815
a00006860	56816
a00006861	56817
a00006862	56818
a00006863	56819
a00006864	56820
a00006865	56821
a00006866	56822
a00006867	56823
a00006868	56824
a00006869	56825
a00006870	56826
a00006871	56827
a00006872	56828
a00006873	56829
a00006874	56830
a00006875	56831
a00006876	56832
a00006877	56833
a00006878	56834
a00006879	56835
a00006880	56836
a00006881	56837
a00006882	56838
a00006883	56839
a00006884	56840
a00006885	56841
a00006886	56842
a00006887	56843
a00006888	56844
a00006889	56845
a00006890	56846
a00006891	56847
a00006892	56848
a00006893	56849
a00006894	56850
a00006895	56851
a00006896	56852
a00006897	56853
a00006898	56854
a00006899	56855
a00006900	56856
a00006901	56857
a00006902	56858
a00006903	56859
a00006904	56860
a00006905	56861
a00006906	56862
a00006907	56863
a00006908	56864
a00006909	56865
a00006910	56866
a00006911	56867
a00006912	56868
a00006913	56869
a00006914	56870
a00006915	56871
a00006916	56872
a00006917	56873
a00006918	56874
a00006919	56875
a00006920	56876
a00006921	56877
a00006922	56878
a00006923	56879
a00006924	56880
a00006925	56881
a00006926	56882
a00006927	56883
a00006928	56884
a00006929	56885
a00006930	56886
a00006931	56887
a00006932	56888
a00006933	56889
a00006934	56890
a00006935	56891
a00006936	56892
a00006937	56893
a00006938	56894
a00006939	56895
a00006940	56896
a00006941	56897
a00006942	56898
a00006943	56899
a00006944	56900
a00006945	56901
a00006946	56902
a00006947	56903
a00006948	56904
a00006949	56905
a00006950	56906
a00006951	56907
a00006952	56908
a00006953	56909
a00006954	56910
a00006955	56911
a00006956	56912
a00006957	56913
a00006958	56914
a00006959	56915
a00006960	56916
a00006961	56917
a00006962	56918
a00006963	56919
a00006964	56920
a00006965	56921
a00006966	56922
a00006967	56923
a00006968	56924
a00006969	56925
a00006970	56926
a00006971	56927
a00006972	56928
a00006973	56929
a00006974	56930
a00006975	56931
a00006976	56932
a00006977	56933
a00006978	56934
a00006979	56935
a00006980	56936
a00006981	56937
a00006982	56938
a00006983	56939
a00006984	56940
a00006985	56941
a00006986	56942
a00006987	56943
a00006988	56944
a00006989	56945
a00006990	56946
a00006991	56947
a00006992	56948
a00006993	56949
a00006994	56950
a00006995	56951
a00006996	56952
a00006997	56953
a00006998	56954
a00006999	56955
a00007000	56956
a00007001	56957
a00007002	56958
a00007003	56959
a00007004	56960
a00007005	56961
a00007006	56962
a00007007	56963
a00007008	56964
a00007009	56965
a00007010	56966
a00007011	56967
a00007012	56968
a00007013	56969
a00007014	56970
a00007015	56971
a00007016	56972
a00007017	56973
a00007018	56974
a00007019	56975
a00007020	56976
a00007021	56977
a00007022	56978
a00007023	56979
a00007024	56980
a00007025	56981
a00007026	56982
a00007027	56983
a00007028	56984
a00007029	56985
a00007030	56986
a00007031	56987
a00007032	56988
a00007033	56989
a00007034	56990
a00007035	56991
a00007036	56992
a00007037	56993
a00007038	56994
a00007039	56995
a00007040	56996
a00007041	56997
a00007042	56998
a00007043	56999
a00007044	57000
a00007045	57001
a00007046	57002
a00007047	57003
a00007048	57004
a00007049	57005
a00007050	57006
a00007051	57007
a00007052	57008
a00007053	57009
a00007054	57010
a00007055	57011
a00007056	57012
a00007057	57013
a00007058	57014
a00007059	57015
a00007060	57016
a00007061	57017
a00007062	57018
a00007063	57019
a00007064	57020
a00007065	57021
a00007066	57022
a00007067	57023
a00007068	57024
a00007069	57025
a00007070	57026
a00007071	57027
a00007072	57028
a00007073	57029
a00007074	57030
a00007075	57031
a00007076	57032
a00007077	57033
a00007078	57034
a00007079	57035
a00007080	57036
a00007081	57037
a00007082	57038
a00007083	57039
a00007084	57040
a00007085	57041
a00007086	57042
a00007087	57043
a00007088	57044
a00007089	57045
a00007090	57046
a00007091	57047
a00007092	57048
a00007093	57049
a00007094	57050
a00007095	57051
a00007096	57052
a00007097	57053
a00007098	57054
a00007099	57055
a00007100	57056
a00007101	57057
a00007102	57058
a00007103	57059
a00007104	57060
a00007105	57061
a00007106	57062
a00007107	57063
a00007108	57064
a00007109	57065
a00007110	57066
a00007111	57067
a00007112	57068
a00007113	57069
a00007114	57070
a00007115	57071
a00007116	57072
a00007117	57073
a00007118	57074
a00007119	57075
a00007120	57076
a00007121	57077
a00007122	57078
a00007123	57079
a00007124	57080
a00007125	57081
a00007126	57082
a00007127	57083
a00007128	57084
a00007129	57085
a00007130	57086
a00007131	57087
a00007132	57088
a00007133	57089
a00007134	57090
a00007135	57091
a00007136	57092
a00007137	57093
a00007138	57094
a00007139	57095
a00007140	57096
a00007141	57097
a00007142	57098
a00007143	57099
a00007144	57100
a00007145	57101
a00007146	57102
a00007147	57103
a00007148	57104
a00007149	57105
a00007150	57106
a00007151	57107
a00007152	57108
a00007153	57109
a00007154	57110
a00007155	57111
a00007156	57112
a00007157	57113
a00007158	57114
a00007159	57115
a00007160	57116
a00007161	57117
a00007162	57118
a00007163	57119
a00007164	57120
a00007165	57121
a00007166	57122
a00007167	57123
a00007168	57124
a00007169	57125
a00007170	57126
a00007171	57127
a00007172	57128
a00007173	57129
a00007174	57130
a00007175	57131
a00007176	57132
a00007177	57133
a00007178	57134
a00007179	57135
a00007180	57136
a00007181	57137
a00007182	57138
a00007183	57139
a00007184	57140
a00007185	57141
a00007186	57142
a00007187	57143
a00007188	57144
a00007189	57145
a00007190	57146
a00007191	57147
a00007192	57148
a00007193	57149
a00007194	57150
a00007195	57151
a00007196	57152
a00007197	57153
a00007198	57154
a00007199	57155
a00007200	57156
a00007201	57157
a00007202	57158
a00007203	57159
a00007204	57160
a00007205	57161
a00007206	57162
a00007207	57163
a00007208	57164
a00007209	57165
a00007210	57166
a00007211	57167
a00007212	57168
a00007213	57169
a00007214	57170
a00007215	57171
a00007216	57172
a00007217	57173
a00007218	57174
a00007219	57175
a00007220	57176
a00007221	57177
a00007222	57178
a00007223	57179
a00007224	57180
a00007225	57181
a00007226	57182
a00007227	57183
a00007228	57184
a00007229	57185
a00007230	57186
a00007231	57187
a00007232	57188
a00007233	57189
a00007234	57190
a00007235	57191
a00007236	57192
a00007237	57193
a00007238	57194
a00007239	57195
a00007240	57196
a00007241	57197
a00007242	57198
a00007243	57199
a00007244	57200
a00007245	57201
a00007246	57202
a00007247	57203
a00007248	57204
a00007249	57205
a00007250	57206
a00007251	57207
a00007252	57208
a00007253	57209
a00007254	57210
a00007255	57211
a00007256	57212
a00007257	57213
a00007258	57214
a00007259	57215
a00007260	57216
a00007261	57217
a00007262	57218
a00007263	57219
a00007264	57220
a00007265	57221
a00007266	57222
a00007267	57223
a00007268	57224
a00007269	57225
a00007270	57226
a00007271	57227
a00007272	57228
a00007273	57229
a00007274	57230
a00007275	57231
a00007276	57232
a00007277	57233
a00007278	57234
a00007279	57235
a00007280	57236
a00007281	57237
a00007282	57238
a00007283	57239
a00007284	57240
a00007285	57241
a00007286	57242
a00007287	57243
a00007288	57244
a00007289	57245
a00007290	57246
a00007291	57247
a00007292	57248
a00007293	57249
a00007294	57250
a00007295	57251
a00007296	57252
a00007297	57253
a00007298	57254
a00007299	57255
a00007300	57256
a00007301	57257
a00007302	57258
a00007303	57259
a00007304	57260
a00007305	57261
a00007306	57262
a00007307	57263
a00007308	57264
a00007309	57265
a00007310	57266
a00007311	57267
a00007312	57268
a00007313	57269
a00007314	57270
a00007315	57271
a00007316	57272
a00007317	57273
a00007318	57274
a00007319	57275
a00007320	57276
a00007321	57277
a00007322	57278
a00007323	57279
a00007324	57280
a00007325	57281
a00007326	57282
a00007327	57283
a00007328	57284
a00007329	57285
a00007330	57286
a00007331	57287
a00007332	57288
a00007333	57289
a00007334	57290
a00007335	57291
a00007336	57292
a00007337	57293
a00007338	57294
a00007339	57295
a00007340	57296
a00007341	57297
a00007342	57298
a00007343	57299
a00007344	57300
a00007345	57301
a00007346	57302
a00007347	57303
a00007348	57304
a00007349	57305
a00007350	57306
a00007351	57307
a00007352	57308
a00007353	57309
a00007354	57310
a00007355	57311
a00007356	57312
a00007357	57313
a00007358	57314
a00007359	57315
a00007360	57316
a00007361	57317
a00007362	57318
a00007363	57319
a00007364	57320
a00007365	57321
a00007366	57322
a00007367	57323
a00007368	57324
a00007369	57325
a00007370	57326
a00007371	57327
a00007372	57328
a00007373	57329
a00007374	57330
a00007375	57331
a00007376	57332
a00007377	57333
a00007378	57334
a00007379	57335
a00007380	57336
a00007381	57337
a00007382	57338
a00007383	57339
a00007384	57340
a00007385	57341
a00007386	57342
a00007387	57343
a00007388	57344
a00007389	57345
a00007390	57346
a00007391	57347
a00007392	57348
a00007393	57349
a00007394	57350
a00007395	57351
a00007396	57352
a00007397	57353
a00007398	57354
a00007399	57355
a00007400	57356
a00007401	57357
a00007402	57358
a00007403	57359
a00007404	57360
a00007405	57361
a00007406	57362
a00007407	57363
a00007408	57364
a00007409	57365
a00007410	57366
a00007411	57367
a00007412	57368
a00007413	57369
a00007414	57370
a00007415	57371
a00007416	57372
a00007417	57373
a00007418	57374
a00007419	57375
a00007420	57376
a00007421	57377
a00007422	57378
a00007423	57379
a00007424	57380
a00007425	57381
a00007426	57382
a00007427	57383
a00007428	57384
a00007429	57385
a00007430	57386
a00007431	57387
a00007432	57388
a00007433	57389
a00007434	57390
a00007435	57391
a00007436	57392
a00007437	57393
a00007438	57394
a00007439	57395
a00007440	57396
a00007441	57397
a00007442	57398
a00007443	57399
a00007444	57400
a00007445	57401
a00007446	57402
a00007447	57403
a00007448	57404
a00007449	57405
a00007450	57406
a00007451	57407
a00007452	57408
a00007453	57409
a00007454	57410
a00007455	57411
a00007456	57412
a00007457	57413
a00007458	57414
a00007459	57415
a00007460	57416
a00007461	57417
a00007462	57418
a00007463	57419
a00007464	57420
a00007465	57421
a00007466	57422
a00007467	57423
a00007468	57424
a00007469	57425
a00007470	57426
a00007471	57427
a00007472	57428
a00007473	57429
a00007474	57430
a00007475	57431
a00007476	57432
a00007477	57433
a00007478	57434
a00007479	57435
a00007480	57436
a00007481	57437
a00007482	57438
a00007483	57439
a00007484	57440
a00007485	57441
a00007486	57442
a00007487	57443
a00007488	57444
a00007489	57445
a00007490	57446
a00007491	57447
a00007492	57448
a00007493	57449
a00007494	57450
a00007495	57451
a00007496	57452
a00007497	57453
a00007498	57454
a00007499	57455
a00007500	57456
a00007501	57457
a00007502	57458
a00007503	57459
a00007504	57460
a00007505	57461
a00007506	57462
a00007507	57463
a00007508	57464
a00007509	57465
a00007510	57466
a00007511	57467
a00007512	57468
a00007513	57469
a00007514	57470
a00007515	57471
a00007516	57472
a00007517	57473
a00007518	57474
a00007519	57475
a00007520	57476
a00007521	57477
a00007522	57478
a00007523	57479
a00007524	57480
a00007525	57481
a00007526	57482
a00007527	57483
a00007528	57484
a00007529	57485
a00007530	57486
a00007531	57487
a00007532	57488
a00007533	57489
a00007534	57490
a00007535	57491
a00007536	57492
a00007537	57493
a00007538	57494
a00007539	57495
a00007540	57496
a00007541	57497
a00007542	57498
a00007543	57499
a00007544	57500
a00007545	57501
a00007546	57502
a00007547	57503
a00007548	57504
a00007549	57505
a00007550	57506
a00007551	57507
a00007552	57508
a00007553	57509
a00007554	57510
a00007555	57511
a00007556	57512
a00007557	57513
a00007558	57514
a00007559	57515
a00007560	57516
a00007561	57517
a00007562	57518
a00007563	57519
a00007564	57520
a00007565	57521
a00007566	57522
a00007567	57523
a00007568	57524
a00007569	57525
a00007570	57526
a00007571	57527
a00007572	57528
a00007573	57529
a00007574	57530
a00007575	57531
a00007576	57532
a00007577	57533
a00007578	57534
a00007579	57535
a00007580	57536
a00007581	57537
a00007582	57538
a00007583	57539
a00007584	57540
a00007585	57541
a00007586	57542
a00007587	57543
a00007588	57544
a00007589	57545
a00007590	57546
a00007591	57547
a00007592	57548
a00007593	57549
a00007594	57550
a00007595	57551
a00007596	57552
a00007597	57553
a00007598	57554
a00007599	57555
a00007600	57556
a00007601	57557
a00007602	57558
a00007603	57559
a00007604	57560
a00007605	57561
a00007606	57562
a00007607	57563
a00007608	57564
a00007609	57565
a00007610	57566
a00007611	57567
a00007612	57568
a00007613	57569
a00007614	57570
a00007615	57571
a00007616	57572
a00007617	57573
a00007618	57574
a00007619	57575
a00007620	57576
a00007621	57577
a00007622	57578
a00007623	57579
a00007624	57580
a00007625	57581
a00007626	57582
a00007627	57583
a00007628	57584
a00007629	57585
a00007630	57586
a00007631	57587
a00007632	57588
a00007633	57589
a00007634	57590
a00007635	57591
a00007636	57592
a00007637	57593
a00007638	57594
a00007639	57595
a00007640	57596
a00007641	57597
a00007642	57598
a00007643	57599
a00007644	57600
a00007645	57601
a00007646	57602
a00007647	57603
a00007648	57604
a00007649	57605
a00007650	57606
a00007651	57607
a00007652	57608
a00007653	57609
a00007654	57610
a00007655	57611
a00007656	57612
a00007657	57613
a00007658	57614
a00007659	57615
a00007660	57616
a00007661	57617
a00007662	57618
a00007663	57619
a00007664	57620
a00007665	57621
a00007666	57622
a00007667	57623
a00007668	57624
a00007669	57625
a00007670	57626
a00007671	57627
a00007672	57628
a00007673	57629
a00007674	57630
a00007675	57631
a00007676	57632
a00007677	57633
a00007678	57634
a00007679	57635
a00007680	57636
a00007681	57637
a00007682	57638
a00007683	57639
a00007684	57640
a00007685	57641
a00007686	57642
a00007687	57643
a00007688	57644
a00007689	57645
a00007690	57646
a00007691	57647
a00007692	57648
a00007693	57649
a00007694	57650
a00007695	57651
a00007696	57652
a00007697	57653
a00007698	57654
a00007699	57655
a00007700	57656
a00007701	57657
a00007702	57658
a00007703	57659
a00007704	57660
a00007705	57661
a00007706	57662
a00007707	57663
a00007708	57664
a00007709	57665
a00007710	57666
a00007711	57667
a00007712	57668
a00007713	57669
a00007714	57670
a00007715	57671
a00007716	57672
a00007717	57673
a00007718	57674
a00007719	57675
a00007720	57676
a00007721	57677
a00007722	57678
a00007723	57679
a00007724	57680
a00007725	57681
a00007726	57682
a00007727	57683
a00007728	57684
a00007729	57685
a00007730	57686
a00007731	57687
a00007732	57688
a00007733	57689
a00007734	57690
a00007735	57691
a00007736	57692
a00007737	57693
a00007738	57694
a00007739	57695
a00007740	57696
a00007741	57697
a00007742	57698
a00007743	57699
a00007744	57700
a00007745	57701
a00007746	57702
a00007747	57703
a00007748	57704
a00007749	57705
a00007750	57706
a00007751	57707
a00007752	57708
a00007753	57709
a00007754	57710
a00007755	57711
a00007756	57712
a00007757	57713
a00007758	57714
a00007759	57715
a00007760	57716
a00007761	57717
a00007762	57718
a00007763	57719
a00007764	57720
a00007765	57721
a00007766	57722
a00007767	57723
a00007768	57724
a00007769	57725
a00007770	57726
a00007771	57727
a00007772	57728
a00007773	57729
a00007774	57730
a00007775	57731
a00007776	57732
a00007777	57733
a00007778	57734
a00007779	57735
a00007780	57736
a00007781	57737
a00007782	57738
a00007783	57739
a00007784	57740
a00007785	57741
a00007786	57742
a00007787	57743
a00007788	57744
a00007789	57745
a00007790	57746
a00007791	57747
a00007792	57748
a00007793	57749
a00007794	57750
a00007795	57751
a00007796	57752
a00007797	57753
a00007798	57754
a00007799	57755
a00007800	57756
a00007801	57757
a00007802	57758
a00007803	57759
a00007804	57760
a00007805	57761
a00007806	57762
a00007807	57763
a00007808	57764
a00007809	57765
a00007810	57766
a00007811	57767
a00007812	57768
a00007813	57769
a00007814	57770
a00007815	57771
a00007816	57772
a00007817	57773
a00007818	57774
a00007819	57775
a00007820	57776
a00007821	57777
a00007822	57778
a00007823	57779
a00007824	57780
a00007825	57781
a00007826	57782
a00007827	57783
a00007828	57784
a00007829	57785
a00007830	57786
a00007831	57787
a00007832	57788
a00007833	57789
a00007834	57790
a00007835	57791
a00007836	57792
a00007837	57793
a00007838	57794
a00007839	57795
a00007840	57796
a00007841	57797
a00007842	57798
a00007843	57799
a00007844	57800
a00007845	57801
a00007846	57802
a00007847	57803
a00007848	57804
a00007849	57805
a00007850	57806
a00007851	57807
a00007852	57808
a00007853	57809
a00007854	57810
a00007855	57811
a00007856	57812
a00007857	57813
a00007858	57814
a00007859	57815
a00007860	57816
a00007861	57817
a00007862	57818
a00007863	57819
a00007864	57820
a00007865	57821
a00007866	57822
a00007867	57823
a00007868	57824
a00007869	57825
a00007870	57826
a00007871	57827
a00007872	57828
a00007873	57829
a00007874	57830
a00007875	57831
a00007876	57832
a00007877	57833
a00007878	57834
a00007879	57835
a00007880	57836
a00007881	57837
a00007882	57838
a00007883	57839
a00007884	57840
a00007885	57841
a00007886	57842
a00007887	57843
a00007888	57844
a00007889	57845
a00007890	57846
a00007891	57847
a00007892	57848
a00007893	57849
a00007894	57850
a00007895	57851
a00007896	57852
a00007897	57853
a00007898	57854
a00007899	57855
a00007900	57856
a00007901	57857
a00007902	57858
a00007903	57859
a00007904	57860
a00007905	57861
a00007906	57862
a00007907	57863
a00007908	57864
a00007909	57865
a00007910	57866
a00007911	57867
a00007912	57868
a00007913	57869
a00007914	57870
a00007915	57871
a00007916	57872
a00007917	57873
a00007918	57874
a00007919	57875
a00007920	57876
a00007921	57877
a00007922	57878
a00007923	57879
a00007924	57880
a00007925	57881
a00007926	57882
a00007927	57883
a00007928	57884
a00007929	57885
a00007930	57886
a00007931	57887
a00007932	57888
a00007933	57889
a00007934	57890
a00007935	57891
a00007936	57892
a00007937	57893
a00007938	57894
a00007939	57895
a00007940	57896
a00007941	57897
a00007942	57898
a00007943	57899
a00007944	57900
a00007945	57901
a00007946	57902
a00007947	57903
a00007948	57904
a00007949	57905
a00007950	57906
a00007951	57907
a00007952	57908
a00007953	57909
a00007954	57910
a00007955	57911
a00007956	57912
a00007957	57913
a00007958	57914
a00007959	57915
a00007960	57916
a00007961	57917
a00007962	57918
a00007963	57919
a00007964	57920
a00007965	57921
a00007966	57922
a00007967	57923
a00007968	57924
a00007969	57925
a00007970	57926
a00007971	57927
a00007972	57928
a00007973	57929
a00007974	57930
a00007975	57931
a00007976	57932
a00007977	57933
a00007978	57934
a00007979	57935
a00007980	57936
a00007981	57937
a00007982	57938
a00007983	57939
a00007984	57940
a00007985	57941
a00007986	57942
a00007987	57943
a00007988	57944
a00007989	57945
a00007990	57946
a00007991	57947
a00007992	57948
a00007993	57949
a00007994	57950
a00007995	57951
a00007996	57952
a00007997	57953
a00007998	57954
a00007999	57955
a00008000	57956
a00008001	57957
a00008002	57958
a00008003	57959
a00008004	57960
a00008005	57961
a00008006	57962
a00008007	57963
a00008008	57964
a00008009	57965
a00008010	57966
a00008011	57967
a00008012	57968
a00008013	57969
a00008014	57970
a00008015	57971
a00008016	57972
a00008017	57973
a00008018	57974
a00008019	57975
a00008020	57976
a00008021	57977
a00008022	57978
a00008023	57979
a00008024	57980
a00008025	57981
a00008026	57982
a00008027	57983
a00008028	57984
a00008029	57985
a00008030	57986
a00008031	57987
a00008032	57988
a00008033	57989
a00008034	57990
a00008035	57991
a00008036	57992
a00008037	57993
a00008038	57994
a00008039	57995
a00008040	57996
a00008041	57997
a00008042	57998
a00008043	57999
a00008044	58000
a00008045	58001
a00008046	58002
a00008047	58003
a00008048	58004
a00008049	58005
a00008050	58006
a00008051	58007
a00008052	58008
a00008053	58009
a00008054	58010
a00008055	58011
a00008056	58012
a00008057	58013
a00008058	58014
a00008059	58015
a00008060	58016
a00008061	58017
a00008062	58018
a00008063	58019
a00008064	58020
a00008065	58021
a00008066	58022
a00008067	58023
a00008068	58024
a00008069	58025
a00008070	58026
a00008071	58027
a00008072	58028
a00008073	58029
a00008074	58030
a00008075	58031
a00008076	58032
a00008077	58033
a00008078	58034
a00008079	58035
a00008080	58036
a00008081	58037
a00008082	58038
a00008083	58039
a00008084	58040
a00008085	58041
a00008086	58042
a00008087	58043
a00008088	58044
a00008089	58045
a00008090	58046
a00008091	58047
a00008092	58048
a00008093	58049
a00008094	58050
a00008095	58051
a00008096	58052
a00008097	58053
a00008098	58054
a00008099	58055
a00008100	58056
a00008101	58057
a00008102	58058
a00008103	58059
a00008104	58060
a00008105	58061
a00008106	58062
a00008107	58063
a00008108	58064
a00008109	58065
a00008110	58066
a00008111	58067
a00008112	58068
a00008113	58069
a00008114	58070
a00008115	58071
a00008116	58072
a00008117	58073
a00008118	58074
a00008119	58075
a00008120	58076
a00008121	58077
a00008122	58078
a00008123	58079
a00008124	58080
a00008125	58081
a00008126	58082
a00008127	58083
a00008128	58084
a00008129	58085
a00008130	58086
a00008131	58087
a00008132	58088
a00008133	58089
a00008134	58090
a00008135	58091
a00008136	58092
a00008137	58093
a00008138	58094
a00008139	58095
a00008140	58096
a00008141	58097
a00008142	58098
a00008143	58099
a00008144	58100
a00008145	58101
a00008146	58102
a00008147	58103
a00008148	58104
a00008149	58105
a00008150	58106
a00008151	58107
a00008152	58108
a00008153	58109
a00008154	58110
a00008155	58111
a00008156	58112
a00008157	58113
a00008158	58114
a00008159	58115
a00008160	58116
a00008161	58117
a00008162	58118
a00008163	58119
a00008164	58120
a00008165	58121
a00008166	58122
a00008167	58123
a00008168	58124
a00008169	58125
a00008170	58126
a00008171	58127
a00008172	58128
a00008173	58129
a00008174	58130
a00008175	58131
a00008176	58132
a00008177	58133
a00008178	58134
a00008179	58135
a00008180	58136
a00008181	58137
a00008182	58138
a00008183	58139
a00008184	58140
a00008185	58141
a00008186	58142
a00008187	58143
a00008188	58144
a00008189	58145
a00008190	58146
a00008191	58147
a00008192	58148
a00008193	58149
a00008194	58150
a00008195	58151
a00008196	58152
a00008197	58153
a00008198	58154
a00008199	58155
a00008200	58156
a00008201	58157
a00008202	58158
a00008203	58159
a00008204	58160
a00008205	58161
a00008206	58162
a00008207	58163
a00008208	58164
a00008209	58165
a00008210	58166
a00008211	58167
a00008212	58168
a00008213	58169
a00008214	58170
a00008215	58171
a00008216	58172
a00008217	58173
a00008218	58174
a00008219	58175
a00008220	58176
a00008221	58177
a00008222	58178
a00008223	58179
a00008224	58180
a00008225	58181
a00008226	58182
a00008227	58183
a00008228	58184
a00008229	58185
a00008230	58186
a00008231	58187
a00008232	58188
a00008233	58189
a00008234	58190
a00008235	58191
a00008236	58192
a00008237	58193
a00008238	58194
a00008239	58195
a00008240	58196
a00008241	58197
a00008242	58198
a00008243	58199
a00008244	58200
a00008245	58201
a00008246	58202
a00008247	58203
a00008248	58204
a00008249	58205
a00008250	58206
a00008251	58207
a00008252	58208
a00008253	58209
a00008254	58210
a00008255	58211
a00008256	58212
a00008257	58213
a00008258	58214
a00008259	58215
a00008260	58216
a00008261	58217
a00008262	58218
a00008263	58219
a00008264	58220
a00008265	58221
a00008266	58222
a00008267	58223
a00008268	58224
a00008269	58225
a00008270	58226
a00008271	58227
a00008272	58228
a00008273	58229
a00008274	58230
a00008275	58231
a00008276	58232
a00008277	58233
a00008278	58234
a00008279	58235
a00008280	58236
a00008281	58237
a00008282	58238
a00008283	58239
a00008284	58240
a00008285	58241
a00008286	58242
a00008287	58243
a00008288	58244
a00008289	58245
a00008290	58246
a00008291	58247
a00008292	58248
a00008293	58249
a00008294	58250
a00008295	58251
a00008296	58252
a00008297	58253
a00008298	58254
a00008299	58255
a00008300	58256
a00008301	58257
a00008302	58258
a00008303	58259
a00008304	58260
a00008305	58261
a00008306	58262
a00008307	58263
a00008308	58264
a00008309	58265
a00008310	58266
a00008311	58267
a00008312	58268
a00008313	58269
a00008314	58270
a00008315	58271
a00008316	58272
a00008317	58273
a00008318	58274
a00008319	58275
a00008320	58276
a00008321	58277
a00008322	58278
a00008323	58279
a00008324	58280
a00008325	58281
a00008326	58282
a00008327	58283
a00008328	58284
a00008329	58285
a00008330	58286
a00008331	58287
a00008332	58288
a00008333	58289
a00008334	58290
a00008335	58291
a00008336	58292
a00008337	58293
a00008338	58294
a00008339	58295
a00008340	58296
a00008341	58297
a00008342	58298
a00008343	58299
a00008344	58300
a00008345	58301
a00008346	58302
a00008347	58303
a00008348	58304
a00008349	58305
a00008350	58306
a00008351	58307
a00008352	58308
a00008353	58309
a00008354	58310
a00008355	58311
a00008356	58312
a00008357	58313
a00008358	58314
a00008359	58315
a00008360	58316
a00008361	58317
a00008362	58318
a00008363	58319
a00008364	58320
a00008365	58321
a00008366	58322
a00008367	58323
a00008368	58324
a00008369	58325
a00008370	58326
a00008371	58327
a00008372	58328
a00008373	58329
a00008374	58330
a00008375	58331
a00008376	58332
a00008377	58333
a00008378	58334
a00008379	58335
a00008380	58336
a00008381	58337
a00008382	58338
a00008383	58339
a00008384	58340
a00008385	58341
a00008386	58342
a00008387	58343
a00008388	58344
a00008389	58345
a00008390	58346
a00008391	58347
a00008392	58348
a00008393	58349
a00008394	58350
a00008395	58351
a00008396	58352
a00008397	58353
a00008398	58354
a00008399	58355
a00008400	58356
a00008401	58357
a00008402	58358
a00008403	58359
a00008404	58360
a00008405	58361
a00008406	58362
a00008407	58363
a00008408	58364
a00008409	58365
a00008410	58366
a00008411	58367
a00008412	58368
a00008413	58369
a00008414	58370
a00008415	58371
a00008416	58372
a00008417	58373
a00008418	58374
a00008419	58375
a00008420	58376
a00008421	58377
a00008422	58378
a00008423	58379
a00008424	58380
a00008425	58381
a00008426	58382
a00008427	58383
a00008428	58384
a00008429	58385
a00008430	58386
a00008431	58387
a00008432	58388
a00008433	58389
a00008434	58390
a00008435	58391
a00008436	58392
a00008437	58393
a00008438	58394
a00008439	58395
a00008440	58396
a00008441	58397
a00008442	58398
a00008443	58399
a00008444	58400
a00008445	58401
a00008446	58402
a00008447	58403
a00008448	58404
a00008449	58405
a00008450	58406
a00008451	58407
a00008452	58408
a00008453	58409
a00008454	58410
a00008455	58411
a00008456	58412
a00008457	58413
a00008458	58414
a00008459	58415
a00008460	58416
a00008461	58417
a00008462	58418
a00008463	58419
a00008464	58420
a00008465	58421
a00008466	58422
a00008467	58423
a00008468	58424
a00008469	58425
a00008470	58426
a00008471	58427
a00008472	58428
a00008473	58429
a00008474	58430
a00008475	58431
a00008476	58432
a00008477	58433
a00008478	58434
a00008479	58435
a00008480	58436
a00008481	58437
a00008482	58438
a00008483	58439
a00008484	58440
a00008485	58441
a00008486	58442
a00008487	58443
a00008488	58444
a00008489	58445
a00008490	58446
a00008491	58447
a00008492	58448
a00008493	58449
a00008494	58450
a00008495	58451
a00008496	58452
a00008497	58453
a00008498	58454
a00008499	58455
a00008500	58456
a00008501	58457
a00008502	58458
a00008503	58459
a00008504	58460
a00008505	58461
a00008506	58462
a00008507	58463
a00008508	58464
a00008509	58465
a00008510	58466
a00008511	58467
a00008512	58468
a00008513	58469
a00008514	58470
a00008515	58471
a00008516	58472
a00008517	58473
a00008518	58474
a00008519	58475
a00008520	58476
a00008521	58477
a00008522	58478
a00008523	58479
a00008524	58480
a00008525	58481
a00008526	58482
a00008527	58483
a00008528	58484
a00008529	58485
a00008530	58486
a00008531	58487
a00008532	58488
a00008533	58489
a00008534	58490
a00008535	58491
a00008536	58492
a00008537	58493
a00008538	58494
a00008539	58495
a00008540	58496
a00008541	58497
a00008542	58498
a00008543	58499
a00008544	58500
a00008545	58501
a00008546	58502
a00008547	58503
a00008548	58504
a00008549	58505
a00008550	58506
a00008551	58507
a00008552	58508
a00008553	58509
a00008554	58510
a00008555	58511
a00008556	58512
a00008557	58513
a00008558	58514
a00008559	58515
a00008560	58516
a00008561	58517
a00008562	58518
a00008563	58519
a00008564	58520
a00008565	58521
a00008566	58522
a00008567	58523
a00008568	58524
a00008569	58525
a00008570	58526
a00008571	58527
a00008572	58528
a00008573	58529
a00008574	58530
a00008575	58531
a00008576	58532
a00008577	58533
a00008578	58534
a00008579	58535
a00008580	58536
a00008581	58537
a00008582	58538
a00008583	58539
a00008584	58540
a00008585	58541
a00008586	58542
a00008587	58543
a00008588	58544
a00008589	58545
a00008590	58546
a00008591	58547
a00008592	58548
a00008593	58549
a00008594	58550
a00008595	58551
a00008596	58552
a00008597	58553
a00008598	58554
a00000001	58555
a00000002	58556
a00000003	58557
a00000004	58558
a00000005	58559
a00000006	58560
a00000007	58561
a00000008	58562
a00000009	58563
a00000010	58564
a00000011	58565
a00000012	58566
a00000013	58567
a00000014	58568
a00000015	58569
a00000016	58570
a00000017	58571
a00000018	58572
a00000019	58573
a00000020	58574
a00000021	58575
a00000022	58576
a00000023	58577
a00000024	58578
a00000025	58579
a00000026	58580
a00000027	58581
a00000028	58582
a00000029	58583
a00000030	58584
a00000031	58585
a00000032	58586
a00000033	58587
a00000034	58588
a00000035	58589
a00000036	58590
a00000037	58591
a00000038	58592
a00000039	58593
a00000040	58594
a00000041	58595
a00000042	58596
a00000043	58597
a00000044	58598
a00000045	58599
a00000046	58600
a00000047	58601
a00000048	58602
a00000049	58603
a00000050	58604
a00000051	58605
a00000052	58606
a00000053	58607
a00000054	58608
a00000055	58609
a00000056	58610
a00000057	58611
a00000058	58612
a00000059	58613
a00000060	58614
a00000061	58615
a00000062	58616
a00000063	58617
a00000064	58618
a00000065	58619
a00000066	58620
a00000067	58621
a00000068	58622
a00000069	58623
a00000070	58624
a00000071	58625
a00000072	58626
a00000073	58627
a00000074	58628
a00000075	58629
a00000076	58630
a00000077	58631
a00000078	58632
a00000079	58633
a00000080	58634
a00000081	58635
a00000082	58636
a00000083	58637
a00000084	58638
a00000085	58639
a00000086	58640
a00000087	58641
a00000088	58642
a00000089	58643
a00000090	58644
a00000091	58645
a00000092	58646
a00000093	58647
a00000094	58648
a00000095	58649
a00000096	58650
a00000097	58651
a00000098	58652
a00000099	58653
a00000100	58654
a00000101	58655
a00000102	58656
a00000103	58657
a00000104	58658
a00000105	58659
a00000106	58660
a00000107	58661
a00000108	58662
a00000109	58663
a00000110	58664
a00000111	58665
a00000112	58666
a00000113	58667
a00000114	58668
a00000115	58669
a00000116	58670
a00000117	58671
a00000118	58672
a00000119	58673
a00000120	58674
a00000121	58675
a00000122	58676
a00000123	58677
a00000124	58678
a00000125	58679
a00000126	58680
a00000127	58681
a00000128	58682
a00000129	58683
a00000130	58684
a00000131	58685
a00000132	58686
a00000133	58687
a00000134	58688
a00000135	58689
a00000136	58690
a00000137	58691
a00000138	58692
a00000139	58693
a00000140	58694
a00000141	58695
a00000142	58696
a00000143	58697
a00000144	58698
a00000145	58699
a00000146	58700
a00000147	58701
a00000148	58702
a00000149	58703
a00000150	58704
a00000151	58705
a00000152	58706
a00000153	58707
a00000154	58708
a00000155	58709
a00000156	58710
a00000157	58711
a00000158	58712
a00000159	58713
a00000160	58714
a00000161	58715
a00000162	58716
a00000163	58717
a00000164	58718
a00000165	58719
a00000166	58720
a00000167	58721
a00000168	58722
a00000169	58723
a00000170	58724
a00000171	58725
a00000172	58726
a00000173	58727
a00000174	58728
a00000175	58729
a00000176	58730
a00000177	58731
a00000178	58732
a00000179	58733
a00000180	58734
a00000181	58735
a00000182	58736
a00000183	58737
a00000184	58738
a00000185	58739
a00000186	58740
a00000187	58741
a00000188	58742
a00000189	58743
a00000190	58744
a00000191	58745
a00000192	58746
a00000193	58747
a00000194	58748
a00000195	58749
a00000196	58750
a00000197	58751
a00000198	58752
a00000199	58753
a00000200	58754
a00000201	58755
a00000202	58756
a00000203	58757
a00000204	58758
a00000205	58759
a00000206	58760
a00000207	58761
a00000208	58762
a00000209	58763
a00000210	58764
a00000211	58765
a00000212	58766
a00000213	58767
a00000214	58768
a00000215	58769
a00000216	58770
a00000217	58771
a00000218	58772
a00000219	58773
a00000220	58774
a00000221	58775
a00000222	58776
a00000223	58777
a00000224	58778
a00000225	58779
a00000226	58780
a00000227	58781
a00000228	58782
a00000229	58783
a00000230	58784
a00000231	58785
a00000232	58786
a00000233	58787
a00000234	58788
a00000235	58789
a00000236	58790
a00000237	58791
a00000238	58792
a00000239	58793
a00000240	58794
a00000241	58795
a00000242	58796
a00000243	58797
a00000244	58798
a00000245	58799
a00000246	58800
a00000247	58801
a00000248	58802
a00000249	58803
a00000250	58804
a00000251	58805
a00000252	58806
a00000253	58807
a00000254	58808
a00000255	58809
a00000256	58810
a00000257	58811
a00000258	58812
a00000259	58813
a00000260	58814
a00000261	58815
a00000262	58816
a00000263	58817
a00000264	58818
a00000265	58819
a00000266	58820
a00000267	58821
a00000268	58822
a00000269	58823
a00000270	58824
a00000271	58825
a00000272	58826
a00000273	58827
a00000274	58828
a00000275	58829
a00000276	58830
a00000277	58831
a00000278	58832
a00000279	58833
a00000280	58834
a00000281	58835
a00000282	58836
a00000283	58837
a00000284	58838
a00000285	58839
a00000286	58840
a00000287	58841
a00000288	58842
a00000289	58843
a00000290	58844
a00000291	58845
a00000292	58846
a00000293	58847
a00000294	58848
a00000295	58849
a00000296	58850
a00000297	58851
a00000298	58852
a00000299	58853
a00000300	58854
a00000301	58855
a00000302	58856
a00000303	58857
a00000304	58858
a00000305	58859
a00000306	58860
a00000307	58861
a00000308	58862
a00000309	58863
a00000310	58864
a00000311	58865
a00000312	58866
a00000313	58867
a00000314	58868
a00000315	58869
a00000316	58870
a00000317	58871
a00000318	58872
a00000319	58873
a00000320	58874
a00000321	58875
a00000322	58876
a00000323	58877
a00000324	58878
a00000325	58879
a00000326	58880
a00000327	58881
a00000328	58882
a00000329	58883
a00000330	58884
a00000331	58885
a00000332	58886
a00000333	58887
a00000334	58888
a00000335	58889
a00000336	58890
a00000337	58891
a00000338	58892
a00000339	58893
a00000340	58894
a00000341	58895
a00000342	58896
a00000343	58897
a00000344	58898
a00000345	58899
a00000346	58900
a00000347	58901
a00000348	58902
a00000349	58903
a00000350	58904
a00000351	58905
a00000352	58906
a00000353	58907
a00000354	58908
a00000355	58909
a00000356	58910
a00000357	58911
a00000358	58912
a00000359	58913
a00000360	58914
a00000361	58915
a00000362	58916
a00000363	58917
a00000364	58918
a00000365	58919
a00000366	58920
a00000367	58921
a00000368	58922
a00000369	58923
a00000370	58924
a00000371	58925
a00000372	58926
a00000373	58927
a00000374	58928
a00000375	58929
a00000376	58930
a00000377	58931
a00000378	58932
a00000379	58933
a00000380	58934
a00000381	58935
a00000382	58936
a00000383	58937
a00000384	58938
a00000385	58939
a00000386	58940
a00000387	58941
a00000388	58942
a00000389	58943
a00000390	58944
a00000391	58945
a00000392	58946
a00000393	58947
a00000394	58948
a00000395	58949
a00000396	58950
a00000397	58951
a00000398	58952
a00000399	58953
a00000400	58954
a00000401	58955
a00000402	58956
a00000403	58957
a00000404	58958
a00000405	58959
a00000406	58960
a00000407	58961
a00000408	58962
a00000409	58963
a00000410	58964
a00000411	58965
a00000412	58966
a00000413	58967
a00000414	58968
a00000415	58969
a00000416	58970
a00000417	58971
a00000418	58972
a00000419	58973
a00000420	58974
a00000421	58975
a00000422	58976
a00000423	58977
a00000424	58978
a00000425	58979
a00000426	58980
a00000427	58981
a00000428	58982
a00000429	58983
a00000430	58984
a00000431	58985
a00000432	58986
a00000433	58987
a00000434	58988
a00000435	58989
a00000436	58990
a00000437	58991
a00000438	58992
a00000439	58993
a00000440	58994
a00000441	58995
a00000442	58996
a00000443	58997
a00000444	58998
a00000445	58999
a00000446	59000
a00000447	59001
a00000448	59002
a00000449	59003
a00000450	59004
a00000451	59005
a00000452	59006
a00000453	59007
a00000454	59008
a00000455	59009
a00000456	59010
a00000457	59011
a00000458	59012
a00000459	59013
a00000460	59014
a00000461	59015
a00000462	59016
a00000463	59017
a00000464	59018
a00000465	59019
a00000466	59020
a00000467	59021
a00000468	59022
a00000469	59023
a00000470	59024
a00000471	59025
a00000472	59026
a00000473	59027
a00000474	59028
a00000475	59029
a00000476	59030
a00000477	59031
a00000478	59032
a00000479	59033
a00000480	59034
a00000481	59035
a00000482	59036
a00000483	59037
a00000484	59038
a00000485	59039
a00000486	59040
a00000487	59041
a00000488	59042
a00000489	59043
a00000490	59044
a00000491	59045
a00000492	59046
a00000493	59047
a00000494	59048
a00000495	59049
a00000496	59050
a00000497	59051
a00000498	59052
a00000499	59053
a00000500	59054
a00000501	59055
a00000502	59056
a00000503	59057
a00000504	59058
a00000505	59059
a00000506	59060
a00000507	59061
a00000508	59062
a00000509	59063
a00000510	59064
a00000511	59065
a00000512	59066
a00000513	59067
a00000514	59068
a00000515	59069
a00000516	59070
a00000517	59071
a00000518	59072
a00000519	59073
a00000520	59074
a00000521	59075
a00000522	59076
a00000523	59077
a00000524	59078
a00000525	59079
a00000526	59080
a00000527	59081
a00000528	59082
a00000529	59083
a00000530	59084
a00000531	59085
a00000532	59086
a00000533	59087
a00000534	59088
a00000535	59089
a00000536	59090
a00000537	59091
a00000538	59092
a00000539	59093
a00000540	59094
a00000541	59095
a00000542	59096
a00000543	59097
a00000544	59098
a00000545	59099
a00000546	59100
a00000547	59101
a00000548	59102
a00000549	59103
a00000550	59104
a00000551	59105
a00000552	59106
a00000553	59107
a00000554	59108
a00000555	59109
a00000556	59110
a00000557	59111
a00000558	59112
a00000559	59113
a00000560	59114
a00000561	59115
a00000562	59116
a00000563	59117
a00000564	59118
a00000565	59119
a00000566	59120
a00000567	59121
a00000568	59122
a00000569	59123
a00000570	59124
a00000571	59125
a00000572	59126
a00000573	59127
a00000574	59128
a00000575	59129
a00000576	59130
a00000577	59131
a00000578	59132
a00000579	59133
a00000580	59134
a00000581	59135
a00000582	59136
a00000583	59137
a00000584	59138
a00000585	59139
a00000586	59140
a00000587	59141
a00000588	59142
a00000589	59143
a00000590	59144
a00000591	59145
a00000592	59146
a00000593	59147
a00000594	59148
a00000595	59149
a00000596	59150
a00000597	59151
a00000598	59152
a00000599	59153
a00000600	59154
a00000601	59155
a00000602	59156
a00000603	59157
a00000604	59158
a00000605	59159
a00000606	59160
a00000607	59161
a00000608	59162
a00000609	59163
a00000610	59164
a00000611	59165
a00000612	59166
a00000613	59167
a00000614	59168
a00000615	59169
a00000616	59170
a00000617	59171
a00000618	59172
a00000619	59173
a00000620	59174
a00000621	59175
a00000622	59176
a00000623	59177
a00000624	59178
a00000625	59179
a00000626	59180
a00000627	59181
a00000628	59182
a00000629	59183
a00000630	59184
a00000631	59185
a00000632	59186
a00000633	59187
a00000634	59188
a00000635	59189
a00000636	59190
a00000637	59191
a00000638	59192
a00000639	59193
a00000640	59194
a00000641	59195
a00000642	59196
a00000643	59197
a00000644	59198
a00000645	59199
a00000646	59200
a00000647	59201
a00000648	59202
a00000649	59203
a00000650	59204
a00000651	59205
a00000652	59206
a00000653	59207
a00000654	59208
a00000655	59209
a00000656	59210
a00000657	59211
a00000658	59212
a00000659	59213
a00000660	59214
a00000661	59215
a00000662	59216
a00000663	59217
a00000664	59218
a00000665	59219
a00000666	59220
a00000667	59221
a00000668	59222
a00000669	59223
a00000670	59224
a00000671	59225
a00000672	59226
a00000673	59227
a00000674	59228
a00000675	59229
a00000676	59230
a00000677	59231
a00000678	59232
a00000679	59233
a00000680	59234
a00000681	59235
a00000682	59236
a00000683	59237
a00000684	59238
a00000685	59239
a00000686	59240
a00000687	59241
a00000688	59242
a00000689	59243
a00000690	59244
a00000691	59245
a00000692	59246
a00000693	59247
a00000694	59248
a00000695	59249
a00000696	59250
a00000697	59251
a00000698	59252
a00000699	59253
a00000700	59254
a00000701	59255
a00000702	59256
a00000703	59257
a00000704	59258
a00000705	59259
a00000706	59260
a00000707	59261
a00000708	59262
a00000709	59263
a00000710	59264
a00000711	59265
a00000712	59266
a00000713	59267
a00000714	59268
a00000715	59269
a00000716	59270
a00000717	59271
a00000718	59272
a00000719	59273
a00000720	59274
a00000721	59275
a00000722	59276
a00000723	59277
a00000724	59278
a00000725	59279
a00000726	59280
a00000727	59281
a00000728	59282
a00000729	59283
a00000730	59284
a00000731	59285
a00000732	59286
a00000733	59287
a00000734	59288
a00000735	59289
a00000736	59290
a00000737	59291
a00000738	59292
a00000739	59293
a00000740	59294
a00000741	59295
a00000742	59296
a00000743	59297
a00000744	59298
a00000745	59299
a00000746	59300
a00000747	59301
a00000748	59302
a00000749	59303
a00000750	59304
a00000751	59305
a00000752	59306
a00000753	59307
a00000754	59308
a00000755	59309
a00000756	59310
a00000757	59311
a00000758	59312
a00000759	59313
a00000760	59314
a00000761	59315
a00000762	59316
a00000763	59317
a00000764	59318
a00000765	59319
a00000766	59320
a00000767	59321
a00000768	59322
a00000769	59323
a00000770	59324
a00000771	59325
a00000772	59326
