annotation	node
a00000000	6799
a00000690	6800
a00000691	6801
a00000692	6802
a00000693	6803
a00000694	6804
a00000695	6805
a00000696	6806
a00000697	6807
a00000698	6808
a00000699	6809
a00000700	6810
a00000701	6811
a00000702	6812
a00000703	6813
a00000704	6814
a00000705	6815
a00000706	6816
a00000707	6817
a00000708	6818
a00000709	6819
a00000710	6820
a00000711	6821
a00000712	6822
a00000713	6823
a00000714	6824
a00000715	6825
a00000716	6826
a00000717	6827
a00000718	6828
a00000719	6829
a00000720	6830
a00000721	6831
a00000722	6832
a00000723	6833
a00000724	6834
a00000725	6835
a00000726	6836
a00000727	6837
a00000728	6838
a00000729	6839
a00000730	6840
a00000731	6841
a00000732	6842
a00000733	6843
a00000734	6844
a00000735	6845
a00000736	6846
a00000737	6847
a00000738	6848
a00000739	6849
a00000740	6850
a00000741	6851
a00000742	6852
a00000743	6853
a00000744	6854
a00000745	6855
a00000746	6856
a00000747	6857
a00000748	6858
a00000749	6859
a00000750	6860
a00000751	6861
a00000752	6862
a00000753	6863
a00000754	6864
a00000755	6865
a00000756	6866
a00000757	6867
a00000758	6868
a00000759	6869
a00000760	6870
a00000761	6871
a00000762	6872
a00000763	6873
a00000764	6874
a00000765	6875
a00000766	6876
a00000767	6877
a00000768	6878
a00000769	6879
a00000770	6880
a00000771	6881
a00000772	6882
a00000773	6883
a00000774	6884
a00000775	6885
a00000776	6886
a00000777	6887
a00000778	6888
a00000779	6889
a00000780	6890
a00000781	6891
a00000782	6892
a00000783	6893
a00000784	6894
a00000785	6895
a00000786	6896
a00000787	6897
a00000788	6898
a00000789	6899
a00000790	6900
a00000791	6901
a00000792	6902
a00000793	6903
a00000794	6904
a00000795	6905
a00000796	6906
a00000797	6907
a00000798	6908
a00000799	6909
a00000800	6910
a00000801	6911
a00000802	6912
a00000803	6913
a00000804	6914
a00000805	6915
a00000806	6916
a00000807	6917
a00000808	6918
a00000809	6919
a00000810	6920
a00000811	6921
a00000812	6922
a00000813	6923
a00000814	6924
a00000815	6925
a00000816	6926
a00000817	6927
a00000818	6928
a00000819	6929
a00000820	6930
a00000821	6931
a00000822	6932
a00000823	6933
a00000824	6934
a00000825	6935
a00000826	6936
a00000827	6937
a00000828	6938
a00000829	6939
a00000830	6940
a00000831	6941
a00000832	6942
a00000833	6943
a00000834	6944
a00000835	6945
a00000836	6946
a00000837	6947
a00000838	6948
a00000839	6949
a00000840	6950
a00000841	6951
a00000842	6952
a00000843	6953
a00000844	6954
a00000845	6955
a00000846	6956
a00000847	6957
a00000848	6958
a00000849	6959
a00000850	6960
a00000851	6961
a00000852	6962
a00000853	6963
a00000854	6964
a00000855	6965
a00000856	6966
a00000857	6967
a00000858	6968
a00000859	6969
a00000860	6970
a00000861	6971
a00000862	6972
a00000863	6973
a00000864	6974
a00000865	6975
a00000866	6976
a00000867	6977
a00000868	6978
a00000869	6979
a00000870	6980
a00000871	6981
a00000872	6982
a00000873	6983
a00000874	6984
a00000875	6985
a00000876	6986
a00000877	6987
a00000878	6988
a00000879	6989
a00000880	6990
a00000881	6991
a00000882	6992
a00000883	6993
a00000884	6994
a00000885	6995
a00000886	6996
a00000887	6997
a00000888	6998
a00000889	6999
a00000890	7000
a00000891	7001
a00000892	7002
a00000893	7003
a00000894	7004
a00000895	7005
a00000896	7006
a00000897	7007
a00000898	7008
a00000899	7009
a00000900	7010
a00000901	7011
a00000902	7012
a00000903	7013
a00000904	7014
a00000905	7015
a00000906	7016
a00000907	7017
a00000908	7018
a00000909	7019
a00000910	7020
a00000911	7021
a00000912	7022
a00000913	7023
a00000914	7024
a00000915	7025
a00000916	7026
a00000917	7027
a00000918	7028
a00000919	7029
a00000920	7030
a00000921	7031
a00000922	7032
a00000923	7033
a00000924	7034
a00000925	7035
a00000926	7036
a00000927	7037
a00000928	7038
a00000929	7039
a00000930	7040
a00000931	7041
a00000932	7042
a00000933	7043
a00000934	7044
a00000935	7045
a00000936	7046
a00000937	7047
a00000938	7048
a00000939	7049
a00000940	7050
a00000941	7051
a00000942	7052
a00000943	7053
a00000944	7054
a00000945	7055
a00000946	7056
a00000947	7057
a00000948	7058
a00000949	7059
a00000950	7060
a00000951	7061
a00000952	7062
a00000953	7063
a00000954	7064
a00000955	7065
a00000956	7066
a00000957	7067
a00000958	7068
a00000959	7069
a00000960	7070
a00000961	7071
a00000962	7072
a00000963	7073
a00000964	7074
a00000965	7075
a00000966	7076
a00000967	7077
a00000968	7078
a00000969	7079
a00000970	7080
a00000971	7081
a00000972	7082
a00000973	7083
a00000974	7084
a00000975	7085
a00000976	7086
a00000977	7087
a00000978	7088
a00000979	7089
a00000980	7090
a00000981	7091
a00000982	7092
a00000983	7093
a00000984	7094
a00000985	7095
a00000986	7096
a00000987	7097
a00000988	7098
a00000989	7099
a00000990	7100
a00000991	7101
a00000992	7102
a00000993	7103
a00000994	7104
a00000995	7105
a00000996	7106
a00000997	7107
a00000998	7108
a00000999	7109
a00001000	7110
a00001001	7111
a00001002	7112
a00001003	7113
a00001004	7114
a00001005	7115
a00001006	7116
a00001007	7117
a00001008	7118
a00001009	7119
a00001010	7120
a00001011	7121
a00001012	7122
a00001013	7123
a00001014	7124
a00001015	7125
a00001016	7126
a00001017	7127
a00001018	7128
a00001019	7129
a00001020	7130
a00001021	7131
a00001022	7132
a00001023	7133
a00001024	7134
a00001025	7135
a00001026	7136
a00001027	7137
a00001028	7138
a00001029	7139
a00001030	7140
a00001031	7141
a00001032	7142
a00001033	7143
a00001034	7144
a00001035	7145
a00001036	7146
a00001037	7147
a00001038	7148
a00001039	7149
a00001040	7150
a00001041	7151
a00001042	7152
a00001043	7153
a00001044	7154
a00001045	7155
a00001046	7156
a00001047	7157
a00001048	7158
a00001049	7159
a00001050	7160
a00001051	7161
a00001052	7162
a00001053	7163
a00001054	7164
a00001055	7165
a00001056	7166
a00001057	7167
a00001058	7168
a00001059	7169
a00001060	7170
a00001061	7171
a00001062	7172
a00001063	7173
a00001064	7174
a00001065	7175
a00001066	7176
a00001067	7177
a00001068	7178
a00001069	7179
a00001070	7180
a00001071	7181
a00001072	7182
a00001073	7183
a00001074	7184
a00001075	7185
a00001076	7186
a00001077	7187
a00001078	7188
a00001079	7189
a00001080	7190
a00001081	7191
a00001082	7192
a00001083	7193
a00001084	7194
a00001085	7195
a00001086	7196
a00001087	7197
a00001088	7198
a00001089	7199
a00001090	7200
a00001091	7201
a00001092	7202
a00001093	7203
a00001094	7204
a00001095	7205
a00001096	7206
a00001097	7207
a00001098	7208
a00001099	7209
a00001100	7210
a00001101	7211
a00001102	7212
a00001103	7213
a00001104	7214
a00001105	7215
a00001106	7216
a00001107	7217
a00001108	7218
a00001109	7219
a00001110	7220
a00001111	7221
a00001112	7222
a00001113	7223
a00001114	7224
a00001115	7225
a00001116	7226
a00001117	7227
a00001118	7228
a00001119	7229
a00001120	7230
a00001121	7231
a00001122	7232
a00001123	7233
a00001124	7234
a00001125	7235
a00001126	7236
a00001127	7237
a00001128	7238
a00001129	7239
a00001130	7240
a00001131	7241
a00001132	7242
a00001133	7243
a00001134	7244
a00001135	7245
a00001136	7246
a00001137	7247
a00001138	7248
a00001139	7249
a00001140	7250
a00001141	7251
a00001142	7252
a00001143	7253
a00001144	7254
a00001145	7255
a00001146	7256
a00001147	7257
a00001148	7258
a00001149	7259
a00001150	7260
a00001151	7261
a00001152	7262
a00001153	7263
a00001154	7264
a00001155	7265
a00001156	7266
a00001157	7267
a00001158	7268
a00001159	7269
a00001160	7270
a00001161	7271
a00001162	7272
a00001163	7273
a00001164	7274
a00001165	7275
a00001166	7276
a00001167	7277
a00001168	7278
a00001169	7279
a00001170	7280
a00001171	7281
a00001172	7282
a00001173	7283
a00001174	7284
a00001175	7285
a00001176	7286
a00001177	7287
a00001178	7288
a00001179	7289
a00001180	7290
a00001181	7291
a00001182	7292
a00001183	7293
a00001184	7294
a00001185	7295
a00001186	7296
a00001187	7297
a00001188	7298
a00001189	7299
a00001190	7300
a00001191	7301
a00001192	7302
a00001193	7303
a00001194	7304
a00001195	7305
a00001196	7306
a00001197	7307
a00001198	7308
a00001199	7309
a00001200	7310
a00001201	7311
a00001202	7312
a00001203	7313
a00001204	7314
a00001205	7315
a00001206	7316
a00001207	7317
a00001208	7318
a00001209	7319
a00001210	7320
a00001211	7321
a00001212	7322
a00001213	7323
a00001214	7324
a00001215	7325
a00001216	7326
a00001217	7327
a00001218	7328
a00001219	7329
a00001220	7330
a00001221	7331
a00001222	7332
a00001223	7333
a00001224	7334
a00001225	7335
a00001226	7336
a00001227	7337
a00001228	7338
a00001229	7339
a00001230	7340
a00001231	7341
a00001232	7342
a00001233	7343
a00001234	7344
a00001235	7345
a00001236	7346
a00001237	7347
a00001238	7348
a00001239	7349
a00001240	7350
a00001241	7351
a00001242	7352
a00001243	7353
a00001244	7354
a00001245	7355
a00001246	7356
a00001247	7357
a00001248	7358
a00001249	7359
a00001250	7360
a00001251	7361
a00001252	7362
a00001253	7363
a00001254	7364
a00001255	7365
a00001256	7366
a00001257	7367
a00001258	7368
a00001259	7369
a00001260	7370
a00001261	7371
a00001262	7372
a00001263	7373
a00001264	7374
a00001265	7375
a00001266	7376
a00001267	7377
a00001268	7378
a00001269	7379
a00001270	7380
a00001271	7381
a00001272	7382
a00001273	7383
a00001274	7384
a00001275	7385
a00001276	7386
a00001277	7387
a00001278	7388
a00001279	7389
a00001280	7390
a00001281	7391
a00001282	7392
a00001283	7393
a00001284	7394
a00001285	7395
a00001286	7396
a00001287	7397
a00001288	7398
a00001289	7399
a00001290	7400
a00001291	7401
a00001292	7402
a00001293	7403
a00001294	7404
a00001295	7405
a00001296	7406
a00001297	7407
a00001298	7408
a00001299	7409
a00001300	7410
a00001301	7411
a00001302	7412
a00001303	7413
a00001304	7414
a00001305	7415
a00001306	7416
a00001307	7417
a00001308	7418
a00001309	7419
a00001310	7420
a00001311	7421
a00001312	7422
a00001313	7423
a00001314	7424
a00001315	7425
a00001316	7426
a00001317	7427
a00001318	7428
a00001319	7429
a00001320	7430
a00001321	7431
a00001322	7432
a00001323	7433
a00001324	7434
a00001325	7435
a00001326	7436
a00001327	7437
a00001328	7438
a00001329	7439
a00001330	7440
a00001331	7441
a00001332	7442
a00001333	7443
a00001334	7444
a00001335	7445
a00001336	7446
a00001337	7447
a00001338	7448
a00001339	7449
a00001340	7450
a00001341	7451
a00001342	7452
a00001343	7453
a00001344	7454
a00001345	7455
a00001346	7456
a00001347	7457
a00001348	7458
a00001349	7459
a00001350	7460
a00001351	7461
a00001352	7462
a00001353	7463
a00001354	7464
a00001355	7465
a00001356	7466
a00001357	7467
a00001358	7468
a00001359	7469
a00001360	7470
a00001361	7471
a00001362	7472
a00001363	7473
a00001364	7474
a00001365	7475
a00001366	7476
a00001367	7477
a00001368	7478
a00001369	7479
a00001370	7480
a00001371	7481
a00001372	7482
a00001373	7483
a00001374	7484
a00001375	7485
a00001376	7486
a00001377	7487
a00001378	7488
a00001379	7489
a00001380	7490
a00001381	7491
a00001382	7492
a00001383	7493
a00001384	7494
a00001385	7495
a00001386	7496
a00001387	7497
a00001388	7498
a00001389	7499
a00001390	7500
a00001391	7501
a00001392	7502
a00001393	7503
a00001394	7504
a00001395	7505
a00001396	7506
a00001397	7507
a00001398	7508
a00001399	7509
a00001400	7510
a00001401	7511
a00001402	7512
a00001403	7513
a00001404	7514
a00001405	7515
a00001406	7516
a00001407	7517
a00001408	7518
a00001409	7519
a00001410	7520
a00001411	7521
a00001412	7522
a00001413	7523
a00001414	7524
a00001415	7525
a00001416	7526
a00001417	7527
a00001418	7528
a00001419	7529
a00001420	7530
a00001421	7531
a00001422	7532
a00001423	7533
a00001424	7534
a00001425	7535
a00001426	7536
a00001427	7537
a00001428	7538
a00001429	7539
a00001430	7540
a00001431	7541
a00001432	7542
a00001433	7543
a00001434	7544
a00001435	7545
a00001436	7546
a00001437	7547
a00001438	7548
a00001439	7549
a00001440	7550
a00001441	7551
a00001442	7552
a00001443	7553
a00001444	7554
a00001445	7555
a00001446	7556
a00001447	7557
a00001448	7558
a00001449	7559
a00001450	7560
a00001451	7561
a00001452	7562
a00001453	7563
a00001454	7564
a00001455	7565
a00001456	7566
a00001457	7567
a00001458	7568
a00001459	7569
a00001460	7570
a00001461	7571
a00001462	7572
a00001463	7573
a00001464	7574
a00001465	7575
a00001466	7576
a00001467	7577
a00001468	7578
a00001469	7579
a00001470	7580
a00001471	7581
a00001472	7582
a00001473	7583
a00001474	7584
a00001475	7585
a00001476	7586
a00001477	7587
a00001478	7588
a00001479	7589
a00001480	7590
a00001481	7591
a00001482	7592
a00001483	7593
a00001484	7594
a00001485	7595
a00001486	7596
a00001487	7597
a00001488	7598
a00001489	7599
a00001490	7600
a00001491	7601
a00001492	7602
a00001493	7603
a00001494	7604
a00001495	7605
a00001496	7606
a00001497	7607
a00001498	7608
a00001499	7609
a00001500	7610
a00001501	7611
a00001502	7612
a00001503	7613
a00001504	7614
a00001505	7615
a00001506	7616
a00001507	7617
a00001508	7618
a00001509	7619
a00001510	7620
a00001511	7621
a00001512	7622
a00001513	7623
a00001514	7624
a00001515	7625
a00001516	7626
a00001517	7627
a00001518	7628
a00001519	7629
a00001520	7630
a00001521	7631
a00001522	7632
a00001523	7633
a00001524	7634
a00001525	7635
a00001526	7636
a00001527	7637
a00001528	7638
a00001529	7639
a00001530	7640
a00001531	7641
a00001532	7642
a00001533	7643
a00001534	7644
a00001535	7645
a00001536	7646
a00001537	7647
a00001538	7648
a00001539	7649
a00001540	7650
a00001541	7651
a00001542	7652
a00001543	7653
a00001544	7654
a00001545	7655
a00001546	7656
a00001547	7657
a00001548	7658
a00001549	7659
a00001550	7660
a00001551	7661
a00001552	7662
a00001553	7663
a00001554	7664
a00001555	7665
a00001556	7666
a00001557	7667
a00001558	7668
a00001559	7669
a00001560	7670
a00001561	7671
a00001562	7672
a00001563	7673
a00001564	7674
a00001565	7675
a00001566	7676
a00001567	7677
a00001568	7678
a00001569	7679
a00001570	7680
a00001571	7681
a00001572	7682
a00001573	7683
a00001574	7684
a00001575	7685
a00001576	7686
a00001577	7687
a00001578	7688
a00001579	7689
a00001580	7690
a00001581	7691
a00001582	7692
a00001583	7693
a00001584	7694
a00001585	7695
a00001586	7696
a00001587	7697
a00001588	7698
a00001589	7699
a00001590	7700
a00001591	7701
a00001592	7702
a00001593	7703
a00001594	7704
a00001595	7705
a00001596	7706
a00001597	7707
a00001598	7708
a00001599	7709
a00001600	7710
a00001601	7711
a00001602	7712
a00001603	7713
a00001604	7714
a00001605	7715
a00001606	7716
a00001607	7717
a00001608	7718
a00001609	7719
a00001610	7720
a00001611	7721
a00001612	7722
a00001613	7723
a00001614	7724
a00001615	7725
a00001616	7726
a00001617	7727
a00001618	7728
a00001619	7729
a00001620	7730
a00001621	7731
a00001622	7732
a00001623	7733
a00001624	7734
a00001625	7735
a00001626	7736
a00001627	7737
a00001628	7738
a00001629	7739
a00001630	7740
a00001631	7741
a00001632	7742
a00001633	7743
a00001634	7744
a00001635	7745
a00001636	7746
a00001637	7747
a00001638	7748
a00001639	7749
a00001640	7750
a00001641	7751
a00001642	7752
a00001643	7753
a00001644	7754
a00001645	7755
a00001646	7756
a00001647	7757
a00001648	7758
a00001649	7759
a00001650	7760
a00001651	7761
a00001652	7762
a00001653	7763
a00001654	7764
a00001655	7765
a00001656	7766
a00001657	7767
a00001658	7768
a00001659	7769
a00001660	7770
a00001661	7771
a00001662	7772
a00001663	7773
a00001664	7774
a00001665	7775
a00001666	7776
a00001667	7777
a00001668	7778
a00001669	7779
a00001670	7780
a00001671	7781
a00001672	7782
a00001673	7783
a00001674	7784
a00001675	7785
a00001676	7786
a00001677	7787
a00001678	7788
a00001679	7789
a00001680	7790
a00001681	7791
a00001682	7792
a00001683	7793
a00001684	7794
a00001685	7795
a00001686	7796
a00001687	7797
a00001688	7798
a00001689	7799
a00001690	7800
a00001691	7801
a00001692	7802
a00001693	7803
a00001694	7804
a00001695	7805
a00001696	7806
a00001697	7807
a00001698	7808
a00001699	7809
a00001700	7810
a00001701	7811
a00001702	7812
a00001703	7813
a00001704	7814
a00001705	7815
a00001706	7816
a00001707	7817
a00001708	7818
a00001709	7819
a00001710	7820
a00001711	7821
a00001712	7822
a00001713	7823
a00001714	7824
a00001715	7825
a00001716	7826
a00001717	7827
a00001718	7828
a00001719	7829
a00001720	7830
a00001721	7831
a00001722	7832
a00001723	7833
a00001724	7834
a00001725	7835
a00001726	7836
a00001727	7837
a00001728	7838
a00001729	7839
a00001730	7840
a00001731	7841
a00001732	7842
a00001733	7843
a00001734	7844
a00001735	7845
a00001736	7846
a00001737	7847
a00001738	7848
a00001739	7849
a00001740	7850
a00001741	7851
a00001742	7852
a00001743	7853
a00001744	7854
a00001745	7855
a00001746	7856
a00001747	7857
a00001748	7858
a00001749	7859
a00001750	7860
a00001751	7861
a00001752	7862
a00001753	7863
a00001754	7864
a00001755	7865
a00001756	7866
a00001757	7867
a00001758	7868
a00001759	7869
a00001760	7870
a00001761	7871
a00001762	7872
a00001763	7873
a00001764	7874
a00001765	7875
a00001766	7876
a00001767	7877
a00001768	7878
a00001769	7879
a00001770	7880
a00001771	7881
a00001772	7882
a00001773	7883
a00001774	7884
a00001775	7885
a00001776	7886
a00001777	7887
a00001778	7888
a00001779	7889
a00001780	7890
a00001781	7891
a00001782	7892
a00001783	7893
a00001784	7894
a00001785	7895
a00001786	7896
a00001787	7897
a00001788	7898
a00001789	7899
a00001790	7900
a00001791	7901
a00001792	7902
a00001793	7903
a00001794	7904
a00001795	7905
a00001796	7906
a00001797	7907
a00001798	7908
a00001799	7909
a00001800	7910
a00001801	7911
a00001802	7912
a00001803	7913
a00001804	7914
a00001805	7915
a00001806	7916
a00001807	7917
a00001808	7918
a00001809	7919
a00001810	7920
a00001811	7921
a00001812	7922
a00001813	7923
a00001814	7924
a00001815	7925
a00001816	7926
a00001817	7927
a00001818	7928
a00001819	7929
a00001820	7930
a00001821	7931
a00001822	7932
a00001823	7933
a00001824	7934
a00001825	7935
a00001826	7936
a00001827	7937
a00001828	7938
a00001829	7939
a00001830	7940
a00001831	7941
a00001832	7942
a00001833	7943
a00001834	7944
a00001835	7945
a00001836	7946
a00001837	7947
a00001838	7948
a00001839	7949
a00001840	7950
a00001841	7951
a00001842	7952
a00001843	7953
a00001844	7954
a00001845	7955
a00001846	7956
a00001847	7957
a00001848	7958
a00001849	7959
a00001850	7960
a00001851	7961
a00001852	7962
a00001853	7963
a00001854	7964
a00001855	7965
a00001856	7966
a00001857	7967
a00001858	7968
a00001859	7969
a00001860	7970
a00001861	7971
a00001862	7972
a00001863	7973
a00001864	7974
a00001865	7975
a00001866	7976
a00001867	7977
a00001868	7978
a00001869	7979
a00001870	7980
a00001871	7981
a00001872	7982
a00001873	7983
a00001874	7984
a00001875	7985
a00001876	7986
a00001877	7987
a00001878	7988
a00001879	7989
a00001880	7990
a00001881	7991
a00001882	7992
a00001883	7993
a00001884	7994
a00001885	7995
a00001886	7996
a00001887	7997
a00001888	7998
a00001889	7999
a00001890	8000
a00001891	8001
a00001892	8002
a00001893	8003
a00001894	8004
a00001895	8005
a00001896	8006
a00001897	8007
a00001898	8008
a00001899	8009
a00001900	8010
a00001901	8011
a00001902	8012
a00001903	8013
a00001904	8014
a00001905	8015
a00001906	8016
a00001907	8017
a00001908	8018
a00001909	8019
a00001910	8020
a00001911	8021
a00001912	8022
a00001913	8023
a00001914	8024
a00001915	8025
a00001916	8026
a00001917	8027
a00001918	8028
a00001919	8029
a00001920	8030
a00001921	8031
a00001922	8032
a00001923	8033
a00001924	8034
a00001925	8035
a00001926	8036
a00001927	8037
a00001928	8038
a00001929	8039
a00001930	8040
a00001931	8041
a00001932	8042
a00001933	8043
a00001934	8044
a00001935	8045
a00001936	8046
a00001937	8047
a00001938	8048
a00001939	8049
a00001940	8050
a00001941	8051
a00001942	8052
a00001943	8053
a00001944	8054
a00001945	8055
a00001946	8056
a00001947	8057
a00001948	8058
a00001949	8059
a00001950	8060
a00001951	8061
a00001952	8062
a00001953	8063
a00001954	8064
a00001955	8065
a00001956	8066
a00001957	8067
a00001958	8068
a00001959	8069
a00001960	8070
a00001961	8071
a00001962	8072
a00001963	8073
a00001964	8074
a00001965	8075
a00001966	8076
a00001967	8077
a00001968	8078
a00001969	8079
a00001970	8080
a00001971	8081
a00001972	8082
a00001973	8083
a00001974	8084
a00001975	8085
a00001976	8086
a00001977	8087
a00001978	8088
a00001979	8089
a00001980	8090
a00001981	8091
a00001982	8092
a00001983	8093
a00001984	8094
a00001985	8095
a00001986	8096
a00001987	8097
a00001988	8098
a00001989	8099
a00001990	8100
a00001991	8101
a00001992	8102
a00001993	8103
a00001994	8104
a00001995	8105
a00001996	8106
a00001997	8107
a00001998	8108
a00001999	8109
a00002000	8110
a00002001	8111
a00002002	8112
a00002003	8113
a00002004	8114
a00002005	8115
a00002006	8116
a00002007	8117
a00002008	8118
a00002009	8119
a00002010	8120
a00002011	8121
a00002012	8122
a00002013	8123
a00002014	8124
a00002015	8125
a00002016	8126
a00002017	8127
a00002018	8128
a00002019	8129
a00002020	8130
a00002021	8131
a00002022	8132
a00002023	8133
a00002024	8134
a00002025	8135
a00002026	8136
a00002027	8137
a00002028	8138
a00002029	8139
a00002030	8140
a00002031	8141
a00002032	8142
a00002033	8143
a00002034	8144
a00002035	8145
a00002036	8146
a00002037	8147
a00002038	8148
a00002039	8149
a00002040	8150
a00002041	8151
a00002042	8152
a00002043	8153
a00002044	8154
a00002045	8155
a00002046	8156
a00002047	8157
a00002048	8158
a00002049	8159
a00002050	8160
a00002051	8161
a00002052	8162
a00002053	8163
a00002054	8164
a00002055	8165
a00002056	8166
a00002057	8167
a00002058	8168
a00002059	8169
a00002060	8170
a00002061	8171
a00002062	8172
a00002063	8173
a00002064	8174
a00002065	8175
a00002066	8176
a00002067	8177
a00002068	8178
a00002069	8179
a00002070	8180
a00002071	8181
a00002072	8182
a00002073	8183
a00002074	8184
a00002075	8185
a00002076	8186
a00002077	8187
a00002078	8188
a00002079	8189
a00002080	8190
a00002081	8191
a00002082	8192
a00002083	8193
a00002084	8194
a00002085	8195
a00002086	8196
a00002087	8197
a00002088	8198
a00002089	8199
a00002090	8200
a00002091	8201
a00002092	8202
a00002093	8203
a00002094	8204
a00002095	8205
a00002096	8206
a00002097	8207
a00002098	8208
a00002099	8209
a00002100	8210
a00002101	8211
a00002102	8212
a00002103	8213
a00002104	8214
a00002105	8215
a00002106	8216
a00002107	8217
a00002108	8218
a00002109	8219
a00002110	8220
a00002111	8221
a00002112	8222
a00002113	8223
a00002114	8224
a00002115	8225
a00002116	8226
a00002117	8227
a00002118	8228
a00002119	8229
a00002120	8230
a00002121	8231
a00002122	8232
a00002123	8233
a00002124	8234
a00002125	8235
a00002126	8236
a00002127	8237
a00002128	8238
a00002129	8239
a00002130	8240
a00002131	8241
a00002132	8242
a00002133	8243
a00002134	8244
a00002135	8245
a00002136	8246
a00002137	8247
a00002138	8248
a00002139	8249
a00002140	8250
a00002141	8251
a00002142	8252
a00002143	8253
a00002144	8254
a00002145	8255
a00002146	8256
a00002147	8257
a00002148	8258
a00002149	8259
a00002150	8260
a00002151	8261
a00002152	8262
a00002153	8263
a00002154	8264
a00002155	8265
a00002156	8266
a00002157	8267
a00002158	8268
a00002159	8269
a00002160	8270
a00002161	8271
a00002162	8272
a00002163	8273
a00002164	8274
a00002165	8275
a00002166	8276
a00002167	8277
a00002168	8278
a00002169	8279
a00002170	8280
a00002171	8281
a00002172	8282
a00002173	8283
a00002174	8284
a00002175	8285
a00002176	8286
a00002177	8287
a00002178	8288
a00002179	8289
a00002180	8290
a00002181	8291
a00002182	8292
a00002183	8293
a00002184	8294
a00002185	8295
a00002186	8296
a00002187	8297
a00002188	8298
a00002189	8299
a00002190	8300
a00002191	8301
a00002192	8302
a00002193	8303
a00002194	8304
a00002195	8305
a00002196	8306
a00002197	8307
a00002198	8308
a00002199	8309
a00002200	8310
a00002201	8311
a00002202	8312
a00002203	8313
a00002204	8314
a00002205	8315
a00002206	8316
a00002207	8317
a00002208	8318
a00002209	8319
a00002210	8320
a00002211	8321
a00002212	8322
a00002213	8323
a00002214	8324
a00002215	8325
a00002216	8326
a00002217	8327
a00002218	8328
a00002219	8329
a00002220	8330
a00002221	8331
a00002222	8332
a00002223	8333
a00002224	8334
a00002225	8335
a00002226	8336
a00002227	8337
a00002228	8338
a00002229	8339
a00002230	8340
a00002231	8341
a00002232	8342
a00002233	8343
a00002234	8344
a00002235	8345
a00002236	8346
a00002237	8347
a00002238	8348
a00002239	8349
a00002240	8350
a00002241	8351
a00002242	8352
a00002243	8353
a00002244	8354
a00002245	8355
a00002246	8356
a00002247	8357
a00002248	8358
a00002249	8359
a00002250	8360
a00002251	8361
a00002252	8362
a00002253	8363
a00002254	8364
a00002255	8365
a00002256	8366
a00002257	8367
a00002258	8368
a00002259	8369
a00002260	8370
a00002261	8371
a00002262	8372
a00002263	8373
a00002264	8374
a00002265	8375
a00002266	8376
a00002267	8377
a00002268	8378
a00002269	8379
a00002270	8380
a00002271	8381
a00002272	8382
a00002273	8383
a00002274	8384
a00002275	8385
a00002276	8386
a00002277	8387
a00002278	8388
a00002279	8389
a00002280	8390
a00002281	8391
a00002282	8392
a00002283	8393
a00002284	8394
a00002285	8395
a00002286	8396
a00002287	8397
a00002288	8398
a00002289	8399
a00002290	8400
a00002291	8401
a00002292	8402
a00002293	8403
a00002294	8404
a00002295	8405
a00002296	8406
a00002297	8407
a00002298	8408
a00002299	8409
a00002300	8410
a00002301	8411
a00002302	8412
a00002303	8413
a00002304	8414
a00002305	8415
a00002306	8416
a00002307	8417
a00002308	8418
a00002309	8419
a00002310	8420
a00002311	8421
a00002312	8422
a00002313	8423
a00002314	8424
a00002315	8425
a00002316	8426
a00002317	8427
a00002318	8428
a00002319	8429
a00002320	8430
a00002321	8431
a00002322	8432
a00002323	8433
a00002324	8434
a00002325	8435
a00002326	8436
a00002327	8437
a00002328	8438
a00002329	8439
a00002330	8440
a00002331	8441
a00002332	8442
a00002333	8443
a00002334	8444
a00002335	8445
a00002336	8446
a00002337	8447
a00002338	8448
a00002339	8449
a00002340	8450
a00002341	8451
a00002342	8452
a00002343	8453
a00002344	8454
a00002345	8455
a00002346	8456
a00002347	8457
a00002348	8458
a00002349	8459
a00002350	8460
a00002351	8461
a00002352	8462
a00002353	8463
a00002354	8464
a00002355	8465
a00002356	8466
a00002357	8467
a00002358	8468
a00002359	8469
a00002360	8470
a00002361	8471
a00002362	8472
a00002363	8473
a00002364	8474
a00002365	8475
a00002366	8476
a00002367	8477
a00002368	8478
a00002369	8479
a00002370	8480
a00002371	8481
a00002372	8482
a00002373	8483
a00002374	8484
a00002375	8485
a00002376	8486
a00002377	8487
a00002378	8488
a00002379	8489
a00002380	8490
a00002381	8491
a00002382	8492
a00002383	8493
a00002384	8494
a00002385	8495
a00002386	8496
a00002387	8497
a00002388	8498
a00002389	8499
a00002390	8500
a00002391	8501
a00002392	8502
a00002393	8503
a00002394	8504
a00002395	8505
a00002396	8506
a00002397	8507
a00002398	8508
a00002399	8509
a00002400	8510
a00002401	8511
a00002402	8512
a00002403	8513
a00002404	8514
a00002405	8515
a00002406	8516
a00002407	8517
a00002408	8518
a00002409	8519
a00002410	8520
a00002411	8521
a00002412	8522
a00002413	8523
a00002414	8524
a00002415	8525
a00002416	8526
a00002417	8527
a00002418	8528
a00002419	8529
a00002420	8530
a00002421	8531
a00002422	8532
a00002423	8533
a00002424	8534
a00002425	8535
a00002426	8536
a00002427	8537
a00002428	8538
a00002429	8539
a00002430	8540
a00002431	8541
a00002432	8542
a00002433	8543
a00002434	8544
a00002435	8545
a00002436	8546
a00002437	8547
a00002438	8548
a00002439	8549
a00002440	8550
a00002441	8551
a00002442	8552
a00002443	8553
a00002444	8554
a00002445	8555
a00002446	8556
a00002447	8557
a00002448	8558
a00002449	8559
a00002450	8560
a00002451	8561
a00002452	8562
a00002453	8563
a00002454	8564
a00002455	8565
a00002456	8566
a00002457	8567
a00002458	8568
a00002459	8569
a00002460	8570
a00002461	8571
a00002462	8572
a00002463	8573
a00002464	8574
a00002465	8575
a00002466	8576
a00002467	8577
a00002468	8578
a00002469	8579
a00002470	8580
a00002471	8581
a00002472	8582
a00002473	8583
a00002474	8584
a00002475	8585
a00002476	8586
a00002477	8587
a00002478	8588
a00002479	8589
a00002480	8590
a00002481	8591
a00002482	8592
a00002483	8593
a00002484	8594
a00002485	8595
a00002486	8596
a00002487	8597
a00002488	8598
a00002489	8599
a00002490	8600
a00002491	8601
a00002492	8602
a00002493	8603
a00002494	8604
a00002495	8605
a00002496	8606
a00002497	8607
a00002498	8608
a00002499	8609
a00002500	8610
a00002501	8611
a00002502	8612
a00002503	8613
a00002504	8614
a00002505	8615
a00002506	8616
a00002507	8617
a00002508	8618
a00002509	8619
a00002510	8620
a00002511	8621
a00002512	8622
a00002513	8623
a00002514	8624
a00002515	8625
a00002516	8626
a00002517	8627
a00002518	8628
a00002519	8629
a00002520	8630
a00002521	8631
a00002522	8632
a00002523	8633
a00002524	8634
a00002525	8635
a00002526	8636
a00002527	8637
a00002528	8638
a00002529	8639
a00002530	8640
a00002531	8641
a00002532	8642
a00002533	8643
a00002534	8644
a00002535	8645
a00002536	8646
a00002537	8647
a00002538	8648
a00002539	8649
a00002540	8650
a00002541	8651
a00002542	8652
a00002543	8653
a00002544	8654
a00002545	8655
a00002546	8656
a00002547	8657
a00002548	8658
a00002549	8659
a00002550	8660
a00002551	8661
a00002552	8662
a00002553	8663
a00002554	8664
a00002555	8665
a00002556	8666
a00002557	8667
a00002558	8668
a00002559	8669
a00002560	8670
a00002561	8671
a00002562	8672
a00002563	8673
a00002564	8674
a00002565	8675
a00002566	8676
a00002567	8677
a00002568	8678
a00002569	8679
a00002570	8680
a00002571	8681
a00002572	8682
a00002573	8683
a00002574	8684
a00002575	8685
a00002576	8686
a00002577	8687
a00002578	8688
a00002579	8689
a00002580	8690
a00002581	8691
a00002582	8692
a00002583	8693
a00002584	8694
a00002585	8695
a00002586	8696
a00002587	8697
a00002588	8698
a00002589	8699
a00002590	8700
a00002591	8701
a00002592	8702
a00002593	8703
a00002594	8704
a00002595	8705
a00002596	8706
a00002597	8707
a00002598	8708
a00002599	8709
a00002600	8710
a00002601	8711
a00002602	8712
a00002603	8713
a00002604	8714
a00002605	8715
a00002606	8716
a00002607	8717
a00002608	8718
a00002609	8719
a00002610	8720
a00002611	8721
a00002612	8722
a00002613	8723
a00002614	8724
a00002615	8725
a00002616	8726
a00002617	8727
a00002618	8728
a00002619	8729
a00002620	8730
a00002621	8731
a00002622	8732
a00002623	8733
a00002624	8734
a00002625	8735
a00002626	8736
a00002627	8737
a00002628	8738
a00002629	8739
a00002630	8740
a00002631	8741
a00002632	8742
a00002633	8743
a00002634	8744
a00002635	8745
a00002636	8746
a00002637	8747
a00002638	8748
a00002639	8749
a00002640	8750
a00002641	8751
a00002642	8752
a00002643	8753
a00002644	8754
a00002645	8755
a00002646	8756
a00002647	8757
a00002648	8758
a00002649	8759
a00002650	8760
a00002651	8761
a00002652	8762
a00002653	8763
a00002654	8764
a00002655	8765
a00002656	8766
a00002657	8767
a00002658	8768
a00002659	8769
a00002660	8770
a00002661	8771
a00002662	8772
a00002663	8773
a00002664	8774
a00002665	8775
a00002666	8776
a00002667	8777
a00002668	8778
a00002669	8779
a00002670	8780
a00002671	8781
a00002672	8782
a00002673	8783
a00002674	8784
a00002675	8785
a00002676	8786
a00002677	8787
a00002678	8788
a00002679	8789
a00002680	8790
a00002681	8791
a00002682	8792
a00002683	8793
a00002684	8794
a00002685	8795
a00002686	8796
a00002687	8797
a00002688	8798
a00002689	8799
a00002690	8800
a00002691	8801
a00002692	8802
a00002693	8803
a00002694	8804
a00002695	8805
a00002696	8806
a00002697	8807
a00002698	8808
a00002699	8809
a00002700	8810
a00002701	8811
a00002702	8812
a00002703	8813
a00002704	8814
a00002705	8815
a00002706	8816
a00002707	8817
a00002708	8818
a00002709	8819
a00002710	8820
a00002711	8821
a00002712	8822
a00002713	8823
a00002714	8824
a00002715	8825
a00002716	8826
a00002717	8827
a00002718	8828
a00002719	8829
a00002720	8830
a00002721	8831
a00002722	8832
a00002723	8833
a00002724	8834
a00002725	8835
a00002726	8836
a00002727	8837
a00002728	8838
a00002729	8839
a00002730	8840
a00002731	8841
a00002732	8842
a00002733	8843
a00002734	8844
a00002735	8845
a00002736	8846
a00002737	8847
a00002738	8848
a00002739	8849
a00002740	8850
a00002741	8851
a00002742	8852
a00002743	8853
a00002744	8854
a00002745	8855
a00002746	8856
a00002747	8857
a00002748	8858
a00002749	8859
a00002750	8860
a00002751	8861
a00002752	8862
a00002753	8863
a00002754	8864
a00002755	8865
a00002756	8866
a00002757	8867
a00002758	8868
a00002759	8869
a00002760	8870
a00002761	8871
a00002762	8872
a00002763	8873
a00002764	8874
a00002765	8875
a00002766	8876
a00002767	8877
a00002768	8878
a00002769	8879
a00002770	8880
a00002771	8881
a00002772	8882
a00002773	8883
a00002774	8884
a00002775	8885
a00002776	8886
a00002777	8887
a00002778	8888
a00002779	8889
a00002780	8890
a00002781	8891
a00002782	8892
a00002783	8893
a00002784	8894
a00002785	8895
a00002786	8896
a00002787	8897
a00002788	8898
a00002789	8899
a00002790	8900
a00002791	8901
a00002792	8902
a00002793	8903
a00002794	8904
a00002795	8905
a00002796	8906
a00002797	8907
a00002798	8908
a00002799	8909
a00002800	8910
a00002801	8911
a00002802	8912
a00002803	8913
a00002804	8914
a00002805	8915
a00002806	8916
a00002807	8917
a00002808	8918
a00002809	8919
a00002810	8920
a00002811	8921
a00002812	8922
a00002813	8923
a00002814	8924
a00002815	8925
a00002816	8926
a00002817	8927
a00002818	8928
a00002819	8929
a00002820	8930
a00002821	8931
a00002822	8932
a00002823	8933
a00002824	8934
a00002825	8935
a00002826	8936
a00002827	8937
a00002828	8938
a00002829	8939
a00002830	8940
a00002831	8941
a00002832	8942
a00002833	8943
a00002834	8944
a00002835	8945
a00002836	8946
a00002837	8947
a00002838	8948
a00002839	8949
a00002840	8950
a00002841	8951
a00002842	8952
a00002843	8953
a00002844	8954
a00002845	8955
a00002846	8956
a00002847	8957
a00002848	8958
a00002849	8959
a00002850	8960
a00002851	8961
a00002852	8962
a00002853	8963
a00002854	8964
a00002855	8965
a00002856	8966
a00002857	8967
a00002858	8968
a00002859	8969
a00002860	8970
a00002861	8971
a00002862	8972
a00002863	8973
a00002864	8974
a00002865	8975
a00002866	8976
a00002867	8977
a00002868	8978
a00002869	8979
a00002870	8980
a00002871	8981
a00002872	8982
a00002873	8983
a00002874	8984
a00002875	8985
a00002876	8986
a00002877	8987
a00002878	8988
a00002879	8989
a00002880	8990
a00002881	8991
a00002882	8992
a00002883	8993
a00002884	8994
a00002885	8995
a00002886	8996
a00002887	8997
a00002888	8998
a00002889	8999
a00002890	9000
a00002891	9001
a00002892	9002
a00002893	9003
a00002894	9004
a00002895	9005
a00002896	9006
a00002897	9007
a00002898	9008
a00002899	9009
a00002900	9010
a00002901	9011
a00002902	9012
a00002903	9013
a00002904	9014
a00002905	9015
a00002906	9016
a00002907	9017
a00002908	9018
a00002909	9019
a00002910	9020
a00002911	9021
a00002912	9022
a00002913	9023
a00002914	9024
a00002915	9025
a00002916	9026
a00002917	9027
a00002918	9028
a00002919	9029
a00002920	9030
a00002921	9031
a00002922	9032
a00002923	9033
a00002924	9034
a00002925	9035
a00002926	9036
a00002927	9037
a00002928	9038
a00002929	9039
a00002930	9040
a00002931	9041
a00002932	9042
a00002933	9043
a00002934	9044
a00002935	9045
a00002936	9046
a00002937	9047
a00002938	9048
a00002939	9049
a00002940	9050
a00002941	9051
a00002942	9052
a00002943	9053
a00002944	9054
a00002945	9055
a00002946	9056
a00002947	9057
a00002948	9058
a00002949	9059
a00002950	9060
a00002951	9061
a00002952	9062
a00002953	9063
a00002954	9064
a00002955	9065
a00002956	9066
a00002957	9067
a00002958	9068
a00002959	9069
a00002960	9070
a00002961	9071
a00002962	9072
a00002963	9073
a00002964	9074
a00002965	9075
a00002966	9076
a00002967	9077
a00002968	9078
a00002969	9079
a00002970	9080
a00002971	9081
a00002972	9082
a00002973	9083
a00002974	9084
a00002975	9085
a00002976	9086
a00002977	9087
a00002978	9088
a00002979	9089
a00002980	9090
a00002981	9091
a00002982	9092
a00002983	9093
a00002984	9094
a00002985	9095
a00002986	9096
a00002987	9097
a00002988	9098
a00002989	9099
a00002990	9100
a00002991	9101
a00002992	9102
a00002993	9103
a00002994	9104
a00002995	9105
a00002996	9106
a00002997	9107
a00002998	9108
a00002999	9109
a00003000	9110
a00003001	9111
a00003002	9112
a00003003	9113
a00003004	9114
a00003005	9115
a00003006	9116
a00003007	9117
a00003008	9118
a00003009	9119
a00003010	9120
a00003011	9121
a00003012	9122
a00003013	9123
a00003014	9124
a00003015	9125
a00003016	9126
a00003017	9127
a00003018	9128
a00003019	9129
a00003020	9130
a00003021	9131
a00003022	9132
a00003023	9133
a00003024	9134
a00003025	9135
a00003026	9136
a00003027	9137
a00003028	9138
a00003029	9139
a00003030	9140
a00003031	9141
a00003032	9142
a00003033	9143
a00003034	9144
a00003035	9145
a00003036	9146
a00003037	9147
a00003038	9148
a00003039	9149
a00003040	9150
a00003041	9151
a00003042	9152
a00003043	9153
a00003044	9154
a00003045	9155
a00003046	9156
a00003047	9157
a00003048	9158
a00003049	9159
a00003050	9160
a00003051	9161
a00003052	9162
a00003053	9163
a00003054	9164
a00003055	9165
a00003056	9166
a00003057	9167
a00003058	9168
a00003059	9169
a00003060	9170
a00003061	9171
a00003062	9172
a00003063	9173
a00003064	9174
a00003065	9175
a00003066	9176
a00003067	9177
a00003068	9178
a00003069	9179
a00003070	9180
a00003071	9181
a00003072	9182
a00003073	9183
a00003074	9184
a00003075	9185
a00003076	9186
a00003077	9187
a00003078	9188
a00003079	9189
a00003080	9190
a00003081	9191
a00003082	9192
a00003083	9193
a00003084	9194
a00003085	9195
a00003086	9196
a00003087	9197
a00003088	9198
a00003089	9199
a00003090	9200
a00003091	9201
a00003092	9202
a00003093	9203
a00003094	9204
a00003095	9205
a00003096	9206
a00003097	9207
a00003098	9208
a00003099	9209
a00003100	9210
a00003101	9211
a00003102	9212
a00003103	9213
a00003104	9214
a00003105	9215
a00003106	9216
a00003107	9217
a00003108	9218
a00003109	9219
a00003110	9220
a00003111	9221
a00003112	9222
a00003113	9223
a00003114	9224
a00003115	9225
a00003116	9226
a00003117	9227
a00003118	9228
a00003119	9229
a00003120	9230
a00003121	9231
a00003122	9232
a00003123	9233
a00003124	9234
a00003125	9235
a00003126	9236
a00003127	9237
a00003128	9238
a00003129	9239
a00003130	9240
a00003131	9241
a00003132	9242
a00003133	9243
a00003134	9244
a00003135	9245
a00003136	9246
a00003137	9247
a00003138	9248
a00003139	9249
a00003140	9250
a00003141	9251
a00003142	9252
a00003143	9253
a00003144	9254
a00003145	9255
a00003146	9256
a00003147	9257
a00003148	9258
a00003149	9259
a00003150	9260
a00003151	9261
a00003152	9262
a00003153	9263
a00003154	9264
a00003155	9265
a00003156	9266
a00003157	9267
a00003158	9268
a00003159	9269
a00003160	9270
a00003161	9271
a00003162	9272
a00003163	9273
a00003164	9274
a00003165	9275
a00003166	9276
a00003167	9277
a00003168	9278
a00003169	9279
a00003170	9280
a00003171	9281
a00003172	9282
a00003173	9283
a00003174	9284
a00003175	9285
a00003176	9286
a00003177	9287
a00003178	9288
a00003179	9289
a00003180	9290
a00003181	9291
a00003182	9292
a00003183	9293
a00003184	9294
a00003185	9295
a00003186	9296
a00003187	9297
a00003188	9298
a00003189	9299
a00003190	9300
a00003191	9301
a00003192	9302
a00003193	9303
a00003194	9304
a00003195	9305
a00003196	9306
a00003197	9307
a00003198	9308
a00003199	9309
a00003200	9310
a00003201	9311
a00003202	9312
a00003203	9313
a00003204	9314
a00003205	9315
a00003206	9316
a00003207	9317
a00003208	9318
a00003209	9319
a00003210	9320
a00003211	9321
a00003212	9322
a00003213	9323
a00003214	9324
a00003215	9325
a00003216	9326
a00003217	9327
a00003218	9328
a00003219	9329
a00003220	9330
a00003221	9331
a00003222	9332
a00003223	9333
a00003224	9334
a00003225	9335
a00003226	9336
a00003227	9337
a00003228	9338
a00003229	9339
a00003230	9340
a00003231	9341
a00003232	9342
a00003233	9343
a00003234	9344
a00003235	9345
a00003236	9346
a00003237	9347
a00003238	9348
a00003239	9349
a00003240	9350
a00003241	9351
a00003242	9352
a00003243	9353
a00003244	9354
a00003245	9355
a00003246	9356
a00003247	9357
a00003248	9358
a00003249	9359
a00003250	9360
a00003251	9361
a00003252	9362
a00003253	9363
a00003254	9364
a00003255	9365
a00003256	9366
a00003257	9367
a00003258	9368
a00003259	9369
a00003260	9370
a00003261	9371
a00003262	9372
a00003263	9373
a00003264	9374
a00003265	9375
a00003266	9376
a00003267	9377
a00003268	9378
a00003269	9379
a00003270	9380
a00003271	9381
a00003272	9382
a00003273	9383
a00003274	9384
a00003275	9385
a00003276	9386
a00003277	9387
a00003278	9388
a00003279	9389
a00003280	9390
a00003281	9391
a00003282	9392
a00003283	9393
a00003284	9394
a00003285	9395
a00003286	9396
a00003287	9397
a00003288	9398
a00003289	9399
a00003290	9400
a00003291	9401
a00003292	9402
a00003293	9403
a00003294	9404
a00003295	9405
a00003296	9406
a00003297	9407
a00003298	9408
a00003299	9409
a00003300	9410
a00003301	9411
a00003302	9412
a00003303	9413
a00003304	9414
a00003305	9415
a00003306	9416
a00003307	9417
a00003308	9418
a00003309	9419
a00003310	9420
a00003311	9421
a00003312	9422
a00003313	9423
a00003314	9424
a00003315	9425
a00003316	9426
a00003317	9427
a00003318	9428
a00003319	9429
a00003320	9430
a00003321	9431
a00003322	9432
a00003323	9433
a00003324	9434
a00003325	9435
a00003326	9436
a00003327	9437
a00003328	9438
a00003329	9439
a00003330	9440
a00003331	9441
a00003332	9442
a00003333	9443
a00003334	9444
a00003335	9445
a00003336	9446
a00003337	9447
a00003338	9448
a00003339	9449
a00003340	9450
a00003341	9451
a00003342	9452
a00003343	9453
a00003344	9454
a00003345	9455
a00003346	9456
a00003347	9457
a00003348	9458
a00003349	9459
a00003350	9460
a00003351	9461
a00003352	9462
a00003353	9463
a00003354	9464
a00003355	9465
a00003356	9466
a00003357	9467
a00003358	9468
a00003359	9469
a00003360	9470
a00003361	9471
a00003362	9472
a00003363	9473
a00003364	9474
a00003365	9475
a00003366	9476
a00003367	9477
a00003368	9478
a00003369	9479
a00003370	9480
a00003371	9481
a00003372	9482
a00003373	9483
a00003374	9484
a00003375	9485
a00003376	9486
a00003377	9487
a00003378	9488
a00003379	9489
a00003380	9490
a00003381	9491
a00003382	9492
a00003383	9493
a00003384	9494
a00003385	9495
a00003386	9496
a00003387	9497
a00003388	9498
a00003389	9499
a00003390	9500
a00003391	9501
a00003392	9502
a00003393	9503
a00003394	9504
a00003395	9505
a00003396	9506
a00003397	9507
a00003398	9508
a00003399	9509
a00003400	9510
a00003401	9511
a00003402	9512
a00003403	9513
a00003404	9514
a00003405	9515
a00003406	9516
a00003407	9517
a00003408	9518
a00003409	9519
a00003410	9520
a00003411	9521
a00003412	9522
a00003413	9523
a00003414	9524
a00003415	9525
a00003416	9526
a00003417	9527
a00003418	9528
a00003419	9529
a00003420	9530
a00003421	9531
a00003422	9532
a00003423	9533
a00003424	9534
a00003425	9535
a00003426	9536
a00003427	9537
a00003428	9538
a00003429	9539
a00003430	9540
a00003431	9541
a00003432	9542
a00003433	9543
a00003434	9544
a00003435	9545
a00003436	9546
a00003437	9547
a00003438	9548
a00003439	9549
a00003440	9550
a00003441	9551
a00003442	9552
a00003443	9553
a00003444	9554
a00003445	9555
a00003446	9556
a00003447	9557
a00003448	9558
a00003449	9559
a00003450	9560
a00003451	9561
a00003452	9562
a00003453	9563
a00003454	9564
a00003455	9565
a00003456	9566
a00003457	9567
a00003458	9568
a00003459	9569
a00003460	9570
a00003461	9571
a00003462	9572
a00003463	9573
a00003464	9574
a00003465	9575
a00003466	9576
a00003467	9577
a00003468	9578
a00003469	9579
a00003470	9580
a00003471	9581
a00003472	9582
a00003473	9583
a00003474	9584
a00003475	9585
a00003476	9586
a00003477	9587
a00003478	9588
a00003479	9589
a00003480	9590
a00003481	9591
a00003482	9592
a00003483	9593
a00003484	9594
a00003485	9595
a00003486	9596
a00003487	9597
a00003488	9598
a00003489	9599
a00003490	9600
a00003491	9601
a00003492	9602
a00003493	9603
a00003494	9604
a00003495	9605
a00003496	9606
a00003497	9607
a00003498	9608
a00003499	9609
a00003500	9610
a00003501	9611
a00003502	9612
a00003503	9613
a00003504	9614
a00003505	9615
a00003506	9616
a00003507	9617
a00003508	9618
a00003509	9619
a00003510	9620
a00003511	9621
a00003512	9622
a00003513	9623
a00003514	9624
a00003515	9625
a00003516	9626
a00003517	9627
a00003518	9628
a00003519	9629
a00003520	9630
a00003521	9631
a00003522	9632
a00003523	9633
a00003524	9634
a00003525	9635
a00003526	9636
a00003527	9637
a00003528	9638
a00003529	9639
a00003530	9640
a00003531	9641
a00003532	9642
a00003533	9643
a00003534	9644
a00003535	9645
a00003536	9646
a00003537	9647
a00003538	9648
a00003539	9649
a00003540	9650
a00003541	9651
a00003542	9652
a00003543	9653
a00003544	9654
a00003545	9655
a00003546	9656
a00003547	9657
a00003548	9658
a00003549	9659
a00003550	9660
a00003551	9661
a00003552	9662
a00003553	9663
a00003554	9664
a00003555	9665
a00003556	9666
a00003557	9667
a00003558	9668
a00003559	9669
a00003560	9670
a00003561	9671
a00003562	9672
a00003563	9673
a00003564	9674
a00003565	9675
a00003566	9676
a00003567	9677
a00003568	9678
a00003569	9679
a00003570	9680
a00003571	9681
a00003572	9682
a00003573	9683
a00003574	9684
a00003575	9685
a00003576	9686
a00003577	9687
a00003578	9688
a00003579	9689
a00003580	9690
a00003581	9691
a00003582	9692
a00003583	9693
a00003584	9694
a00003585	9695
a00003586	9696
a00003587	9697
a00003588	9698
a00003589	9699
a00003590	9700
a00003591	9701
a00003592	9702
a00003593	9703
a00003594	9704
a00003595	9705
a00003596	9706
a00003597	9707
a00003598	9708
a00003599	9709
a00003600	9710
a00003601	9711
a00003602	9712
a00003603	9713
a00003604	9714
a00003605	9715
a00003606	9716
a00003607	9717
a00003608	9718
a00003609	9719
a00003610	9720
a00003611	9721
a00003612	9722
a00003613	9723
a00003614	9724
a00003615	9725
a00003616	9726
a00003617	9727
a00003618	9728
a00003619	9729
a00003620	9730
a00003621	9731
a00003622	9732
a00003623	9733
a00003624	9734
a00003625	9735
a00003626	9736
a00003627	9737
a00003628	9738
a00003629	9739
a00003630	9740
a00003631	9741
a00003632	9742
a00003633	9743
a00003634	9744
a00003635	9745
a00003636	9746
a00003637	9747
a00003638	9748
a00003639	9749
a00003640	9750
a00003641	9751
a00003642	9752
a00003643	9753
a00003644	9754
a00003645	9755
a00003646	9756
a00003647	9757
a00003648	9758
a00003649	9759
a00003650	9760
a00003651	9761
a00003652	9762
a00003653	9763
a00003654	9764
a00003655	9765
a00003656	9766
a00003657	9767
a00003658	9768
a00003659	9769
a00003660	9770
a00003661	9771
a00003662	9772
a00003663	9773
a00003664	9774
a00003665	9775
a00003666	9776
a00003667	9777
a00003668	9778
a00003669	9779
a00003670	9780
a00003671	9781
a00003672	9782
a00003673	9783
a00003674	9784
a00003675	9785
a00003676	9786
a00003677	9787
a00003678	9788
a00003679	9789
a00003680	9790
a00003681	9791
a00003682	9792
a00003683	9793
a00003684	9794
a00003685	9795
a00003686	9796
a00003687	9797
a00003688	9798
a00003689	9799
a00003690	9800
a00003691	9801
a00003692	9802
a00003693	9803
a00003694	9804
a00003695	9805
a00003696	9806
a00003697	9807
a00003698	9808
a00003699	9809
a00003700	9810
a00003701	9811
a00003702	9812
a00003703	9813
a00003704	9814
a00003705	9815
a00003706	9816
a00003707	9817
a00003708	9818
a00003709	9819
a00003710	9820
a00003711	9821
a00003712	9822
a00003713	9823
a00003714	9824
a00003715	9825
a00003716	9826
a00003717	9827
a00003718	9828
a00003719	9829
a00003720	9830
a00003721	9831
a00003722	9832
a00003723	9833
a00003724	9834
a00003725	9835
a00003726	9836
a00003727	9837
a00003728	9838
a00003729	9839
a00003730	9840
a00003731	9841
a00003732	9842
a00003733	9843
a00003734	9844
a00003735	9845
a00003736	9846
a00003737	9847
a00003738	9848
a00003739	9849
a00003740	9850
a00003741	9851
a00003742	9852
a00003743	9853
a00003744	9854
a00003745	9855
a00003746	9856
a00003747	9857
a00003748	9858
a00003749	9859
a00003750	9860
a00003751	9861
a00003752	9862
a00003753	9863
a00003754	9864
a00003755	9865
a00003756	9866
a00003757	9867
a00003758	9868
a00003759	9869
a00003760	9870
a00003761	9871
a00003762	9872
a00003763	9873
a00003764	9874
a00003765	9875
a00003766	9876
a00003767	9877
a00003768	9878
a00003769	9879
a00003770	9880
a00003771	9881
a00003772	9882
a00003773	9883
a00003774	9884
a00003775	9885
a00003776	9886
a00003777	9887
a00003778	9888
a00003779	9889
a00003780	9890
a00003781	9891
a00003782	9892
a00003783	9893
a00003784	9894
a00003785	9895
a00003786	9896
a00003787	9897
a00003788	9898
a00003789	9899
a00003790	9900
a00003791	9901
a00003792	9902
a00003793	9903
a00003794	9904
a00003795	9905
a00003796	9906
a00003797	9907
a00003798	9908
a00003799	9909
a00003800	9910
a00003801	9911
a00003802	9912
a00003803	9913
a00003804	9914
a00003805	9915
a00003806	9916
a00003807	9917
a00003808	9918
a00003809	9919
a00003810	9920
a00003811	9921
a00003812	9922
a00003813	9923
a00003814	9924
a00003815	9925
a00003816	9926
a00003817	9927
a00003818	9928
a00003819	9929
a00003820	9930
a00003821	9931
a00003822	9932
a00003823	9933
a00003824	9934
a00003825	9935
a00003826	9936
a00003827	9937
a00003828	9938
a00003829	9939
a00003830	9940
a00003831	9941
a00003832	9942
a00003833	9943
a00003834	9944
a00003835	9945
a00003836	9946
a00003837	9947
a00003838	9948
a00003839	9949
a00003840	9950
a00003841	9951
a00003842	9952
a00003843	9953
a00003844	9954
a00003845	9955
a00003846	9956
a00003847	9957
a00003848	9958
a00003849	9959
a00003850	9960
a00003851	9961
a00003852	9962
a00003853	9963
a00003854	9964
a00003855	9965
a00003856	9966
a00003857	9967
a00003858	9968
a00003859	9969
a00003860	9970
a00003861	9971
a00003862	9972
a00003863	9973
a00003864	9974
a00003865	9975
a00003866	9976
a00003867	9977
a00003868	9978
a00003869	9979
a00003870	9980
a00003871	9981
a00003872	9982
a00003873	9983
a00003874	9984
a00003875	9985
a00003876	9986
a00003877	9987
a00003878	9988
a00003879	9989
a00003880	9990
a00003881	9991
a00003882	9992
a00003883	9993
a00003884	9994
a00003885	9995
a00003886	9996
a00003887	9997
a00003888	9998
a00003889	9999
a00003890	10000
a00003891	10001
a00003892	10002
a00003893	10003
a00003894	10004
a00003895	10005
a00003896	10006
a00003897	10007
a00003898	10008
a00003899	10009
a00003900	10010
a00003901	10011
a00003902	10012
a00003903	10013
a00003904	10014
a00003905	10015
a00003906	10016
a00003907	10017
a00003908	10018
a00003909	10019
a00003910	10020
a00003911	10021
a00003912	10022
a00003913	10023
a00003914	10024
a00003915	10025
a00003916	10026
a00003917	10027
a00003918	10028
a00003919	10029
a00003920	10030
a00003921	10031
a00003922	10032
a00003923	10033
a00003924	10034
a00003925	10035
a00003926	10036
a00003927	10037
a00003928	10038
a00003929	10039
a00003930	10040
a00003931	10041
a00003932	10042
a00003933	10043
a00003934	10044
a00003935	10045
a00003936	10046
a00003937	10047
a00003938	10048
a00003939	10049
a00003940	10050
a00003941	10051
a00003942	10052
a00003943	10053
a00003944	10054
a00003945	10055
a00003946	10056
a00003947	10057
a00003948	10058
a00003949	10059
a00003950	10060
a00003951	10061
a00003952	10062
a00003953	10063
a00003954	10064
a00003955	10065
a00003956	10066
a00003957	10067
a00003958	10068
a00003959	10069
a00003960	10070
a00003961	10071
a00003962	10072
a00003963	10073
a00003964	10074
a00003965	10075
a00003966	10076
a00003967	10077
a00003968	10078
a00003969	10079
a00003970	10080
a00003971	10081
a00003972	10082
a00003973	10083
a00003974	10084
a00003975	10085
a00003976	10086
a00003977	10087
a00003978	10088
a00003979	10089
a00003980	10090
a00003981	10091
a00003982	10092
a00003983	10093
a00003984	10094
a00003985	10095
a00003986	10096
a00003987	10097
a00003988	10098
a00003989	10099
a00003990	10100
a00003991	10101
a00003992	10102
a00003993	10103
a00003994	10104
a00003995	10105
a00003996	10106
a00003997	10107
a00003998	10108
a00003999	10109
a00004000	10110
a00004001	10111
a00004002	10112
a00004003	10113
a00004004	10114
a00004005	10115
a00004006	10116
a00004007	10117
a00004008	10118
a00004009	10119
a00004010	10120
a00004011	10121
a00004012	10122
a00004013	10123
a00004014	10124
a00004015	10125
a00004016	10126
a00004017	10127
a00004018	10128
a00004019	10129
a00004020	10130
a00004021	10131
a00004022	10132
a00004023	10133
a00004024	10134
a00004025	10135
a00004026	10136
a00004027	10137
a00004028	10138
a00004029	10139
a00004030	10140
a00004031	10141
a00004032	10142
a00004033	10143
a00004034	10144
a00004035	10145
a00004036	10146
a00004037	10147
a00004038	10148
a00004039	10149
a00004040	10150
a00004041	10151
a00004042	10152
a00004043	10153
a00004044	10154
a00004045	10155
a00004046	10156
a00004047	10157
a00004048	10158
a00004049	10159
a00004050	10160
a00004051	10161
a00004052	10162
a00004053	10163
a00004054	10164
a00004055	10165
a00004056	10166
a00004057	10167
a00004058	10168
a00004059	10169
a00004060	10170
a00004061	10171
a00004062	10172
a00004063	10173
a00004064	10174
a00004065	10175
a00004066	10176
a00004067	10177
a00004068	10178
a00004069	10179
a00004070	10180
a00004071	10181
a00004072	10182
a00004073	10183
a00004074	10184
a00004075	10185
a00004076	10186
a00004077	10187
a00004078	10188
a00004079	10189
a00004080	10190
a00004081	10191
a00004082	10192
a00004083	10193
a00004084	10194
a00004085	10195
a00004086	10196
a00004087	10197
a00004088	10198
a00004089	10199
a00004090	10200
a00004091	10201
a00004092	10202
a00004093	10203
a00004094	10204
a00004095	10205
a00004096	10206
a00004097	10207
a00004098	10208
a00004099	10209
a00004100	10210
a00004101	10211
a00004102	10212
a00004103	10213
a00004104	10214
a00004105	10215
a00004106	10216
a00004107	10217
a00004108	10218
a00004109	10219
a00004110	10220
a00004111	10221
a00004112	10222
a00004113	10223
a00004114	10224
a00004115	10225
a00004116	10226
a00004117	10227
a00004118	10228
a00004119	10229
a00004120	10230
a00004121	10231
a00004122	10232
a00004123	10233
a00004124	10234
a00004125	10235
a00004126	10236
a00004127	10237
a00004128	10238
a00004129	10239
a00004130	10240
a00004131	10241
a00004132	10242
a00004133	10243
a00004134	10244
a00004135	10245
a00004136	10246
a00004137	10247
a00004138	10248
a00004139	10249
a00004140	10250
a00004141	10251
a00004142	10252
a00004143	10253
a00004144	10254
a00004145	10255
a00004146	10256
a00004147	10257
a00004148	10258
a00004149	10259
a00004150	10260
a00004151	10261
a00004152	10262
a00004153	10263
a00004154	10264
a00004155	10265
a00004156	10266
a00004157	10267
a00004158	10268
a00004159	10269
a00004160	10270
a00004161	10271
a00004162	10272
a00004163	10273
a00004164	10274
a00004165	10275
a00004166	10276
a00004167	10277
a00004168	10278
a00004169	10279
a00004170	10280
a00004171	10281
a00004172	10282
a00004173	10283
a00004174	10284
a00004175	10285
a00004176	10286
a00004177	10287
a00004178	10288
a00004179	10289
a00004180	10290
a00004181	10291
a00004182	10292
a00004183	10293
a00004184	10294
a00004185	10295
a00004186	10296
a00004187	10297
a00004188	10298
a00004189	10299
a00004190	10300
a00004191	10301
a00004192	10302
a00004193	10303
a00004194	10304
a00004195	10305
a00004196	10306
a00004197	10307
a00004198	10308
a00004199	10309
a00004200	10310
a00004201	10311
a00004202	10312
a00004203	10313
a00004204	10314
a00004205	10315
a00004206	10316
a00004207	10317
a00004208	10318
a00004209	10319
a00004210	10320
a00004211	10321
a00004212	10322
a00004213	10323
a00004214	10324
a00004215	10325
a00004216	10326
a00004217	10327
a00004218	10328
a00004219	10329
a00004220	10330
a00004221	10331
a00004222	10332
a00004223	10333
a00004224	10334
a00004225	10335
a00004226	10336
a00004227	10337
a00004228	10338
a00004229	10339
a00004230	10340
a00004231	10341
a00004232	10342
a00004233	10343
a00004234	10344
a00004235	10345
a00004236	10346
a00004237	10347
a00004238	10348
a00004239	10349
a00004240	10350
a00004241	10351
a00004242	10352
a00004243	10353
a00004244	10354
a00004245	10355
a00004246	10356
a00004247	10357
a00004248	10358
a00004249	10359
a00004250	10360
a00004251	10361
a00004252	10362
a00004253	10363
a00004254	10364
a00004255	10365
a00004256	10366
a00004257	10367
a00004258	10368
a00004259	10369
a00004260	10370
a00004261	10371
a00004262	10372
a00004263	10373
a00004264	10374
a00004265	10375
a00004266	10376
a00004267	10377
a00004268	10378
a00004269	10379
a00004270	10380
a00004271	10381
a00004272	10382
a00004273	10383
a00004274	10384
a00004275	10385
a00004276	10386
a00004277	10387
a00004278	10388
a00004279	10389
a00004280	10390
a00004281	10391
a00004282	10392
a00004283	10393
a00004284	10394
a00004285	10395
a00004286	10396
a00004287	10397
a00004288	10398
a00004289	10399
a00004290	10400
a00004291	10401
a00004292	10402
a00004293	10403
a00004294	10404
a00004295	10405
a00004296	10406
a00004297	10407
a00004298	10408
a00004299	10409
a00004300	10410
a00004301	10411
a00004302	10412
a00004303	10413
a00004304	10414
a00004305	10415
a00004306	10416
a00004307	10417
a00004308	10418
a00004309	10419
a00004310	10420
a00004311	10421
a00004312	10422
a00004313	10423
a00004314	10424
a00004315	10425
a00004316	10426
a00004317	10427
a00004318	10428
a00004319	10429
a00004320	10430
a00004321	10431
a00004322	10432
a00004323	10433
a00004324	10434
a00004325	10435
a00004326	10436
a00004327	10437
a00004328	10438
a00004329	10439
a00004330	10440
a00004331	10441
a00004332	10442
a00004333	10443
a00004334	10444
a00004335	10445
a00004336	10446
a00004337	10447
a00004338	10448
a00004339	10449
a00004340	10450
a00004341	10451
a00004342	10452
a00004343	10453
a00004344	10454
a00004345	10455
a00004346	10456
a00004347	10457
a00004348	10458
a00004349	10459
a00004350	10460
a00004351	10461
a00004352	10462
a00004353	10463
a00004354	10464
a00004355	10465
a00004356	10466
a00004357	10467
a00004358	10468
a00004359	10469
a00004360	10470
a00004361	10471
a00004362	10472
a00004363	10473
a00004364	10474
a00004365	10475
a00004366	10476
a00004367	10477
a00004368	10478
a00004369	10479
a00004370	10480
a00004371	10481
a00004372	10482
a00004373	10483
a00004374	10484
a00004375	10485
a00004376	10486
a00004377	10487
a00004378	10488
a00004379	10489
a00004380	10490
a00004381	10491
a00004382	10492
a00004383	10493
a00004384	10494
a00004385	10495
a00004386	10496
a00004387	10497
a00004388	10498
a00004389	10499
a00004390	10500
a00004391	10501
a00004392	10502
a00004393	10503
a00004394	10504
a00004395	10505
a00004396	10506
a00004397	10507
a00004398	10508
a00004399	10509
a00004400	10510
a00004401	10511
a00004402	10512
a00004403	10513
a00004404	10514
a00004405	10515
a00004406	10516
a00004407	10517
a00004408	10518
a00004409	10519
a00004410	10520
a00004411	10521
a00004412	10522
a00004413	10523
a00004414	10524
a00004415	10525
a00004416	10526
a00004417	10527
a00004418	10528
a00004419	10529
a00004420	10530
a00004421	10531
a00004422	10532
a00004423	10533
a00004424	10534
a00004425	10535
a00004426	10536
a00004427	10537
a00004428	10538
a00004429	10539
a00004430	10540
a00004431	10541
a00004432	10542
a00004433	10543
a00004434	10544
a00004435	10545
a00004436	10546
a00004437	10547
a00004438	10548
a00004439	10549
a00004440	10550
a00004441	10551
a00004442	10552
a00004443	10553
a00004444	10554
a00004445	10555
a00004446	10556
a00004447	10557
a00004448	10558
a00004449	10559
a00004450	10560
a00004451	10561
a00004452	10562
a00004453	10563
a00004454	10564
a00004455	10565
a00004456	10566
a00004457	10567
a00004458	10568
a00004459	10569
a00004460	10570
a00004461	10571
a00004462	10572
a00004463	10573
a00004464	10574
a00004465	10575
a00004466	10576
a00004467	10577
a00004468	10578
a00004469	10579
a00004470	10580
a00004471	10581
a00004472	10582
a00004473	10583
a00004474	10584
a00004475	10585
a00004476	10586
a00004477	10587
a00004478	10588
a00004479	10589
a00004480	10590
a00004481	10591
a00004482	10592
a00004483	10593
a00004484	10594
a00004485	10595
a00004486	10596
a00004487	10597
a00004488	10598
a00004489	10599
a00004490	10600
a00004491	10601
a00004492	10602
a00004493	10603
a00004494	10604
a00004495	10605
a00004496	10606
a00004497	10607
a00004498	10608
a00004499	10609
a00004500	10610
a00004501	10611
a00004502	10612
a00004503	10613
a00004504	10614
a00004505	10615
a00004506	10616
a00004507	10617
a00004508	10618
a00004509	10619
a00004510	10620
a00004511	10621
a00004512	10622
a00004513	10623
a00004514	10624
a00004515	10625
a00004516	10626
a00004517	10627
a00004518	10628
a00004519	10629
a00004520	10630
a00004521	10631
a00004522	10632
a00004523	10633
a00004524	10634
a00004525	10635
a00004526	10636
a00004527	10637
a00004528	10638
a00004529	10639
a00004530	10640
a00004531	10641
a00004532	10642
a00004533	10643
a00004534	10644
a00004535	10645
a00004536	10646
a00004537	10647
a00004538	10648
a00004539	10649
a00004540	10650
a00004541	10651
a00004542	10652
a00004543	10653
a00004544	10654
a00004545	10655
a00004546	10656
a00004547	10657
a00004548	10658
a00004549	10659
a00004550	10660
a00004551	10661
a00004552	10662
a00004553	10663
a00004554	10664
a00004555	10665
a00004556	10666
a00004557	10667
a00004558	10668
a00004559	10669
a00004560	10670
a00004561	10671
a00004562	10672
a00004563	10673
a00004564	10674
a00004565	10675
a00004566	10676
a00004567	10677
a00004568	10678
a00004569	10679
a00004570	10680
a00004571	10681
a00004572	10682
a00004573	10683
a00004574	10684
a00004575	10685
a00004576	10686
a00004577	10687
a00004578	10688
a00004579	10689
a00004580	10690
a00004581	10691
a00004582	10692
a00004583	10693
a00004584	10694
a00004585	10695
a00004586	10696
a00004587	10697
a00004588	10698
a00004589	10699
a00004590	10700
a00004591	10701
a00004592	10702
a00004593	10703
a00004594	10704
a00004595	10705
a00004596	10706
a00004597	10707
a00004598	10708
a00004599	10709
a00004600	10710
a00004601	10711
a00004602	10712
a00004603	10713
a00004604	10714
a00004605	10715
a00004606	10716
a00004607	10717
a00004608	10718
a00004609	10719
a00004610	10720
a00004611	10721
a00004612	10722
a00004613	10723
a00004614	10724
a00004615	10725
a00004616	10726
a00004617	10727
a00004618	10728
a00004619	10729
a00004620	10730
a00004621	10731
a00004622	10732
a00004623	10733
a00004624	10734
a00004625	10735
a00004626	10736
a00004627	10737
a00004628	10738
a00004629	10739
a00004630	10740
a00004631	10741
a00004632	10742
a00004633	10743
a00004634	10744
a00004635	10745
a00004636	10746
a00004637	10747
a00004638	10748
a00004639	10749
a00004640	10750
a00004641	10751
a00004642	10752
a00004643	10753
a00004644	10754
a00004645	10755
a00004646	10756
a00004647	10757
a00004648	10758
a00004649	10759
a00004650	10760
a00004651	10761
a00004652	10762
a00004653	10763
a00004654	10764
a00004655	10765
a00004656	10766
a00004657	10767
a00004658	10768
a00004659	10769
a00004660	10770
a00004661	10771
a00004662	10772
a00004663	10773
a00004664	10774
a00004665	10775
a00004666	10776
a00004667	10777
a00004668	10778
a00004669	10779
a00004670	10780
a00004671	10781
a00004672	10782
a00004673	10783
a00004674	10784
a00004675	10785
a00004676	10786
a00004677	10787
a00004678	10788
a00004679	10789
a00004680	10790
a00004681	10791
a00004682	10792
a00004683	10793
a00004684	10794
a00004685	10795
a00004686	10796
a00004687	10797
a00004688	10798
a00004689	10799
a00004690	10800
a00004691	10801
a00004692	10802
a00004693	10803
a00004694	10804
a00004695	10805
a00004696	10806
a00004697	10807
a00004698	10808
a00004699	10809
a00004700	10810
a00004701	10811
a00004702	10812
a00004703	10813
a00004704	10814
a00004705	10815
a00004706	10816
a00004707	10817
a00004708	10818
a00004709	10819
a00004710	10820
a00004711	10821
a00004712	10822
a00004713	10823
a00004714	10824
a00004715	10825
a00004716	10826
a00004717	10827
a00004718	10828
a00004719	10829
a00004720	10830
a00004721	10831
a00004722	10832
a00004723	10833
a00004724	10834
a00004725	10835
a00004726	10836
a00004727	10837
a00004728	10838
a00004729	10839
a00004730	10840
a00004731	10841
a00004732	10842
a00004733	10843
a00004734	10844
a00004735	10845
a00004736	10846
a00004737	10847
a00004738	10848
a00004739	10849
a00004740	10850
a00004741	10851
a00004742	10852
a00004743	10853
a00004744	10854
a00004745	10855
a00004746	10856
a00004747	10857
a00004748	10858
a00004749	10859
a00004750	10860
a00004751	10861
a00004752	10862
a00004753	10863
a00004754	10864
a00004755	10865
a00004756	10866
a00004757	10867
a00004758	10868
a00004759	10869
a00004760	10870
a00004761	10871
a00004762	10872
a00004763	10873
a00004764	10874
a00004765	10875
a00004766	10876
a00004767	10877
a00004768	10878
a00004769	10879
a00004770	10880
a00004771	10881
a00004772	10882
a00004773	10883
a00004774	10884
a00004775	10885
a00004776	10886
a00004777	10887
a00004778	10888
a00004779	10889
a00004780	10890
a00004781	10891
a00004782	10892
a00004783	10893
a00004784	10894
a00004785	10895
a00004786	10896
a00004787	10897
a00004788	10898
a00004789	10899
a00004790	10900
a00004791	10901
a00004792	10902
a00004793	10903
a00004794	10904
a00004795	10905
a00004796	10906
a00004797	10907
a00004798	10908
a00004799	10909
a00004800	10910
a00004801	10911
a00004802	10912
a00004803	10913
a00004804	10914
a00004805	10915
a00004806	10916
a00004807	10917
a00004808	10918
a00004809	10919
a00004810	10920
a00004811	10921
a00004812	10922
a00004813	10923
a00004814	10924
a00004815	10925
a00004816	10926
a00004817	10927
a00004818	10928
a00004819	10929
a00004820	10930
a00004821	10931
a00004822	10932
a00004823	10933
a00004824	10934
a00004825	10935
a00004826	10936
a00004827	10937
a00004828	10938
a00004829	10939
a00004830	10940
a00004831	10941
a00004832	10942
a00004833	10943
a00004834	10944
a00004835	10945
a00004836	10946
a00004837	10947
a00004838	10948
a00004839	10949
a00004840	10950
a00004841	10951
a00004842	10952
a00004843	10953
a00004844	10954
a00004845	10955
a00004846	10956
a00004847	10957
a00004848	10958
a00004849	10959
a00004850	10960
a00004851	10961
a00004852	10962
a00004853	10963
a00004854	10964
a00004855	10965
a00004856	10966
a00004857	10967
a00004858	10968
a00004859	10969
a00004860	10970
a00004861	10971
a00004862	10972
a00004863	10973
a00004864	10974
a00004865	10975
a00004866	10976
a00004867	10977
a00004868	10978
a00004869	10979
a00004870	10980
a00004871	10981
a00004872	10982
a00004873	10983
a00004874	10984
a00004875	10985
a00004876	10986
a00004877	10987
a00004878	10988
a00004879	10989
a00004880	10990
a00004881	10991
a00004882	10992
a00004883	10993
a00004884	10994
a00004885	10995
a00004886	10996
a00004887	10997
a00004888	10998
a00004889	10999
a00004890	11000
a00004891	11001
a00004892	11002
a00004893	11003
a00004894	11004
a00004895	11005
a00004896	11006
a00004897	11007
a00004898	11008
a00004899	11009
a00004900	11010
a00004901	11011
a00004902	11012
a00004903	11013
a00004904	11014
a00004905	11015
a00004906	11016
a00004907	11017
a00004908	11018
a00004909	11019
a00004910	11020
a00004911	11021
a00004912	11022
a00004913	11023
a00004914	11024
a00004915	11025
a00004916	11026
a00004917	11027
a00004918	11028
a00004919	11029
a00004920	11030
a00004921	11031
a00004922	11032
a00004923	11033
a00004924	11034
a00004925	11035
a00004926	11036
a00004927	11037
a00004928	11038
a00004929	11039
a00004930	11040
a00004931	11041
a00004932	11042
a00004933	11043
a00004934	11044
a00004935	11045
a00004936	11046
a00004937	11047
a00004938	11048
a00004939	11049
a00004940	11050
a00004941	11051
a00004942	11052
a00004943	11053
a00004944	11054
a00004945	11055
a00004946	11056
a00004947	11057
a00004948	11058
a00004949	11059
a00004950	11060
a00004951	11061
a00004952	11062
a00004953	11063
a00004954	11064
a00004955	11065
a00004956	11066
a00004957	11067
a00004958	11068
a00004959	11069
a00004960	11070
a00004961	11071
a00004962	11072
a00004963	11073
a00004964	11074
a00004965	11075
a00004966	11076
a00004967	11077
a00004968	11078
a00004969	11079
a00004970	11080
a00004971	11081
a00004972	11082
a00004973	11083
a00004974	11084
a00004975	11085
a00004976	11086
a00004977	11087
a00004978	11088
a00004979	11089
a00004980	11090
a00004981	11091
a00004982	11092
a00004983	11093
a00004984	11094
a00004985	11095
a00004986	11096
a00004987	11097
a00004988	11098
a00004989	11099
a00004990	11100
a00004991	11101
a00004992	11102
a00004993	11103
a00004994	11104
a00004995	11105
a00004996	11106
a00004997	11107
a00004998	11108
a00004999	11109
a00005000	11110
a00005001	11111
a00005002	11112
a00005003	11113
a00005004	11114
a00005005	11115
a00005006	11116
a00005007	11117
a00005008	11118
a00005009	11119
a00005010	11120
a00005011	11121
a00005012	11122
a00005013	11123
a00005014	11124
a00005015	11125
a00005016	11126
a00005017	11127
a00005018	11128
a00005019	11129
a00005020	11130
a00005021	11131
a00005022	11132
a00005023	11133
a00005024	11134
a00005025	11135
a00005026	11136
a00005027	11137
a00005028	11138
a00005029	11139
a00005030	11140
a00005031	11141
a00005032	11142
a00005033	11143
a00005034	11144
a00005035	11145
a00005036	11146
a00005037	11147
a00005038	11148
a00005039	11149
a00005040	11150
a00005041	11151
a00005042	11152
a00005043	11153
a00005044	11154
a00005045	11155
a00005046	11156
a00005047	11157
a00005048	11158
a00005049	11159
a00005050	11160
a00005051	11161
a00005052	11162
a00005053	11163
a00005054	11164
a00005055	11165
a00005056	11166
a00005057	11167
a00005058	11168
a00005059	11169
a00005060	11170
a00005061	11171
a00005062	11172
a00005063	11173
a00005064	11174
a00005065	11175
a00005066	11176
a00005067	11177
a00005068	11178
a00005069	11179
a00005070	11180
a00005071	11181
a00005072	11182
a00005073	11183
a00005074	11184
a00005075	11185
a00005076	11186
a00005077	11187
a00005078	11188
a00005079	11189
a00005080	11190
a00005081	11191
a00005082	11192
a00005083	11193
a00005084	11194
a00005085	11195
a00005086	11196
a00005087	11197
a00005088	11198
a00005089	11199
a00005090	11200
a00005091	11201
a00005092	11202
a00005093	11203
a00005094	11204
a00005095	11205
a00005096	11206
a00005097	11207
a00005098	11208
a00005099	11209
a00005100	11210
a00005101	11211
a00005102	11212
a00005103	11213
a00005104	11214
a00005105	11215
a00005106	11216
a00005107	11217
a00005108	11218
a00005109	11219
a00005110	11220
a00005111	11221
a00005112	11222
a00005113	11223
a00005114	11224
a00005115	11225
a00005116	11226
a00005117	11227
a00005118	11228
a00005119	11229
a00005120	11230
a00005121	11231
a00005122	11232
a00005123	11233
a00005124	11234
a00005125	11235
a00005126	11236
a00005127	11237
a00005128	11238
a00005129	11239
a00005130	11240
a00005131	11241
a00005132	11242
a00005133	11243
a00005134	11244
a00005135	11245
a00005136	11246
a00005137	11247
a00005138	11248
a00005139	11249
a00005140	11250
a00005141	11251
a00005142	11252
a00005143	11253
a00005144	11254
a00005145	11255
a00005146	11256
a00005147	11257
a00005148	11258
a00005149	11259
a00005150	11260
a00005151	11261
a00005152	11262
a00005153	11263
a00005154	11264
a00005155	11265
a00005156	11266
a00005157	11267
a00005158	11268
a00005159	11269
a00005160	11270
a00005161	11271
a00005162	11272
a00005163	11273
a00005164	11274
a00005165	11275
a00005166	11276
a00005167	11277
a00005168	11278
a00005169	11279
a00005170	11280
a00005171	11281
a00005172	11282
a00005173	11283
a00005174	11284
a00005175	11285
a00005176	11286
a00005177	11287
a00005178	11288
a00005179	11289
a00005180	11290
a00005181	11291
a00005182	11292
a00005183	11293
a00005184	11294
a00005185	11295
a00005186	11296
a00005187	11297
a00005188	11298
a00005189	11299
a00005190	11300
a00005191	11301
a00005192	11302
a00005193	11303
a00005194	11304
a00005195	11305
a00005196	11306
a00005197	11307
a00005198	11308
a00005199	11309
a00005200	11310
a00005201	11311
a00005202	11312
a00005203	11313
a00005204	11314
a00005205	11315
a00005206	11316
a00005207	11317
a00005208	11318
a00005209	11319
a00005210	11320
a00005211	11321
a00005212	11322
a00005213	11323
a00005214	11324
a00005215	11325
a00005216	11326
a00005217	11327
a00005218	11328
a00005219	11329
a00005220	11330
a00005221	11331
a00005222	11332
a00005223	11333
a00005224	11334
a00005225	11335
a00005226	11336
a00005227	11337
a00005228	11338
a00005229	11339
a00005230	11340
a00005231	11341
a00005232	11342
a00005233	11343
a00005234	11344
a00005235	11345
a00005236	11346
a00005237	11347
a00005238	11348
a00005239	11349
a00005240	11350
a00005241	11351
a00005242	11352
a00005243	11353
a00005244	11354
a00005245	11355
a00005246	11356
a00005247	11357
a00005248	11358
a00005249	11359
a00005250	11360
a00005251	11361
a00005252	11362
a00005253	11363
a00005254	11364
a00005255	11365
a00005256	11366
a00005257	11367
a00005258	11368
a00005259	11369
a00005260	11370
a00005261	11371
a00005262	11372
a00005263	11373
a00005264	11374
a00005265	11375
a00005266	11376
a00005267	11377
a00005268	11378
a00005269	11379
a00005270	11380
a00005271	11381
a00005272	11382
a00005273	11383
a00005274	11384
a00005275	11385
a00005276	11386
a00005277	11387
a00005278	11388
a00005279	11389
a00005280	11390
a00005281	11391
a00005282	11392
a00005283	11393
a00005284	11394
a00005285	11395
a00005286	11396
a00005287	11397
a00005288	11398
a00005289	11399
a00005290	11400
a00005291	11401
a00005292	11402
a00005293	11403
a00005294	11404
a00005295	11405
a00005296	11406
a00005297	11407
a00005298	11408
a00005299	11409
a00005300	11410
a00005301	11411
a00005302	11412
a00005303	11413
a00005304	11414
a00005305	11415
a00005306	11416
a00005307	11417
a00005308	11418
a00005309	11419
a00005310	11420
a00005311	11421
a00005312	11422
a00005313	11423
a00005314	11424
a00005315	11425
a00005316	11426
a00005317	11427
a00005318	11428
a00005319	11429
a00005320	11430
a00005321	11431
a00005322	11432
a00005323	11433
a00005324	11434
a00005325	11435
a00005326	11436
a00005327	11437
a00005328	11438
a00005329	11439
a00005330	11440
a00005331	11441
a00005332	11442
a00005333	11443
a00005334	11444
a00005335	11445
a00005336	11446
a00005337	11447
a00005338	11448
a00005339	11449
a00005340	11450
a00005341	11451
a00005342	11452
a00005343	11453
a00005344	11454
a00005345	11455
a00005346	11456
a00005347	11457
a00005348	11458
a00005349	11459
a00005350	11460
a00005351	11461
a00005352	11462
a00005353	11463
a00005354	11464
a00005355	11465
a00005356	11466
a00005357	11467
a00005358	11468
a00005359	11469
a00005360	11470
a00005361	11471
a00005362	11472
a00005363	11473
a00005364	11474
a00005365	11475
a00005366	11476
a00005367	11477
a00005368	11478
a00005369	11479
a00005370	11480
a00005371	11481
a00005372	11482
a00005373	11483
a00005374	11484
a00005375	11485
a00005376	11486
a00005377	11487
a00005378	11488
a00005379	11489
a00005380	11490
a00005381	11491
a00005382	11492
a00005383	11493
a00005384	11494
a00005385	11495
a00005386	11496
a00005387	11497
a00005388	11498
a00005389	11499
a00005390	11500
a00005391	11501
a00005392	11502
a00005393	11503
a00005394	11504
a00005395	11505
a00005396	11506
a00005397	11507
a00005398	11508
a00005399	11509
a00005400	11510
a00005401	11511
a00005402	11512
a00005403	11513
a00005404	11514
a00005405	11515
a00005406	11516
a00005407	11517
a00005408	11518
a00005409	11519
a00005410	11520
a00005411	11521
a00005412	11522
a00005413	11523
a00005414	11524
a00005415	11525
a00005416	11526
a00005417	11527
a00005418	11528
a00005419	11529
a00005420	11530
a00005421	11531
a00005422	11532
a00005423	11533
a00005424	11534
a00005425	11535
a00005426	11536
a00005427	11537
a00005428	11538
a00005429	11539
a00005430	11540
a00005431	11541
a00005432	11542
a00005433	11543
a00005434	11544
a00005435	11545
a00005436	11546
a00005437	11547
a00005438	11548
a00005439	11549
a00005440	11550
a00005441	11551
a00005442	11552
a00005443	11553
a00005444	11554
a00005445	11555
a00005446	11556
a00005447	11557
a00005448	11558
a00005449	11559
a00005450	11560
a00005451	11561
a00005452	11562
a00005453	11563
a00005454	11564
a00005455	11565
a00005456	11566
a00005457	11567
a00005458	11568
a00005459	11569
a00005460	11570
a00005461	11571
a00005462	11572
a00005463	11573
a00005464	11574
a00005465	11575
a00005466	11576
a00005467	11577
a00005468	11578
a00005469	11579
a00005470	11580
a00005471	11581
a00005472	11582
a00005473	11583
a00005474	11584
a00005475	11585
a00005476	11586
a00005477	11587
a00005478	11588
a00005479	11589
a00005480	11590
a00005481	11591
a00005482	11592
a00005483	11593
a00005484	11594
a00005485	11595
a00005486	11596
a00005487	11597
a00005488	11598
a00005489	11599
a00005490	11600
a00005491	11601
a00005492	11602
a00005493	11603
a00005494	11604
a00005495	11605
a00005496	11606
a00005497	11607
a00005498	11608
a00005499	11609
a00005500	11610
a00005501	11611
a00005502	11612
a00005503	11613
a00005504	11614
a00005505	11615
a00005506	11616
a00005507	11617
a00005508	11618
a00005509	11619
a00005510	11620
a00005511	11621
a00005512	11622
a00005513	11623
a00005514	11624
a00005515	11625
a00005516	11626
a00005517	11627
a00005518	11628
a00005519	11629
a00005520	11630
a00005521	11631
a00005522	11632
a00005523	11633
a00005524	11634
a00005525	11635
a00005526	11636
a00005527	11637
a00005528	11638
a00005529	11639
a00005530	11640
a00005531	11641
a00005532	11642
a00005533	11643
a00005534	11644
a00005535	11645
a00005536	11646
a00005537	11647
a00005538	11648
a00005539	11649
a00005540	11650
a00005541	11651
a00005542	11652
a00005543	11653
a00005544	11654
a00005545	11655
a00005546	11656
a00005547	11657
a00005548	11658
a00005549	11659
a00005550	11660
a00005551	11661
a00005552	11662
a00005553	11663
a00005554	11664
a00005555	11665
a00005556	11666
a00005557	11667
a00005558	11668
a00005559	11669
a00005560	11670
a00005561	11671
a00005562	11672
a00005563	11673
a00005564	11674
a00005565	11675
a00005566	11676
a00005567	11677
a00005568	11678
a00005569	11679
a00005570	11680
a00005571	11681
a00005572	11682
a00005573	11683
a00005574	11684
a00005575	11685
a00005576	11686
a00005577	11687
a00005578	11688
a00005579	11689
a00005580	11690
a00005581	11691
a00005582	11692
a00005583	11693
a00005584	11694
a00005585	11695
a00005586	11696
a00005587	11697
a00005588	11698
a00005589	11699
a00005590	11700
a00005591	11701
a00005592	11702
a00005593	11703
a00005594	11704
a00005595	11705
a00005596	11706
a00005597	11707
a00005598	11708
a00005599	11709
a00005600	11710
a00005601	11711
a00005602	11712
a00005603	11713
a00005604	11714
a00005605	11715
a00005606	11716
a00005607	11717
a00005608	11718
a00005609	11719
a00005610	11720
a00005611	11721
a00005612	11722
a00005613	11723
a00005614	11724
a00005615	11725
a00005616	11726
a00005617	11727
a00005618	11728
a00005619	11729
a00005620	11730
a00005621	11731
a00005622	11732
a00005623	11733
a00005624	11734
a00005625	11735
a00005626	11736
a00005627	11737
a00005628	11738
a00005629	11739
a00005630	11740
a00005631	11741
a00005632	11742
a00005633	11743
a00005634	11744
a00005635	11745
a00005636	11746
a00005637	11747
a00005638	11748
a00005639	11749
a00005640	11750
a00005641	11751
a00005642	11752
a00005643	11753
a00005644	11754
a00005645	11755
a00005646	11756
a00005647	11757
a00005648	11758
a00005649	11759
a00005650	11760
a00005651	11761
a00005652	11762
a00005653	11763
a00005654	11764
a00005655	11765
a00005656	11766
a00005657	11767
a00005658	11768
a00005659	11769
a00005660	11770
a00005661	11771
a00005662	11772
a00005663	11773
a00005664	11774
a00005665	11775
a00005666	11776
a00005667	11777
a00005668	11778
a00005669	11779
a00005670	11780
a00005671	11781
a00005672	11782
a00005673	11783
a00005674	11784
a00005675	11785
a00005676	11786
a00005677	11787
a00005678	11788
a00005679	11789
a00005680	11790
a00005681	11791
a00005682	11792
a00005683	11793
a00005684	11794
a00005685	11795
a00005686	11796
a00005687	11797
a00005688	11798
a00005689	11799
a00005690	11800
a00005691	11801
a00005692	11802
a00005693	11803
a00005694	11804
a00005695	11805
a00005696	11806
a00005697	11807
a00005698	11808
a00005699	11809
a00005700	11810
a00005701	11811
a00005702	11812
a00005703	11813
a00005704	11814
a00005705	11815
a00005706	11816
a00005707	11817
a00005708	11818
a00005709	11819
a00005710	11820
a00005711	11821
a00005712	11822
a00005713	11823
a00005714	11824
a00005715	11825
a00005716	11826
a00005717	11827
a00005718	11828
a00005719	11829
a00005720	11830
a00005721	11831
a00005722	11832
a00005723	11833
a00005724	11834
a00005725	11835
a00005726	11836
a00005727	11837
a00005728	11838
a00005729	11839
a00005730	11840
a00005731	11841
a00005732	11842
a00005733	11843
a00005734	11844
a00005735	11845
a00005736	11846
a00005737	11847
a00005738	11848
a00005739	11849
a00005740	11850
a00005741	11851
a00005742	11852
a00005743	11853
a00005744	11854
a00005745	11855
a00005746	11856
a00005747	11857
a00005748	11858
a00005749	11859
a00005750	11860
a00005751	11861
a00005752	11862
a00005753	11863
a00005754	11864
a00005755	11865
a00005756	11866
a00005757	11867
a00005758	11868
a00005759	11869
a00005760	11870
a00005761	11871
a00005762	11872
a00005763	11873
a00005764	11874
a00005765	11875
a00005766	11876
a00005767	11877
a00005768	11878
a00005769	11879
a00005770	11880
a00005771	11881
a00005772	11882
a00005773	11883
a00005774	11884
a00005775	11885
a00005776	11886
a00005777	11887
a00005778	11888
a00005779	11889
a00005780	11890
a00005781	11891
a00005782	11892
a00005783	11893
a00005784	11894
a00005785	11895
a00005786	11896
a00005787	11897
a00005788	11898
a00005789	11899
a00005790	11900
a00005791	11901
a00005792	11902
a00005793	11903
a00005794	11904
a00005795	11905
a00005796	11906
a00005797	11907
a00005798	11908
a00005799	11909
a00005800	11910
a00005801	11911
a00005802	11912
a00005803	11913
a00005804	11914
a00005805	11915
a00005806	11916
a00005807	11917
a00005808	11918
a00005809	11919
a00005810	11920
a00005811	11921
a00005812	11922
a00005813	11923
a00005814	11924
a00005815	11925
a00005816	11926
a00005817	11927
a00005818	11928
a00005819	11929
a00005820	11930
a00005821	11931
a00005822	11932
a00005823	11933
a00005824	11934
a00005825	11935
a00005826	11936
a00005827	11937
a00005828	11938
a00005829	11939
a00005830	11940
a00005831	11941
a00005832	11942
a00005833	11943
a00005834	11944
a00005835	11945
a00005836	11946
a00005837	11947
a00005838	11948
a00005839	11949
a00005840	11950
a00005841	11951
a00005842	11952
a00005843	11953
a00005844	11954
a00005845	11955
a00005846	11956
a00005847	11957
a00005848	11958
a00005849	11959
a00005850	11960
a00005851	11961
a00005852	11962
a00005853	11963
a00005854	11964
a00005855	11965
a00005856	11966
a00005857	11967
a00005858	11968
a00005859	11969
a00005860	11970
a00005861	11971
a00005862	11972
a00005863	11973
a00005864	11974
a00005865	11975
a00005866	11976
a00005867	11977
a00005868	11978
a00005869	11979
a00005870	11980
a00005871	11981
a00005872	11982
a00005873	11983
a00005874	11984
a00005875	11985
a00005876	11986
a00005877	11987
a00005878	11988
a00005879	11989
a00005880	11990
a00005881	11991
a00005882	11992
a00005883	11993
a00005884	11994
a00005885	11995
a00005886	11996
a00005887	11997
a00005888	11998
a00005889	11999
a00005890	12000
a00005891	12001
a00005892	12002
a00005893	12003
a00005894	12004
a00005895	12005
a00005896	12006
a00005897	12007
a00005898	12008
a00005899	12009
a00005900	12010
a00005901	12011
a00005902	12012
a00005903	12013
a00005904	12014
a00005905	12015
a00005906	12016
a00005907	12017
a00005908	12018
a00005909	12019
a00005910	12020
a00005911	12021
a00005912	12022
a00005913	12023
a00005914	12024
a00005915	12025
a00005916	12026
a00005917	12027
a00005918	12028
a00005919	12029
a00005920	12030
a00005921	12031
a00005922	12032
a00005923	12033
a00005924	12034
a00005925	12035
a00005926	12036
a00005927	12037
a00005928	12038
a00005929	12039
a00005930	12040
a00005931	12041
a00005932	12042
a00005933	12043
a00005934	12044
a00005935	12045
a00005936	12046
a00005937	12047
a00005938	12048
a00005939	12049
a00005940	12050
a00005941	12051
a00005942	12052
a00005943	12053
a00005944	12054
a00005945	12055
a00005946	12056
a00005947	12057
a00005948	12058
a00005949	12059
a00005950	12060
a00005951	12061
a00005952	12062
a00005953	12063
a00005954	12064
a00005955	12065
a00005956	12066
a00005957	12067
a00005958	12068
a00005959	12069
a00005960	12070
a00005961	12071
a00005962	12072
a00005963	12073
a00005964	12074
a00005965	12075
a00005966	12076
a00005967	12077
a00005968	12078
a00005969	12079
a00005970	12080
a00005971	12081
a00005972	12082
a00005973	12083
a00005974	12084
a00005975	12085
a00005976	12086
a00005977	12087
a00005978	12088
a00005979	12089
a00005980	12090
a00005981	12091
a00005982	12092
a00005983	12093
a00005984	12094
a00005985	12095
a00005986	12096
a00005987	12097
a00005988	12098
a00005989	12099
a00005990	12100
a00005991	12101
a00005992	12102
a00005993	12103
a00005994	12104
a00005995	12105
a00005996	12106
a00005997	12107
a00005998	12108
a00005999	12109
a00006000	12110
a00006001	12111
a00006002	12112
a00006003	12113
a00006004	12114
a00006005	12115
a00006006	12116
a00006007	12117
a00006008	12118
a00006009	12119
a00006010	12120
a00006011	12121
a00006012	12122
a00006013	12123
a00006014	12124
a00006015	12125
a00006016	12126
a00006017	12127
a00006018	12128
a00006019	12129
a00006020	12130
a00006021	12131
a00006022	12132
a00006023	12133
a00006024	12134
a00006025	12135
a00006026	12136
a00006027	12137
a00006028	12138
a00006029	12139
a00006030	12140
a00006031	12141
a00006032	12142
a00006033	12143
a00006034	12144
a00006035	12145
a00006036	12146
a00006037	12147
a00006038	12148
a00006039	12149
a00006040	12150
a00006041	12151
a00006042	12152
a00006043	12153
a00006044	12154
a00006045	12155
a00006046	12156
a00006047	12157
a00006048	12158
a00006049	12159
a00006050	12160
a00006051	12161
a00006052	12162
a00006053	12163
a00006054	12164
a00006055	12165
a00006056	12166
a00006057	12167
a00006058	12168
a00006059	12169
a00006060	12170
a00006061	12171
a00006062	12172
a00006063	12173
a00006064	12174
a00006065	12175
a00006066	12176
a00006067	12177
a00006068	12178
a00006069	12179
a00006070	12180
a00006071	12181
a00006072	12182
a00006073	12183
a00006074	12184
a00006075	12185
a00006076	12186
a00006077	12187
a00006078	12188
a00006079	12189
a00006080	12190
a00006081	12191
a00006082	12192
a00006083	12193
a00006084	12194
a00006085	12195
a00006086	12196
a00006087	12197
a00006088	12198
a00006089	12199
a00006090	12200
a00006091	12201
a00006092	12202
a00006093	12203
a00006094	12204
a00006095	12205
a00006096	12206
a00006097	12207
a00006098	12208
a00006099	12209
a00006100	12210
a00006101	12211
a00006102	12212
a00006103	12213
a00006104	12214
a00006105	12215
a00006106	12216
a00006107	12217
a00006108	12218
a00006109	12219
a00006110	12220
a00006111	12221
a00006112	12222
a00006113	12223
a00006114	12224
a00006115	12225
a00006116	12226
a00006117	12227
a00006118	12228
a00006119	12229
a00006120	12230
a00006121	12231
a00006122	12232
a00006123	12233
a00006124	12234
a00006125	12235
a00006126	12236
a00006127	12237
a00006128	12238
a00006129	12239
a00006130	12240
a00006131	12241
a00006132	12242
a00006133	12243
a00006134	12244
a00006135	12245
a00006136	12246
a00006137	12247
a00006138	12248
a00006139	12249
a00006140	12250
a00006141	12251
a00006142	12252
a00006143	12253
a00006144	12254
a00006145	12255
a00006146	12256
a00006147	12257
a00006148	12258
a00006149	12259
a00006150	12260
a00006151	12261
a00006152	12262
a00006153	12263
a00006154	12264
a00006155	12265
a00006156	12266
a00006157	12267
a00006158	12268
a00006159	12269
a00006160	12270
a00006161	12271
a00006162	12272
a00006163	12273
a00006164	12274
a00006165	12275
a00006166	12276
a00006167	12277
a00006168	12278
a00006169	12279
a00006170	12280
a00006171	12281
a00006172	12282
a00006173	12283
a00006174	12284
a00006175	12285
a00006176	12286
a00006177	12287
a00006178	12288
a00006179	12289
a00006180	12290
a00006181	12291
a00006182	12292
a00006183	12293
a00006184	12294
a00006185	12295
a00006186	12296
a00006187	12297
a00006188	12298
a00006189	12299
a00006190	12300
a00006191	12301
a00006192	12302
a00006193	12303
a00006194	12304
a00006195	12305
a00006196	12306
a00006197	12307
a00006198	12308
a00006199	12309
a00006200	12310
a00006201	12311
a00006202	12312
a00006203	12313
a00006204	12314
a00006205	12315
a00006206	12316
a00006207	12317
a00006208	12318
a00006209	12319
a00006210	12320
a00006211	12321
a00006212	12322
a00006213	12323
a00006214	12324
a00006215	12325
a00006216	12326
a00006217	12327
a00006218	12328
a00006219	12329
a00006220	12330
a00006221	12331
a00006222	12332
a00006223	12333
a00006224	12334
a00006225	12335
a00006226	12336
a00006227	12337
a00006228	12338
a00006229	12339
a00006230	12340
a00006231	12341
a00006232	12342
a00006233	12343
a00006234	12344
a00006235	12345
a00006236	12346
a00006237	12347
a00006238	12348
a00006239	12349
a00006240	12350
a00006241	12351
a00006242	12352
a00006243	12353
a00006244	12354
a00006245	12355
a00006246	12356
a00006247	12357
a00006248	12358
a00006249	12359
a00006250	12360
a00006251	12361
a00006252	12362
a00006253	12363
a00006254	12364
a00006255	12365
a00006256	12366
a00006257	12367
a00006258	12368
a00006259	12369
a00006260	12370
a00006261	12371
a00006262	12372
a00006263	12373
a00006264	12374
a00006265	12375
a00006266	12376
a00006267	12377
a00006268	12378
a00006269	12379
a00006270	12380
a00006271	12381
a00006272	12382
a00006273	12383
a00006274	12384
a00006275	12385
a00006276	12386
a00006277	12387
a00006278	12388
a00006279	12389
a00006280	12390
a00006281	12391
a00006282	12392
a00006283	12393
a00006284	12394
a00006285	12395
a00006286	12396
a00006287	12397
a00006288	12398
a00006289	12399
a00006290	12400
a00006291	12401
a00006292	12402
a00006293	12403
a00006294	12404
a00006295	12405
a00006296	12406
a00006297	12407
a00006298	12408
a00006299	12409
a00006300	12410
a00006301	12411
a00006302	12412
a00006303	12413
a00006304	12414
a00006305	12415
a00006306	12416
a00006307	12417
a00006308	12418
a00006309	12419
a00006310	12420
a00006311	12421
a00006312	12422
a00006313	12423
a00006314	12424
a00006315	12425
a00006316	12426
a00006317	12427
a00006318	12428
a00006319	12429
a00006320	12430
a00006321	12431
a00006322	12432
a00006323	12433
a00006324	12434
a00006325	12435
a00006326	12436
a00006327	12437
a00006328	12438
a00006329	12439
a00006330	12440
a00006331	12441
a00006332	12442
a00006333	12443
a00006334	12444
a00006335	12445
a00006336	12446
a00006337	12447
a00006338	12448
a00006339	12449
a00006340	12450
a00006341	12451
a00006342	12452
a00006343	12453
a00006344	12454
a00006345	12455
a00006346	12456
a00006347	12457
a00006348	12458
a00006349	12459
a00006350	12460
a00006351	12461
a00006352	12462
a00006353	12463
a00006354	12464
a00006355	12465
a00006356	12466
a00006357	12467
a00006358	12468
a00006359	12469
a00006360	12470
a00006361	12471
a00006362	12472
a00006363	12473
a00006364	12474
a00006365	12475
a00006366	12476
a00006367	12477
a00006368	12478
a00006369	12479
a00006370	12480
a00006371	12481
a00006372	12482
a00006373	12483
a00006374	12484
a00006375	12485
a00006376	12486
a00006377	12487
a00006378	12488
a00006379	12489
a00006380	12490
a00006381	12491
a00006382	12492
a00006383	12493
a00006384	12494
a00006385	12495
a00006386	12496
a00006387	12497
a00006388	12498
a00006389	12499
a00006390	12500
a00006391	12501
a00006392	12502
a00006393	12503
a00006394	12504
a00006395	12505
a00006396	12506
a00006397	12507
a00006398	12508
a00006399	12509
a00006400	12510
a00006401	12511
a00006402	12512
a00006403	12513
a00006404	12514
a00006405	12515
a00006406	12516
a00006407	12517
a00006408	12518
a00006409	12519
a00006410	12520
a00006411	12521
a00006412	12522
a00006413	12523
a00006414	12524
a00006415	12525
a00006416	12526
a00006417	12527
a00006418	12528
a00006419	12529
a00006420	12530
a00006421	12531
a00006422	12532
a00006423	12533
a00006424	12534
a00006425	12535
a00006426	12536
a00006427	12537
a00006428	12538
a00006429	12539
a00006430	12540
a00006431	12541
a00006432	12542
a00006433	12543
a00006434	12544
a00006435	12545
a00006436	12546
a00006437	12547
a00006438	12548
a00006439	12549
a00006440	12550
a00006441	12551
a00006442	12552
a00006443	12553
a00006444	12554
a00006445	12555
a00006446	12556
a00006447	12557
a00006448	12558
a00006449	12559
a00006450	12560
a00006451	12561
a00006452	12562
a00006453	12563
a00006454	12564
a00006455	12565
a00006456	12566
a00006457	12567
a00006458	12568
a00006459	12569
a00006460	12570
a00006461	12571
a00006462	12572
a00006463	12573
a00006464	12574
a00006465	12575
a00006466	12576
a00006467	12577
a00006468	12578
a00006469	12579
a00006470	12580
a00006471	12581
a00006472	12582
a00006473	12583
a00006474	12584
a00006475	12585
a00006476	12586
a00006477	12587
a00006478	12588
a00006479	12589
a00006480	12590
a00006481	12591
a00006482	12592
a00006483	12593
a00006484	12594
a00006485	12595
a00006486	12596
a00006487	12597
a00006488	12598
a00006489	12599
a00006490	12600
a00006491	12601
a00006492	12602
a00006493	12603
a00006494	12604
a00006495	12605
a00006496	12606
a00006497	12607
a00006498	12608
a00006499	12609
a00006500	12610
a00006501	12611
a00006502	12612
a00006503	12613
a00006504	12614
a00006505	12615
a00006506	12616
a00006507	12617
a00006508	12618
a00006509	12619
a00006510	12620
a00006511	12621
a00006512	12622
a00006513	12623
a00006514	12624
a00006515	12625
a00006516	12626
a00006517	12627
a00006518	12628
a00006519	12629
a00006520	12630
a00006521	12631
a00006522	12632
a00006523	12633
a00006524	12634
a00006525	12635
a00006526	12636
a00006527	12637
a00006528	12638
a00006529	12639
a00006530	12640
a00006531	12641
a00006532	12642
a00006533	12643
a00006534	12644
a00006535	12645
a00006536	12646
a00006537	12647
a00006538	12648
a00006539	12649
a00006540	12650
a00006541	12651
a00006542	12652
a00006543	12653
a00006544	12654
a00006545	12655
a00006546	12656
a00006547	12657
a00006548	12658
a00006549	12659
a00006550	12660
a00006551	12661
a00006552	12662
a00006553	12663
a00006554	12664
a00006555	12665
a00006556	12666
a00006557	12667
a00006558	12668
a00006559	12669
a00006560	12670
a00006561	12671
a00006562	12672
a00006563	12673
a00006564	12674
a00006565	12675
a00006566	12676
a00006567	12677
a00006568	12678
a00006569	12679
a00006570	12680
a00006571	12681
a00006572	12682
a00006573	12683
a00006574	12684
a00006575	12685
a00006576	12686
a00006577	12687
a00006578	12688
a00006579	12689
a00006580	12690
a00006581	12691
a00006582	12692
a00006583	12693
a00006584	12694
a00006585	12695
a00006586	12696
a00006587	12697
a00006588	12698
a00006589	12699
a00006590	12700
a00006591	12701
a00006592	12702
a00006593	12703
a00006594	12704
a00006595	12705
a00006596	12706
a00006597	12707
a00006598	12708
a00006599	12709
a00006600	12710
a00006601	12711
a00006602	12712
a00006603	12713
a00006604	12714
a00006605	12715
a00006606	12716
a00006607	12717
a00006608	12718
a00006609	12719
a00006610	12720
a00006611	12721
a00006612	12722
a00006613	12723
a00006614	12724
a00006615	12725
a00006616	12726
a00006617	12727
a00006618	12728
a00006619	12729
a00006620	12730
a00006621	12731
a00006622	12732
a00006623	12733
a00006624	12734
a00006625	12735
a00006626	12736
a00006627	12737
a00006628	12738
a00006629	12739
a00006630	12740
a00006631	12741
a00006632	12742
a00006633	12743
a00006634	12744
a00006635	12745
a00006636	12746
a00006637	12747
a00006638	12748
a00006639	12749
a00006640	12750
a00006641	12751
a00006642	12752
a00006643	12753
a00006644	12754
a00006645	12755
a00006646	12756
a00006647	12757
a00006648	12758
a00006649	12759
a00006650	12760
a00006651	12761
a00006652	12762
a00006653	12763
a00006654	12764
a00006655	12765
a00006656	12766
a00006657	12767
a00006658	12768
a00006659	12769
a00006660	12770
a00006661	12771
a00006662	12772
a00006663	12773
a00006664	12774
a00006665	12775
a00006666	12776
a00006667	12777
a00006668	12778
a00006669	12779
a00006670	12780
a00006671	12781
a00006672	12782
a00006673	12783
a00006674	12784
a00006675	12785
a00006676	12786
a00006677	12787
a00006678	12788
a00006679	12789
a00006680	12790
a00006681	12791
a00006682	12792
a00006683	12793
a00006684	12794
a00006685	12795
a00006686	12796
a00006687	12797
a00006688	12798
a00006689	12799
a00006690	12800
a00006691	12801
a00006692	12802
a00006693	12803
a00006694	12804
a00006695	12805
a00006696	12806
a00006697	12807
a00006698	12808
a00006699	12809
a00006700	12810
a00006701	12811
a00006702	12812
a00006703	12813
a00006704	12814
a00006705	12815
a00006706	12816
a00006707	12817
a00006708	12818
a00006709	12819
a00006710	12820
a00006711	12821
a00006712	12822
a00006713	12823
a00006714	12824
a00006715	12825
a00006716	12826
a00006717	12827
a00006718	12828
a00006719	12829
a00006720	12830
a00006721	12831
a00006722	12832
a00006723	12833
a00006724	12834
a00006725	12835
a00006726	12836
a00006727	12837
a00006728	12838
a00006729	12839
a00006730	12840
a00006731	12841
a00006732	12842
a00006733	12843
a00006734	12844
a00006735	12845
a00006736	12846
a00006737	12847
a00006738	12848
a00006739	12849
a00006740	12850
a00006741	12851
a00006742	12852
a00006743	12853
a00006744	12854
a00006745	12855
a00006746	12856
a00006747	12857
a00006748	12858
a00006749	12859
a00006750	12860
a00006751	12861
a00006752	12862
a00006753	12863
a00006754	12864
a00006755	12865
a00006756	12866
a00006757	12867
a00006758	12868
a00006759	12869
a00006760	12870
a00006761	12871
a00006762	12872
a00006763	12873
a00006764	12874
a00006765	12875
a00006766	12876
a00006767	12877
a00006768	12878
a00006769	12879
a00006770	12880
a00006771	12881
a00006772	12882
a00006773	12883
a00006774	12884
a00006775	12885
a00006776	12886
a00006777	12887
a00006778	12888
a00006779	12889
a00006780	12890
a00006781	12891
a00006782	12892
a00006783	12893
a00006784	12894
a00006785	12895
a00006786	12896
a00006787	12897
a00006788	12898
a00006789	12899
a00006790	12900
a00006791	12901
a00006792	12902
a00006793	12903
a00006794	12904
a00006795	12905
a00006796	12906
a00006797	12907
a00006798	12908
a00006799	12909
a00006800	12910
a00006801	12911
a00006802	12912
a00006803	12913
a00006804	12914
a00006805	12915
a00006806	12916
a00006807	12917
a00006808	12918
a00006809	12919
a00006810	12920
a00006811	12921
a00006812	12922
a00006813	12923
a00006814	12924
a00006815	12925
a00006816	12926
a00006817	12927
a00006818	12928
a00006819	12929
a00006820	12930
a00006821	12931
a00006822	12932
a00006823	12933
a00006824	12934
a00006825	12935
a00006826	12936
a00006827	12937
a00006828	12938
a00006829	12939
a00006830	12940
a00006831	12941
a00006832	12942
a00006833	12943
a00006834	12944
a00006835	12945
a00006836	12946
a00006837	12947
a00006838	12948
a00006839	12949
a00006840	12950
a00006841	12951
a00006842	12952
a00006843	12953
a00006844	12954
a00006845	12955
a00006846	12956
a00006847	12957
a00006848	12958
a00006849	12959
a00006850	12960
a00006851	12961
a00006852	12962
a00006853	12963
a00006854	12964
a00006855	12965
a00006856	12966
a00006857	12967
a00006858	12968
a00006859	12969
a00006860	12970
a00006861	12971
a00006862	12972
a00006863	12973
a00006864	12974
a00006865	12975
a00006866	12976
a00006867	12977
a00006868	12978
a00006869	12979
a00006870	12980
a00006871	12981
a00006872	12982
a00006873	12983
a00006874	12984
a00006875	12985
a00006876	12986
a00006877	12987
a00006878	12988
a00006879	12989
a00006880	12990
a00006881	12991
a00006882	12992
a00006883	12993
a00006884	12994
a00006885	12995
a00006886	12996
a00006887	12997
a00006888	12998
a00006889	12999
a00006890	13000
a00006891	13001
a00006892	13002
a00006893	13003
a00006894	13004
a00006895	13005
a00006896	13006
a00006897	13007
a00006898	13008
a00006899	13009
a00006900	13010
a00006901	13011
a00006902	13012
a00006903	13013
a00006904	13014
a00006905	13015
a00006906	13016
a00006907	13017
a00006908	13018
a00006909	13019
a00006910	13020
a00006911	13021
a00006912	13022
a00006913	13023
a00006914	13024
a00006915	13025
a00006916	13026
a00006917	13027
a00006918	13028
a00006919	13029
a00006920	13030
a00006921	13031
a00006922	13032
a00006923	13033
a00006924	13034
a00006925	13035
a00006926	13036
a00006927	13037
a00006928	13038
a00006929	13039
a00006930	13040
a00006931	13041
a00006932	13042
a00006933	13043
a00006934	13044
a00006935	13045
a00006936	13046
a00006937	13047
a00006938	13048
a00006939	13049
a00006940	13050
a00006941	13051
a00006942	13052
a00006943	13053
a00006944	13054
a00006945	13055
a00006946	13056
a00006947	13057
a00006948	13058
a00006949	13059
a00006950	13060
a00006951	13061
a00006952	13062
a00006953	13063
a00006954	13064
a00006955	13065
a00006956	13066
a00006957	13067
a00006958	13068
a00006959	13069
a00006960	13070
a00006961	13071
a00006962	13072
a00006963	13073
a00006964	13074
a00006965	13075
a00006966	13076
a00006967	13077
a00006968	13078
a00006969	13079
a00006970	13080
a00006971	13081
a00006972	13082
a00006973	13083
a00006974	13084
a00006975	13085
a00006976	13086
a00006977	13087
a00006978	13088
a00006979	13089
a00006980	13090
a00006981	13091
a00006982	13092
a00006983	13093
a00006984	13094
a00006985	13095
a00006986	13096
a00006987	13097
a00006988	13098
a00006989	13099
a00006990	13100
a00006991	13101
a00006992	13102
a00006993	13103
a00006994	13104
a00006995	13105
a00006996	13106
a00006997	13107
a00006998	13108
a00006999	13109
a00007000	13110
a00007001	13111
a00007002	13112
a00007003	13113
a00007004	13114
a00007005	13115
a00007006	13116
a00007007	13117
a00007008	13118
a00007009	13119
a00007010	13120
a00007011	13121
a00007012	13122
a00007013	13123
a00007014	13124
a00007015	13125
a00007016	13126
a00007017	13127
a00007018	13128
a00007019	13129
a00007020	13130
a00007021	13131
a00007022	13132
a00007023	13133
a00007024	13134
a00007025	13135
a00007026	13136
a00007027	13137
a00007028	13138
a00007029	13139
a00007030	13140
a00007031	13141
a00007032	13142
a00007033	13143
a00007034	13144
a00007035	13145
a00007036	13146
a00007037	13147
a00007038	13148
a00007039	13149
a00007040	13150
a00007041	13151
a00007042	13152
a00007043	13153
a00007044	13154
a00007045	13155
a00007046	13156
a00007047	13157
a00007048	13158
a00007049	13159
a00007050	13160
a00007051	13161
a00007052	13162
a00007053	13163
a00007054	13164
a00007055	13165
a00007056	13166
a00007057	13167
a00007058	13168
a00007059	13169
a00007060	13170
a00007061	13171
a00007062	13172
a00007063	13173
a00007064	13174
a00007065	13175
a00007066	13176
a00007067	13177
a00007068	13178
a00007069	13179
a00007070	13180
a00007071	13181
a00007072	13182
a00007073	13183
a00007074	13184
a00007075	13185
a00007076	13186
a00007077	13187
a00007078	13188
a00007079	13189
a00007080	13190
a00007081	13191
a00007082	13192
a00007083	13193
a00007084	13194
a00007085	13195
a00007086	13196
a00007087	13197
a00007088	13198
a00007089	13199
a00007090	13200
a00007091	13201
a00007092	13202
a00007093	13203
a00007094	13204
a00007095	13205
a00007096	13206
a00007097	13207
a00007098	13208
a00007099	13209
a00007100	13210
a00007101	13211
a00007102	13212
a00007103	13213
a00007104	13214
a00007105	13215
a00007106	13216
a00007107	13217
a00007108	13218
a00007109	13219
a00007110	13220
a00007111	13221
a00007112	13222
a00007113	13223
a00007114	13224
a00007115	13225
a00007116	13226
a00007117	13227
a00007118	13228
a00007119	13229
a00007120	13230
a00007121	13231
a00007122	13232
a00007123	13233
a00007124	13234
a00007125	13235
a00007126	13236
a00007127	13237
a00007128	13238
a00007129	13239
a00007130	13240
a00007131	13241
a00007132	13242
a00007133	13243
a00007134	13244
a00007135	13245
a00007136	13246
a00007137	13247
a00007138	13248
a00007139	13249
a00007140	13250
a00007141	13251
a00007142	13252
a00007143	13253
a00007144	13254
a00007145	13255
a00007146	13256
a00007147	13257
a00007148	13258
a00007149	13259
a00007150	13260
a00007151	13261
a00007152	13262
a00007153	13263
a00007154	13264
a00007155	13265
a00007156	13266
a00007157	13267
a00007158	13268
a00007159	13269
a00007160	13270
a00007161	13271
a00007162	13272
a00007163	13273
a00007164	13274
a00007165	13275
a00007166	13276
a00007167	13277
a00007168	13278
a00007169	13279
a00007170	13280
a00007171	13281
a00007172	13282
a00007173	13283
a00007174	13284
a00007175	13285
a00007176	13286
a00007177	13287
a00007178	13288
a00007179	13289
a00007180	13290
a00007181	13291
a00007182	13292
a00007183	13293
a00007184	13294
a00007185	13295
a00007186	13296
a00007187	13297
a00007188	13298
a00007189	13299
a00007190	13300
a00007191	13301
a00007192	13302
a00007193	13303
a00007194	13304
a00007195	13305
a00007196	13306
a00007197	13307
a00007198	13308
a00007199	13309
a00007200	13310
a00007201	13311
a00007202	13312
a00007203	13313
a00007204	13314
a00007205	13315
a00007206	13316
a00007207	13317
a00007208	13318
a00007209	13319
a00007210	13320
a00007211	13321
a00007212	13322
a00007213	13323
a00007214	13324
a00007215	13325
a00007216	13326
a00007217	13327
a00007218	13328
a00007219	13329
a00007220	13330
a00007221	13331
a00007222	13332
a00007223	13333
a00007224	13334
a00007225	13335
a00007226	13336
a00007227	13337
a00007228	13338
a00007229	13339
a00007230	13340
a00007231	13341
a00007232	13342
a00007233	13343
a00007234	13344
a00007235	13345
a00007236	13346
a00007237	13347
a00007238	13348
a00007239	13349
a00007240	13350
a00007241	13351
a00007242	13352
a00007243	13353
a00007244	13354
a00007245	13355
a00007246	13356
a00007247	13357
a00007248	13358
a00007249	13359
a00007250	13360
a00007251	13361
a00007252	13362
a00007253	13363
a00007254	13364
a00007255	13365
a00007256	13366
a00007257	13367
a00007258	13368
a00007259	13369
a00007260	13370
a00007261	13371
a00007262	13372
a00007263	13373
a00007264	13374
a00007265	13375
a00007266	13376
a00007267	13377
a00007268	13378
a00007269	13379
a00007270	13380
a00007271	13381
a00007272	13382
a00007273	13383
a00007274	13384
a00007275	13385
a00007276	13386
a00007277	13387
a00007278	13388
a00007279	13389
a00007280	13390
a00007281	13391
a00007282	13392
a00007283	13393
a00007284	13394
a00007285	13395
a00007286	13396
a00007287	13397
a00007288	13398
a00007289	13399
a00007290	13400
a00007291	13401
a00007292	13402
a00007293	13403
a00007294	13404
a00007295	13405
a00007296	13406
a00007297	13407
a00007298	13408
a00007299	13409
a00007300	13410
a00007301	13411
a00007302	13412
a00007303	13413
a00007304	13414
a00007305	13415
a00007306	13416
a00007307	13417
a00007308	13418
a00007309	13419
a00007310	13420
a00007311	13421
a00007312	13422
a00007313	13423
a00007314	13424
a00007315	13425
a00007316	13426
a00007317	13427
a00007318	13428
a00007319	13429
a00007320	13430
a00007321	13431
a00007322	13432
a00007323	13433
a00007324	13434
a00007325	13435
a00007326	13436
a00007327	13437
a00007328	13438
a00007329	13439
a00007330	13440
a00007331	13441
a00007332	13442
a00007333	13443
a00007334	13444
a00007335	13445
a00007336	13446
a00007337	13447
a00007338	13448
a00007339	13449
a00007340	13450
a00007341	13451
a00007342	13452
a00007343	13453
a00007344	13454
a00007345	13455
a00007346	13456
a00007347	13457
a00007348	13458
a00007349	13459
a00007350	13460
a00007351	13461
a00007352	13462
a00007353	13463
a00007354	13464
a00007355	13465
a00007356	13466
a00007357	13467
a00007358	13468
a00007359	13469
a00007360	13470
a00007361	13471
a00007362	13472
a00007363	13473
a00007364	13474
a00007365	13475
a00007366	13476
a00007367	13477
a00007368	13478
a00007369	13479
a00007370	13480
a00007371	13481
a00007372	13482
a00007373	13483
a00007374	13484
a00007375	13485
a00007376	13486
a00007377	13487
a00007378	13488
a00007379	13489
a00007380	13490
a00007381	13491
a00007382	13492
a00007383	13493
a00007384	13494
a00007385	13495
a00007386	13496
a00007387	13497
a00007388	13498
a00007389	13499
a00007390	13500
a00007391	13501
a00007392	13502
a00007393	13503
a00007394	13504
a00007395	13505
a00007396	13506
a00007397	13507
a00007398	13508
a00007399	13509
a00007400	13510
a00007401	13511
a00007402	13512
a00007403	13513
a00007404	13514
a00007405	13515
a00007406	13516
a00007407	13517
a00007408	13518
a00007409	13519
a00007410	13520
a00007411	13521
a00007412	13522
a00007413	13523
a00007414	13524
a00007415	13525
a00007416	13526
a00007417	13527
a00007418	13528
a00007419	13529
a00007420	13530
a00007421	13531
a00007422	13532
a00007423	13533
a00007424	13534
a00007425	13535
a00007426	13536
a00007427	13537
a00007428	13538
a00007429	13539
a00007430	13540
a00007431	13541
a00007432	13542
a00007433	13543
a00007434	13544
a00007435	13545
a00007436	13546
a00007437	13547
a00007438	13548
a00007439	13549
a00007440	13550
a00007441	13551
a00007442	13552
a00007443	13553
a00007444	13554
a00007445	13555
a00007446	13556
a00007447	13557
a00007448	13558
a00007449	13559
a00007450	13560
a00007451	13561
a00007452	13562
a00007453	13563
a00007454	13564
a00007455	13565
a00007456	13566
a00007457	13567
a00007458	13568
a00007459	13569
a00007460	13570
a00007461	13571
a00007462	13572
a00007463	13573
a00007464	13574
a00007465	13575
a00007466	13576
a00007467	13577
a00007468	13578
a00007469	13579
a00007470	13580
a00007471	13581
a00007472	13582
a00007473	13583
a00007474	13584
a00007475	13585
a00007476	13586
a00007477	13587
a00007478	13588
a00007479	13589
a00007480	13590
a00007481	13591
a00007482	13592
a00007483	13593
a00007484	13594
a00000001	13595
a00000002	13596
a00000003	13597
a00000004	13598
a00000005	13599
a00000006	13600
a00000007	13601
a00000008	13602
a00000009	13603
a00000010	13604
a00000011	13605
a00000012	13606
a00000013	13607
a00000014	13608
a00000015	13609
a00000016	13610
a00000017	13611
a00000018	13612
a00000019	13613
a00000020	13614
a00000021	13615
a00000022	13616
a00000023	13617
a00000024	13618
a00000025	13619
a00000026	13620
a00000027	13621
a00000028	13622
a00000029	13623
a00000030	13624
a00000031	13625
a00000032	13626
a00000033	13627
a00000034	13628
a00000035	13629
a00000036	13630
a00000037	13631
a00000038	13632
a00000039	13633
a00000040	13634
a00000041	13635
a00000042	13636
a00000043	13637
a00000044	13638
a00000045	13639
a00000046	13640
a00000047	13641
a00000048	13642
a00000049	13643
a00000050	13644
a00000051	13645
a00000052	13646
a00000053	13647
a00000054	13648
a00000055	13649
a00000056	13650
a00000057	13651
a00000058	13652
a00000059	13653
a00000060	13654
a00000061	13655
a00000062	13656
a00000063	13657
a00000064	13658
a00000065	13659
a00000066	13660
a00000067	13661
a00000068	13662
a00000069	13663
a00000070	13664
a00000071	13665
a00000072	13666
a00000073	13667
a00000074	13668
a00000075	13669
a00000076	13670
a00000077	13671
a00000078	13672
a00000079	13673
a00000080	13674
a00000081	13675
a00000082	13676
a00000083	13677
a00000084	13678
a00000085	13679
a00000086	13680
a00000087	13681
a00000088	13682
a00000089	13683
a00000090	13684
a00000091	13685
a00000092	13686
a00000093	13687
a00000094	13688
a00000095	13689
a00000096	13690
a00000097	13691
a00000098	13692
a00000099	13693
a00000100	13694
a00000101	13695
a00000102	13696
a00000103	13697
a00000104	13698
a00000105	13699
a00000106	13700
a00000107	13701
a00000108	13702
a00000109	13703
a00000110	13704
a00000111	13705
a00000112	13706
a00000113	13707
a00000114	13708
a00000115	13709
a00000116	13710
a00000117	13711
a00000118	13712
a00000119	13713
a00000120	13714
a00000121	13715
a00000122	13716
a00000123	13717
a00000124	13718
a00000125	13719
a00000126	13720
a00000127	13721
a00000128	13722
a00000129	13723
a00000130	13724
a00000131	13725
a00000132	13726
a00000133	13727
a00000134	13728
a00000135	13729
a00000136	13730
a00000137	13731
a00000138	13732
a00000139	13733
a00000140	13734
a00000141	13735
a00000142	13736
a00000143	13737
a00000144	13738
a00000145	13739
a00000146	13740
a00000147	13741
a00000148	13742
a00000149	13743
a00000150	13744
a00000151	13745
a00000152	13746
a00000153	13747
a00000154	13748
a00000155	13749
a00000156	13750
a00000157	13751
a00000158	13752
a00000159	13753
a00000160	13754
a00000161	13755
a00000162	13756
a00000163	13757
a00000164	13758
a00000165	13759
a00000166	13760
a00000167	13761
a00000168	13762
a00000169	13763
a00000170	13764
a00000171	13765
a00000172	13766
a00000173	13767
a00000174	13768
a00000175	13769
a00000176	13770
a00000177	13771
a00000178	13772
a00000179	13773
a00000180	13774
a00000181	13775
a00000182	13776
a00000183	13777
a00000184	13778
a00000185	13779
a00000186	13780
a00000187	13781
a00000188	13782
a00000189	13783
a00000190	13784
a00000191	13785
a00000192	13786
a00000193	13787
a00000194	13788
a00000195	13789
a00000196	13790
a00000197	13791
a00000198	13792
a00000199	13793
a00000200	13794
a00000201	13795
a00000202	13796
a00000203	13797
a00000204	13798
a00000205	13799
a00000206	13800
a00000207	13801
a00000208	13802
a00000209	13803
a00000210	13804
a00000211	13805
a00000212	13806
a00000213	13807
a00000214	13808
a00000215	13809
a00000216	13810
a00000217	13811
a00000218	13812
a00000219	13813
a00000220	13814
a00000221	13815
a00000222	13816
a00000223	13817
a00000224	13818
a00000225	13819
a00000226	13820
a00000227	13821
a00000228	13822
a00000229	13823
a00000230	13824
a00000231	13825
a00000232	13826
a00000233	13827
a00000234	13828
a00000235	13829
a00000236	13830
a00000237	13831
a00000238	13832
a00000239	13833
a00000240	13834
a00000241	13835
a00000242	13836
a00000243	13837
a00000244	13838
a00000245	13839
a00000246	13840
a00000247	13841
a00000248	13842
a00000249	13843
a00000250	13844
a00000251	13845
a00000252	13846
a00000253	13847
a00000254	13848
a00000255	13849
a00000256	13850
a00000257	13851
a00000258	13852
a00000259	13853
a00000260	13854
a00000261	13855
a00000262	13856
a00000263	13857
a00000264	13858
a00000265	13859
a00000266	13860
a00000267	13861
a00000268	13862
a00000269	13863
a00000270	13864
a00000271	13865
a00000272	13866
a00000273	13867
a00000274	13868
a00000275	13869
a00000276	13870
a00000277	13871
a00000278	13872
a00000279	13873
a00000280	13874
a00000281	13875
a00000282	13876
a00000283	13877
a00000284	13878
a00000285	13879
a00000286	13880
a00000287	13881
a00000288	13882
a00000289	13883
a00000290	13884
a00000291	13885
a00000292	13886
a00000293	13887
a00000294	13888
a00000295	13889
a00000296	13890
a00000297	13891
a00000298	13892
a00000299	13893
a00000300	13894
a00000301	13895
a00000302	13896
a00000303	13897
a00000304	13898
a00000305	13899
a00000306	13900
a00000307	13901
a00000308	13902
a00000309	13903
a00000310	13904
a00000311	13905
a00000312	13906
a00000313	13907
a00000314	13908
a00000315	13909
a00000316	13910
a00000317	13911
a00000318	13912
a00000319	13913
a00000320	13914
a00000321	13915
a00000322	13916
a00000323	13917
a00000324	13918
a00000325	13919
a00000326	13920
a00000327	13921
a00000328	13922
a00000329	13923
a00000330	13924
a00000331	13925
a00000332	13926
a00000333	13927
a00000334	13928
a00000335	13929
a00000336	13930
a00000337	13931
a00000338	13932
a00000339	13933
a00000340	13934
a00000341	13935
a00000342	13936
a00000343	13937
a00000344	13938
a00000345	13939
a00000346	13940
a00000347	13941
a00000348	13942
a00000349	13943
a00000350	13944
a00000351	13945
a00000352	13946
a00000353	13947
a00000354	13948
a00000355	13949
a00000356	13950
a00000357	13951
a00000358	13952
a00000359	13953
a00000360	13954
a00000361	13955
a00000362	13956
a00000363	13957
a00000364	13958
a00000365	13959
a00000366	13960
a00000367	13961
a00000368	13962
a00000369	13963
a00000370	13964
a00000371	13965
a00000372	13966
a00000373	13967
a00000374	13968
a00000375	13969
a00000376	13970
a00000377	13971
a00000378	13972
a00000379	13973
a00000380	13974
a00000381	13975
a00000382	13976
a00000383	13977
a00000384	13978
a00000385	13979
a00000386	13980
a00000387	13981
a00000388	13982
a00000389	13983
a00000390	13984
a00000391	13985
a00000392	13986
a00000393	13987
a00000394	13988
a00000395	13989
a00000396	13990
a00000397	13991
a00000398	13992
a00000399	13993
a00000400	13994
a00000401	13995
a00000402	13996
a00000403	13997
a00000404	13998
a00000405	13999
a00000406	14000
a00000407	14001
a00000408	14002
a00000409	14003
a00000410	14004
a00000411	14005
a00000412	14006
a00000413	14007
a00000414	14008
a00000415	14009
a00000416	14010
a00000417	14011
a00000418	14012
a00000419	14013
a00000420	14014
a00000421	14015
a00000422	14016
a00000423	14017
a00000424	14018
a00000425	14019
a00000426	14020
a00000427	14021
a00000428	14022
a00000429	14023
a00000430	14024
a00000431	14025
a00000432	14026
a00000433	14027
a00000434	14028
a00000435	14029
a00000436	14030
a00000437	14031
a00000438	14032
a00000439	14033
a00000440	14034
a00000441	14035
a00000442	14036
a00000443	14037
a00000444	14038
a00000445	14039
a00000446	14040
a00000447	14041
a00000448	14042
a00000449	14043
a00000450	14044
a00000451	14045
a00000452	14046
a00000453	14047
a00000454	14048
a00000455	14049
a00000456	14050
a00000457	14051
a00000458	14052
a00000459	14053
a00000460	14054
a00000461	14055
a00000462	14056
a00000463	14057
a00000464	14058
a00000465	14059
a00000466	14060
a00000467	14061
a00000468	14062
a00000469	14063
a00000470	14064
a00000471	14065
a00000472	14066
a00000473	14067
a00000474	14068
a00000475	14069
a00000476	14070
a00000477	14071
a00000478	14072
a00000479	14073
a00000480	14074
a00000481	14075
a00000482	14076
a00000483	14077
a00000484	14078
a00000485	14079
a00000486	14080
a00000487	14081
a00000488	14082
a00000489	14083
a00000490	14084
a00000491	14085
a00000492	14086
a00000493	14087
a00000494	14088
a00000495	14089
a00000496	14090
a00000497	14091
a00000498	14092
a00000499	14093
a00000500	14094
a00000501	14095
a00000502	14096
a00000503	14097
a00000504	14098
a00000505	14099
a00000506	14100
a00000507	14101
a00000508	14102
a00000509	14103
a00000510	14104
a00000511	14105
a00000512	14106
a00000513	14107
a00000514	14108
a00000515	14109
a00000516	14110
a00000517	14111
a00000518	14112
a00000519	14113
a00000520	14114
a00000521	14115
a00000522	14116
a00000523	14117
a00000524	14118
a00000525	14119
a00000526	14120
a00000527	14121
a00000528	14122
a00000529	14123
a00000530	14124
a00000531	14125
a00000532	14126
a00000533	14127
a00000534	14128
a00000535	14129
a00000536	14130
a00000537	14131
a00000538	14132
a00000539	14133
a00000540	14134
a00000541	14135
a00000542	14136
a00000543	14137
a00000544	14138
a00000545	14139
a00000546	14140
a00000547	14141
a00000548	14142
a00000549	14143
a00000550	14144
a00000551	14145
a00000552	14146
a00000553	14147
a00000554	14148
a00000555	14149
a00000556	14150
a00000557	14151
a00000558	14152
a00000559	14153
a00000560	14154
a00000561	14155
a00000562	14156
a00000563	14157
a00000564	14158
a00000565	14159
a00000566	14160
a00000567	14161
a00000568	14162
a00000569	14163
a00000570	14164
a00000571	14165
a00000572	14166
a00000573	14167
a00000574	14168
a00000575	14169
a00000576	14170
a00000577	14171
a00000578	14172
a00000579	14173
a00000580	14174
a00000581	14175
a00000582	14176
a00000583	14177
a00000584	14178
a00000585	14179
a00000586	14180
a00000587	14181
a00000588	14182
a00000589	14183
a00000590	14184
a00000591	14185
a00000592	14186
a00000593	14187
a00000594	14188
a00000595	14189
a00000596	14190
a00000597	14191
a00000598	14192
a00000599	14193
a00000600	14194
a00000601	14195
a00000602	14196
a00000603	14197
a00000604	14198
a00000605	14199
a00000606	14200
a00000607	14201
a00000608	14202
a00000609	14203
a00000610	14204
a00000611	14205
a00000612	14206
a00000613	14207
a00000614	14208
a00000615	14209
a00000616	14210
a00000617	14211
a00000618	14212
a00000619	14213
a00000620	14214
a00000621	14215
a00000622	14216
a00000623	14217
a00000624	14218
a00000625	14219
a00000626	14220
a00000627	14221
a00000628	14222
a00000629	14223
a00000630	14224
a00000631	14225
a00000632	14226
a00000633	14227
a00000634	14228
a00000635	14229
a00000636	14230
a00000637	14231
a00000638	14232
a00000639	14233
a00000640	14234
a00000641	14235
a00000642	14236
a00000643	14237
a00000644	14238
a00000645	14239
a00000646	14240
a00000647	14241
a00000648	14242
a00000649	14243
a00000650	14244
a00000651	14245
a00000652	14246
a00000653	14247
a00000654	14248
a00000655	14249
a00000656	14250
a00000657	14251
a00000658	14252
a00000659	14253
a00000660	14254
a00000661	14255
a00000662	14256
a00000663	14257
a00000664	14258
a00000665	14259
a00000666	14260
a00000667	14261
a00000668	14262
a00000669	14263
a00000670	14264
a00000671	14265
a00000672	14266
a00000673	14267
a00000674	14268
a00000675	14269
a00000676	14270
a00000677	14271
a00000678	14272
a00000679	14273
a00000680	14274
a00000681	14275
a00000682	14276
a00000683	14277
a00000684	14278
a00000685	14279
a00000686	14280
a00000687	14281
a00000688	14282
a00000689	14283
