annotation	node
a00000000	38671
a00000693	38672
a00000694	38673
a00000695	38674
a00000696	38675
a00000697	38676
a00000698	38677
a00000699	38678
a00000700	38679
a00000701	38680
a00000702	38681
a00000703	38682
a00000704	38683
a00000705	38684
a00000706	38685
a00000707	38686
a00000708	38687
a00000709	38688
a00000710	38689
a00000711	38690
a00000712	38691
a00000713	38692
a00000714	38693
a00000715	38694
a00000716	38695
a00000717	38696
a00000718	38697
a00000719	38698
a00000720	38699
a00000721	38700
a00000722	38701
a00000723	38702
a00000724	38703
a00000725	38704
a00000726	38705
a00000727	38706
a00000728	38707
a00000729	38708
a00000730	38709
a00000731	38710
a00000732	38711
a00000733	38712
a00000734	38713
a00000735	38714
a00000736	38715
a00000737	38716
a00000738	38717
a00000739	38718
a00000740	38719
a00000741	38720
a00000742	38721
a00000743	38722
a00000744	38723
a00000745	38724
a00000746	38725
a00000747	38726
a00000748	38727
a00000749	38728
a00000750	38729
a00000751	38730
a00000752	38731
a00000753	38732
a00000754	38733
a00000755	38734
a00000756	38735
a00000757	38736
a00000758	38737
a00000759	38738
a00000760	38739
a00000761	38740
a00000762	38741
a00000763	38742
a00000764	38743
a00000765	38744
a00000766	38745
a00000767	38746
a00000768	38747
a00000769	38748
a00000770	38749
a00000771	38750
a00000772	38751
a00000773	38752
a00000774	38753
a00000775	38754
a00000776	38755
a00000777	38756
a00000778	38757
a00000779	38758
a00000780	38759
a00000781	38760
a00000782	38761
a00000783	38762
a00000784	38763
a00000785	38764
a00000786	38765
a00000787	38766
a00000788	38767
a00000789	38768
a00000790	38769
a00000791	38770
a00000792	38771
a00000793	38772
a00000794	38773
a00000795	38774
a00000796	38775
a00000797	38776
a00000798	38777
a00000799	38778
a00000800	38779
a00000801	38780
a00000802	38781
a00000803	38782
a00000804	38783
a00000805	38784
a00000806	38785
a00000807	38786
a00000808	38787
a00000809	38788
a00000810	38789
a00000811	38790
a00000812	38791
a00000813	38792
a00000814	38793
a00000815	38794
a00000816	38795
a00000817	38796
a00000818	38797
a00000819	38798
a00000820	38799
a00000821	38800
a00000822	38801
a00000823	38802
a00000824	38803
a00000825	38804
a00000826	38805
a00000827	38806
a00000828	38807
a00000829	38808
a00000830	38809
a00000831	38810
a00000832	38811
a00000833	38812
a00000834	38813
a00000835	38814
a00000836	38815
a00000837	38816
a00000838	38817
a00000839	38818
a00000840	38819
a00000841	38820
a00000842	38821
a00000843	38822
a00000844	38823
a00000845	38824
a00000846	38825
a00000847	38826
a00000848	38827
a00000849	38828
a00000850	38829
a00000851	38830
a00000852	38831
a00000853	38832
a00000854	38833
a00000855	38834
a00000856	38835
a00000857	38836
a00000858	38837
a00000859	38838
a00000860	38839
a00000861	38840
a00000862	38841
a00000863	38842
a00000864	38843
a00000865	38844
a00000866	38845
a00000867	38846
a00000868	38847
a00000869	38848
a00000870	38849
a00000871	38850
a00000872	38851
a00000873	38852
a00000874	38853
a00000875	38854
a00000876	38855
a00000877	38856
a00000878	38857
a00000879	38858
a00000880	38859
a00000881	38860
a00000882	38861
a00000883	38862
a00000884	38863
a00000885	38864
a00000886	38865
a00000887	38866
a00000888	38867
a00000889	38868
a00000890	38869
a00000891	38870
a00000892	38871
a00000893	38872
a00000894	38873
a00000895	38874
a00000896	38875
a00000897	38876
a00000898	38877
a00000899	38878
a00000900	38879
a00000901	38880
a00000902	38881
a00000903	38882
a00000904	38883
a00000905	38884
a00000906	38885
a00000907	38886
a00000908	38887
a00000909	38888
a00000910	38889
a00000911	38890
a00000912	38891
a00000913	38892
a00000914	38893
a00000915	38894
a00000916	38895
a00000917	38896
a00000918	38897
a00000919	38898
a00000920	38899
a00000921	38900
a00000922	38901
a00000923	38902
a00000924	38903
a00000925	38904
a00000926	38905
a00000927	38906
a00000928	38907
a00000929	38908
a00000930	38909
a00000931	38910
a00000932	38911
a00000933	38912
a00000934	38913
a00000935	38914
a00000936	38915
a00000937	38916
a00000938	38917
a00000939	38918
a00000940	38919
a00000941	38920
a00000942	38921
a00000943	38922
a00000944	38923
a00000945	38924
a00000946	38925
a00000947	38926
a00000948	38927
a00000949	38928
a00000950	38929
a00000951	38930
a00000952	38931
a00000953	38932
a00000954	38933
a00000955	38934
a00000956	38935
a00000957	38936
a00000958	38937
a00000959	38938
a00000960	38939
a00000961	38940
a00000962	38941
a00000963	38942
a00000964	38943
a00000965	38944
a00000966	38945
a00000967	38946
a00000968	38947
a00000969	38948
a00000970	38949
a00000971	38950
a00000972	38951
a00000973	38952
a00000974	38953
a00000975	38954
a00000976	38955
a00000977	38956
a00000978	38957
a00000979	38958
a00000980	38959
a00000981	38960
a00000982	38961
a00000983	38962
a00000984	38963
a00000985	38964
a00000986	38965
a00000987	38966
a00000988	38967
a00000989	38968
a00000990	38969
a00000991	38970
a00000992	38971
a00000993	38972
a00000994	38973
a00000995	38974
a00000996	38975
a00000997	38976
a00000998	38977
a00000999	38978
a00001000	38979
a00001001	38980
a00001002	38981
a00001003	38982
a00001004	38983
a00001005	38984
a00001006	38985
a00001007	38986
a00001008	38987
a00001009	38988
a00001010	38989
a00001011	38990
a00001012	38991
a00001013	38992
a00001014	38993
a00001015	38994
a00001016	38995
a00001017	38996
a00001018	38997
a00001019	38998
a00001020	38999
a00001021	39000
a00001022	39001
a00001023	39002
a00001024	39003
a00001025	39004
a00001026	39005
a00001027	39006
a00001028	39007
a00001029	39008
a00001030	39009
a00001031	39010
a00001032	39011
a00001033	39012
a00001034	39013
a00001035	39014
a00001036	39015
a00001037	39016
a00001038	39017
a00001039	39018
a00001040	39019
a00001041	39020
a00001042	39021
a00001043	39022
a00001044	39023
a00001045	39024
a00001046	39025
a00001047	39026
a00001048	39027
a00001049	39028
a00001050	39029
a00001051	39030
a00001052	39031
a00001053	39032
a00001054	39033
a00001055	39034
a00001056	39035
a00001057	39036
a00001058	39037
a00001059	39038
a00001060	39039
a00001061	39040
a00001062	39041
a00001063	39042
a00001064	39043
a00001065	39044
a00001066	39045
a00001067	39046
a00001068	39047
a00001069	39048
a00001070	39049
a00001071	39050
a00001072	39051
a00001073	39052
a00001074	39053
a00001075	39054
a00001076	39055
a00001077	39056
a00001078	39057
a00001079	39058
a00001080	39059
a00001081	39060
a00001082	39061
a00001083	39062
a00001084	39063
a00001085	39064
a00001086	39065
a00001087	39066
a00001088	39067
a00001089	39068
a00001090	39069
a00001091	39070
a00001092	39071
a00001093	39072
a00001094	39073
a00001095	39074
a00001096	39075
a00001097	39076
a00001098	39077
a00001099	39078
a00001100	39079
a00001101	39080
a00001102	39081
a00001103	39082
a00001104	39083
a00001105	39084
a00001106	39085
a00001107	39086
a00001108	39087
a00001109	39088
a00001110	39089
a00001111	39090
a00001112	39091
a00001113	39092
a00001114	39093
a00001115	39094
a00001116	39095
a00001117	39096
a00001118	39097
a00001119	39098
a00001120	39099
a00001121	39100
a00001122	39101
a00001123	39102
a00001124	39103
a00001125	39104
a00001126	39105
a00001127	39106
a00001128	39107
a00001129	39108
a00001130	39109
a00001131	39110
a00001132	39111
a00001133	39112
a00001134	39113
a00001135	39114
a00001136	39115
a00001137	39116
a00001138	39117
a00001139	39118
a00001140	39119
a00001141	39120
a00001142	39121
a00001143	39122
a00001144	39123
a00001145	39124
a00001146	39125
a00001147	39126
a00001148	39127
a00001149	39128
a00001150	39129
a00001151	39130
a00001152	39131
a00001153	39132
a00001154	39133
a00001155	39134
a00001156	39135
a00001157	39136
a00001158	39137
a00001159	39138
a00001160	39139
a00001161	39140
a00001162	39141
a00001163	39142
a00001164	39143
a00001165	39144
a00001166	39145
a00001167	39146
a00001168	39147
a00001169	39148
a00001170	39149
a00001171	39150
a00001172	39151
a00001173	39152
a00001174	39153
a00001175	39154
a00001176	39155
a00001177	39156
a00001178	39157
a00001179	39158
a00001180	39159
a00001181	39160
a00001182	39161
a00001183	39162
a00001184	39163
a00001185	39164
a00001186	39165
a00001187	39166
a00001188	39167
a00001189	39168
a00001190	39169
a00001191	39170
a00001192	39171
a00001193	39172
a00001194	39173
a00001195	39174
a00001196	39175
a00001197	39176
a00001198	39177
a00001199	39178
a00001200	39179
a00001201	39180
a00001202	39181
a00001203	39182
a00001204	39183
a00001205	39184
a00001206	39185
a00001207	39186
a00001208	39187
a00001209	39188
a00001210	39189
a00001211	39190
a00001212	39191
a00001213	39192
a00001214	39193
a00001215	39194
a00001216	39195
a00001217	39196
a00001218	39197
a00001219	39198
a00001220	39199
a00001221	39200
a00001222	39201
a00001223	39202
a00001224	39203
a00001225	39204
a00001226	39205
a00001227	39206
a00001228	39207
a00001229	39208
a00001230	39209
a00001231	39210
a00001232	39211
a00001233	39212
a00001234	39213
a00001235	39214
a00001236	39215
a00001237	39216
a00001238	39217
a00001239	39218
a00001240	39219
a00001241	39220
a00001242	39221
a00001243	39222
a00001244	39223
a00001245	39224
a00001246	39225
a00001247	39226
a00001248	39227
a00001249	39228
a00001250	39229
a00001251	39230
a00001252	39231
a00001253	39232
a00001254	39233
a00001255	39234
a00001256	39235
a00001257	39236
a00001258	39237
a00001259	39238
a00001260	39239
a00001261	39240
a00001262	39241
a00001263	39242
a00001264	39243
a00001265	39244
a00001266	39245
a00001267	39246
a00001268	39247
a00001269	39248
a00001270	39249
a00001271	39250
a00001272	39251
a00001273	39252
a00001274	39253
a00001275	39254
a00001276	39255
a00001277	39256
a00001278	39257
a00001279	39258
a00001280	39259
a00001281	39260
a00001282	39261
a00001283	39262
a00001284	39263
a00001285	39264
a00001286	39265
a00001287	39266
a00001288	39267
a00001289	39268
a00001290	39269
a00001291	39270
a00001292	39271
a00001293	39272
a00001294	39273
a00001295	39274
a00001296	39275
a00001297	39276
a00001298	39277
a00001299	39278
a00001300	39279
a00001301	39280
a00001302	39281
a00001303	39282
a00001304	39283
a00001305	39284
a00001306	39285
a00001307	39286
a00001308	39287
a00001309	39288
a00001310	39289
a00001311	39290
a00001312	39291
a00001313	39292
a00001314	39293
a00001315	39294
a00001316	39295
a00001317	39296
a00001318	39297
a00001319	39298
a00001320	39299
a00001321	39300
a00001322	39301
a00001323	39302
a00001324	39303
a00001325	39304
a00001326	39305
a00001327	39306
a00001328	39307
a00001329	39308
a00001330	39309
a00001331	39310
a00001332	39311
a00001333	39312
a00001334	39313
a00001335	39314
a00001336	39315
a00001337	39316
a00001338	39317
a00001339	39318
a00001340	39319
a00001341	39320
a00001342	39321
a00001343	39322
a00001344	39323
a00001345	39324
a00001346	39325
a00001347	39326
a00001348	39327
a00001349	39328
a00001350	39329
a00001351	39330
a00001352	39331
a00001353	39332
a00001354	39333
a00001355	39334
a00001356	39335
a00001357	39336
a00001358	39337
a00001359	39338
a00001360	39339
a00001361	39340
a00001362	39341
a00001363	39342
a00001364	39343
a00001365	39344
a00001366	39345
a00001367	39346
a00001368	39347
a00001369	39348
a00001370	39349
a00001371	39350
a00001372	39351
a00001373	39352
a00001374	39353
a00001375	39354
a00001376	39355
a00001377	39356
a00001378	39357
a00001379	39358
a00001380	39359
a00001381	39360
a00001382	39361
a00001383	39362
a00001384	39363
a00001385	39364
a00001386	39365
a00001387	39366
a00001388	39367
a00001389	39368
a00001390	39369
a00001391	39370
a00001392	39371
a00001393	39372
a00001394	39373
a00001395	39374
a00001396	39375
a00001397	39376
a00001398	39377
a00001399	39378
a00001400	39379
a00001401	39380
a00001402	39381
a00001403	39382
a00001404	39383
a00001405	39384
a00001406	39385
a00001407	39386
a00001408	39387
a00001409	39388
a00001410	39389
a00001411	39390
a00001412	39391
a00001413	39392
a00001414	39393
a00001415	39394
a00001416	39395
a00001417	39396
a00001418	39397
a00001419	39398
a00001420	39399
a00001421	39400
a00001422	39401
a00001423	39402
a00001424	39403
a00001425	39404
a00001426	39405
a00001427	39406
a00001428	39407
a00001429	39408
a00001430	39409
a00001431	39410
a00001432	39411
a00001433	39412
a00001434	39413
a00001435	39414
a00001436	39415
a00001437	39416
a00001438	39417
a00001439	39418
a00001440	39419
a00001441	39420
a00001442	39421
a00001443	39422
a00001444	39423
a00001445	39424
a00001446	39425
a00001447	39426
a00001448	39427
a00001449	39428
a00001450	39429
a00001451	39430
a00001452	39431
a00001453	39432
a00001454	39433
a00001455	39434
a00001456	39435
a00001457	39436
a00001458	39437
a00001459	39438
a00001460	39439
a00001461	39440
a00001462	39441
a00001463	39442
a00001464	39443
a00001465	39444
a00001466	39445
a00001467	39446
a00001468	39447
a00001469	39448
a00001470	39449
a00001471	39450
a00001472	39451
a00001473	39452
a00001474	39453
a00001475	39454
a00001476	39455
a00001477	39456
a00001478	39457
a00001479	39458
a00001480	39459
a00001481	39460
a00001482	39461
a00001483	39462
a00001484	39463
a00001485	39464
a00001486	39465
a00001487	39466
a00001488	39467
a00001489	39468
a00001490	39469
a00001491	39470
a00001492	39471
a00001493	39472
a00001494	39473
a00001495	39474
a00001496	39475
a00001497	39476
a00001498	39477
a00001499	39478
a00001500	39479
a00001501	39480
a00001502	39481
a00001503	39482
a00001504	39483
a00001505	39484
a00001506	39485
a00001507	39486
a00001508	39487
a00001509	39488
a00001510	39489
a00001511	39490
a00001512	39491
a00001513	39492
a00001514	39493
a00001515	39494
a00001516	39495
a00001517	39496
a00001518	39497
a00001519	39498
a00001520	39499
a00001521	39500
a00001522	39501
a00001523	39502
a00001524	39503
a00001525	39504
a00001526	39505
a00001527	39506
a00001528	39507
a00001529	39508
a00001530	39509
a00001531	39510
a00001532	39511
a00001533	39512
a00001534	39513
a00001535	39514
a00001536	39515
a00001537	39516
a00001538	39517
a00001539	39518
a00001540	39519
a00001541	39520
a00001542	39521
a00001543	39522
a00001544	39523
a00001545	39524
a00001546	39525
a00001547	39526
a00001548	39527
a00001549	39528
a00001550	39529
a00001551	39530
a00001552	39531
a00001553	39532
a00001554	39533
a00001555	39534
a00001556	39535
a00001557	39536
a00001558	39537
a00001559	39538
a00001560	39539
a00001561	39540
a00001562	39541
a00001563	39542
a00001564	39543
a00001565	39544
a00001566	39545
a00001567	39546
a00001568	39547
a00001569	39548
a00001570	39549
a00001571	39550
a00001572	39551
a00001573	39552
a00001574	39553
a00001575	39554
a00001576	39555
a00001577	39556
a00001578	39557
a00001579	39558
a00001580	39559
a00001581	39560
a00001582	39561
a00001583	39562
a00001584	39563
a00001585	39564
a00001586	39565
a00001587	39566
a00001588	39567
a00001589	39568
a00001590	39569
a00001591	39570
a00001592	39571
a00001593	39572
a00001594	39573
a00001595	39574
a00001596	39575
a00001597	39576
a00001598	39577
a00001599	39578
a00001600	39579
a00001601	39580
a00001602	39581
a00001603	39582
a00001604	39583
a00001605	39584
a00001606	39585
a00001607	39586
a00001608	39587
a00001609	39588
a00001610	39589
a00001611	39590
a00001612	39591
a00001613	39592
a00001614	39593
a00001615	39594
a00001616	39595
a00001617	39596
a00001618	39597
a00001619	39598
a00001620	39599
a00001621	39600
a00001622	39601
a00001623	39602
a00001624	39603
a00001625	39604
a00001626	39605
a00001627	39606
a00001628	39607
a00001629	39608
a00001630	39609
a00001631	39610
a00001632	39611
a00001633	39612
a00001634	39613
a00001635	39614
a00001636	39615
a00001637	39616
a00001638	39617
a00001639	39618
a00001640	39619
a00001641	39620
a00001642	39621
a00001643	39622
a00001644	39623
a00001645	39624
a00001646	39625
a00001647	39626
a00001648	39627
a00001649	39628
a00001650	39629
a00001651	39630
a00001652	39631
a00001653	39632
a00001654	39633
a00001655	39634
a00001656	39635
a00001657	39636
a00001658	39637
a00001659	39638
a00001660	39639
a00001661	39640
a00001662	39641
a00001663	39642
a00001664	39643
a00001665	39644
a00001666	39645
a00001667	39646
a00001668	39647
a00001669	39648
a00001670	39649
a00001671	39650
a00001672	39651
a00001673	39652
a00001674	39653
a00001675	39654
a00001676	39655
a00001677	39656
a00001678	39657
a00001679	39658
a00001680	39659
a00001681	39660
a00001682	39661
a00001683	39662
a00001684	39663
a00001685	39664
a00001686	39665
a00001687	39666
a00001688	39667
a00001689	39668
a00001690	39669
a00001691	39670
a00001692	39671
a00001693	39672
a00001694	39673
a00001695	39674
a00001696	39675
a00001697	39676
a00001698	39677
a00001699	39678
a00001700	39679
a00001701	39680
a00001702	39681
a00001703	39682
a00001704	39683
a00001705	39684
a00001706	39685
a00001707	39686
a00001708	39687
a00001709	39688
a00001710	39689
a00001711	39690
a00001712	39691
a00001713	39692
a00001714	39693
a00001715	39694
a00001716	39695
a00001717	39696
a00001718	39697
a00001719	39698
a00001720	39699
a00001721	39700
a00001722	39701
a00001723	39702
a00001724	39703
a00001725	39704
a00001726	39705
a00001727	39706
a00001728	39707
a00001729	39708
a00001730	39709
a00001731	39710
a00001732	39711
a00001733	39712
a00001734	39713
a00001735	39714
a00001736	39715
a00001737	39716
a00001738	39717
a00001739	39718
a00001740	39719
a00001741	39720
a00001742	39721
a00001743	39722
a00001744	39723
a00001745	39724
a00001746	39725
a00001747	39726
a00001748	39727
a00001749	39728
a00001750	39729
a00001751	39730
a00001752	39731
a00001753	39732
a00001754	39733
a00001755	39734
a00001756	39735
a00001757	39736
a00001758	39737
a00001759	39738
a00001760	39739
a00001761	39740
a00001762	39741
a00001763	39742
a00001764	39743
a00001765	39744
a00001766	39745
a00001767	39746
a00001768	39747
a00001769	39748
a00001770	39749
a00001771	39750
a00001772	39751
a00001773	39752
a00001774	39753
a00001775	39754
a00001776	39755
a00001777	39756
a00001778	39757
a00001779	39758
a00001780	39759
a00001781	39760
a00001782	39761
a00001783	39762
a00001784	39763
a00001785	39764
a00001786	39765
a00001787	39766
a00001788	39767
a00001789	39768
a00001790	39769
a00001791	39770
a00001792	39771
a00001793	39772
a00001794	39773
a00001795	39774
a00001796	39775
a00001797	39776
a00001798	39777
a00001799	39778
a00001800	39779
a00001801	39780
a00001802	39781
a00001803	39782
a00001804	39783
a00001805	39784
a00001806	39785
a00001807	39786
a00001808	39787
a00001809	39788
a00001810	39789
a00001811	39790
a00001812	39791
a00001813	39792
a00001814	39793
a00001815	39794
a00001816	39795
a00001817	39796
a00001818	39797
a00001819	39798
a00001820	39799
a00001821	39800
a00001822	39801
a00001823	39802
a00001824	39803
a00001825	39804
a00001826	39805
a00001827	39806
a00001828	39807
a00001829	39808
a00001830	39809
a00001831	39810
a00001832	39811
a00001833	39812
a00001834	39813
a00001835	39814
a00001836	39815
a00001837	39816
a00001838	39817
a00001839	39818
a00001840	39819
a00001841	39820
a00001842	39821
a00001843	39822
a00001844	39823
a00001845	39824
a00001846	39825
a00001847	39826
a00001848	39827
a00001849	39828
a00001850	39829
a00001851	39830
a00001852	39831
a00001853	39832
a00001854	39833
a00001855	39834
a00001856	39835
a00001857	39836
a00001858	39837
a00001859	39838
a00001860	39839
a00001861	39840
a00001862	39841
a00001863	39842
a00001864	39843
a00001865	39844
a00001866	39845
a00001867	39846
a00001868	39847
a00001869	39848
a00001870	39849
a00001871	39850
a00001872	39851
a00001873	39852
a00001874	39853
a00001875	39854
a00001876	39855
a00001877	39856
a00001878	39857
a00001879	39858
a00001880	39859
a00001881	39860
a00001882	39861
a00001883	39862
a00001884	39863
a00001885	39864
a00001886	39865
a00001887	39866
a00001888	39867
a00001889	39868
a00001890	39869
a00001891	39870
a00001892	39871
a00001893	39872
a00001894	39873
a00001895	39874
a00001896	39875
a00001897	39876
a00001898	39877
a00001899	39878
a00001900	39879
a00001901	39880
a00001902	39881
a00001903	39882
a00001904	39883
a00001905	39884
a00001906	39885
a00001907	39886
a00001908	39887
a00001909	39888
a00001910	39889
a00001911	39890
a00001912	39891
a00001913	39892
a00001914	39893
a00001915	39894
a00001916	39895
a00001917	39896
a00001918	39897
a00001919	39898
a00001920	39899
a00001921	39900
a00001922	39901
a00001923	39902
a00001924	39903
a00001925	39904
a00001926	39905
a00001927	39906
a00001928	39907
a00001929	39908
a00001930	39909
a00001931	39910
a00001932	39911
a00001933	39912
a00001934	39913
a00001935	39914
a00001936	39915
a00001937	39916
a00001938	39917
a00001939	39918
a00001940	39919
a00001941	39920
a00001942	39921
a00001943	39922
a00001944	39923
a00001945	39924
a00001946	39925
a00001947	39926
a00001948	39927
a00001949	39928
a00001950	39929
a00001951	39930
a00001952	39931
a00001953	39932
a00001954	39933
a00001955	39934
a00001956	39935
a00001957	39936
a00001958	39937
a00001959	39938
a00001960	39939
a00001961	39940
a00001962	39941
a00001963	39942
a00001964	39943
a00001965	39944
a00001966	39945
a00001967	39946
a00001968	39947
a00001969	39948
a00001970	39949
a00001971	39950
a00001972	39951
a00001973	39952
a00001974	39953
a00001975	39954
a00001976	39955
a00001977	39956
a00001978	39957
a00001979	39958
a00001980	39959
a00001981	39960
a00001982	39961
a00001983	39962
a00001984	39963
a00001985	39964
a00001986	39965
a00001987	39966
a00001988	39967
a00001989	39968
a00001990	39969
a00001991	39970
a00001992	39971
a00001993	39972
a00001994	39973
a00001995	39974
a00001996	39975
a00001997	39976
a00001998	39977
a00001999	39978
a00002000	39979
a00002001	39980
a00002002	39981
a00002003	39982
a00002004	39983
a00002005	39984
a00002006	39985
a00002007	39986
a00002008	39987
a00002009	39988
a00002010	39989
a00002011	39990
a00002012	39991
a00002013	39992
a00002014	39993
a00002015	39994
a00002016	39995
a00002017	39996
a00002018	39997
a00002019	39998
a00002020	39999
a00002021	40000
a00002022	40001
a00002023	40002
a00002024	40003
a00002025	40004
a00002026	40005
a00002027	40006
a00002028	40007
a00002029	40008
a00002030	40009
a00002031	40010
a00002032	40011
a00002033	40012
a00002034	40013
a00002035	40014
a00002036	40015
a00002037	40016
a00002038	40017
a00002039	40018
a00002040	40019
a00002041	40020
a00002042	40021
a00002043	40022
a00002044	40023
a00002045	40024
a00002046	40025
a00002047	40026
a00002048	40027
a00002049	40028
a00002050	40029
a00002051	40030
a00002052	40031
a00002053	40032
a00002054	40033
a00002055	40034
a00002056	40035
a00002057	40036
a00002058	40037
a00002059	40038
a00002060	40039
a00002061	40040
a00002062	40041
a00002063	40042
a00002064	40043
a00002065	40044
a00002066	40045
a00002067	40046
a00002068	40047
a00002069	40048
a00002070	40049
a00002071	40050
a00002072	40051
a00002073	40052
a00002074	40053
a00002075	40054
a00002076	40055
a00002077	40056
a00002078	40057
a00002079	40058
a00002080	40059
a00002081	40060
a00002082	40061
a00002083	40062
a00002084	40063
a00002085	40064
a00002086	40065
a00002087	40066
a00002088	40067
a00002089	40068
a00002090	40069
a00002091	40070
a00002092	40071
a00002093	40072
a00002094	40073
a00002095	40074
a00002096	40075
a00002097	40076
a00002098	40077
a00002099	40078
a00002100	40079
a00002101	40080
a00002102	40081
a00002103	40082
a00002104	40083
a00002105	40084
a00002106	40085
a00002107	40086
a00002108	40087
a00002109	40088
a00002110	40089
a00002111	40090
a00002112	40091
a00002113	40092
a00002114	40093
a00002115	40094
a00002116	40095
a00002117	40096
a00002118	40097
a00002119	40098
a00002120	40099
a00002121	40100
a00002122	40101
a00002123	40102
a00002124	40103
a00002125	40104
a00002126	40105
a00002127	40106
a00002128	40107
a00002129	40108
a00002130	40109
a00002131	40110
a00002132	40111
a00002133	40112
a00002134	40113
a00002135	40114
a00002136	40115
a00002137	40116
a00002138	40117
a00002139	40118
a00002140	40119
a00002141	40120
a00002142	40121
a00002143	40122
a00002144	40123
a00002145	40124
a00002146	40125
a00002147	40126
a00002148	40127
a00002149	40128
a00002150	40129
a00002151	40130
a00002152	40131
a00002153	40132
a00002154	40133
a00002155	40134
a00002156	40135
a00002157	40136
a00002158	40137
a00002159	40138
a00002160	40139
a00002161	40140
a00002162	40141
a00002163	40142
a00002164	40143
a00002165	40144
a00002166	40145
a00002167	40146
a00002168	40147
a00002169	40148
a00002170	40149
a00002171	40150
a00002172	40151
a00002173	40152
a00002174	40153
a00002175	40154
a00002176	40155
a00002177	40156
a00002178	40157
a00002179	40158
a00002180	40159
a00002181	40160
a00002182	40161
a00002183	40162
a00002184	40163
a00002185	40164
a00002186	40165
a00002187	40166
a00002188	40167
a00002189	40168
a00002190	40169
a00002191	40170
a00002192	40171
a00002193	40172
a00002194	40173
a00002195	40174
a00002196	40175
a00002197	40176
a00002198	40177
a00002199	40178
a00002200	40179
a00002201	40180
a00002202	40181
a00002203	40182
a00002204	40183
a00002205	40184
a00002206	40185
a00002207	40186
a00002208	40187
a00002209	40188
a00002210	40189
a00002211	40190
a00002212	40191
a00002213	40192
a00002214	40193
a00002215	40194
a00002216	40195
a00002217	40196
a00002218	40197
a00002219	40198
a00002220	40199
a00002221	40200
a00002222	40201
a00002223	40202
a00002224	40203
a00002225	40204
a00002226	40205
a00002227	40206
a00002228	40207
a00002229	40208
a00002230	40209
a00002231	40210
a00002232	40211
a00002233	40212
a00002234	40213
a00002235	40214
a00002236	40215
a00002237	40216
a00002238	40217
a00002239	40218
a00002240	40219
a00002241	40220
a00002242	40221
a00002243	40222
a00002244	40223
a00002245	40224
a00002246	40225
a00002247	40226
a00002248	40227
a00002249	40228
a00002250	40229
a00002251	40230
a00002252	40231
a00002253	40232
a00002254	40233
a00002255	40234
a00002256	40235
a00002257	40236
a00002258	40237
a00002259	40238
a00002260	40239
a00002261	40240
a00002262	40241
a00002263	40242
a00002264	40243
a00002265	40244
a00002266	40245
a00002267	40246
a00002268	40247
a00002269	40248
a00002270	40249
a00002271	40250
a00002272	40251
a00002273	40252
a00002274	40253
a00002275	40254
a00002276	40255
a00002277	40256
a00002278	40257
a00002279	40258
a00002280	40259
a00002281	40260
a00002282	40261
a00002283	40262
a00002284	40263
a00002285	40264
a00002286	40265
a00002287	40266
a00002288	40267
a00002289	40268
a00002290	40269
a00002291	40270
a00002292	40271
a00002293	40272
a00002294	40273
a00002295	40274
a00002296	40275
a00002297	40276
a00002298	40277
a00002299	40278
a00002300	40279
a00002301	40280
a00002302	40281
a00002303	40282
a00002304	40283
a00002305	40284
a00002306	40285
a00002307	40286
a00002308	40287
a00002309	40288
a00002310	40289
a00002311	40290
a00002312	40291
a00002313	40292
a00002314	40293
a00002315	40294
a00002316	40295
a00002317	40296
a00002318	40297
a00002319	40298
a00002320	40299
a00002321	40300
a00002322	40301
a00002323	40302
a00002324	40303
a00002325	40304
a00002326	40305
a00002327	40306
a00002328	40307
a00002329	40308
a00002330	40309
a00002331	40310
a00002332	40311
a00002333	40312
a00002334	40313
a00002335	40314
a00002336	40315
a00002337	40316
a00002338	40317
a00002339	40318
a00002340	40319
a00002341	40320
a00002342	40321
a00002343	40322
a00002344	40323
a00002345	40324
a00002346	40325
a00002347	40326
a00002348	40327
a00002349	40328
a00002350	40329
a00002351	40330
a00002352	40331
a00002353	40332
a00002354	40333
a00002355	40334
a00002356	40335
a00002357	40336
a00002358	40337
a00002359	40338
a00002360	40339
a00002361	40340
a00002362	40341
a00002363	40342
a00002364	40343
a00002365	40344
a00002366	40345
a00002367	40346
a00002368	40347
a00002369	40348
a00002370	40349
a00002371	40350
a00002372	40351
a00002373	40352
a00002374	40353
a00002375	40354
a00002376	40355
a00002377	40356
a00002378	40357
a00002379	40358
a00002380	40359
a00002381	40360
a00002382	40361
a00002383	40362
a00002384	40363
a00002385	40364
a00002386	40365
a00002387	40366
a00002388	40367
a00002389	40368
a00002390	40369
a00002391	40370
a00002392	40371
a00002393	40372
a00002394	40373
a00002395	40374
a00002396	40375
a00002397	40376
a00002398	40377
a00002399	40378
a00002400	40379
a00002401	40380
a00002402	40381
a00002403	40382
a00002404	40383
a00002405	40384
a00002406	40385
a00002407	40386
a00002408	40387
a00002409	40388
a00002410	40389
a00002411	40390
a00002412	40391
a00002413	40392
a00002414	40393
a00002415	40394
a00002416	40395
a00002417	40396
a00002418	40397
a00002419	40398
a00002420	40399
a00002421	40400
a00002422	40401
a00002423	40402
a00002424	40403
a00002425	40404
a00002426	40405
a00002427	40406
a00002428	40407
a00002429	40408
a00002430	40409
a00002431	40410
a00002432	40411
a00002433	40412
a00002434	40413
a00002435	40414
a00002436	40415
a00002437	40416
a00002438	40417
a00002439	40418
a00002440	40419
a00002441	40420
a00002442	40421
a00002443	40422
a00002444	40423
a00002445	40424
a00002446	40425
a00002447	40426
a00002448	40427
a00002449	40428
a00002450	40429
a00002451	40430
a00002452	40431
a00002453	40432
a00002454	40433
a00002455	40434
a00002456	40435
a00002457	40436
a00002458	40437
a00002459	40438
a00002460	40439
a00002461	40440
a00002462	40441
a00002463	40442
a00002464	40443
a00002465	40444
a00002466	40445
a00002467	40446
a00002468	40447
a00002469	40448
a00002470	40449
a00002471	40450
a00002472	40451
a00002473	40452
a00002474	40453
a00002475	40454
a00002476	40455
a00002477	40456
a00002478	40457
a00002479	40458
a00002480	40459
a00002481	40460
a00002482	40461
a00002483	40462
a00002484	40463
a00002485	40464
a00002486	40465
a00002487	40466
a00002488	40467
a00002489	40468
a00002490	40469
a00002491	40470
a00002492	40471
a00002493	40472
a00002494	40473
a00002495	40474
a00002496	40475
a00002497	40476
a00002498	40477
a00002499	40478
a00002500	40479
a00002501	40480
a00002502	40481
a00002503	40482
a00002504	40483
a00002505	40484
a00002506	40485
a00002507	40486
a00002508	40487
a00002509	40488
a00002510	40489
a00002511	40490
a00002512	40491
a00002513	40492
a00002514	40493
a00002515	40494
a00002516	40495
a00002517	40496
a00002518	40497
a00002519	40498
a00002520	40499
a00002521	40500
a00002522	40501
a00002523	40502
a00002524	40503
a00002525	40504
a00002526	40505
a00002527	40506
a00002528	40507
a00002529	40508
a00002530	40509
a00002531	40510
a00002532	40511
a00002533	40512
a00002534	40513
a00002535	40514
a00002536	40515
a00002537	40516
a00002538	40517
a00002539	40518
a00002540	40519
a00002541	40520
a00002542	40521
a00002543	40522
a00002544	40523
a00002545	40524
a00002546	40525
a00002547	40526
a00002548	40527
a00002549	40528
a00002550	40529
a00002551	40530
a00002552	40531
a00002553	40532
a00002554	40533
a00002555	40534
a00002556	40535
a00002557	40536
a00002558	40537
a00002559	40538
a00002560	40539
a00002561	40540
a00002562	40541
a00002563	40542
a00002564	40543
a00002565	40544
a00002566	40545
a00002567	40546
a00002568	40547
a00002569	40548
a00002570	40549
a00002571	40550
a00002572	40551
a00002573	40552
a00002574	40553
a00002575	40554
a00002576	40555
a00002577	40556
a00002578	40557
a00002579	40558
a00002580	40559
a00002581	40560
a00002582	40561
a00002583	40562
a00002584	40563
a00002585	40564
a00002586	40565
a00002587	40566
a00002588	40567
a00002589	40568
a00002590	40569
a00002591	40570
a00002592	40571
a00002593	40572
a00002594	40573
a00002595	40574
a00002596	40575
a00002597	40576
a00002598	40577
a00002599	40578
a00002600	40579
a00002601	40580
a00002602	40581
a00002603	40582
a00002604	40583
a00002605	40584
a00002606	40585
a00002607	40586
a00002608	40587
a00002609	40588
a00002610	40589
a00002611	40590
a00002612	40591
a00002613	40592
a00002614	40593
a00002615	40594
a00002616	40595
a00002617	40596
a00002618	40597
a00002619	40598
a00002620	40599
a00002621	40600
a00002622	40601
a00002623	40602
a00002624	40603
a00002625	40604
a00002626	40605
a00002627	40606
a00002628	40607
a00002629	40608
a00002630	40609
a00002631	40610
a00002632	40611
a00002633	40612
a00002634	40613
a00002635	40614
a00002636	40615
a00002637	40616
a00002638	40617
a00002639	40618
a00002640	40619
a00002641	40620
a00002642	40621
a00002643	40622
a00002644	40623
a00002645	40624
a00002646	40625
a00002647	40626
a00002648	40627
a00002649	40628
a00002650	40629
a00002651	40630
a00002652	40631
a00002653	40632
a00002654	40633
a00002655	40634
a00002656	40635
a00002657	40636
a00002658	40637
a00002659	40638
a00002660	40639
a00002661	40640
a00002662	40641
a00002663	40642
a00002664	40643
a00002665	40644
a00002666	40645
a00002667	40646
a00002668	40647
a00002669	40648
a00002670	40649
a00002671	40650
a00002672	40651
a00002673	40652
a00002674	40653
a00002675	40654
a00002676	40655
a00002677	40656
a00002678	40657
a00002679	40658
a00002680	40659
a00002681	40660
a00002682	40661
a00002683	40662
a00002684	40663
a00002685	40664
a00002686	40665
a00002687	40666
a00002688	40667
a00002689	40668
a00002690	40669
a00002691	40670
a00002692	40671
a00002693	40672
a00002694	40673
a00002695	40674
a00002696	40675
a00002697	40676
a00002698	40677
a00002699	40678
a00002700	40679
a00002701	40680
a00002702	40681
a00002703	40682
a00002704	40683
a00002705	40684
a00002706	40685
a00002707	40686
a00002708	40687
a00002709	40688
a00002710	40689
a00002711	40690
a00002712	40691
a00002713	40692
a00002714	40693
a00002715	40694
a00002716	40695
a00002717	40696
a00002718	40697
a00002719	40698
a00002720	40699
a00002721	40700
a00002722	40701
a00002723	40702
a00002724	40703
a00002725	40704
a00002726	40705
a00002727	40706
a00002728	40707
a00002729	40708
a00002730	40709
a00002731	40710
a00002732	40711
a00002733	40712
a00002734	40713
a00002735	40714
a00002736	40715
a00002737	40716
a00002738	40717
a00002739	40718
a00002740	40719
a00002741	40720
a00002742	40721
a00002743	40722
a00002744	40723
a00002745	40724
a00002746	40725
a00002747	40726
a00002748	40727
a00002749	40728
a00002750	40729
a00002751	40730
a00002752	40731
a00002753	40732
a00002754	40733
a00002755	40734
a00002756	40735
a00002757	40736
a00002758	40737
a00002759	40738
a00002760	40739
a00002761	40740
a00002762	40741
a00002763	40742
a00002764	40743
a00002765	40744
a00002766	40745
a00002767	40746
a00002768	40747
a00002769	40748
a00002770	40749
a00002771	40750
a00002772	40751
a00002773	40752
a00002774	40753
a00002775	40754
a00002776	40755
a00002777	40756
a00002778	40757
a00002779	40758
a00002780	40759
a00002781	40760
a00002782	40761
a00002783	40762
a00002784	40763
a00002785	40764
a00002786	40765
a00002787	40766
a00002788	40767
a00002789	40768
a00002790	40769
a00002791	40770
a00002792	40771
a00002793	40772
a00002794	40773
a00002795	40774
a00002796	40775
a00002797	40776
a00002798	40777
a00002799	40778
a00002800	40779
a00002801	40780
a00002802	40781
a00002803	40782
a00002804	40783
a00002805	40784
a00002806	40785
a00002807	40786
a00002808	40787
a00002809	40788
a00002810	40789
a00002811	40790
a00002812	40791
a00002813	40792
a00002814	40793
a00002815	40794
a00002816	40795
a00002817	40796
a00002818	40797
a00002819	40798
a00002820	40799
a00002821	40800
a00002822	40801
a00002823	40802
a00002824	40803
a00002825	40804
a00002826	40805
a00002827	40806
a00002828	40807
a00002829	40808
a00002830	40809
a00002831	40810
a00002832	40811
a00002833	40812
a00002834	40813
a00002835	40814
a00002836	40815
a00002837	40816
a00002838	40817
a00002839	40818
a00002840	40819
a00002841	40820
a00002842	40821
a00002843	40822
a00002844	40823
a00002845	40824
a00002846	40825
a00002847	40826
a00002848	40827
a00002849	40828
a00002850	40829
a00002851	40830
a00002852	40831
a00002853	40832
a00002854	40833
a00002855	40834
a00002856	40835
a00002857	40836
a00002858	40837
a00002859	40838
a00002860	40839
a00002861	40840
a00002862	40841
a00002863	40842
a00002864	40843
a00002865	40844
a00002866	40845
a00002867	40846
a00002868	40847
a00002869	40848
a00002870	40849
a00002871	40850
a00002872	40851
a00002873	40852
a00002874	40853
a00002875	40854
a00002876	40855
a00002877	40856
a00002878	40857
a00002879	40858
a00002880	40859
a00002881	40860
a00002882	40861
a00002883	40862
a00002884	40863
a00002885	40864
a00002886	40865
a00002887	40866
a00002888	40867
a00002889	40868
a00002890	40869
a00002891	40870
a00002892	40871
a00002893	40872
a00002894	40873
a00002895	40874
a00002896	40875
a00002897	40876
a00002898	40877
a00002899	40878
a00002900	40879
a00002901	40880
a00002902	40881
a00002903	40882
a00002904	40883
a00002905	40884
a00002906	40885
a00002907	40886
a00002908	40887
a00002909	40888
a00002910	40889
a00002911	40890
a00002912	40891
a00002913	40892
a00002914	40893
a00002915	40894
a00002916	40895
a00002917	40896
a00002918	40897
a00002919	40898
a00002920	40899
a00002921	40900
a00002922	40901
a00002923	40902
a00002924	40903
a00002925	40904
a00002926	40905
a00002927	40906
a00002928	40907
a00002929	40908
a00002930	40909
a00002931	40910
a00002932	40911
a00002933	40912
a00002934	40913
a00002935	40914
a00002936	40915
a00002937	40916
a00002938	40917
a00002939	40918
a00002940	40919
a00002941	40920
a00002942	40921
a00002943	40922
a00002944	40923
a00002945	40924
a00002946	40925
a00002947	40926
a00002948	40927
a00002949	40928
a00002950	40929
a00002951	40930
a00002952	40931
a00002953	40932
a00002954	40933
a00002955	40934
a00002956	40935
a00002957	40936
a00002958	40937
a00002959	40938
a00002960	40939
a00002961	40940
a00002962	40941
a00002963	40942
a00002964	40943
a00002965	40944
a00002966	40945
a00002967	40946
a00002968	40947
a00002969	40948
a00002970	40949
a00002971	40950
a00002972	40951
a00002973	40952
a00002974	40953
a00002975	40954
a00002976	40955
a00002977	40956
a00002978	40957
a00002979	40958
a00002980	40959
a00002981	40960
a00002982	40961
a00002983	40962
a00002984	40963
a00002985	40964
a00002986	40965
a00002987	40966
a00002988	40967
a00002989	40968
a00002990	40969
a00002991	40970
a00002992	40971
a00002993	40972
a00002994	40973
a00002995	40974
a00002996	40975
a00002997	40976
a00002998	40977
a00002999	40978
a00003000	40979
a00003001	40980
a00003002	40981
a00003003	40982
a00003004	40983
a00003005	40984
a00003006	40985
a00003007	40986
a00003008	40987
a00003009	40988
a00003010	40989
a00003011	40990
a00003012	40991
a00003013	40992
a00003014	40993
a00003015	40994
a00003016	40995
a00003017	40996
a00003018	40997
a00003019	40998
a00003020	40999
a00003021	41000
a00003022	41001
a00003023	41002
a00003024	41003
a00003025	41004
a00003026	41005
a00003027	41006
a00003028	41007
a00003029	41008
a00003030	41009
a00003031	41010
a00003032	41011
a00003033	41012
a00003034	41013
a00003035	41014
a00003036	41015
a00003037	41016
a00003038	41017
a00003039	41018
a00003040	41019
a00003041	41020
a00003042	41021
a00003043	41022
a00003044	41023
a00003045	41024
a00003046	41025
a00003047	41026
a00003048	41027
a00003049	41028
a00003050	41029
a00003051	41030
a00003052	41031
a00003053	41032
a00003054	41033
a00003055	41034
a00003056	41035
a00003057	41036
a00003058	41037
a00003059	41038
a00003060	41039
a00003061	41040
a00003062	41041
a00003063	41042
a00003064	41043
a00003065	41044
a00003066	41045
a00003067	41046
a00003068	41047
a00003069	41048
a00003070	41049
a00003071	41050
a00003072	41051
a00003073	41052
a00003074	41053
a00003075	41054
a00003076	41055
a00003077	41056
a00003078	41057
a00003079	41058
a00003080	41059
a00003081	41060
a00003082	41061
a00003083	41062
a00003084	41063
a00003085	41064
a00003086	41065
a00003087	41066
a00003088	41067
a00003089	41068
a00003090	41069
a00003091	41070
a00003092	41071
a00003093	41072
a00003094	41073
a00003095	41074
a00003096	41075
a00003097	41076
a00003098	41077
a00003099	41078
a00003100	41079
a00003101	41080
a00003102	41081
a00003103	41082
a00003104	41083
a00003105	41084
a00003106	41085
a00003107	41086
a00003108	41087
a00003109	41088
a00003110	41089
a00003111	41090
a00003112	41091
a00003113	41092
a00003114	41093
a00003115	41094
a00003116	41095
a00003117	41096
a00003118	41097
a00003119	41098
a00003120	41099
a00003121	41100
a00003122	41101
a00003123	41102
a00003124	41103
a00003125	41104
a00003126	41105
a00003127	41106
a00003128	41107
a00003129	41108
a00003130	41109
a00003131	41110
a00003132	41111
a00003133	41112
a00003134	41113
a00003135	41114
a00003136	41115
a00003137	41116
a00003138	41117
a00003139	41118
a00003140	41119
a00003141	41120
a00003142	41121
a00003143	41122
a00003144	41123
a00003145	41124
a00003146	41125
a00003147	41126
a00003148	41127
a00003149	41128
a00003150	41129
a00003151	41130
a00003152	41131
a00003153	41132
a00003154	41133
a00003155	41134
a00003156	41135
a00003157	41136
a00003158	41137
a00003159	41138
a00003160	41139
a00003161	41140
a00003162	41141
a00003163	41142
a00003164	41143
a00003165	41144
a00003166	41145
a00003167	41146
a00003168	41147
a00003169	41148
a00003170	41149
a00003171	41150
a00003172	41151
a00003173	41152
a00003174	41153
a00003175	41154
a00003176	41155
a00003177	41156
a00003178	41157
a00003179	41158
a00003180	41159
a00003181	41160
a00003182	41161
a00003183	41162
a00003184	41163
a00003185	41164
a00003186	41165
a00003187	41166
a00003188	41167
a00003189	41168
a00003190	41169
a00003191	41170
a00003192	41171
a00003193	41172
a00003194	41173
a00003195	41174
a00003196	41175
a00003197	41176
a00003198	41177
a00003199	41178
a00003200	41179
a00003201	41180
a00003202	41181
a00003203	41182
a00003204	41183
a00003205	41184
a00003206	41185
a00003207	41186
a00003208	41187
a00003209	41188
a00003210	41189
a00003211	41190
a00003212	41191
a00003213	41192
a00003214	41193
a00003215	41194
a00003216	41195
a00003217	41196
a00003218	41197
a00003219	41198
a00003220	41199
a00003221	41200
a00003222	41201
a00003223	41202
a00003224	41203
a00003225	41204
a00003226	41205
a00003227	41206
a00003228	41207
a00003229	41208
a00003230	41209
a00003231	41210
a00003232	41211
a00003233	41212
a00003234	41213
a00003235	41214
a00003236	41215
a00003237	41216
a00003238	41217
a00003239	41218
a00003240	41219
a00003241	41220
a00003242	41221
a00003243	41222
a00003244	41223
a00003245	41224
a00003246	41225
a00003247	41226
a00003248	41227
a00003249	41228
a00003250	41229
a00003251	41230
a00003252	41231
a00003253	41232
a00003254	41233
a00003255	41234
a00003256	41235
a00003257	41236
a00003258	41237
a00003259	41238
a00003260	41239
a00003261	41240
a00003262	41241
a00003263	41242
a00003264	41243
a00003265	41244
a00003266	41245
a00003267	41246
a00003268	41247
a00003269	41248
a00003270	41249
a00003271	41250
a00003272	41251
a00003273	41252
a00003274	41253
a00003275	41254
a00003276	41255
a00003277	41256
a00003278	41257
a00003279	41258
a00003280	41259
a00003281	41260
a00003282	41261
a00003283	41262
a00003284	41263
a00003285	41264
a00003286	41265
a00003287	41266
a00003288	41267
a00003289	41268
a00003290	41269
a00003291	41270
a00003292	41271
a00003293	41272
a00003294	41273
a00003295	41274
a00003296	41275
a00003297	41276
a00003298	41277
a00003299	41278
a00003300	41279
a00003301	41280
a00003302	41281
a00003303	41282
a00003304	41283
a00003305	41284
a00003306	41285
a00003307	41286
a00003308	41287
a00003309	41288
a00003310	41289
a00003311	41290
a00003312	41291
a00003313	41292
a00003314	41293
a00003315	41294
a00003316	41295
a00003317	41296
a00003318	41297
a00003319	41298
a00003320	41299
a00003321	41300
a00003322	41301
a00003323	41302
a00003324	41303
a00003325	41304
a00003326	41305
a00003327	41306
a00003328	41307
a00003329	41308
a00003330	41309
a00003331	41310
a00003332	41311
a00003333	41312
a00003334	41313
a00003335	41314
a00003336	41315
a00003337	41316
a00003338	41317
a00003339	41318
a00003340	41319
a00003341	41320
a00003342	41321
a00003343	41322
a00003344	41323
a00003345	41324
a00003346	41325
a00003347	41326
a00003348	41327
a00003349	41328
a00003350	41329
a00003351	41330
a00003352	41331
a00003353	41332
a00003354	41333
a00003355	41334
a00003356	41335
a00003357	41336
a00003358	41337
a00003359	41338
a00003360	41339
a00003361	41340
a00003362	41341
a00003363	41342
a00003364	41343
a00003365	41344
a00003366	41345
a00003367	41346
a00003368	41347
a00003369	41348
a00003370	41349
a00003371	41350
a00003372	41351
a00003373	41352
a00003374	41353
a00003375	41354
a00003376	41355
a00003377	41356
a00003378	41357
a00003379	41358
a00003380	41359
a00003381	41360
a00003382	41361
a00003383	41362
a00003384	41363
a00003385	41364
a00003386	41365
a00003387	41366
a00003388	41367
a00003389	41368
a00003390	41369
a00003391	41370
a00003392	41371
a00003393	41372
a00003394	41373
a00003395	41374
a00003396	41375
a00003397	41376
a00003398	41377
a00003399	41378
a00003400	41379
a00003401	41380
a00003402	41381
a00003403	41382
a00003404	41383
a00003405	41384
a00003406	41385
a00003407	41386
a00003408	41387
a00003409	41388
a00003410	41389
a00003411	41390
a00003412	41391
a00003413	41392
a00003414	41393
a00003415	41394
a00003416	41395
a00003417	41396
a00003418	41397
a00003419	41398
a00003420	41399
a00003421	41400
a00003422	41401
a00003423	41402
a00003424	41403
a00003425	41404
a00003426	41405
a00003427	41406
a00003428	41407
a00003429	41408
a00003430	41409
a00003431	41410
a00003432	41411
a00003433	41412
a00003434	41413
a00003435	41414
a00003436	41415
a00003437	41416
a00003438	41417
a00003439	41418
a00003440	41419
a00003441	41420
a00003442	41421
a00003443	41422
a00003444	41423
a00003445	41424
a00003446	41425
a00003447	41426
a00003448	41427
a00003449	41428
a00003450	41429
a00003451	41430
a00003452	41431
a00003453	41432
a00003454	41433
a00003455	41434
a00003456	41435
a00003457	41436
a00003458	41437
a00003459	41438
a00003460	41439
a00003461	41440
a00003462	41441
a00003463	41442
a00003464	41443
a00003465	41444
a00003466	41445
a00003467	41446
a00003468	41447
a00003469	41448
a00003470	41449
a00003471	41450
a00003472	41451
a00003473	41452
a00003474	41453
a00003475	41454
a00003476	41455
a00003477	41456
a00003478	41457
a00003479	41458
a00003480	41459
a00003481	41460
a00003482	41461
a00003483	41462
a00003484	41463
a00003485	41464
a00003486	41465
a00003487	41466
a00003488	41467
a00003489	41468
a00003490	41469
a00003491	41470
a00003492	41471
a00003493	41472
a00003494	41473
a00003495	41474
a00003496	41475
a00003497	41476
a00003498	41477
a00003499	41478
a00003500	41479
a00003501	41480
a00003502	41481
a00003503	41482
a00003504	41483
a00003505	41484
a00003506	41485
a00003507	41486
a00003508	41487
a00003509	41488
a00003510	41489
a00003511	41490
a00003512	41491
a00003513	41492
a00003514	41493
a00003515	41494
a00003516	41495
a00003517	41496
a00003518	41497
a00003519	41498
a00003520	41499
a00003521	41500
a00003522	41501
a00003523	41502
a00003524	41503
a00003525	41504
a00003526	41505
a00003527	41506
a00003528	41507
a00003529	41508
a00003530	41509
a00003531	41510
a00003532	41511
a00003533	41512
a00003534	41513
a00003535	41514
a00003536	41515
a00003537	41516
a00003538	41517
a00003539	41518
a00003540	41519
a00003541	41520
a00003542	41521
a00003543	41522
a00003544	41523
a00003545	41524
a00003546	41525
a00003547	41526
a00003548	41527
a00003549	41528
a00003550	41529
a00003551	41530
a00003552	41531
a00003553	41532
a00003554	41533
a00003555	41534
a00003556	41535
a00003557	41536
a00003558	41537
a00003559	41538
a00003560	41539
a00003561	41540
a00003562	41541
a00003563	41542
a00003564	41543
a00003565	41544
a00003566	41545
a00003567	41546
a00003568	41547
a00003569	41548
a00003570	41549
a00003571	41550
a00003572	41551
a00003573	41552
a00003574	41553
a00003575	41554
a00003576	41555
a00003577	41556
a00003578	41557
a00003579	41558
a00003580	41559
a00003581	41560
a00003582	41561
a00003583	41562
a00003584	41563
a00003585	41564
a00003586	41565
a00003587	41566
a00003588	41567
a00003589	41568
a00003590	41569
a00003591	41570
a00003592	41571
a00003593	41572
a00003594	41573
a00003595	41574
a00003596	41575
a00003597	41576
a00003598	41577
a00003599	41578
a00003600	41579
a00003601	41580
a00003602	41581
a00003603	41582
a00003604	41583
a00003605	41584
a00003606	41585
a00003607	41586
a00003608	41587
a00003609	41588
a00003610	41589
a00003611	41590
a00003612	41591
a00003613	41592
a00003614	41593
a00003615	41594
a00003616	41595
a00003617	41596
a00003618	41597
a00003619	41598
a00003620	41599
a00003621	41600
a00003622	41601
a00003623	41602
a00003624	41603
a00003625	41604
a00003626	41605
a00003627	41606
a00003628	41607
a00003629	41608
a00003630	41609
a00003631	41610
a00003632	41611
a00003633	41612
a00003634	41613
a00003635	41614
a00003636	41615
a00003637	41616
a00003638	41617
a00003639	41618
a00003640	41619
a00003641	41620
a00003642	41621
a00003643	41622
a00003644	41623
a00003645	41624
a00003646	41625
a00003647	41626
a00003648	41627
a00003649	41628
a00003650	41629
a00003651	41630
a00003652	41631
a00003653	41632
a00003654	41633
a00003655	41634
a00003656	41635
a00003657	41636
a00003658	41637
a00003659	41638
a00003660	41639
a00003661	41640
a00003662	41641
a00003663	41642
a00003664	41643
a00003665	41644
a00003666	41645
a00003667	41646
a00003668	41647
a00003669	41648
a00003670	41649
a00003671	41650
a00003672	41651
a00003673	41652
a00003674	41653
a00003675	41654
a00003676	41655
a00003677	41656
a00003678	41657
a00003679	41658
a00003680	41659
a00003681	41660
a00003682	41661
a00003683	41662
a00003684	41663
a00003685	41664
a00003686	41665
a00003687	41666
a00003688	41667
a00003689	41668
a00003690	41669
a00003691	41670
a00003692	41671
a00003693	41672
a00003694	41673
a00003695	41674
a00003696	41675
a00003697	41676
a00003698	41677
a00003699	41678
a00003700	41679
a00003701	41680
a00003702	41681
a00003703	41682
a00003704	41683
a00003705	41684
a00003706	41685
a00003707	41686
a00003708	41687
a00003709	41688
a00003710	41689
a00003711	41690
a00003712	41691
a00003713	41692
a00003714	41693
a00003715	41694
a00003716	41695
a00003717	41696
a00003718	41697
a00003719	41698
a00003720	41699
a00003721	41700
a00003722	41701
a00003723	41702
a00003724	41703
a00003725	41704
a00003726	41705
a00003727	41706
a00003728	41707
a00003729	41708
a00003730	41709
a00003731	41710
a00003732	41711
a00003733	41712
a00003734	41713
a00003735	41714
a00003736	41715
a00003737	41716
a00003738	41717
a00003739	41718
a00003740	41719
a00003741	41720
a00003742	41721
a00003743	41722
a00003744	41723
a00003745	41724
a00003746	41725
a00003747	41726
a00003748	41727
a00003749	41728
a00003750	41729
a00003751	41730
a00003752	41731
a00003753	41732
a00003754	41733
a00003755	41734
a00003756	41735
a00003757	41736
a00003758	41737
a00003759	41738
a00003760	41739
a00003761	41740
a00003762	41741
a00003763	41742
a00003764	41743
a00003765	41744
a00003766	41745
a00003767	41746
a00003768	41747
a00003769	41748
a00003770	41749
a00003771	41750
a00003772	41751
a00003773	41752
a00003774	41753
a00003775	41754
a00003776	41755
a00003777	41756
a00003778	41757
a00003779	41758
a00003780	41759
a00003781	41760
a00003782	41761
a00003783	41762
a00003784	41763
a00003785	41764
a00003786	41765
a00003787	41766
a00003788	41767
a00003789	41768
a00003790	41769
a00003791	41770
a00003792	41771
a00003793	41772
a00003794	41773
a00003795	41774
a00003796	41775
a00003797	41776
a00003798	41777
a00003799	41778
a00003800	41779
a00003801	41780
a00003802	41781
a00003803	41782
a00003804	41783
a00003805	41784
a00003806	41785
a00003807	41786
a00003808	41787
a00003809	41788
a00003810	41789
a00003811	41790
a00003812	41791
a00003813	41792
a00003814	41793
a00003815	41794
a00003816	41795
a00003817	41796
a00003818	41797
a00003819	41798
a00003820	41799
a00003821	41800
a00003822	41801
a00003823	41802
a00003824	41803
a00003825	41804
a00003826	41805
a00003827	41806
a00003828	41807
a00003829	41808
a00003830	41809
a00003831	41810
a00003832	41811
a00003833	41812
a00003834	41813
a00003835	41814
a00003836	41815
a00003837	41816
a00003838	41817
a00003839	41818
a00003840	41819
a00003841	41820
a00003842	41821
a00003843	41822
a00003844	41823
a00003845	41824
a00003846	41825
a00003847	41826
a00003848	41827
a00003849	41828
a00003850	41829
a00003851	41830
a00003852	41831
a00003853	41832
a00003854	41833
a00003855	41834
a00003856	41835
a00003857	41836
a00003858	41837
a00003859	41838
a00003860	41839
a00003861	41840
a00003862	41841
a00003863	41842
a00003864	41843
a00003865	41844
a00003866	41845
a00003867	41846
a00003868	41847
a00003869	41848
a00003870	41849
a00003871	41850
a00003872	41851
a00003873	41852
a00003874	41853
a00003875	41854
a00003876	41855
a00003877	41856
a00003878	41857
a00003879	41858
a00003880	41859
a00003881	41860
a00003882	41861
a00003883	41862
a00003884	41863
a00003885	41864
a00003886	41865
a00003887	41866
a00003888	41867
a00003889	41868
a00003890	41869
a00003891	41870
a00003892	41871
a00003893	41872
a00003894	41873
a00003895	41874
a00003896	41875
a00003897	41876
a00003898	41877
a00003899	41878
a00003900	41879
a00003901	41880
a00003902	41881
a00003903	41882
a00003904	41883
a00003905	41884
a00003906	41885
a00003907	41886
a00003908	41887
a00003909	41888
a00003910	41889
a00003911	41890
a00003912	41891
a00003913	41892
a00003914	41893
a00003915	41894
a00003916	41895
a00003917	41896
a00003918	41897
a00003919	41898
a00003920	41899
a00003921	41900
a00003922	41901
a00003923	41902
a00003924	41903
a00003925	41904
a00003926	41905
a00003927	41906
a00003928	41907
a00003929	41908
a00003930	41909
a00003931	41910
a00003932	41911
a00003933	41912
a00003934	41913
a00003935	41914
a00003936	41915
a00003937	41916
a00003938	41917
a00003939	41918
a00003940	41919
a00003941	41920
a00003942	41921
a00003943	41922
a00003944	41923
a00003945	41924
a00003946	41925
a00003947	41926
a00003948	41927
a00003949	41928
a00003950	41929
a00003951	41930
a00003952	41931
a00003953	41932
a00003954	41933
a00003955	41934
a00003956	41935
a00003957	41936
a00003958	41937
a00003959	41938
a00003960	41939
a00003961	41940
a00003962	41941
a00003963	41942
a00003964	41943
a00003965	41944
a00003966	41945
a00003967	41946
a00003968	41947
a00003969	41948
a00003970	41949
a00003971	41950
a00003972	41951
a00003973	41952
a00003974	41953
a00003975	41954
a00003976	41955
a00003977	41956
a00003978	41957
a00003979	41958
a00003980	41959
a00003981	41960
a00003982	41961
a00003983	41962
a00003984	41963
a00003985	41964
a00003986	41965
a00003987	41966
a00003988	41967
a00003989	41968
a00003990	41969
a00003991	41970
a00003992	41971
a00003993	41972
a00003994	41973
a00003995	41974
a00003996	41975
a00003997	41976
a00003998	41977
a00003999	41978
a00004000	41979
a00004001	41980
a00004002	41981
a00004003	41982
a00004004	41983
a00004005	41984
a00004006	41985
a00004007	41986
a00004008	41987
a00004009	41988
a00004010	41989
a00004011	41990
a00004012	41991
a00004013	41992
a00004014	41993
a00004015	41994
a00004016	41995
a00004017	41996
a00004018	41997
a00004019	41998
a00004020	41999
a00004021	42000
a00004022	42001
a00004023	42002
a00004024	42003
a00004025	42004
a00004026	42005
a00004027	42006
a00004028	42007
a00004029	42008
a00004030	42009
a00004031	42010
a00004032	42011
a00004033	42012
a00004034	42013
a00004035	42014
a00004036	42015
a00004037	42016
a00004038	42017
a00004039	42018
a00004040	42019
a00004041	42020
a00004042	42021
a00004043	42022
a00004044	42023
a00004045	42024
a00004046	42025
a00004047	42026
a00004048	42027
a00004049	42028
a00004050	42029
a00004051	42030
a00004052	42031
a00004053	42032
a00004054	42033
a00004055	42034
a00004056	42035
a00004057	42036
a00004058	42037
a00004059	42038
a00004060	42039
a00004061	42040
a00004062	42041
a00004063	42042
a00004064	42043
a00004065	42044
a00004066	42045
a00004067	42046
a00004068	42047
a00004069	42048
a00004070	42049
a00004071	42050
a00004072	42051
a00004073	42052
a00004074	42053
a00004075	42054
a00004076	42055
a00004077	42056
a00004078	42057
a00004079	42058
a00004080	42059
a00004081	42060
a00004082	42061
a00004083	42062
a00004084	42063
a00004085	42064
a00004086	42065
a00004087	42066
a00004088	42067
a00004089	42068
a00004090	42069
a00004091	42070
a00004092	42071
a00004093	42072
a00004094	42073
a00004095	42074
a00004096	42075
a00004097	42076
a00004098	42077
a00004099	42078
a00004100	42079
a00004101	42080
a00004102	42081
a00004103	42082
a00004104	42083
a00004105	42084
a00004106	42085
a00004107	42086
a00004108	42087
a00004109	42088
a00004110	42089
a00004111	42090
a00004112	42091
a00004113	42092
a00004114	42093
a00004115	42094
a00004116	42095
a00004117	42096
a00004118	42097
a00004119	42098
a00004120	42099
a00004121	42100
a00004122	42101
a00004123	42102
a00004124	42103
a00004125	42104
a00004126	42105
a00004127	42106
a00004128	42107
a00004129	42108
a00004130	42109
a00004131	42110
a00004132	42111
a00004133	42112
a00004134	42113
a00004135	42114
a00004136	42115
a00004137	42116
a00004138	42117
a00004139	42118
a00004140	42119
a00004141	42120
a00004142	42121
a00004143	42122
a00004144	42123
a00004145	42124
a00004146	42125
a00004147	42126
a00004148	42127
a00004149	42128
a00004150	42129
a00004151	42130
a00004152	42131
a00004153	42132
a00004154	42133
a00004155	42134
a00004156	42135
a00004157	42136
a00004158	42137
a00004159	42138
a00004160	42139
a00004161	42140
a00004162	42141
a00004163	42142
a00004164	42143
a00004165	42144
a00004166	42145
a00004167	42146
a00004168	42147
a00004169	42148
a00004170	42149
a00004171	42150
a00004172	42151
a00004173	42152
a00004174	42153
a00004175	42154
a00004176	42155
a00004177	42156
a00004178	42157
a00004179	42158
a00004180	42159
a00004181	42160
a00004182	42161
a00004183	42162
a00004184	42163
a00004185	42164
a00004186	42165
a00004187	42166
a00004188	42167
a00004189	42168
a00004190	42169
a00004191	42170
a00004192	42171
a00004193	42172
a00004194	42173
a00004195	42174
a00004196	42175
a00004197	42176
a00004198	42177
a00004199	42178
a00004200	42179
a00004201	42180
a00004202	42181
a00004203	42182
a00004204	42183
a00004205	42184
a00004206	42185
a00004207	42186
a00004208	42187
a00004209	42188
a00004210	42189
a00004211	42190
a00004212	42191
a00004213	42192
a00004214	42193
a00004215	42194
a00004216	42195
a00004217	42196
a00004218	42197
a00004219	42198
a00004220	42199
a00004221	42200
a00004222	42201
a00004223	42202
a00004224	42203
a00004225	42204
a00004226	42205
a00004227	42206
a00004228	42207
a00004229	42208
a00004230	42209
a00004231	42210
a00004232	42211
a00004233	42212
a00004234	42213
a00004235	42214
a00004236	42215
a00004237	42216
a00004238	42217
a00004239	42218
a00004240	42219
a00004241	42220
a00004242	42221
a00004243	42222
a00004244	42223
a00004245	42224
a00004246	42225
a00004247	42226
a00004248	42227
a00004249	42228
a00004250	42229
a00004251	42230
a00004252	42231
a00004253	42232
a00004254	42233
a00004255	42234
a00004256	42235
a00004257	42236
a00004258	42237
a00004259	42238
a00004260	42239
a00004261	42240
a00004262	42241
a00004263	42242
a00004264	42243
a00004265	42244
a00004266	42245
a00004267	42246
a00004268	42247
a00004269	42248
a00004270	42249
a00004271	42250
a00004272	42251
a00004273	42252
a00004274	42253
a00004275	42254
a00004276	42255
a00004277	42256
a00004278	42257
a00004279	42258
a00004280	42259
a00004281	42260
a00004282	42261
a00004283	42262
a00004284	42263
a00004285	42264
a00004286	42265
a00004287	42266
a00004288	42267
a00004289	42268
a00004290	42269
a00004291	42270
a00004292	42271
a00004293	42272
a00004294	42273
a00004295	42274
a00004296	42275
a00004297	42276
a00004298	42277
a00004299	42278
a00004300	42279
a00004301	42280
a00004302	42281
a00004303	42282
a00004304	42283
a00004305	42284
a00004306	42285
a00004307	42286
a00004308	42287
a00004309	42288
a00004310	42289
a00004311	42290
a00004312	42291
a00004313	42292
a00004314	42293
a00004315	42294
a00004316	42295
a00004317	42296
a00004318	42297
a00004319	42298
a00004320	42299
a00004321	42300
a00004322	42301
a00004323	42302
a00004324	42303
a00004325	42304
a00004326	42305
a00004327	42306
a00004328	42307
a00004329	42308
a00004330	42309
a00004331	42310
a00004332	42311
a00004333	42312
a00004334	42313
a00004335	42314
a00004336	42315
a00004337	42316
a00004338	42317
a00004339	42318
a00004340	42319
a00004341	42320
a00004342	42321
a00004343	42322
a00004344	42323
a00004345	42324
a00004346	42325
a00004347	42326
a00004348	42327
a00004349	42328
a00004350	42329
a00004351	42330
a00004352	42331
a00004353	42332
a00004354	42333
a00004355	42334
a00004356	42335
a00004357	42336
a00004358	42337
a00004359	42338
a00004360	42339
a00004361	42340
a00004362	42341
a00004363	42342
a00004364	42343
a00004365	42344
a00004366	42345
a00004367	42346
a00004368	42347
a00004369	42348
a00004370	42349
a00004371	42350
a00004372	42351
a00004373	42352
a00004374	42353
a00004375	42354
a00004376	42355
a00004377	42356
a00004378	42357
a00004379	42358
a00004380	42359
a00004381	42360
a00004382	42361
a00004383	42362
a00004384	42363
a00004385	42364
a00004386	42365
a00004387	42366
a00004388	42367
a00004389	42368
a00004390	42369
a00004391	42370
a00004392	42371
a00004393	42372
a00004394	42373
a00004395	42374
a00004396	42375
a00004397	42376
a00004398	42377
a00004399	42378
a00004400	42379
a00004401	42380
a00004402	42381
a00004403	42382
a00004404	42383
a00004405	42384
a00004406	42385
a00004407	42386
a00004408	42387
a00004409	42388
a00004410	42389
a00004411	42390
a00004412	42391
a00004413	42392
a00004414	42393
a00004415	42394
a00004416	42395
a00004417	42396
a00004418	42397
a00004419	42398
a00004420	42399
a00004421	42400
a00004422	42401
a00004423	42402
a00004424	42403
a00004425	42404
a00004426	42405
a00004427	42406
a00004428	42407
a00004429	42408
a00004430	42409
a00004431	42410
a00004432	42411
a00004433	42412
a00004434	42413
a00004435	42414
a00004436	42415
a00004437	42416
a00004438	42417
a00004439	42418
a00004440	42419
a00004441	42420
a00004442	42421
a00004443	42422
a00004444	42423
a00004445	42424
a00004446	42425
a00004447	42426
a00004448	42427
a00004449	42428
a00004450	42429
a00004451	42430
a00004452	42431
a00004453	42432
a00004454	42433
a00004455	42434
a00004456	42435
a00004457	42436
a00004458	42437
a00004459	42438
a00004460	42439
a00004461	42440
a00004462	42441
a00004463	42442
a00004464	42443
a00004465	42444
a00004466	42445
a00004467	42446
a00004468	42447
a00004469	42448
a00004470	42449
a00004471	42450
a00004472	42451
a00004473	42452
a00004474	42453
a00004475	42454
a00004476	42455
a00004477	42456
a00004478	42457
a00004479	42458
a00004480	42459
a00004481	42460
a00004482	42461
a00004483	42462
a00004484	42463
a00004485	42464
a00004486	42465
a00004487	42466
a00004488	42467
a00004489	42468
a00004490	42469
a00004491	42470
a00004492	42471
a00004493	42472
a00004494	42473
a00004495	42474
a00004496	42475
a00004497	42476
a00004498	42477
a00004499	42478
a00004500	42479
a00004501	42480
a00004502	42481
a00004503	42482
a00004504	42483
a00004505	42484
a00004506	42485
a00004507	42486
a00004508	42487
a00004509	42488
a00004510	42489
a00004511	42490
a00004512	42491
a00004513	42492
a00004514	42493
a00004515	42494
a00004516	42495
a00004517	42496
a00004518	42497
a00004519	42498
a00004520	42499
a00004521	42500
a00004522	42501
a00004523	42502
a00004524	42503
a00004525	42504
a00004526	42505
a00004527	42506
a00004528	42507
a00004529	42508
a00004530	42509
a00004531	42510
a00004532	42511
a00004533	42512
a00004534	42513
a00004535	42514
a00004536	42515
a00004537	42516
a00004538	42517
a00004539	42518
a00004540	42519
a00004541	42520
a00004542	42521
a00004543	42522
a00004544	42523
a00004545	42524
a00004546	42525
a00004547	42526
a00004548	42527
a00004549	42528
a00004550	42529
a00004551	42530
a00004552	42531
a00004553	42532
a00004554	42533
a00004555	42534
a00004556	42535
a00004557	42536
a00004558	42537
a00004559	42538
a00004560	42539
a00004561	42540
a00004562	42541
a00004563	42542
a00004564	42543
a00004565	42544
a00004566	42545
a00004567	42546
a00004568	42547
a00004569	42548
a00004570	42549
a00004571	42550
a00004572	42551
a00004573	42552
a00004574	42553
a00004575	42554
a00004576	42555
a00004577	42556
a00004578	42557
a00004579	42558
a00004580	42559
a00004581	42560
a00004582	42561
a00004583	42562
a00004584	42563
a00004585	42564
a00004586	42565
a00004587	42566
a00004588	42567
a00004589	42568
a00004590	42569
a00004591	42570
a00004592	42571
a00004593	42572
a00004594	42573
a00004595	42574
a00004596	42575
a00004597	42576
a00004598	42577
a00004599	42578
a00004600	42579
a00004601	42580
a00004602	42581
a00004603	42582
a00004604	42583
a00004605	42584
a00004606	42585
a00004607	42586
a00004608	42587
a00004609	42588
a00004610	42589
a00004611	42590
a00004612	42591
a00004613	42592
a00004614	42593
a00004615	42594
a00004616	42595
a00004617	42596
a00004618	42597
a00004619	42598
a00004620	42599
a00004621	42600
a00004622	42601
a00004623	42602
a00004624	42603
a00004625	42604
a00004626	42605
a00004627	42606
a00004628	42607
a00004629	42608
a00004630	42609
a00004631	42610
a00004632	42611
a00004633	42612
a00004634	42613
a00004635	42614
a00004636	42615
a00004637	42616
a00004638	42617
a00004639	42618
a00004640	42619
a00004641	42620
a00004642	42621
a00004643	42622
a00004644	42623
a00004645	42624
a00004646	42625
a00004647	42626
a00004648	42627
a00004649	42628
a00004650	42629
a00004651	42630
a00004652	42631
a00004653	42632
a00004654	42633
a00004655	42634
a00004656	42635
a00004657	42636
a00004658	42637
a00004659	42638
a00004660	42639
a00004661	42640
a00004662	42641
a00004663	42642
a00004664	42643
a00004665	42644
a00004666	42645
a00004667	42646
a00004668	42647
a00004669	42648
a00004670	42649
a00004671	42650
a00004672	42651
a00004673	42652
a00004674	42653
a00004675	42654
a00004676	42655
a00004677	42656
a00004678	42657
a00004679	42658
a00004680	42659
a00004681	42660
a00004682	42661
a00004683	42662
a00004684	42663
a00004685	42664
a00004686	42665
a00004687	42666
a00004688	42667
a00004689	42668
a00004690	42669
a00004691	42670
a00004692	42671
a00004693	42672
a00004694	42673
a00004695	42674
a00004696	42675
a00004697	42676
a00004698	42677
a00004699	42678
a00004700	42679
a00004701	42680
a00004702	42681
a00004703	42682
a00004704	42683
a00004705	42684
a00004706	42685
a00004707	42686
a00004708	42687
a00004709	42688
a00004710	42689
a00004711	42690
a00004712	42691
a00004713	42692
a00004714	42693
a00004715	42694
a00004716	42695
a00004717	42696
a00004718	42697
a00004719	42698
a00004720	42699
a00004721	42700
a00004722	42701
a00004723	42702
a00004724	42703
a00004725	42704
a00004726	42705
a00004727	42706
a00004728	42707
a00004729	42708
a00004730	42709
a00004731	42710
a00004732	42711
a00004733	42712
a00004734	42713
a00004735	42714
a00004736	42715
a00004737	42716
a00004738	42717
a00004739	42718
a00004740	42719
a00004741	42720
a00004742	42721
a00004743	42722
a00004744	42723
a00004745	42724
a00004746	42725
a00004747	42726
a00004748	42727
a00004749	42728
a00004750	42729
a00004751	42730
a00004752	42731
a00004753	42732
a00004754	42733
a00004755	42734
a00004756	42735
a00004757	42736
a00004758	42737
a00004759	42738
a00004760	42739
a00004761	42740
a00004762	42741
a00004763	42742
a00004764	42743
a00004765	42744
a00004766	42745
a00004767	42746
a00004768	42747
a00004769	42748
a00004770	42749
a00004771	42750
a00004772	42751
a00004773	42752
a00004774	42753
a00004775	42754
a00004776	42755
a00004777	42756
a00004778	42757
a00004779	42758
a00004780	42759
a00004781	42760
a00004782	42761
a00004783	42762
a00004784	42763
a00004785	42764
a00004786	42765
a00004787	42766
a00004788	42767
a00004789	42768
a00004790	42769
a00004791	42770
a00004792	42771
a00004793	42772
a00004794	42773
a00004795	42774
a00004796	42775
a00004797	42776
a00004798	42777
a00004799	42778
a00004800	42779
a00004801	42780
a00004802	42781
a00004803	42782
a00004804	42783
a00004805	42784
a00004806	42785
a00004807	42786
a00004808	42787
a00004809	42788
a00004810	42789
a00004811	42790
a00004812	42791
a00004813	42792
a00004814	42793
a00004815	42794
a00004816	42795
a00004817	42796
a00004818	42797
a00004819	42798
a00004820	42799
a00004821	42800
a00004822	42801
a00004823	42802
a00004824	42803
a00004825	42804
a00004826	42805
a00004827	42806
a00004828	42807
a00004829	42808
a00004830	42809
a00004831	42810
a00004832	42811
a00004833	42812
a00004834	42813
a00004835	42814
a00004836	42815
a00004837	42816
a00004838	42817
a00004839	42818
a00004840	42819
a00004841	42820
a00004842	42821
a00004843	42822
a00004844	42823
a00004845	42824
a00004846	42825
a00004847	42826
a00004848	42827
a00004849	42828
a00004850	42829
a00004851	42830
a00004852	42831
a00004853	42832
a00004854	42833
a00004855	42834
a00004856	42835
a00004857	42836
a00004858	42837
a00004859	42838
a00004860	42839
a00004861	42840
a00004862	42841
a00004863	42842
a00004864	42843
a00004865	42844
a00004866	42845
a00004867	42846
a00004868	42847
a00004869	42848
a00004870	42849
a00004871	42850
a00004872	42851
a00004873	42852
a00004874	42853
a00004875	42854
a00004876	42855
a00004877	42856
a00004878	42857
a00004879	42858
a00004880	42859
a00004881	42860
a00004882	42861
a00004883	42862
a00004884	42863
a00004885	42864
a00004886	42865
a00004887	42866
a00004888	42867
a00004889	42868
a00004890	42869
a00004891	42870
a00004892	42871
a00004893	42872
a00004894	42873
a00004895	42874
a00004896	42875
a00004897	42876
a00004898	42877
a00004899	42878
a00004900	42879
a00004901	42880
a00004902	42881
a00004903	42882
a00004904	42883
a00004905	42884
a00004906	42885
a00004907	42886
a00004908	42887
a00004909	42888
a00004910	42889
a00004911	42890
a00004912	42891
a00004913	42892
a00004914	42893
a00004915	42894
a00004916	42895
a00004917	42896
a00004918	42897
a00004919	42898
a00004920	42899
a00004921	42900
a00004922	42901
a00004923	42902
a00004924	42903
a00004925	42904
a00004926	42905
a00004927	42906
a00004928	42907
a00004929	42908
a00004930	42909
a00004931	42910
a00004932	42911
a00004933	42912
a00004934	42913
a00004935	42914
a00004936	42915
a00004937	42916
a00004938	42917
a00004939	42918
a00004940	42919
a00004941	42920
a00004942	42921
a00004943	42922
a00004944	42923
a00004945	42924
a00004946	42925
a00004947	42926
a00004948	42927
a00004949	42928
a00004950	42929
a00004951	42930
a00004952	42931
a00004953	42932
a00004954	42933
a00004955	42934
a00004956	42935
a00004957	42936
a00004958	42937
a00004959	42938
a00004960	42939
a00004961	42940
a00004962	42941
a00004963	42942
a00004964	42943
a00004965	42944
a00004966	42945
a00004967	42946
a00004968	42947
a00004969	42948
a00004970	42949
a00004971	42950
a00004972	42951
a00004973	42952
a00004974	42953
a00004975	42954
a00004976	42955
a00004977	42956
a00004978	42957
a00004979	42958
a00004980	42959
a00004981	42960
a00004982	42961
a00004983	42962
a00004984	42963
a00004985	42964
a00004986	42965
a00004987	42966
a00004988	42967
a00004989	42968
a00004990	42969
a00004991	42970
a00004992	42971
a00004993	42972
a00004994	42973
a00004995	42974
a00004996	42975
a00004997	42976
a00004998	42977
a00004999	42978
a00005000	42979
a00005001	42980
a00005002	42981
a00005003	42982
a00005004	42983
a00005005	42984
a00005006	42985
a00005007	42986
a00005008	42987
a00005009	42988
a00005010	42989
a00005011	42990
a00005012	42991
a00005013	42992
a00005014	42993
a00005015	42994
a00005016	42995
a00005017	42996
a00005018	42997
a00005019	42998
a00005020	42999
a00005021	43000
a00005022	43001
a00005023	43002
a00005024	43003
a00005025	43004
a00005026	43005
a00005027	43006
a00005028	43007
a00005029	43008
a00005030	43009
a00005031	43010
a00005032	43011
a00005033	43012
a00005034	43013
a00005035	43014
a00005036	43015
a00005037	43016
a00005038	43017
a00005039	43018
a00005040	43019
a00005041	43020
a00005042	43021
a00005043	43022
a00005044	43023
a00005045	43024
a00005046	43025
a00005047	43026
a00005048	43027
a00005049	43028
a00005050	43029
a00005051	43030
a00005052	43031
a00005053	43032
a00005054	43033
a00005055	43034
a00005056	43035
a00005057	43036
a00005058	43037
a00005059	43038
a00005060	43039
a00005061	43040
a00005062	43041
a00005063	43042
a00005064	43043
a00005065	43044
a00005066	43045
a00005067	43046
a00005068	43047
a00005069	43048
a00005070	43049
a00005071	43050
a00005072	43051
a00005073	43052
a00005074	43053
a00005075	43054
a00005076	43055
a00005077	43056
a00005078	43057
a00005079	43058
a00005080	43059
a00005081	43060
a00005082	43061
a00005083	43062
a00005084	43063
a00005085	43064
a00005086	43065
a00005087	43066
a00005088	43067
a00005089	43068
a00005090	43069
a00005091	43070
a00005092	43071
a00005093	43072
a00005094	43073
a00005095	43074
a00005096	43075
a00005097	43076
a00005098	43077
a00005099	43078
a00005100	43079
a00005101	43080
a00005102	43081
a00005103	43082
a00005104	43083
a00005105	43084
a00005106	43085
a00005107	43086
a00005108	43087
a00005109	43088
a00005110	43089
a00005111	43090
a00005112	43091
a00005113	43092
a00005114	43093
a00005115	43094
a00005116	43095
a00005117	43096
a00005118	43097
a00005119	43098
a00005120	43099
a00005121	43100
a00005122	43101
a00005123	43102
a00005124	43103
a00005125	43104
a00005126	43105
a00005127	43106
a00005128	43107
a00005129	43108
a00005130	43109
a00005131	43110
a00005132	43111
a00005133	43112
a00005134	43113
a00005135	43114
a00005136	43115
a00005137	43116
a00005138	43117
a00005139	43118
a00005140	43119
a00005141	43120
a00005142	43121
a00005143	43122
a00005144	43123
a00005145	43124
a00005146	43125
a00005147	43126
a00005148	43127
a00005149	43128
a00005150	43129
a00005151	43130
a00005152	43131
a00005153	43132
a00005154	43133
a00005155	43134
a00005156	43135
a00005157	43136
a00005158	43137
a00005159	43138
a00005160	43139
a00005161	43140
a00005162	43141
a00005163	43142
a00005164	43143
a00005165	43144
a00005166	43145
a00005167	43146
a00005168	43147
a00005169	43148
a00005170	43149
a00005171	43150
a00005172	43151
a00005173	43152
a00005174	43153
a00005175	43154
a00005176	43155
a00005177	43156
a00005178	43157
a00005179	43158
a00005180	43159
a00005181	43160
a00005182	43161
a00005183	43162
a00005184	43163
a00005185	43164
a00005186	43165
a00005187	43166
a00005188	43167
a00005189	43168
a00005190	43169
a00005191	43170
a00005192	43171
a00005193	43172
a00005194	43173
a00005195	43174
a00005196	43175
a00005197	43176
a00005198	43177
a00005199	43178
a00005200	43179
a00005201	43180
a00005202	43181
a00005203	43182
a00005204	43183
a00005205	43184
a00005206	43185
a00005207	43186
a00005208	43187
a00005209	43188
a00005210	43189
a00005211	43190
a00005212	43191
a00005213	43192
a00005214	43193
a00005215	43194
a00005216	43195
a00005217	43196
a00005218	43197
a00005219	43198
a00005220	43199
a00005221	43200
a00005222	43201
a00005223	43202
a00005224	43203
a00005225	43204
a00005226	43205
a00005227	43206
a00005228	43207
a00005229	43208
a00005230	43209
a00005231	43210
a00005232	43211
a00005233	43212
a00005234	43213
a00005235	43214
a00005236	43215
a00005237	43216
a00005238	43217
a00005239	43218
a00005240	43219
a00005241	43220
a00005242	43221
a00005243	43222
a00005244	43223
a00005245	43224
a00005246	43225
a00005247	43226
a00005248	43227
a00005249	43228
a00005250	43229
a00005251	43230
a00005252	43231
a00005253	43232
a00005254	43233
a00005255	43234
a00005256	43235
a00005257	43236
a00005258	43237
a00005259	43238
a00005260	43239
a00005261	43240
a00005262	43241
a00005263	43242
a00005264	43243
a00005265	43244
a00005266	43245
a00005267	43246
a00005268	43247
a00005269	43248
a00005270	43249
a00005271	43250
a00005272	43251
a00005273	43252
a00005274	43253
a00005275	43254
a00005276	43255
a00005277	43256
a00005278	43257
a00005279	43258
a00005280	43259
a00005281	43260
a00005282	43261
a00005283	43262
a00005284	43263
a00005285	43264
a00005286	43265
a00005287	43266
a00005288	43267
a00005289	43268
a00005290	43269
a00005291	43270
a00005292	43271
a00005293	43272
a00005294	43273
a00005295	43274
a00005296	43275
a00005297	43276
a00005298	43277
a00005299	43278
a00005300	43279
a00005301	43280
a00005302	43281
a00005303	43282
a00005304	43283
a00005305	43284
a00005306	43285
a00005307	43286
a00005308	43287
a00005309	43288
a00005310	43289
a00005311	43290
a00005312	43291
a00005313	43292
a00005314	43293
a00005315	43294
a00005316	43295
a00005317	43296
a00005318	43297
a00005319	43298
a00005320	43299
a00005321	43300
a00005322	43301
a00005323	43302
a00005324	43303
a00005325	43304
a00005326	43305
a00005327	43306
a00005328	43307
a00005329	43308
a00005330	43309
a00005331	43310
a00005332	43311
a00005333	43312
a00005334	43313
a00005335	43314
a00005336	43315
a00005337	43316
a00005338	43317
a00005339	43318
a00005340	43319
a00005341	43320
a00005342	43321
a00005343	43322
a00005344	43323
a00005345	43324
a00005346	43325
a00005347	43326
a00005348	43327
a00005349	43328
a00005350	43329
a00005351	43330
a00005352	43331
a00005353	43332
a00005354	43333
a00005355	43334
a00005356	43335
a00005357	43336
a00005358	43337
a00005359	43338
a00005360	43339
a00005361	43340
a00005362	43341
a00005363	43342
a00005364	43343
a00005365	43344
a00005366	43345
a00005367	43346
a00005368	43347
a00005369	43348
a00005370	43349
a00005371	43350
a00005372	43351
a00005373	43352
a00005374	43353
a00005375	43354
a00005376	43355
a00005377	43356
a00005378	43357
a00005379	43358
a00005380	43359
a00005381	43360
a00005382	43361
a00005383	43362
a00005384	43363
a00005385	43364
a00005386	43365
a00005387	43366
a00005388	43367
a00005389	43368
a00005390	43369
a00005391	43370
a00005392	43371
a00005393	43372
a00005394	43373
a00005395	43374
a00005396	43375
a00005397	43376
a00005398	43377
a00005399	43378
a00005400	43379
a00005401	43380
a00005402	43381
a00005403	43382
a00005404	43383
a00005405	43384
a00005406	43385
a00005407	43386
a00005408	43387
a00005409	43388
a00005410	43389
a00005411	43390
a00005412	43391
a00005413	43392
a00005414	43393
a00005415	43394
a00005416	43395
a00005417	43396
a00005418	43397
a00005419	43398
a00005420	43399
a00005421	43400
a00005422	43401
a00005423	43402
a00005424	43403
a00005425	43404
a00005426	43405
a00005427	43406
a00005428	43407
a00005429	43408
a00005430	43409
a00005431	43410
a00005432	43411
a00005433	43412
a00005434	43413
a00005435	43414
a00005436	43415
a00005437	43416
a00005438	43417
a00005439	43418
a00005440	43419
a00005441	43420
a00005442	43421
a00005443	43422
a00005444	43423
a00005445	43424
a00005446	43425
a00005447	43426
a00005448	43427
a00005449	43428
a00005450	43429
a00005451	43430
a00005452	43431
a00005453	43432
a00005454	43433
a00005455	43434
a00005456	43435
a00005457	43436
a00005458	43437
a00005459	43438
a00005460	43439
a00005461	43440
a00005462	43441
a00005463	43442
a00005464	43443
a00005465	43444
a00005466	43445
a00005467	43446
a00005468	43447
a00005469	43448
a00005470	43449
a00005471	43450
a00005472	43451
a00005473	43452
a00005474	43453
a00005475	43454
a00005476	43455
a00005477	43456
a00005478	43457
a00005479	43458
a00005480	43459
a00005481	43460
a00005482	43461
a00005483	43462
a00005484	43463
a00005485	43464
a00005486	43465
a00005487	43466
a00005488	43467
a00005489	43468
a00005490	43469
a00005491	43470
a00005492	43471
a00005493	43472
a00005494	43473
a00005495	43474
a00005496	43475
a00005497	43476
a00005498	43477
a00005499	43478
a00005500	43479
a00005501	43480
a00005502	43481
a00005503	43482
a00005504	43483
a00005505	43484
a00005506	43485
a00005507	43486
a00005508	43487
a00005509	43488
a00005510	43489
a00005511	43490
a00005512	43491
a00005513	43492
a00005514	43493
a00005515	43494
a00005516	43495
a00005517	43496
a00005518	43497
a00005519	43498
a00005520	43499
a00005521	43500
a00005522	43501
a00005523	43502
a00005524	43503
a00005525	43504
a00005526	43505
a00005527	43506
a00005528	43507
a00005529	43508
a00005530	43509
a00005531	43510
a00005532	43511
a00005533	43512
a00005534	43513
a00005535	43514
a00005536	43515
a00005537	43516
a00005538	43517
a00005539	43518
a00005540	43519
a00005541	43520
a00005542	43521
a00005543	43522
a00005544	43523
a00005545	43524
a00005546	43525
a00005547	43526
a00005548	43527
a00005549	43528
a00005550	43529
a00005551	43530
a00005552	43531
a00005553	43532
a00005554	43533
a00005555	43534
a00005556	43535
a00005557	43536
a00005558	43537
a00005559	43538
a00005560	43539
a00005561	43540
a00005562	43541
a00005563	43542
a00005564	43543
a00005565	43544
a00005566	43545
a00005567	43546
a00005568	43547
a00005569	43548
a00005570	43549
a00005571	43550
a00005572	43551
a00005573	43552
a00005574	43553
a00005575	43554
a00005576	43555
a00005577	43556
a00005578	43557
a00005579	43558
a00005580	43559
a00005581	43560
a00005582	43561
a00005583	43562
a00005584	43563
a00005585	43564
a00005586	43565
a00005587	43566
a00005588	43567
a00005589	43568
a00005590	43569
a00005591	43570
a00005592	43571
a00005593	43572
a00005594	43573
a00005595	43574
a00005596	43575
a00005597	43576
a00005598	43577
a00005599	43578
a00005600	43579
a00005601	43580
a00005602	43581
a00005603	43582
a00005604	43583
a00005605	43584
a00005606	43585
a00005607	43586
a00005608	43587
a00005609	43588
a00005610	43589
a00005611	43590
a00005612	43591
a00005613	43592
a00005614	43593
a00005615	43594
a00005616	43595
a00005617	43596
a00005618	43597
a00005619	43598
a00005620	43599
a00005621	43600
a00005622	43601
a00005623	43602
a00005624	43603
a00005625	43604
a00005626	43605
a00005627	43606
a00005628	43607
a00005629	43608
a00005630	43609
a00005631	43610
a00005632	43611
a00005633	43612
a00005634	43613
a00005635	43614
a00005636	43615
a00005637	43616
a00005638	43617
a00005639	43618
a00005640	43619
a00005641	43620
a00005642	43621
a00005643	43622
a00005644	43623
a00005645	43624
a00005646	43625
a00005647	43626
a00005648	43627
a00005649	43628
a00005650	43629
a00005651	43630
a00005652	43631
a00005653	43632
a00005654	43633
a00005655	43634
a00005656	43635
a00005657	43636
a00005658	43637
a00005659	43638
a00005660	43639
a00005661	43640
a00005662	43641
a00005663	43642
a00005664	43643
a00005665	43644
a00005666	43645
a00005667	43646
a00005668	43647
a00005669	43648
a00005670	43649
a00005671	43650
a00005672	43651
a00005673	43652
a00005674	43653
a00005675	43654
a00005676	43655
a00005677	43656
a00005678	43657
a00005679	43658
a00005680	43659
a00005681	43660
a00005682	43661
a00005683	43662
a00005684	43663
a00005685	43664
a00005686	43665
a00005687	43666
a00005688	43667
a00005689	43668
a00005690	43669
a00005691	43670
a00005692	43671
a00005693	43672
a00005694	43673
a00005695	43674
a00005696	43675
a00005697	43676
a00005698	43677
a00005699	43678
a00005700	43679
a00005701	43680
a00005702	43681
a00005703	43682
a00005704	43683
a00005705	43684
a00005706	43685
a00005707	43686
a00005708	43687
a00005709	43688
a00005710	43689
a00005711	43690
a00005712	43691
a00005713	43692
a00005714	43693
a00005715	43694
a00005716	43695
a00005717	43696
a00005718	43697
a00005719	43698
a00005720	43699
a00005721	43700
a00005722	43701
a00005723	43702
a00005724	43703
a00005725	43704
a00005726	43705
a00005727	43706
a00005728	43707
a00005729	43708
a00005730	43709
a00005731	43710
a00005732	43711
a00005733	43712
a00005734	43713
a00005735	43714
a00005736	43715
a00005737	43716
a00005738	43717
a00005739	43718
a00005740	43719
a00005741	43720
a00005742	43721
a00005743	43722
a00005744	43723
a00005745	43724
a00005746	43725
a00005747	43726
a00005748	43727
a00005749	43728
a00005750	43729
a00005751	43730
a00005752	43731
a00005753	43732
a00005754	43733
a00005755	43734
a00005756	43735
a00005757	43736
a00005758	43737
a00005759	43738
a00005760	43739
a00005761	43740
a00005762	43741
a00005763	43742
a00005764	43743
a00005765	43744
a00005766	43745
a00005767	43746
a00005768	43747
a00005769	43748
a00005770	43749
a00005771	43750
a00005772	43751
a00005773	43752
a00005774	43753
a00005775	43754
a00005776	43755
a00005777	43756
a00005778	43757
a00005779	43758
a00005780	43759
a00005781	43760
a00005782	43761
a00005783	43762
a00005784	43763
a00005785	43764
a00005786	43765
a00005787	43766
a00005788	43767
a00005789	43768
a00005790	43769
a00005791	43770
a00005792	43771
a00005793	43772
a00005794	43773
a00005795	43774
a00005796	43775
a00005797	43776
a00005798	43777
a00005799	43778
a00005800	43779
a00005801	43780
a00005802	43781
a00005803	43782
a00005804	43783
a00005805	43784
a00005806	43785
a00005807	43786
a00005808	43787
a00005809	43788
a00005810	43789
a00005811	43790
a00005812	43791
a00005813	43792
a00005814	43793
a00005815	43794
a00005816	43795
a00005817	43796
a00005818	43797
a00005819	43798
a00005820	43799
a00005821	43800
a00005822	43801
a00005823	43802
a00005824	43803
a00005825	43804
a00005826	43805
a00005827	43806
a00005828	43807
a00005829	43808
a00005830	43809
a00005831	43810
a00005832	43811
a00005833	43812
a00005834	43813
a00005835	43814
a00005836	43815
a00005837	43816
a00005838	43817
a00005839	43818
a00005840	43819
a00005841	43820
a00005842	43821
a00005843	43822
a00005844	43823
a00005845	43824
a00005846	43825
a00005847	43826
a00005848	43827
a00005849	43828
a00005850	43829
a00005851	43830
a00005852	43831
a00005853	43832
a00005854	43833
a00005855	43834
a00005856	43835
a00005857	43836
a00005858	43837
a00005859	43838
a00005860	43839
a00005861	43840
a00005862	43841
a00005863	43842
a00005864	43843
a00005865	43844
a00005866	43845
a00005867	43846
a00005868	43847
a00005869	43848
a00005870	43849
a00005871	43850
a00005872	43851
a00005873	43852
a00005874	43853
a00005875	43854
a00005876	43855
a00005877	43856
a00005878	43857
a00005879	43858
a00005880	43859
a00005881	43860
a00005882	43861
a00005883	43862
a00005884	43863
a00005885	43864
a00005886	43865
a00005887	43866
a00005888	43867
a00005889	43868
a00005890	43869
a00005891	43870
a00005892	43871
a00005893	43872
a00005894	43873
a00005895	43874
a00005896	43875
a00005897	43876
a00005898	43877
a00005899	43878
a00005900	43879
a00005901	43880
a00005902	43881
a00005903	43882
a00005904	43883
a00005905	43884
a00005906	43885
a00005907	43886
a00005908	43887
a00005909	43888
a00005910	43889
a00005911	43890
a00005912	43891
a00005913	43892
a00005914	43893
a00005915	43894
a00005916	43895
a00005917	43896
a00005918	43897
a00005919	43898
a00005920	43899
a00005921	43900
a00005922	43901
a00005923	43902
a00005924	43903
a00005925	43904
a00005926	43905
a00005927	43906
a00005928	43907
a00005929	43908
a00005930	43909
a00005931	43910
a00005932	43911
a00005933	43912
a00005934	43913
a00005935	43914
a00005936	43915
a00005937	43916
a00005938	43917
a00005939	43918
a00005940	43919
a00005941	43920
a00005942	43921
a00005943	43922
a00005944	43923
a00005945	43924
a00005946	43925
a00005947	43926
a00005948	43927
a00005949	43928
a00005950	43929
a00005951	43930
a00005952	43931
a00005953	43932
a00005954	43933
a00005955	43934
a00005956	43935
a00005957	43936
a00005958	43937
a00005959	43938
a00005960	43939
a00005961	43940
a00005962	43941
a00005963	43942
a00005964	43943
a00005965	43944
a00005966	43945
a00005967	43946
a00005968	43947
a00005969	43948
a00005970	43949
a00005971	43950
a00005972	43951
a00005973	43952
a00005974	43953
a00005975	43954
a00005976	43955
a00005977	43956
a00005978	43957
a00005979	43958
a00005980	43959
a00005981	43960
a00005982	43961
a00005983	43962
a00005984	43963
a00005985	43964
a00005986	43965
a00005987	43966
a00005988	43967
a00005989	43968
a00005990	43969
a00005991	43970
a00005992	43971
a00005993	43972
a00005994	43973
a00005995	43974
a00005996	43975
a00005997	43976
a00005998	43977
a00005999	43978
a00006000	43979
a00006001	43980
a00006002	43981
a00006003	43982
a00006004	43983
a00006005	43984
a00006006	43985
a00006007	43986
a00006008	43987
a00006009	43988
a00006010	43989
a00006011	43990
a00006012	43991
a00006013	43992
a00006014	43993
a00006015	43994
a00006016	43995
a00006017	43996
a00006018	43997
a00006019	43998
a00006020	43999
a00006021	44000
a00006022	44001
a00006023	44002
a00006024	44003
a00006025	44004
a00006026	44005
a00006027	44006
a00006028	44007
a00006029	44008
a00006030	44009
a00006031	44010
a00006032	44011
a00006033	44012
a00006034	44013
a00006035	44014
a00006036	44015
a00006037	44016
a00006038	44017
a00006039	44018
a00006040	44019
a00006041	44020
a00006042	44021
a00006043	44022
a00006044	44023
a00006045	44024
a00006046	44025
a00006047	44026
a00006048	44027
a00006049	44028
a00006050	44029
a00006051	44030
a00006052	44031
a00006053	44032
a00006054	44033
a00006055	44034
a00006056	44035
a00006057	44036
a00006058	44037
a00006059	44038
a00006060	44039
a00006061	44040
a00006062	44041
a00006063	44042
a00006064	44043
a00006065	44044
a00006066	44045
a00006067	44046
a00006068	44047
a00006069	44048
a00006070	44049
a00006071	44050
a00006072	44051
a00006073	44052
a00006074	44053
a00006075	44054
a00006076	44055
a00006077	44056
a00006078	44057
a00006079	44058
a00006080	44059
a00006081	44060
a00006082	44061
a00006083	44062
a00006084	44063
a00006085	44064
a00006086	44065
a00006087	44066
a00006088	44067
a00006089	44068
a00006090	44069
a00006091	44070
a00006092	44071
a00006093	44072
a00006094	44073
a00006095	44074
a00006096	44075
a00006097	44076
a00006098	44077
a00006099	44078
a00006100	44079
a00006101	44080
a00006102	44081
a00006103	44082
a00006104	44083
a00006105	44084
a00006106	44085
a00006107	44086
a00006108	44087
a00006109	44088
a00006110	44089
a00006111	44090
a00006112	44091
a00006113	44092
a00006114	44093
a00006115	44094
a00006116	44095
a00006117	44096
a00006118	44097
a00006119	44098
a00006120	44099
a00006121	44100
a00006122	44101
a00006123	44102
a00006124	44103
a00006125	44104
a00006126	44105
a00006127	44106
a00006128	44107
a00006129	44108
a00006130	44109
a00006131	44110
a00006132	44111
a00006133	44112
a00006134	44113
a00006135	44114
a00006136	44115
a00006137	44116
a00006138	44117
a00006139	44118
a00006140	44119
a00006141	44120
a00006142	44121
a00006143	44122
a00006144	44123
a00006145	44124
a00006146	44125
a00006147	44126
a00006148	44127
a00006149	44128
a00006150	44129
a00006151	44130
a00006152	44131
a00006153	44132
a00006154	44133
a00006155	44134
a00006156	44135
a00006157	44136
a00006158	44137
a00006159	44138
a00006160	44139
a00006161	44140
a00006162	44141
a00006163	44142
a00006164	44143
a00006165	44144
a00006166	44145
a00006167	44146
a00006168	44147
a00006169	44148
a00006170	44149
a00006171	44150
a00006172	44151
a00006173	44152
a00006174	44153
a00006175	44154
a00006176	44155
a00006177	44156
a00006178	44157
a00006179	44158
a00006180	44159
a00006181	44160
a00006182	44161
a00006183	44162
a00006184	44163
a00006185	44164
a00006186	44165
a00006187	44166
a00006188	44167
a00006189	44168
a00006190	44169
a00006191	44170
a00006192	44171
a00006193	44172
a00006194	44173
a00006195	44174
a00006196	44175
a00006197	44176
a00006198	44177
a00006199	44178
a00006200	44179
a00006201	44180
a00006202	44181
a00006203	44182
a00006204	44183
a00006205	44184
a00006206	44185
a00006207	44186
a00006208	44187
a00006209	44188
a00006210	44189
a00006211	44190
a00006212	44191
a00006213	44192
a00006214	44193
a00006215	44194
a00006216	44195
a00006217	44196
a00006218	44197
a00006219	44198
a00006220	44199
a00006221	44200
a00006222	44201
a00006223	44202
a00006224	44203
a00006225	44204
a00006226	44205
a00006227	44206
a00006228	44207
a00006229	44208
a00006230	44209
a00006231	44210
a00006232	44211
a00006233	44212
a00006234	44213
a00006235	44214
a00006236	44215
a00006237	44216
a00006238	44217
a00006239	44218
a00006240	44219
a00006241	44220
a00006242	44221
a00006243	44222
a00006244	44223
a00006245	44224
a00006246	44225
a00006247	44226
a00006248	44227
a00006249	44228
a00006250	44229
a00006251	44230
a00006252	44231
a00006253	44232
a00006254	44233
a00006255	44234
a00006256	44235
a00006257	44236
a00006258	44237
a00006259	44238
a00006260	44239
a00006261	44240
a00006262	44241
a00006263	44242
a00006264	44243
a00006265	44244
a00006266	44245
a00006267	44246
a00006268	44247
a00006269	44248
a00006270	44249
a00006271	44250
a00006272	44251
a00006273	44252
a00006274	44253
a00006275	44254
a00006276	44255
a00006277	44256
a00006278	44257
a00006279	44258
a00000001	44259
a00000002	44260
a00000003	44261
a00000004	44262
a00000005	44263
a00000006	44264
a00000007	44265
a00000008	44266
a00000009	44267
a00000010	44268
a00000011	44269
a00000012	44270
a00000013	44271
a00000014	44272
a00000015	44273
a00000016	44274
a00000017	44275
a00000018	44276
a00000019	44277
a00000020	44278
a00000021	44279
a00000022	44280
a00000023	44281
a00000024	44282
a00000025	44283
a00000026	44284
a00000027	44285
a00000028	44286
a00000029	44287
a00000030	44288
a00000031	44289
a00000032	44290
a00000033	44291
a00000034	44292
a00000035	44293
a00000036	44294
a00000037	44295
a00000038	44296
a00000039	44297
a00000040	44298
a00000041	44299
a00000042	44300
a00000043	44301
a00000044	44302
a00000045	44303
a00000046	44304
a00000047	44305
a00000048	44306
a00000049	44307
a00000050	44308
a00000051	44309
a00000052	44310
a00000053	44311
a00000054	44312
a00000055	44313
a00000056	44314
a00000057	44315
a00000058	44316
a00000059	44317
a00000060	44318
a00000061	44319
a00000062	44320
a00000063	44321
a00000064	44322
a00000065	44323
a00000066	44324
a00000067	44325
a00000068	44326
a00000069	44327
a00000070	44328
a00000071	44329
a00000072	44330
a00000073	44331
a00000074	44332
a00000075	44333
a00000076	44334
a00000077	44335
a00000078	44336
a00000079	44337
a00000080	44338
a00000081	44339
a00000082	44340
a00000083	44341
a00000084	44342
a00000085	44343
a00000086	44344
a00000087	44345
a00000088	44346
a00000089	44347
a00000090	44348
a00000091	44349
a00000092	44350
a00000093	44351
a00000094	44352
a00000095	44353
a00000096	44354
a00000097	44355
a00000098	44356
a00000099	44357
a00000100	44358
a00000101	44359
a00000102	44360
a00000103	44361
a00000104	44362
a00000105	44363
a00000106	44364
a00000107	44365
a00000108	44366
a00000109	44367
a00000110	44368
a00000111	44369
a00000112	44370
a00000113	44371
a00000114	44372
a00000115	44373
a00000116	44374
a00000117	44375
a00000118	44376
a00000119	44377
a00000120	44378
a00000121	44379
a00000122	44380
a00000123	44381
a00000124	44382
a00000125	44383
a00000126	44384
a00000127	44385
a00000128	44386
a00000129	44387
a00000130	44388
a00000131	44389
a00000132	44390
a00000133	44391
a00000134	44392
a00000135	44393
a00000136	44394
a00000137	44395
a00000138	44396
a00000139	44397
a00000140	44398
a00000141	44399
a00000142	44400
a00000143	44401
a00000144	44402
a00000145	44403
a00000146	44404
a00000147	44405
a00000148	44406
a00000149	44407
a00000150	44408
a00000151	44409
a00000152	44410
a00000153	44411
a00000154	44412
a00000155	44413
a00000156	44414
a00000157	44415
a00000158	44416
a00000159	44417
a00000160	44418
a00000161	44419
a00000162	44420
a00000163	44421
a00000164	44422
a00000165	44423
a00000166	44424
a00000167	44425
a00000168	44426
a00000169	44427
a00000170	44428
a00000171	44429
a00000172	44430
a00000173	44431
a00000174	44432
a00000175	44433
a00000176	44434
a00000177	44435
a00000178	44436
a00000179	44437
a00000180	44438
a00000181	44439
a00000182	44440
a00000183	44441
a00000184	44442
a00000185	44443
a00000186	44444
a00000187	44445
a00000188	44446
a00000189	44447
a00000190	44448
a00000191	44449
a00000192	44450
a00000193	44451
a00000194	44452
a00000195	44453
a00000196	44454
a00000197	44455
a00000198	44456
a00000199	44457
a00000200	44458
a00000201	44459
a00000202	44460
a00000203	44461
a00000204	44462
a00000205	44463
a00000206	44464
a00000207	44465
a00000208	44466
a00000209	44467
a00000210	44468
a00000211	44469
a00000212	44470
a00000213	44471
a00000214	44472
a00000215	44473
a00000216	44474
a00000217	44475
a00000218	44476
a00000219	44477
a00000220	44478
a00000221	44479
a00000222	44480
a00000223	44481
a00000224	44482
a00000225	44483
a00000226	44484
a00000227	44485
a00000228	44486
a00000229	44487
a00000230	44488
a00000231	44489
a00000232	44490
a00000233	44491
a00000234	44492
a00000235	44493
a00000236	44494
a00000237	44495
a00000238	44496
a00000239	44497
a00000240	44498
a00000241	44499
a00000242	44500
a00000243	44501
a00000244	44502
a00000245	44503
a00000246	44504
a00000247	44505
a00000248	44506
a00000249	44507
a00000250	44508
a00000251	44509
a00000252	44510
a00000253	44511
a00000254	44512
a00000255	44513
a00000256	44514
a00000257	44515
a00000258	44516
a00000259	44517
a00000260	44518
a00000261	44519
a00000262	44520
a00000263	44521
a00000264	44522
a00000265	44523
a00000266	44524
a00000267	44525
a00000268	44526
a00000269	44527
a00000270	44528
a00000271	44529
a00000272	44530
a00000273	44531
a00000274	44532
a00000275	44533
a00000276	44534
a00000277	44535
a00000278	44536
a00000279	44537
a00000280	44538
a00000281	44539
a00000282	44540
a00000283	44541
a00000284	44542
a00000285	44543
a00000286	44544
a00000287	44545
a00000288	44546
a00000289	44547
a00000290	44548
a00000291	44549
a00000292	44550
a00000293	44551
a00000294	44552
a00000295	44553
a00000296	44554
a00000297	44555
a00000298	44556
a00000299	44557
a00000300	44558
a00000301	44559
a00000302	44560
a00000303	44561
a00000304	44562
a00000305	44563
a00000306	44564
a00000307	44565
a00000308	44566
a00000309	44567
a00000310	44568
a00000311	44569
a00000312	44570
a00000313	44571
a00000314	44572
a00000315	44573
a00000316	44574
a00000317	44575
a00000318	44576
a00000319	44577
a00000320	44578
a00000321	44579
a00000322	44580
a00000323	44581
a00000324	44582
a00000325	44583
a00000326	44584
a00000327	44585
a00000328	44586
a00000329	44587
a00000330	44588
a00000331	44589
a00000332	44590
a00000333	44591
a00000334	44592
a00000335	44593
a00000336	44594
a00000337	44595
a00000338	44596
a00000339	44597
a00000340	44598
a00000341	44599
a00000342	44600
a00000343	44601
a00000344	44602
a00000345	44603
a00000346	44604
a00000347	44605
a00000348	44606
a00000349	44607
a00000350	44608
a00000351	44609
a00000352	44610
a00000353	44611
a00000354	44612
a00000355	44613
a00000356	44614
a00000357	44615
a00000358	44616
a00000359	44617
a00000360	44618
a00000361	44619
a00000362	44620
a00000363	44621
a00000364	44622
a00000365	44623
a00000366	44624
a00000367	44625
a00000368	44626
a00000369	44627
a00000370	44628
a00000371	44629
a00000372	44630
a00000373	44631
a00000374	44632
a00000375	44633
a00000376	44634
a00000377	44635
a00000378	44636
a00000379	44637
a00000380	44638
a00000381	44639
a00000382	44640
a00000383	44641
a00000384	44642
a00000385	44643
a00000386	44644
a00000387	44645
a00000388	44646
a00000389	44647
a00000390	44648
a00000391	44649
a00000392	44650
a00000393	44651
a00000394	44652
a00000395	44653
a00000396	44654
a00000397	44655
a00000398	44656
a00000399	44657
a00000400	44658
a00000401	44659
a00000402	44660
a00000403	44661
a00000404	44662
a00000405	44663
a00000406	44664
a00000407	44665
a00000408	44666
a00000409	44667
a00000410	44668
a00000411	44669
a00000412	44670
a00000413	44671
a00000414	44672
a00000415	44673
a00000416	44674
a00000417	44675
a00000418	44676
a00000419	44677
a00000420	44678
a00000421	44679
a00000422	44680
a00000423	44681
a00000424	44682
a00000425	44683
a00000426	44684
a00000427	44685
a00000428	44686
a00000429	44687
a00000430	44688
a00000431	44689
a00000432	44690
a00000433	44691
a00000434	44692
a00000435	44693
a00000436	44694
a00000437	44695
a00000438	44696
a00000439	44697
a00000440	44698
a00000441	44699
a00000442	44700
a00000443	44701
a00000444	44702
a00000445	44703
a00000446	44704
a00000447	44705
a00000448	44706
a00000449	44707
a00000450	44708
a00000451	44709
a00000452	44710
a00000453	44711
a00000454	44712
a00000455	44713
a00000456	44714
a00000457	44715
a00000458	44716
a00000459	44717
a00000460	44718
a00000461	44719
a00000462	44720
a00000463	44721
a00000464	44722
a00000465	44723
a00000466	44724
a00000467	44725
a00000468	44726
a00000469	44727
a00000470	44728
a00000471	44729
a00000472	44730
a00000473	44731
a00000474	44732
a00000475	44733
a00000476	44734
a00000477	44735
a00000478	44736
a00000479	44737
a00000480	44738
a00000481	44739
a00000482	44740
a00000483	44741
a00000484	44742
a00000485	44743
a00000486	44744
a00000487	44745
a00000488	44746
a00000489	44747
a00000490	44748
a00000491	44749
a00000492	44750
a00000493	44751
a00000494	44752
a00000495	44753
a00000496	44754
a00000497	44755
a00000498	44756
a00000499	44757
a00000500	44758
a00000501	44759
a00000502	44760
a00000503	44761
a00000504	44762
a00000505	44763
a00000506	44764
a00000507	44765
a00000508	44766
a00000509	44767
a00000510	44768
a00000511	44769
a00000512	44770
a00000513	44771
a00000514	44772
a00000515	44773
a00000516	44774
a00000517	44775
a00000518	44776
a00000519	44777
a00000520	44778
a00000521	44779
a00000522	44780
a00000523	44781
a00000524	44782
a00000525	44783
a00000526	44784
a00000527	44785
a00000528	44786
a00000529	44787
a00000530	44788
a00000531	44789
a00000532	44790
a00000533	44791
a00000534	44792
a00000535	44793
a00000536	44794
a00000537	44795
a00000538	44796
a00000539	44797
a00000540	44798
a00000541	44799
a00000542	44800
a00000543	44801
a00000544	44802
a00000545	44803
a00000546	44804
a00000547	44805
a00000548	44806
a00000549	44807
a00000550	44808
a00000551	44809
a00000552	44810
a00000553	44811
a00000554	44812
a00000555	44813
a00000556	44814
a00000557	44815
a00000558	44816
a00000559	44817
a00000560	44818
a00000561	44819
a00000562	44820
a00000563	44821
a00000564	44822
a00000565	44823
a00000566	44824
a00000567	44825
a00000568	44826
a00000569	44827
a00000570	44828
a00000571	44829
a00000572	44830
a00000573	44831
a00000574	44832
a00000575	44833
a00000576	44834
a00000577	44835
a00000578	44836
a00000579	44837
a00000580	44838
a00000581	44839
a00000582	44840
a00000583	44841
a00000584	44842
a00000585	44843
a00000586	44844
a00000587	44845
a00000588	44846
a00000589	44847
a00000590	44848
a00000591	44849
a00000592	44850
a00000593	44851
a00000594	44852
a00000595	44853
a00000596	44854
a00000597	44855
a00000598	44856
a00000599	44857
a00000600	44858
a00000601	44859
a00000602	44860
a00000603	44861
a00000604	44862
a00000605	44863
a00000606	44864
a00000607	44865
a00000608	44866
a00000609	44867
a00000610	44868
a00000611	44869
a00000612	44870
a00000613	44871
a00000614	44872
a00000615	44873
a00000616	44874
a00000617	44875
a00000618	44876
a00000619	44877
a00000620	44878
a00000621	44879
a00000622	44880
a00000623	44881
a00000624	44882
a00000625	44883
a00000626	44884
a00000627	44885
a00000628	44886
a00000629	44887
a00000630	44888
a00000631	44889
a00000632	44890
a00000633	44891
a00000634	44892
a00000635	44893
a00000636	44894
a00000637	44895
a00000638	44896
a00000639	44897
a00000640	44898
a00000641	44899
a00000642	44900
a00000643	44901
a00000644	44902
a00000645	44903
a00000646	44904
a00000647	44905
a00000648	44906
a00000649	44907
a00000650	44908
a00000651	44909
a00000652	44910
a00000653	44911
a00000654	44912
a00000655	44913
a00000656	44914
a00000657	44915
a00000658	44916
a00000659	44917
a00000660	44918
a00000661	44919
a00000662	44920
a00000663	44921
a00000664	44922
a00000665	44923
a00000666	44924
a00000667	44925
a00000668	44926
a00000669	44927
a00000670	44928
a00000671	44929
a00000672	44930
a00000673	44931
a00000674	44932
a00000675	44933
a00000676	44934
a00000677	44935
a00000678	44936
a00000679	44937
a00000680	44938
a00000681	44939
a00000682	44940
a00000683	44941
a00000684	44942
a00000685	44943
a00000686	44944
a00000687	44945
a00000688	44946
a00000689	44947
a00000690	44948
a00000691	44949
a00000692	44950
