annotation	node
a00000000	57729
a00000911	57730
a00000912	57731
a00000913	57732
a00000914	57733
a00000915	57734
a00000916	57735
a00000917	57736
a00000918	57737
a00000919	57738
a00000920	57739
a00000921	57740
a00000922	57741
a00000923	57742
a00000924	57743
a00000925	57744
a00000926	57745
a00000927	57746
a00000928	57747
a00000929	57748
a00000930	57749
a00000931	57750
a00000932	57751
a00000933	57752
a00000934	57753
a00000935	57754
a00000936	57755
a00000937	57756
a00000938	57757
a00000939	57758
a00000940	57759
a00000941	57760
a00000942	57761
a00000943	57762
a00000944	57763
a00000945	57764
a00000946	57765
a00000947	57766
a00000948	57767
a00000949	57768
a00000950	57769
a00000951	57770
a00000952	57771
a00000953	57772
a00000954	57773
a00000955	57774
a00000956	57775
a00000957	57776
a00000958	57777
a00000959	57778
a00000960	57779
a00000961	57780
a00000962	57781
a00000963	57782
a00000964	57783
a00000965	57784
a00000966	57785
a00000967	57786
a00000968	57787
a00000969	57788
a00000970	57789
a00000971	57790
a00000972	57791
a00000973	57792
a00000974	57793
a00000975	57794
a00000976	57795
a00000977	57796
a00000978	57797
a00000979	57798
a00000980	57799
a00000981	57800
a00000982	57801
a00000983	57802
a00000984	57803
a00000985	57804
a00000986	57805
a00000987	57806
a00000988	57807
a00000989	57808
a00000990	57809
a00000991	57810
a00000992	57811
a00000993	57812
a00000994	57813
a00000995	57814
a00000996	57815
a00000997	57816
a00000998	57817
a00000999	57818
a00001000	57819
a00001001	57820
a00001002	57821
a00001003	57822
a00001004	57823
a00001005	57824
a00001006	57825
a00001007	57826
a00001008	57827
a00001009	57828
a00001010	57829
a00001011	57830
a00001012	57831
a00001013	57832
a00001014	57833
a00001015	57834
a00001016	57835
a00001017	57836
a00001018	57837
a00001019	57838
a00001020	57839
a00001021	57840
a00001022	57841
a00001023	57842
a00001024	57843
a00001025	57844
a00001026	57845
a00001027	57846
a00001028	57847
a00001029	57848
a00001030	57849
a00001031	57850
a00001032	57851
a00001033	57852
a00001034	57853
a00001035	57854
a00001036	57855
a00001037	57856
a00001038	57857
a00001039	57858
a00001040	57859
a00001041	57860
a00001042	57861
a00001043	57862
a00001044	57863
a00001045	57864
a00001046	57865
a00001047	57866
a00001048	57867
a00001049	57868
a00001050	57869
a00001051	57870
a00001052	57871
a00001053	57872
a00001054	57873
a00001055	57874
a00001056	57875
a00001057	57876
a00001058	57877
a00001059	57878
a00001060	57879
a00001061	57880
a00001062	57881
a00001063	57882
a00001064	57883
a00001065	57884
a00001066	57885
a00001067	57886
a00001068	57887
a00001069	57888
a00001070	57889
a00001071	57890
a00001072	57891
a00001073	57892
a00001074	57893
a00001075	57894
a00001076	57895
a00001077	57896
a00001078	57897
a00001079	57898
a00001080	57899
a00001081	57900
a00001082	57901
a00001083	57902
a00001084	57903
a00001085	57904
a00001086	57905
a00001087	57906
a00001088	57907
a00001089	57908
a00001090	57909
a00001091	57910
a00001092	57911
a00001093	57912
a00001094	57913
a00001095	57914
a00001096	57915
a00001097	57916
a00001098	57917
a00001099	57918
a00001100	57919
a00001101	57920
a00001102	57921
a00001103	57922
a00001104	57923
a00001105	57924
a00001106	57925
a00001107	57926
a00001108	57927
a00001109	57928
a00001110	57929
a00001111	57930
a00001112	57931
a00001113	57932
a00001114	57933
a00001115	57934
a00001116	57935
a00001117	57936
a00001118	57937
a00001119	57938
a00001120	57939
a00001121	57940
a00001122	57941
a00001123	57942
a00001124	57943
a00001125	57944
a00001126	57945
a00001127	57946
a00001128	57947
a00001129	57948
a00001130	57949
a00001131	57950
a00001132	57951
a00001133	57952
a00001134	57953
a00001135	57954
a00001136	57955
a00001137	57956
a00001138	57957
a00001139	57958
a00001140	57959
a00001141	57960
a00001142	57961
a00001143	57962
a00001144	57963
a00001145	57964
a00001146	57965
a00001147	57966
a00001148	57967
a00001149	57968
a00001150	57969
a00001151	57970
a00001152	57971
a00001153	57972
a00001154	57973
a00001155	57974
a00001156	57975
a00001157	57976
a00001158	57977
a00001159	57978
a00001160	57979
a00001161	57980
a00001162	57981
a00001163	57982
a00001164	57983
a00001165	57984
a00001166	57985
a00001167	57986
a00001168	57987
a00001169	57988
a00001170	57989
a00001171	57990
a00001172	57991
a00001173	57992
a00001174	57993
a00001175	57994
a00001176	57995
a00001177	57996
a00001178	57997
a00001179	57998
a00001180	57999
a00001181	58000
a00001182	58001
a00001183	58002
a00001184	58003
a00001185	58004
a00001186	58005
a00001187	58006
a00001188	58007
a00001189	58008
a00001190	58009
a00001191	58010
a00001192	58011
a00001193	58012
a00001194	58013
a00001195	58014
a00001196	58015
a00001197	58016
a00001198	58017
a00001199	58018
a00001200	58019
a00001201	58020
a00001202	58021
a00001203	58022
a00001204	58023
a00001205	58024
a00001206	58025
a00001207	58026
a00001208	58027
a00001209	58028
a00001210	58029
a00001211	58030
a00001212	58031
a00001213	58032
a00001214	58033
a00001215	58034
a00001216	58035
a00001217	58036
a00001218	58037
a00001219	58038
a00001220	58039
a00001221	58040
a00001222	58041
a00001223	58042
a00001224	58043
a00001225	58044
a00001226	58045
a00001227	58046
a00001228	58047
a00001229	58048
a00001230	58049
a00001231	58050
a00001232	58051
a00001233	58052
a00001234	58053
a00001235	58054
a00001236	58055
a00001237	58056
a00001238	58057
a00001239	58058
a00001240	58059
a00001241	58060
a00001242	58061
a00001243	58062
a00001244	58063
a00001245	58064
a00001246	58065
a00001247	58066
a00001248	58067
a00001249	58068
a00001250	58069
a00001251	58070
a00001252	58071
a00001253	58072
a00001254	58073
a00001255	58074
a00001256	58075
a00001257	58076
a00001258	58077
a00001259	58078
a00001260	58079
a00001261	58080
a00001262	58081
a00001263	58082
a00001264	58083
a00001265	58084
a00001266	58085
a00001267	58086
a00001268	58087
a00001269	58088
a00001270	58089
a00001271	58090
a00001272	58091
a00001273	58092
a00001274	58093
a00001275	58094
a00001276	58095
a00001277	58096
a00001278	58097
a00001279	58098
a00001280	58099
a00001281	58100
a00001282	58101
a00001283	58102
a00001284	58103
a00001285	58104
a00001286	58105
a00001287	58106
a00001288	58107
a00001289	58108
a00001290	58109
a00001291	58110
a00001292	58111
a00001293	58112
a00001294	58113
a00001295	58114
a00001296	58115
a00001297	58116
a00001298	58117
a00001299	58118
a00001300	58119
a00001301	58120
a00001302	58121
a00001303	58122
a00001304	58123
a00001305	58124
a00001306	58125
a00001307	58126
a00001308	58127
a00001309	58128
a00001310	58129
a00001311	58130
a00001312	58131
a00001313	58132
a00001314	58133
a00001315	58134
a00001316	58135
a00001317	58136
a00001318	58137
a00001319	58138
a00001320	58139
a00001321	58140
a00001322	58141
a00001323	58142
a00001324	58143
a00001325	58144
a00001326	58145
a00001327	58146
a00001328	58147
a00001329	58148
a00001330	58149
a00001331	58150
a00001332	58151
a00001333	58152
a00001334	58153
a00001335	58154
a00001336	58155
a00001337	58156
a00001338	58157
a00001339	58158
a00001340	58159
a00001341	58160
a00001342	58161
a00001343	58162
a00001344	58163
a00001345	58164
a00001346	58165
a00001347	58166
a00001348	58167
a00001349	58168
a00001350	58169
a00001351	58170
a00001352	58171
a00001353	58172
a00001354	58173
a00001355	58174
a00001356	58175
a00001357	58176
a00001358	58177
a00001359	58178
a00001360	58179
a00001361	58180
a00001362	58181
a00001363	58182
a00001364	58183
a00001365	58184
a00001366	58185
a00001367	58186
a00001368	58187
a00001369	58188
a00001370	58189
a00001371	58190
a00001372	58191
a00001373	58192
a00001374	58193
a00001375	58194
a00001376	58195
a00001377	58196
a00001378	58197
a00001379	58198
a00001380	58199
a00001381	58200
a00001382	58201
a00001383	58202
a00001384	58203
a00001385	58204
a00001386	58205
a00001387	58206
a00001388	58207
a00001389	58208
a00001390	58209
a00001391	58210
a00001392	58211
a00001393	58212
a00001394	58213
a00001395	58214
a00001396	58215
a00001397	58216
a00001398	58217
a00001399	58218
a00001400	58219
a00001401	58220
a00001402	58221
a00001403	58222
a00001404	58223
a00001405	58224
a00001406	58225
a00001407	58226
a00001408	58227
a00001409	58228
a00001410	58229
a00001411	58230
a00001412	58231
a00001413	58232
a00001414	58233
a00001415	58234
a00001416	58235
a00001417	58236
a00001418	58237
a00001419	58238
a00001420	58239
a00001421	58240
a00001422	58241
a00001423	58242
a00001424	58243
a00001425	58244
a00001426	58245
a00001427	58246
a00001428	58247
a00001429	58248
a00001430	58249
a00001431	58250
a00001432	58251
a00001433	58252
a00001434	58253
a00001435	58254
a00001436	58255
a00001437	58256
a00001438	58257
a00001439	58258
a00001440	58259
a00001441	58260
a00001442	58261
a00001443	58262
a00001444	58263
a00001445	58264
a00001446	58265
a00001447	58266
a00001448	58267
a00001449	58268
a00001450	58269
a00001451	58270
a00001452	58271
a00001453	58272
a00001454	58273
a00001455	58274
a00001456	58275
a00001457	58276
a00001458	58277
a00001459	58278
a00001460	58279
a00001461	58280
a00001462	58281
a00001463	58282
a00001464	58283
a00001465	58284
a00001466	58285
a00001467	58286
a00001468	58287
a00001469	58288
a00001470	58289
a00001471	58290
a00001472	58291
a00001473	58292
a00001474	58293
a00001475	58294
a00001476	58295
a00001477	58296
a00001478	58297
a00001479	58298
a00001480	58299
a00001481	58300
a00001482	58301
a00001483	58302
a00001484	58303
a00001485	58304
a00001486	58305
a00001487	58306
a00001488	58307
a00001489	58308
a00001490	58309
a00001491	58310
a00001492	58311
a00001493	58312
a00001494	58313
a00001495	58314
a00001496	58315
a00001497	58316
a00001498	58317
a00001499	58318
a00001500	58319
a00001501	58320
a00001502	58321
a00001503	58322
a00001504	58323
a00001505	58324
a00001506	58325
a00001507	58326
a00001508	58327
a00001509	58328
a00001510	58329
a00001511	58330
a00001512	58331
a00001513	58332
a00001514	58333
a00001515	58334
a00001516	58335
a00001517	58336
a00001518	58337
a00001519	58338
a00001520	58339
a00001521	58340
a00001522	58341
a00001523	58342
a00001524	58343
a00001525	58344
a00001526	58345
a00001527	58346
a00001528	58347
a00001529	58348
a00001530	58349
a00001531	58350
a00001532	58351
a00001533	58352
a00001534	58353
a00001535	58354
a00001536	58355
a00001537	58356
a00001538	58357
a00001539	58358
a00001540	58359
a00001541	58360
a00001542	58361
a00001543	58362
a00001544	58363
a00001545	58364
a00001546	58365
a00001547	58366
a00001548	58367
a00001549	58368
a00001550	58369
a00001551	58370
a00001552	58371
a00001553	58372
a00001554	58373
a00001555	58374
a00001556	58375
a00001557	58376
a00001558	58377
a00001559	58378
a00001560	58379
a00001561	58380
a00001562	58381
a00001563	58382
a00001564	58383
a00001565	58384
a00001566	58385
a00001567	58386
a00001568	58387
a00001569	58388
a00001570	58389
a00001571	58390
a00001572	58391
a00001573	58392
a00001574	58393
a00001575	58394
a00001576	58395
a00001577	58396
a00001578	58397
a00001579	58398
a00001580	58399
a00001581	58400
a00001582	58401
a00001583	58402
a00001584	58403
a00001585	58404
a00001586	58405
a00001587	58406
a00001588	58407
a00001589	58408
a00001590	58409
a00001591	58410
a00001592	58411
a00001593	58412
a00001594	58413
a00001595	58414
a00001596	58415
a00001597	58416
a00001598	58417
a00001599	58418
a00001600	58419
a00001601	58420
a00001602	58421
a00001603	58422
a00001604	58423
a00001605	58424
a00001606	58425
a00001607	58426
a00001608	58427
a00001609	58428
a00001610	58429
a00001611	58430
a00001612	58431
a00001613	58432
a00001614	58433
a00001615	58434
a00001616	58435
a00001617	58436
a00001618	58437
a00001619	58438
a00001620	58439
a00001621	58440
a00001622	58441
a00001623	58442
a00001624	58443
a00001625	58444
a00001626	58445
a00001627	58446
a00001628	58447
a00001629	58448
a00001630	58449
a00001631	58450
a00001632	58451
a00001633	58452
a00001634	58453
a00001635	58454
a00001636	58455
a00001637	58456
a00001638	58457
a00001639	58458
a00001640	58459
a00001641	58460
a00001642	58461
a00001643	58462
a00001644	58463
a00001645	58464
a00001646	58465
a00001647	58466
a00001648	58467
a00001649	58468
a00001650	58469
a00001651	58470
a00001652	58471
a00001653	58472
a00001654	58473
a00001655	58474
a00001656	58475
a00001657	58476
a00001658	58477
a00001659	58478
a00001660	58479
a00001661	58480
a00001662	58481
a00001663	58482
a00001664	58483
a00001665	58484
a00001666	58485
a00001667	58486
a00001668	58487
a00001669	58488
a00001670	58489
a00001671	58490
a00001672	58491
a00001673	58492
a00001674	58493
a00001675	58494
a00001676	58495
a00001677	58496
a00001678	58497
a00001679	58498
a00001680	58499
a00001681	58500
a00001682	58501
a00001683	58502
a00001684	58503
a00001685	58504
a00001686	58505
a00001687	58506
a00001688	58507
a00001689	58508
a00001690	58509
a00001691	58510
a00001692	58511
a00001693	58512
a00001694	58513
a00001695	58514
a00001696	58515
a00001697	58516
a00001698	58517
a00001699	58518
a00001700	58519
a00001701	58520
a00001702	58521
a00001703	58522
a00001704	58523
a00001705	58524
a00001706	58525
a00001707	58526
a00001708	58527
a00001709	58528
a00001710	58529
a00001711	58530
a00001712	58531
a00001713	58532
a00001714	58533
a00001715	58534
a00001716	58535
a00001717	58536
a00001718	58537
a00001719	58538
a00001720	58539
a00001721	58540
a00001722	58541
a00001723	58542
a00001724	58543
a00001725	58544
a00001726	58545
a00001727	58546
a00001728	58547
a00001729	58548
a00001730	58549
a00001731	58550
a00001732	58551
a00001733	58552
a00001734	58553
a00001735	58554
a00001736	58555
a00001737	58556
a00001738	58557
a00001739	58558
a00001740	58559
a00001741	58560
a00001742	58561
a00001743	58562
a00001744	58563
a00001745	58564
a00001746	58565
a00001747	58566
a00001748	58567
a00001749	58568
a00001750	58569
a00001751	58570
a00001752	58571
a00001753	58572
a00001754	58573
a00001755	58574
a00001756	58575
a00001757	58576
a00001758	58577
a00001759	58578
a00001760	58579
a00001761	58580
a00001762	58581
a00001763	58582
a00001764	58583
a00001765	58584
a00001766	58585
a00001767	58586
a00001768	58587
a00001769	58588
a00001770	58589
a00001771	58590
a00001772	58591
a00001773	58592
a00001774	58593
a00001775	58594
a00001776	58595
a00001777	58596
a00001778	58597
a00001779	58598
a00001780	58599
a00001781	58600
a00001782	58601
a00001783	58602
a00001784	58603
a00001785	58604
a00001786	58605
a00001787	58606
a00001788	58607
a00001789	58608
a00001790	58609
a00001791	58610
a00001792	58611
a00001793	58612
a00001794	58613
a00001795	58614
a00001796	58615
a00001797	58616
a00001798	58617
a00001799	58618
a00001800	58619
a00001801	58620
a00001802	58621
a00001803	58622
a00001804	58623
a00001805	58624
a00001806	58625
a00001807	58626
a00001808	58627
a00001809	58628
a00001810	58629
a00001811	58630
a00001812	58631
a00001813	58632
a00001814	58633
a00001815	58634
a00001816	58635
a00001817	58636
a00001818	58637
a00001819	58638
a00001820	58639
a00001821	58640
a00001822	58641
a00001823	58642
a00001824	58643
a00001825	58644
a00001826	58645
a00001827	58646
a00001828	58647
a00001829	58648
a00001830	58649
a00001831	58650
a00001832	58651
a00001833	58652
a00001834	58653
a00001835	58654
a00001836	58655
a00001837	58656
a00001838	58657
a00001839	58658
a00001840	58659
a00001841	58660
a00001842	58661
a00001843	58662
a00001844	58663
a00001845	58664
a00001846	58665
a00001847	58666
a00001848	58667
a00001849	58668
a00001850	58669
a00001851	58670
a00001852	58671
a00001853	58672
a00001854	58673
a00001855	58674
a00001856	58675
a00001857	58676
a00001858	58677
a00001859	58678
a00001860	58679
a00001861	58680
a00001862	58681
a00001863	58682
a00001864	58683
a00001865	58684
a00001866	58685
a00001867	58686
a00001868	58687
a00001869	58688
a00001870	58689
a00001871	58690
a00001872	58691
a00001873	58692
a00001874	58693
a00001875	58694
a00001876	58695
a00001877	58696
a00001878	58697
a00001879	58698
a00001880	58699
a00001881	58700
a00001882	58701
a00001883	58702
a00001884	58703
a00001885	58704
a00001886	58705
a00001887	58706
a00001888	58707
a00001889	58708
a00001890	58709
a00001891	58710
a00001892	58711
a00001893	58712
a00001894	58713
a00001895	58714
a00001896	58715
a00001897	58716
a00001898	58717
a00001899	58718
a00001900	58719
a00001901	58720
a00001902	58721
a00001903	58722
a00001904	58723
a00001905	58724
a00001906	58725
a00001907	58726
a00001908	58727
a00001909	58728
a00001910	58729
a00001911	58730
a00001912	58731
a00001913	58732
a00001914	58733
a00001915	58734
a00001916	58735
a00001917	58736
a00001918	58737
a00001919	58738
a00001920	58739
a00001921	58740
a00001922	58741
a00001923	58742
a00001924	58743
a00001925	58744
a00001926	58745
a00001927	58746
a00001928	58747
a00001929	58748
a00001930	58749
a00001931	58750
a00001932	58751
a00001933	58752
a00001934	58753
a00001935	58754
a00001936	58755
a00001937	58756
a00001938	58757
a00001939	58758
a00001940	58759
a00001941	58760
a00001942	58761
a00001943	58762
a00001944	58763
a00001945	58764
a00001946	58765
a00001947	58766
a00001948	58767
a00001949	58768
a00001950	58769
a00001951	58770
a00001952	58771
a00001953	58772
a00001954	58773
a00001955	58774
a00001956	58775
a00001957	58776
a00001958	58777
a00001959	58778
a00001960	58779
a00001961	58780
a00001962	58781
a00001963	58782
a00001964	58783
a00001965	58784
a00001966	58785
a00001967	58786
a00001968	58787
a00001969	58788
a00001970	58789
a00001971	58790
a00001972	58791
a00001973	58792
a00001974	58793
a00001975	58794
a00001976	58795
a00001977	58796
a00001978	58797
a00001979	58798
a00001980	58799
a00001981	58800
a00001982	58801
a00001983	58802
a00001984	58803
a00001985	58804
a00001986	58805
a00001987	58806
a00001988	58807
a00001989	58808
a00001990	58809
a00001991	58810
a00001992	58811
a00001993	58812
a00001994	58813
a00001995	58814
a00001996	58815
a00001997	58816
a00001998	58817
a00001999	58818
a00002000	58819
a00002001	58820
a00002002	58821
a00002003	58822
a00002004	58823
a00002005	58824
a00002006	58825
a00002007	58826
a00002008	58827
a00002009	58828
a00002010	58829
a00002011	58830
a00002012	58831
a00002013	58832
a00002014	58833
a00002015	58834
a00002016	58835
a00002017	58836
a00002018	58837
a00002019	58838
a00002020	58839
a00002021	58840
a00002022	58841
a00002023	58842
a00002024	58843
a00002025	58844
a00002026	58845
a00002027	58846
a00002028	58847
a00002029	58848
a00002030	58849
a00002031	58850
a00002032	58851
a00002033	58852
a00002034	58853
a00002035	58854
a00002036	58855
a00002037	58856
a00002038	58857
a00002039	58858
a00002040	58859
a00002041	58860
a00002042	58861
a00002043	58862
a00002044	58863
a00002045	58864
a00002046	58865
a00002047	58866
a00002048	58867
a00002049	58868
a00002050	58869
a00002051	58870
a00002052	58871
a00002053	58872
a00002054	58873
a00002055	58874
a00002056	58875
a00002057	58876
a00002058	58877
a00002059	58878
a00002060	58879
a00002061	58880
a00002062	58881
a00002063	58882
a00002064	58883
a00002065	58884
a00002066	58885
a00002067	58886
a00002068	58887
a00002069	58888
a00002070	58889
a00002071	58890
a00002072	58891
a00002073	58892
a00002074	58893
a00002075	58894
a00002076	58895
a00002077	58896
a00002078	58897
a00002079	58898
a00002080	58899
a00002081	58900
a00002082	58901
a00002083	58902
a00002084	58903
a00002085	58904
a00002086	58905
a00002087	58906
a00002088	58907
a00002089	58908
a00002090	58909
a00002091	58910
a00002092	58911
a00002093	58912
a00002094	58913
a00002095	58914
a00002096	58915
a00002097	58916
a00002098	58917
a00002099	58918
a00002100	58919
a00002101	58920
a00002102	58921
a00002103	58922
a00002104	58923
a00002105	58924
a00002106	58925
a00002107	58926
a00002108	58927
a00002109	58928
a00002110	58929
a00002111	58930
a00002112	58931
a00002113	58932
a00002114	58933
a00002115	58934
a00002116	58935
a00002117	58936
a00002118	58937
a00002119	58938
a00002120	58939
a00002121	58940
a00002122	58941
a00002123	58942
a00002124	58943
a00002125	58944
a00002126	58945
a00002127	58946
a00002128	58947
a00002129	58948
a00002130	58949
a00002131	58950
a00002132	58951
a00002133	58952
a00002134	58953
a00002135	58954
a00002136	58955
a00002137	58956
a00002138	58957
a00002139	58958
a00002140	58959
a00002141	58960
a00002142	58961
a00002143	58962
a00002144	58963
a00002145	58964
a00002146	58965
a00002147	58966
a00002148	58967
a00002149	58968
a00002150	58969
a00002151	58970
a00002152	58971
a00002153	58972
a00002154	58973
a00002155	58974
a00002156	58975
a00002157	58976
a00002158	58977
a00002159	58978
a00002160	58979
a00002161	58980
a00002162	58981
a00002163	58982
a00002164	58983
a00002165	58984
a00002166	58985
a00002167	58986
a00002168	58987
a00002169	58988
a00002170	58989
a00002171	58990
a00002172	58991
a00002173	58992
a00002174	58993
a00002175	58994
a00002176	58995
a00002177	58996
a00002178	58997
a00002179	58998
a00002180	58999
a00002181	59000
a00002182	59001
a00002183	59002
a00002184	59003
a00002185	59004
a00002186	59005
a00002187	59006
a00002188	59007
a00002189	59008
a00002190	59009
a00002191	59010
a00002192	59011
a00002193	59012
a00002194	59013
a00002195	59014
a00002196	59015
a00002197	59016
a00002198	59017
a00002199	59018
a00002200	59019
a00002201	59020
a00002202	59021
a00002203	59022
a00002204	59023
a00002205	59024
a00002206	59025
a00002207	59026
a00002208	59027
a00002209	59028
a00002210	59029
a00002211	59030
a00002212	59031
a00002213	59032
a00002214	59033
a00002215	59034
a00002216	59035
a00002217	59036
a00002218	59037
a00002219	59038
a00002220	59039
a00002221	59040
a00002222	59041
a00002223	59042
a00002224	59043
a00002225	59044
a00002226	59045
a00002227	59046
a00002228	59047
a00002229	59048
a00002230	59049
a00002231	59050
a00002232	59051
a00002233	59052
a00002234	59053
a00002235	59054
a00002236	59055
a00002237	59056
a00002238	59057
a00002239	59058
a00002240	59059
a00002241	59060
a00002242	59061
a00002243	59062
a00002244	59063
a00002245	59064
a00002246	59065
a00002247	59066
a00002248	59067
a00002249	59068
a00002250	59069
a00002251	59070
a00002252	59071
a00002253	59072
a00002254	59073
a00002255	59074
a00002256	59075
a00002257	59076
a00002258	59077
a00002259	59078
a00002260	59079
a00002261	59080
a00002262	59081
a00002263	59082
a00002264	59083
a00002265	59084
a00002266	59085
a00002267	59086
a00002268	59087
a00002269	59088
a00002270	59089
a00002271	59090
a00002272	59091
a00002273	59092
a00002274	59093
a00002275	59094
a00002276	59095
a00002277	59096
a00002278	59097
a00002279	59098
a00002280	59099
a00002281	59100
a00002282	59101
a00002283	59102
a00002284	59103
a00002285	59104
a00002286	59105
a00002287	59106
a00002288	59107
a00002289	59108
a00002290	59109
a00002291	59110
a00002292	59111
a00002293	59112
a00002294	59113
a00002295	59114
a00002296	59115
a00002297	59116
a00002298	59117
a00002299	59118
a00002300	59119
a00002301	59120
a00002302	59121
a00002303	59122
a00002304	59123
a00002305	59124
a00002306	59125
a00002307	59126
a00002308	59127
a00002309	59128
a00002310	59129
a00002311	59130
a00002312	59131
a00002313	59132
a00002314	59133
a00002315	59134
a00002316	59135
a00002317	59136
a00002318	59137
a00002319	59138
a00002320	59139
a00002321	59140
a00002322	59141
a00002323	59142
a00002324	59143
a00002325	59144
a00002326	59145
a00002327	59146
a00002328	59147
a00002329	59148
a00002330	59149
a00002331	59150
a00002332	59151
a00002333	59152
a00002334	59153
a00002335	59154
a00002336	59155
a00002337	59156
a00002338	59157
a00002339	59158
a00002340	59159
a00002341	59160
a00002342	59161
a00002343	59162
a00002344	59163
a00002345	59164
a00002346	59165
a00002347	59166
a00002348	59167
a00002349	59168
a00002350	59169
a00002351	59170
a00002352	59171
a00002353	59172
a00002354	59173
a00002355	59174
a00002356	59175
a00002357	59176
a00002358	59177
a00002359	59178
a00002360	59179
a00002361	59180
a00002362	59181
a00002363	59182
a00002364	59183
a00002365	59184
a00002366	59185
a00002367	59186
a00002368	59187
a00002369	59188
a00002370	59189
a00002371	59190
a00002372	59191
a00002373	59192
a00002374	59193
a00002375	59194
a00002376	59195
a00002377	59196
a00002378	59197
a00002379	59198
a00002380	59199
a00002381	59200
a00002382	59201
a00002383	59202
a00002384	59203
a00002385	59204
a00002386	59205
a00002387	59206
a00002388	59207
a00002389	59208
a00002390	59209
a00002391	59210
a00002392	59211
a00002393	59212
a00002394	59213
a00002395	59214
a00002396	59215
a00002397	59216
a00002398	59217
a00002399	59218
a00002400	59219
a00002401	59220
a00002402	59221
a00002403	59222
a00002404	59223
a00002405	59224
a00002406	59225
a00002407	59226
a00002408	59227
a00002409	59228
a00002410	59229
a00002411	59230
a00002412	59231
a00002413	59232
a00002414	59233
a00002415	59234
a00002416	59235
a00002417	59236
a00002418	59237
a00002419	59238
a00002420	59239
a00002421	59240
a00002422	59241
a00002423	59242
a00002424	59243
a00002425	59244
a00002426	59245
a00002427	59246
a00002428	59247
a00002429	59248
a00002430	59249
a00002431	59250
a00002432	59251
a00002433	59252
a00002434	59253
a00002435	59254
a00002436	59255
a00002437	59256
a00002438	59257
a00002439	59258
a00002440	59259
a00002441	59260
a00002442	59261
a00002443	59262
a00002444	59263
a00002445	59264
a00002446	59265
a00002447	59266
a00002448	59267
a00002449	59268
a00002450	59269
a00002451	59270
a00002452	59271
a00002453	59272
a00002454	59273
a00002455	59274
a00002456	59275
a00002457	59276
a00002458	59277
a00002459	59278
a00002460	59279
a00002461	59280
a00002462	59281
a00002463	59282
a00002464	59283
a00002465	59284
a00002466	59285
a00002467	59286
a00002468	59287
a00002469	59288
a00002470	59289
a00002471	59290
a00002472	59291
a00002473	59292
a00002474	59293
a00002475	59294
a00002476	59295
a00002477	59296
a00002478	59297
a00002479	59298
a00002480	59299
a00002481	59300
a00002482	59301
a00002483	59302
a00002484	59303
a00002485	59304
a00002486	59305
a00002487	59306
a00002488	59307
a00002489	59308
a00002490	59309
a00002491	59310
a00002492	59311
a00002493	59312
a00002494	59313
a00002495	59314
a00002496	59315
a00002497	59316
a00002498	59317
a00002499	59318
a00002500	59319
a00002501	59320
a00002502	59321
a00002503	59322
a00002504	59323
a00002505	59324
a00002506	59325
a00002507	59326
a00002508	59327
a00002509	59328
a00002510	59329
a00002511	59330
a00002512	59331
a00002513	59332
a00002514	59333
a00002515	59334
a00002516	59335
a00002517	59336
a00002518	59337
a00002519	59338
a00002520	59339
a00002521	59340
a00002522	59341
a00002523	59342
a00002524	59343
a00002525	59344
a00002526	59345
a00002527	59346
a00002528	59347
a00002529	59348
a00002530	59349
a00002531	59350
a00002532	59351
a00002533	59352
a00002534	59353
a00002535	59354
a00002536	59355
a00002537	59356
a00002538	59357
a00002539	59358
a00002540	59359
a00002541	59360
a00002542	59361
a00002543	59362
a00002544	59363
a00002545	59364
a00002546	59365
a00002547	59366
a00002548	59367
a00002549	59368
a00002550	59369
a00002551	59370
a00002552	59371
a00002553	59372
a00002554	59373
a00002555	59374
a00002556	59375
a00002557	59376
a00002558	59377
a00002559	59378
a00002560	59379
a00002561	59380
a00002562	59381
a00002563	59382
a00002564	59383
a00002565	59384
a00002566	59385
a00002567	59386
a00002568	59387
a00002569	59388
a00002570	59389
a00002571	59390
a00002572	59391
a00002573	59392
a00002574	59393
a00002575	59394
a00002576	59395
a00002577	59396
a00002578	59397
a00002579	59398
a00002580	59399
a00002581	59400
a00002582	59401
a00002583	59402
a00002584	59403
a00002585	59404
a00002586	59405
a00002587	59406
a00002588	59407
a00002589	59408
a00002590	59409
a00002591	59410
a00002592	59411
a00002593	59412
a00002594	59413
a00002595	59414
a00002596	59415
a00002597	59416
a00002598	59417
a00002599	59418
a00002600	59419
a00002601	59420
a00002602	59421
a00002603	59422
a00002604	59423
a00002605	59424
a00002606	59425
a00002607	59426
a00002608	59427
a00002609	59428
a00002610	59429
a00002611	59430
a00002612	59431
a00002613	59432
a00002614	59433
a00002615	59434
a00002616	59435
a00002617	59436
a00002618	59437
a00002619	59438
a00002620	59439
a00002621	59440
a00002622	59441
a00002623	59442
a00002624	59443
a00002625	59444
a00002626	59445
a00002627	59446
a00002628	59447
a00002629	59448
a00002630	59449
a00002631	59450
a00002632	59451
a00002633	59452
a00002634	59453
a00002635	59454
a00002636	59455
a00002637	59456
a00002638	59457
a00002639	59458
a00002640	59459
a00002641	59460
a00002642	59461
a00002643	59462
a00002644	59463
a00002645	59464
a00002646	59465
a00002647	59466
a00002648	59467
a00002649	59468
a00002650	59469
a00002651	59470
a00002652	59471
a00002653	59472
a00002654	59473
a00002655	59474
a00002656	59475
a00002657	59476
a00002658	59477
a00002659	59478
a00002660	59479
a00002661	59480
a00002662	59481
a00002663	59482
a00002664	59483
a00002665	59484
a00002666	59485
a00002667	59486
a00002668	59487
a00002669	59488
a00002670	59489
a00002671	59490
a00002672	59491
a00002673	59492
a00002674	59493
a00002675	59494
a00002676	59495
a00002677	59496
a00002678	59497
a00002679	59498
a00002680	59499
a00002681	59500
a00002682	59501
a00002683	59502
a00002684	59503
a00002685	59504
a00002686	59505
a00002687	59506
a00002688	59507
a00002689	59508
a00002690	59509
a00002691	59510
a00002692	59511
a00002693	59512
a00002694	59513
a00002695	59514
a00002696	59515
a00002697	59516
a00002698	59517
a00002699	59518
a00002700	59519
a00002701	59520
a00002702	59521
a00002703	59522
a00002704	59523
a00002705	59524
a00002706	59525
a00002707	59526
a00002708	59527
a00002709	59528
a00002710	59529
a00002711	59530
a00002712	59531
a00002713	59532
a00002714	59533
a00002715	59534
a00002716	59535
a00002717	59536
a00002718	59537
a00002719	59538
a00002720	59539
a00002721	59540
a00002722	59541
a00002723	59542
a00002724	59543
a00002725	59544
a00002726	59545
a00002727	59546
a00002728	59547
a00002729	59548
a00002730	59549
a00002731	59550
a00002732	59551
a00002733	59552
a00002734	59553
a00002735	59554
a00002736	59555
a00002737	59556
a00002738	59557
a00002739	59558
a00002740	59559
a00002741	59560
a00002742	59561
a00002743	59562
a00002744	59563
a00002745	59564
a00002746	59565
a00002747	59566
a00002748	59567
a00002749	59568
a00002750	59569
a00002751	59570
a00002752	59571
a00002753	59572
a00002754	59573
a00002755	59574
a00002756	59575
a00002757	59576
a00002758	59577
a00002759	59578
a00002760	59579
a00002761	59580
a00002762	59581
a00002763	59582
a00002764	59583
a00002765	59584
a00002766	59585
a00002767	59586
a00002768	59587
a00002769	59588
a00002770	59589
a00002771	59590
a00002772	59591
a00002773	59592
a00002774	59593
a00002775	59594
a00002776	59595
a00002777	59596
a00002778	59597
a00002779	59598
a00002780	59599
a00002781	59600
a00002782	59601
a00002783	59602
a00002784	59603
a00002785	59604
a00002786	59605
a00002787	59606
a00002788	59607
a00002789	59608
a00002790	59609
a00002791	59610
a00002792	59611
a00002793	59612
a00002794	59613
a00002795	59614
a00002796	59615
a00002797	59616
a00002798	59617
a00002799	59618
a00002800	59619
a00002801	59620
a00002802	59621
a00002803	59622
a00002804	59623
a00002805	59624
a00002806	59625
a00002807	59626
a00002808	59627
a00002809	59628
a00002810	59629
a00002811	59630
a00002812	59631
a00002813	59632
a00002814	59633
a00002815	59634
a00002816	59635
a00002817	59636
a00002818	59637
a00002819	59638
a00002820	59639
a00002821	59640
a00002822	59641
a00002823	59642
a00002824	59643
a00002825	59644
a00002826	59645
a00002827	59646
a00002828	59647
a00002829	59648
a00002830	59649
a00002831	59650
a00002832	59651
a00002833	59652
a00002834	59653
a00002835	59654
a00002836	59655
a00002837	59656
a00002838	59657
a00002839	59658
a00002840	59659
a00002841	59660
a00002842	59661
a00002843	59662
a00002844	59663
a00002845	59664
a00002846	59665
a00002847	59666
a00002848	59667
a00002849	59668
a00002850	59669
a00002851	59670
a00002852	59671
a00002853	59672
a00002854	59673
a00002855	59674
a00002856	59675
a00002857	59676
a00002858	59677
a00002859	59678
a00002860	59679
a00002861	59680
a00002862	59681
a00002863	59682
a00002864	59683
a00002865	59684
a00002866	59685
a00002867	59686
a00002868	59687
a00002869	59688
a00002870	59689
a00002871	59690
a00002872	59691
a00002873	59692
a00002874	59693
a00002875	59694
a00002876	59695
a00002877	59696
a00002878	59697
a00002879	59698
a00002880	59699
a00002881	59700
a00002882	59701
a00002883	59702
a00002884	59703
a00002885	59704
a00002886	59705
a00002887	59706
a00002888	59707
a00002889	59708
a00002890	59709
a00002891	59710
a00002892	59711
a00002893	59712
a00002894	59713
a00002895	59714
a00002896	59715
a00002897	59716
a00002898	59717
a00002899	59718
a00002900	59719
a00002901	59720
a00002902	59721
a00002903	59722
a00002904	59723
a00002905	59724
a00002906	59725
a00002907	59726
a00002908	59727
a00002909	59728
a00002910	59729
a00002911	59730
a00002912	59731
a00002913	59732
a00002914	59733
a00002915	59734
a00002916	59735
a00002917	59736
a00002918	59737
a00002919	59738
a00002920	59739
a00002921	59740
a00002922	59741
a00002923	59742
a00002924	59743
a00002925	59744
a00002926	59745
a00002927	59746
a00002928	59747
a00002929	59748
a00002930	59749
a00002931	59750
a00002932	59751
a00002933	59752
a00002934	59753
a00002935	59754
a00002936	59755
a00002937	59756
a00002938	59757
a00002939	59758
a00002940	59759
a00002941	59760
a00002942	59761
a00002943	59762
a00002944	59763
a00002945	59764
a00002946	59765
a00002947	59766
a00002948	59767
a00002949	59768
a00002950	59769
a00002951	59770
a00002952	59771
a00002953	59772
a00002954	59773
a00002955	59774
a00002956	59775
a00002957	59776
a00002958	59777
a00002959	59778
a00002960	59779
a00002961	59780
a00002962	59781
a00002963	59782
a00002964	59783
a00002965	59784
a00002966	59785
a00002967	59786
a00002968	59787
a00002969	59788
a00002970	59789
a00002971	59790
a00002972	59791
a00002973	59792
a00002974	59793
a00002975	59794
a00002976	59795
a00002977	59796
a00002978	59797
a00002979	59798
a00002980	59799
a00002981	59800
a00002982	59801
a00002983	59802
a00002984	59803
a00002985	59804
a00002986	59805
a00002987	59806
a00002988	59807
a00002989	59808
a00002990	59809
a00002991	59810
a00002992	59811
a00002993	59812
a00002994	59813
a00002995	59814
a00002996	59815
a00002997	59816
a00002998	59817
a00002999	59818
a00003000	59819
a00003001	59820
a00003002	59821
a00003003	59822
a00003004	59823
a00003005	59824
a00003006	59825
a00003007	59826
a00003008	59827
a00003009	59828
a00003010	59829
a00003011	59830
a00003012	59831
a00003013	59832
a00003014	59833
a00003015	59834
a00003016	59835
a00003017	59836
a00003018	59837
a00003019	59838
a00003020	59839
a00003021	59840
a00003022	59841
a00003023	59842
a00003024	59843
a00003025	59844
a00003026	59845
a00003027	59846
a00003028	59847
a00003029	59848
a00003030	59849
a00003031	59850
a00003032	59851
a00003033	59852
a00003034	59853
a00003035	59854
a00003036	59855
a00003037	59856
a00003038	59857
a00003039	59858
a00003040	59859
a00003041	59860
a00003042	59861
a00003043	59862
a00003044	59863
a00003045	59864
a00003046	59865
a00003047	59866
a00003048	59867
a00003049	59868
a00003050	59869
a00003051	59870
a00003052	59871
a00003053	59872
a00003054	59873
a00003055	59874
a00003056	59875
a00003057	59876
a00003058	59877
a00003059	59878
a00003060	59879
a00003061	59880
a00003062	59881
a00003063	59882
a00003064	59883
a00003065	59884
a00003066	59885
a00003067	59886
a00003068	59887
a00003069	59888
a00003070	59889
a00003071	59890
a00003072	59891
a00003073	59892
a00003074	59893
a00003075	59894
a00003076	59895
a00003077	59896
a00003078	59897
a00003079	59898
a00003080	59899
a00003081	59900
a00003082	59901
a00003083	59902
a00003084	59903
a00003085	59904
a00003086	59905
a00003087	59906
a00003088	59907
a00003089	59908
a00003090	59909
a00003091	59910
a00003092	59911
a00003093	59912
a00003094	59913
a00003095	59914
a00003096	59915
a00003097	59916
a00003098	59917
a00003099	59918
a00003100	59919
a00003101	59920
a00003102	59921
a00003103	59922
a00003104	59923
a00003105	59924
a00003106	59925
a00003107	59926
a00003108	59927
a00003109	59928
a00003110	59929
a00003111	59930
a00003112	59931
a00003113	59932
a00003114	59933
a00003115	59934
a00003116	59935
a00003117	59936
a00003118	59937
a00003119	59938
a00003120	59939
a00003121	59940
a00003122	59941
a00003123	59942
a00003124	59943
a00003125	59944
a00003126	59945
a00003127	59946
a00003128	59947
a00003129	59948
a00003130	59949
a00003131	59950
a00003132	59951
a00003133	59952
a00003134	59953
a00003135	59954
a00003136	59955
a00003137	59956
a00003138	59957
a00003139	59958
a00003140	59959
a00003141	59960
a00003142	59961
a00003143	59962
a00003144	59963
a00003145	59964
a00003146	59965
a00003147	59966
a00003148	59967
a00003149	59968
a00003150	59969
a00003151	59970
a00003152	59971
a00003153	59972
a00003154	59973
a00003155	59974
a00003156	59975
a00003157	59976
a00003158	59977
a00003159	59978
a00003160	59979
a00003161	59980
a00003162	59981
a00003163	59982
a00003164	59983
a00003165	59984
a00003166	59985
a00003167	59986
a00003168	59987
a00003169	59988
a00003170	59989
a00003171	59990
a00003172	59991
a00003173	59992
a00003174	59993
a00003175	59994
a00003176	59995
a00003177	59996
a00003178	59997
a00003179	59998
a00003180	59999
a00003181	60000
a00003182	60001
a00003183	60002
a00003184	60003
a00003185	60004
a00003186	60005
a00003187	60006
a00003188	60007
a00003189	60008
a00003190	60009
a00003191	60010
a00003192	60011
a00003193	60012
a00003194	60013
a00003195	60014
a00003196	60015
a00003197	60016
a00003198	60017
a00003199	60018
a00003200	60019
a00003201	60020
a00003202	60021
a00003203	60022
a00003204	60023
a00003205	60024
a00003206	60025
a00003207	60026
a00003208	60027
a00003209	60028
a00003210	60029
a00003211	60030
a00003212	60031
a00003213	60032
a00003214	60033
a00003215	60034
a00003216	60035
a00003217	60036
a00003218	60037
a00003219	60038
a00003220	60039
a00003221	60040
a00003222	60041
a00003223	60042
a00003224	60043
a00003225	60044
a00003226	60045
a00003227	60046
a00003228	60047
a00003229	60048
a00003230	60049
a00003231	60050
a00003232	60051
a00003233	60052
a00003234	60053
a00003235	60054
a00003236	60055
a00003237	60056
a00003238	60057
a00003239	60058
a00003240	60059
a00003241	60060
a00003242	60061
a00003243	60062
a00003244	60063
a00003245	60064
a00003246	60065
a00003247	60066
a00003248	60067
a00003249	60068
a00003250	60069
a00003251	60070
a00003252	60071
a00003253	60072
a00003254	60073
a00003255	60074
a00003256	60075
a00003257	60076
a00003258	60077
a00003259	60078
a00003260	60079
a00003261	60080
a00003262	60081
a00003263	60082
a00003264	60083
a00003265	60084
a00003266	60085
a00003267	60086
a00003268	60087
a00003269	60088
a00003270	60089
a00003271	60090
a00003272	60091
a00003273	60092
a00003274	60093
a00003275	60094
a00003276	60095
a00003277	60096
a00003278	60097
a00003279	60098
a00003280	60099
a00003281	60100
a00003282	60101
a00003283	60102
a00003284	60103
a00003285	60104
a00003286	60105
a00003287	60106
a00003288	60107
a00003289	60108
a00003290	60109
a00003291	60110
a00003292	60111
a00003293	60112
a00003294	60113
a00003295	60114
a00003296	60115
a00003297	60116
a00003298	60117
a00003299	60118
a00003300	60119
a00003301	60120
a00003302	60121
a00003303	60122
a00003304	60123
a00003305	60124
a00003306	60125
a00003307	60126
a00003308	60127
a00003309	60128
a00003310	60129
a00003311	60130
a00003312	60131
a00003313	60132
a00003314	60133
a00003315	60134
a00003316	60135
a00003317	60136
a00003318	60137
a00003319	60138
a00003320	60139
a00003321	60140
a00003322	60141
a00003323	60142
a00003324	60143
a00003325	60144
a00003326	60145
a00003327	60146
a00003328	60147
a00003329	60148
a00003330	60149
a00003331	60150
a00003332	60151
a00003333	60152
a00003334	60153
a00003335	60154
a00003336	60155
a00003337	60156
a00003338	60157
a00003339	60158
a00003340	60159
a00003341	60160
a00003342	60161
a00003343	60162
a00003344	60163
a00003345	60164
a00003346	60165
a00003347	60166
a00003348	60167
a00003349	60168
a00003350	60169
a00003351	60170
a00003352	60171
a00003353	60172
a00003354	60173
a00003355	60174
a00003356	60175
a00003357	60176
a00003358	60177
a00003359	60178
a00003360	60179
a00003361	60180
a00003362	60181
a00003363	60182
a00003364	60183
a00003365	60184
a00003366	60185
a00003367	60186
a00003368	60187
a00003369	60188
a00003370	60189
a00003371	60190
a00003372	60191
a00003373	60192
a00003374	60193
a00003375	60194
a00003376	60195
a00003377	60196
a00003378	60197
a00003379	60198
a00003380	60199
a00003381	60200
a00003382	60201
a00003383	60202
a00003384	60203
a00003385	60204
a00003386	60205
a00003387	60206
a00003388	60207
a00003389	60208
a00003390	60209
a00003391	60210
a00003392	60211
a00003393	60212
a00003394	60213
a00003395	60214
a00003396	60215
a00003397	60216
a00003398	60217
a00003399	60218
a00003400	60219
a00003401	60220
a00003402	60221
a00003403	60222
a00003404	60223
a00003405	60224
a00003406	60225
a00003407	60226
a00003408	60227
a00003409	60228
a00003410	60229
a00003411	60230
a00003412	60231
a00003413	60232
a00003414	60233
a00003415	60234
a00003416	60235
a00003417	60236
a00003418	60237
a00003419	60238
a00003420	60239
a00003421	60240
a00003422	60241
a00003423	60242
a00003424	60243
a00003425	60244
a00003426	60245
a00003427	60246
a00003428	60247
a00003429	60248
a00003430	60249
a00003431	60250
a00003432	60251
a00003433	60252
a00003434	60253
a00003435	60254
a00003436	60255
a00003437	60256
a00003438	60257
a00003439	60258
a00003440	60259
a00003441	60260
a00003442	60261
a00003443	60262
a00003444	60263
a00003445	60264
a00003446	60265
a00003447	60266
a00003448	60267
a00003449	60268
a00003450	60269
a00003451	60270
a00003452	60271
a00003453	60272
a00003454	60273
a00003455	60274
a00003456	60275
a00003457	60276
a00003458	60277
a00003459	60278
a00003460	60279
a00003461	60280
a00003462	60281
a00003463	60282
a00003464	60283
a00003465	60284
a00003466	60285
a00003467	60286
a00003468	60287
a00003469	60288
a00003470	60289
a00003471	60290
a00003472	60291
a00003473	60292
a00003474	60293
a00003475	60294
a00003476	60295
a00003477	60296
a00003478	60297
a00003479	60298
a00003480	60299
a00003481	60300
a00003482	60301
a00003483	60302
a00003484	60303
a00003485	60304
a00003486	60305
a00003487	60306
a00003488	60307
a00003489	60308
a00003490	60309
a00003491	60310
a00003492	60311
a00003493	60312
a00003494	60313
a00003495	60314
a00003496	60315
a00003497	60316
a00003498	60317
a00003499	60318
a00003500	60319
a00003501	60320
a00003502	60321
a00003503	60322
a00003504	60323
a00003505	60324
a00003506	60325
a00003507	60326
a00003508	60327
a00003509	60328
a00003510	60329
a00003511	60330
a00003512	60331
a00003513	60332
a00003514	60333
a00003515	60334
a00003516	60335
a00003517	60336
a00003518	60337
a00003519	60338
a00003520	60339
a00003521	60340
a00003522	60341
a00003523	60342
a00003524	60343
a00003525	60344
a00003526	60345
a00003527	60346
a00003528	60347
a00003529	60348
a00003530	60349
a00003531	60350
a00003532	60351
a00003533	60352
a00003534	60353
a00003535	60354
a00003536	60355
a00003537	60356
a00003538	60357
a00003539	60358
a00003540	60359
a00003541	60360
a00003542	60361
a00003543	60362
a00003544	60363
a00003545	60364
a00003546	60365
a00003547	60366
a00003548	60367
a00003549	60368
a00003550	60369
a00003551	60370
a00003552	60371
a00003553	60372
a00003554	60373
a00003555	60374
a00003556	60375
a00003557	60376
a00003558	60377
a00003559	60378
a00003560	60379
a00003561	60380
a00003562	60381
a00003563	60382
a00003564	60383
a00003565	60384
a00003566	60385
a00003567	60386
a00003568	60387
a00003569	60388
a00003570	60389
a00003571	60390
a00003572	60391
a00003573	60392
a00003574	60393
a00003575	60394
a00003576	60395
a00003577	60396
a00003578	60397
a00003579	60398
a00003580	60399
a00003581	60400
a00003582	60401
a00003583	60402
a00003584	60403
a00003585	60404
a00003586	60405
a00003587	60406
a00003588	60407
a00003589	60408
a00003590	60409
a00003591	60410
a00003592	60411
a00003593	60412
a00003594	60413
a00003595	60414
a00003596	60415
a00003597	60416
a00003598	60417
a00003599	60418
a00003600	60419
a00003601	60420
a00003602	60421
a00003603	60422
a00003604	60423
a00003605	60424
a00003606	60425
a00003607	60426
a00003608	60427
a00003609	60428
a00003610	60429
a00003611	60430
a00003612	60431
a00003613	60432
a00003614	60433
a00003615	60434
a00003616	60435
a00003617	60436
a00003618	60437
a00003619	60438
a00003620	60439
a00003621	60440
a00003622	60441
a00003623	60442
a00003624	60443
a00003625	60444
a00003626	60445
a00003627	60446
a00003628	60447
a00003629	60448
a00003630	60449
a00003631	60450
a00003632	60451
a00003633	60452
a00003634	60453
a00003635	60454
a00003636	60455
a00003637	60456
a00003638	60457
a00003639	60458
a00003640	60459
a00003641	60460
a00003642	60461
a00003643	60462
a00003644	60463
a00003645	60464
a00003646	60465
a00003647	60466
a00003648	60467
a00003649	60468
a00003650	60469
a00003651	60470
a00003652	60471
a00003653	60472
a00003654	60473
a00003655	60474
a00003656	60475
a00003657	60476
a00003658	60477
a00003659	60478
a00003660	60479
a00003661	60480
a00003662	60481
a00003663	60482
a00003664	60483
a00003665	60484
a00003666	60485
a00003667	60486
a00003668	60487
a00003669	60488
a00003670	60489
a00003671	60490
a00003672	60491
a00003673	60492
a00003674	60493
a00003675	60494
a00003676	60495
a00003677	60496
a00003678	60497
a00003679	60498
a00003680	60499
a00003681	60500
a00003682	60501
a00003683	60502
a00003684	60503
a00003685	60504
a00003686	60505
a00003687	60506
a00003688	60507
a00003689	60508
a00003690	60509
a00003691	60510
a00003692	60511
a00003693	60512
a00003694	60513
a00003695	60514
a00003696	60515
a00003697	60516
a00003698	60517
a00003699	60518
a00003700	60519
a00003701	60520
a00003702	60521
a00003703	60522
a00003704	60523
a00003705	60524
a00003706	60525
a00003707	60526
a00003708	60527
a00003709	60528
a00003710	60529
a00003711	60530
a00003712	60531
a00003713	60532
a00003714	60533
a00003715	60534
a00003716	60535
a00003717	60536
a00003718	60537
a00003719	60538
a00003720	60539
a00003721	60540
a00003722	60541
a00003723	60542
a00003724	60543
a00003725	60544
a00003726	60545
a00003727	60546
a00003728	60547
a00003729	60548
a00003730	60549
a00003731	60550
a00003732	60551
a00003733	60552
a00003734	60553
a00003735	60554
a00003736	60555
a00003737	60556
a00003738	60557
a00003739	60558
a00003740	60559
a00003741	60560
a00003742	60561
a00003743	60562
a00003744	60563
a00003745	60564
a00003746	60565
a00003747	60566
a00003748	60567
a00003749	60568
a00003750	60569
a00003751	60570
a00003752	60571
a00003753	60572
a00003754	60573
a00003755	60574
a00003756	60575
a00003757	60576
a00003758	60577
a00003759	60578
a00003760	60579
a00003761	60580
a00003762	60581
a00003763	60582
a00003764	60583
a00003765	60584
a00003766	60585
a00003767	60586
a00003768	60587
a00003769	60588
a00003770	60589
a00003771	60590
a00003772	60591
a00003773	60592
a00003774	60593
a00003775	60594
a00003776	60595
a00003777	60596
a00003778	60597
a00003779	60598
a00003780	60599
a00003781	60600
a00003782	60601
a00003783	60602
a00003784	60603
a00003785	60604
a00003786	60605
a00003787	60606
a00003788	60607
a00003789	60608
a00003790	60609
a00003791	60610
a00003792	60611
a00003793	60612
a00003794	60613
a00003795	60614
a00003796	60615
a00003797	60616
a00003798	60617
a00003799	60618
a00003800	60619
a00003801	60620
a00003802	60621
a00003803	60622
a00003804	60623
a00003805	60624
a00003806	60625
a00003807	60626
a00003808	60627
a00003809	60628
a00003810	60629
a00003811	60630
a00003812	60631
a00003813	60632
a00003814	60633
a00003815	60634
a00003816	60635
a00003817	60636
a00003818	60637
a00003819	60638
a00003820	60639
a00003821	60640
a00003822	60641
a00003823	60642
a00003824	60643
a00003825	60644
a00003826	60645
a00003827	60646
a00003828	60647
a00003829	60648
a00003830	60649
a00003831	60650
a00003832	60651
a00003833	60652
a00003834	60653
a00003835	60654
a00003836	60655
a00003837	60656
a00003838	60657
a00003839	60658
a00003840	60659
a00003841	60660
a00003842	60661
a00003843	60662
a00003844	60663
a00003845	60664
a00003846	60665
a00003847	60666
a00003848	60667
a00003849	60668
a00003850	60669
a00003851	60670
a00003852	60671
a00003853	60672
a00003854	60673
a00003855	60674
a00003856	60675
a00003857	60676
a00003858	60677
a00003859	60678
a00003860	60679
a00003861	60680
a00003862	60681
a00003863	60682
a00003864	60683
a00003865	60684
a00003866	60685
a00003867	60686
a00003868	60687
a00003869	60688
a00003870	60689
a00003871	60690
a00003872	60691
a00003873	60692
a00003874	60693
a00003875	60694
a00003876	60695
a00003877	60696
a00003878	60697
a00003879	60698
a00003880	60699
a00003881	60700
a00003882	60701
a00003883	60702
a00003884	60703
a00003885	60704
a00003886	60705
a00003887	60706
a00003888	60707
a00003889	60708
a00003890	60709
a00003891	60710
a00003892	60711
a00003893	60712
a00003894	60713
a00003895	60714
a00003896	60715
a00003897	60716
a00003898	60717
a00003899	60718
a00003900	60719
a00003901	60720
a00003902	60721
a00003903	60722
a00003904	60723
a00003905	60724
a00003906	60725
a00003907	60726
a00003908	60727
a00003909	60728
a00003910	60729
a00003911	60730
a00003912	60731
a00003913	60732
a00003914	60733
a00003915	60734
a00003916	60735
a00003917	60736
a00003918	60737
a00003919	60738
a00003920	60739
a00003921	60740
a00003922	60741
a00003923	60742
a00003924	60743
a00003925	60744
a00003926	60745
a00003927	60746
a00003928	60747
a00003929	60748
a00003930	60749
a00003931	60750
a00003932	60751
a00003933	60752
a00003934	60753
a00003935	60754
a00003936	60755
a00003937	60756
a00003938	60757
a00003939	60758
a00003940	60759
a00003941	60760
a00003942	60761
a00003943	60762
a00003944	60763
a00003945	60764
a00003946	60765
a00003947	60766
a00003948	60767
a00003949	60768
a00003950	60769
a00003951	60770
a00003952	60771
a00003953	60772
a00003954	60773
a00003955	60774
a00003956	60775
a00003957	60776
a00003958	60777
a00003959	60778
a00003960	60779
a00003961	60780
a00003962	60781
a00003963	60782
a00003964	60783
a00003965	60784
a00003966	60785
a00003967	60786
a00003968	60787
a00003969	60788
a00003970	60789
a00003971	60790
a00003972	60791
a00003973	60792
a00003974	60793
a00003975	60794
a00003976	60795
a00003977	60796
a00003978	60797
a00003979	60798
a00003980	60799
a00003981	60800
a00003982	60801
a00003983	60802
a00003984	60803
a00003985	60804
a00003986	60805
a00003987	60806
a00003988	60807
a00003989	60808
a00003990	60809
a00003991	60810
a00003992	60811
a00003993	60812
a00003994	60813
a00003995	60814
a00003996	60815
a00003997	60816
a00003998	60817
a00003999	60818
a00004000	60819
a00004001	60820
a00004002	60821
a00004003	60822
a00004004	60823
a00004005	60824
a00004006	60825
a00004007	60826
a00004008	60827
a00004009	60828
a00004010	60829
a00004011	60830
a00004012	60831
a00004013	60832
a00004014	60833
a00004015	60834
a00004016	60835
a00004017	60836
a00004018	60837
a00004019	60838
a00004020	60839
a00004021	60840
a00004022	60841
a00004023	60842
a00004024	60843
a00004025	60844
a00004026	60845
a00004027	60846
a00004028	60847
a00004029	60848
a00004030	60849
a00004031	60850
a00004032	60851
a00004033	60852
a00004034	60853
a00004035	60854
a00004036	60855
a00004037	60856
a00004038	60857
a00004039	60858
a00004040	60859
a00004041	60860
a00004042	60861
a00004043	60862
a00004044	60863
a00004045	60864
a00004046	60865
a00004047	60866
a00004048	60867
a00004049	60868
a00004050	60869
a00004051	60870
a00004052	60871
a00004053	60872
a00004054	60873
a00004055	60874
a00004056	60875
a00004057	60876
a00004058	60877
a00004059	60878
a00004060	60879
a00004061	60880
a00004062	60881
a00004063	60882
a00004064	60883
a00004065	60884
a00004066	60885
a00004067	60886
a00004068	60887
a00004069	60888
a00004070	60889
a00004071	60890
a00004072	60891
a00004073	60892
a00004074	60893
a00004075	60894
a00004076	60895
a00004077	60896
a00004078	60897
a00004079	60898
a00004080	60899
a00004081	60900
a00004082	60901
a00004083	60902
a00004084	60903
a00004085	60904
a00004086	60905
a00004087	60906
a00004088	60907
a00004089	60908
a00004090	60909
a00004091	60910
a00004092	60911
a00004093	60912
a00004094	60913
a00004095	60914
a00004096	60915
a00004097	60916
a00004098	60917
a00004099	60918
a00004100	60919
a00004101	60920
a00004102	60921
a00004103	60922
a00004104	60923
a00004105	60924
a00004106	60925
a00004107	60926
a00004108	60927
a00004109	60928
a00004110	60929
a00004111	60930
a00004112	60931
a00004113	60932
a00004114	60933
a00004115	60934
a00004116	60935
a00004117	60936
a00004118	60937
a00004119	60938
a00004120	60939
a00004121	60940
a00004122	60941
a00004123	60942
a00004124	60943
a00004125	60944
a00004126	60945
a00004127	60946
a00004128	60947
a00004129	60948
a00004130	60949
a00004131	60950
a00004132	60951
a00004133	60952
a00004134	60953
a00004135	60954
a00004136	60955
a00004137	60956
a00004138	60957
a00004139	60958
a00004140	60959
a00004141	60960
a00004142	60961
a00004143	60962
a00004144	60963
a00004145	60964
a00004146	60965
a00004147	60966
a00004148	60967
a00004149	60968
a00004150	60969
a00004151	60970
a00004152	60971
a00004153	60972
a00004154	60973
a00004155	60974
a00004156	60975
a00004157	60976
a00004158	60977
a00004159	60978
a00004160	60979
a00004161	60980
a00004162	60981
a00004163	60982
a00004164	60983
a00004165	60984
a00004166	60985
a00004167	60986
a00004168	60987
a00004169	60988
a00004170	60989
a00004171	60990
a00004172	60991
a00004173	60992
a00004174	60993
a00004175	60994
a00004176	60995
a00004177	60996
a00004178	60997
a00004179	60998
a00004180	60999
a00004181	61000
a00004182	61001
a00004183	61002
a00004184	61003
a00004185	61004
a00004186	61005
a00004187	61006
a00004188	61007
a00004189	61008
a00004190	61009
a00004191	61010
a00004192	61011
a00004193	61012
a00004194	61013
a00004195	61014
a00004196	61015
a00004197	61016
a00004198	61017
a00004199	61018
a00004200	61019
a00004201	61020
a00004202	61021
a00004203	61022
a00004204	61023
a00004205	61024
a00004206	61025
a00004207	61026
a00004208	61027
a00004209	61028
a00004210	61029
a00004211	61030
a00004212	61031
a00004213	61032
a00004214	61033
a00004215	61034
a00004216	61035
a00004217	61036
a00004218	61037
a00004219	61038
a00004220	61039
a00004221	61040
a00004222	61041
a00004223	61042
a00004224	61043
a00004225	61044
a00004226	61045
a00004227	61046
a00004228	61047
a00004229	61048
a00004230	61049
a00004231	61050
a00004232	61051
a00004233	61052
a00004234	61053
a00004235	61054
a00004236	61055
a00004237	61056
a00004238	61057
a00004239	61058
a00004240	61059
a00004241	61060
a00004242	61061
a00004243	61062
a00004244	61063
a00004245	61064
a00004246	61065
a00004247	61066
a00004248	61067
a00004249	61068
a00004250	61069
a00004251	61070
a00004252	61071
a00004253	61072
a00004254	61073
a00004255	61074
a00004256	61075
a00004257	61076
a00004258	61077
a00004259	61078
a00004260	61079
a00004261	61080
a00004262	61081
a00004263	61082
a00004264	61083
a00004265	61084
a00004266	61085
a00004267	61086
a00004268	61087
a00004269	61088
a00004270	61089
a00004271	61090
a00004272	61091
a00004273	61092
a00004274	61093
a00004275	61094
a00004276	61095
a00004277	61096
a00004278	61097
a00004279	61098
a00004280	61099
a00004281	61100
a00004282	61101
a00004283	61102
a00004284	61103
a00004285	61104
a00004286	61105
a00004287	61106
a00004288	61107
a00004289	61108
a00004290	61109
a00004291	61110
a00004292	61111
a00004293	61112
a00004294	61113
a00004295	61114
a00004296	61115
a00004297	61116
a00004298	61117
a00004299	61118
a00004300	61119
a00004301	61120
a00004302	61121
a00004303	61122
a00004304	61123
a00004305	61124
a00004306	61125
a00004307	61126
a00004308	61127
a00004309	61128
a00004310	61129
a00004311	61130
a00004312	61131
a00004313	61132
a00004314	61133
a00004315	61134
a00004316	61135
a00004317	61136
a00004318	61137
a00004319	61138
a00004320	61139
a00004321	61140
a00004322	61141
a00004323	61142
a00004324	61143
a00004325	61144
a00004326	61145
a00004327	61146
a00004328	61147
a00004329	61148
a00004330	61149
a00004331	61150
a00004332	61151
a00004333	61152
a00004334	61153
a00004335	61154
a00004336	61155
a00004337	61156
a00004338	61157
a00004339	61158
a00004340	61159
a00004341	61160
a00004342	61161
a00004343	61162
a00004344	61163
a00004345	61164
a00004346	61165
a00004347	61166
a00004348	61167
a00004349	61168
a00004350	61169
a00004351	61170
a00004352	61171
a00004353	61172
a00004354	61173
a00004355	61174
a00004356	61175
a00004357	61176
a00004358	61177
a00004359	61178
a00004360	61179
a00004361	61180
a00004362	61181
a00004363	61182
a00004364	61183
a00004365	61184
a00004366	61185
a00004367	61186
a00004368	61187
a00004369	61188
a00004370	61189
a00004371	61190
a00004372	61191
a00004373	61192
a00004374	61193
a00004375	61194
a00004376	61195
a00004377	61196
a00004378	61197
a00004379	61198
a00004380	61199
a00004381	61200
a00004382	61201
a00004383	61202
a00004384	61203
a00004385	61204
a00004386	61205
a00004387	61206
a00004388	61207
a00004389	61208
a00004390	61209
a00004391	61210
a00004392	61211
a00004393	61212
a00004394	61213
a00004395	61214
a00004396	61215
a00004397	61216
a00004398	61217
a00004399	61218
a00004400	61219
a00004401	61220
a00004402	61221
a00004403	61222
a00004404	61223
a00004405	61224
a00004406	61225
a00004407	61226
a00004408	61227
a00004409	61228
a00004410	61229
a00004411	61230
a00004412	61231
a00004413	61232
a00004414	61233
a00004415	61234
a00004416	61235
a00004417	61236
a00004418	61237
a00004419	61238
a00004420	61239
a00004421	61240
a00004422	61241
a00004423	61242
a00004424	61243
a00004425	61244
a00004426	61245
a00004427	61246
a00004428	61247
a00004429	61248
a00004430	61249
a00004431	61250
a00004432	61251
a00004433	61252
a00004434	61253
a00004435	61254
a00004436	61255
a00004437	61256
a00004438	61257
a00004439	61258
a00004440	61259
a00004441	61260
a00004442	61261
a00004443	61262
a00004444	61263
a00004445	61264
a00004446	61265
a00004447	61266
a00004448	61267
a00004449	61268
a00004450	61269
a00004451	61270
a00004452	61271
a00004453	61272
a00004454	61273
a00004455	61274
a00004456	61275
a00004457	61276
a00004458	61277
a00004459	61278
a00004460	61279
a00004461	61280
a00004462	61281
a00004463	61282
a00004464	61283
a00004465	61284
a00004466	61285
a00004467	61286
a00004468	61287
a00004469	61288
a00004470	61289
a00004471	61290
a00004472	61291
a00004473	61292
a00004474	61293
a00004475	61294
a00004476	61295
a00004477	61296
a00004478	61297
a00004479	61298
a00004480	61299
a00004481	61300
a00004482	61301
a00004483	61302
a00004484	61303
a00004485	61304
a00004486	61305
a00004487	61306
a00004488	61307
a00004489	61308
a00004490	61309
a00004491	61310
a00004492	61311
a00004493	61312
a00004494	61313
a00004495	61314
a00004496	61315
a00004497	61316
a00004498	61317
a00004499	61318
a00004500	61319
a00004501	61320
a00004502	61321
a00004503	61322
a00004504	61323
a00004505	61324
a00004506	61325
a00004507	61326
a00004508	61327
a00004509	61328
a00004510	61329
a00004511	61330
a00004512	61331
a00004513	61332
a00004514	61333
a00004515	61334
a00004516	61335
a00004517	61336
a00004518	61337
a00004519	61338
a00004520	61339
a00004521	61340
a00004522	61341
a00004523	61342
a00004524	61343
a00004525	61344
a00004526	61345
a00004527	61346
a00004528	61347
a00004529	61348
a00004530	61349
a00004531	61350
a00004532	61351
a00004533	61352
a00004534	61353
a00004535	61354
a00004536	61355
a00004537	61356
a00004538	61357
a00004539	61358
a00004540	61359
a00004541	61360
a00004542	61361
a00004543	61362
a00004544	61363
a00004545	61364
a00004546	61365
a00004547	61366
a00004548	61367
a00004549	61368
a00004550	61369
a00004551	61370
a00004552	61371
a00004553	61372
a00004554	61373
a00004555	61374
a00004556	61375
a00004557	61376
a00004558	61377
a00004559	61378
a00004560	61379
a00004561	61380
a00004562	61381
a00004563	61382
a00004564	61383
a00004565	61384
a00004566	61385
a00004567	61386
a00004568	61387
a00004569	61388
a00004570	61389
a00004571	61390
a00004572	61391
a00004573	61392
a00004574	61393
a00004575	61394
a00004576	61395
a00004577	61396
a00004578	61397
a00004579	61398
a00004580	61399
a00004581	61400
a00004582	61401
a00004583	61402
a00004584	61403
a00004585	61404
a00004586	61405
a00004587	61406
a00004588	61407
a00004589	61408
a00004590	61409
a00004591	61410
a00004592	61411
a00004593	61412
a00004594	61413
a00004595	61414
a00004596	61415
a00004597	61416
a00004598	61417
a00004599	61418
a00004600	61419
a00004601	61420
a00004602	61421
a00004603	61422
a00004604	61423
a00004605	61424
a00004606	61425
a00004607	61426
a00004608	61427
a00004609	61428
a00004610	61429
a00004611	61430
a00004612	61431
a00004613	61432
a00004614	61433
a00004615	61434
a00004616	61435
a00004617	61436
a00004618	61437
a00004619	61438
a00004620	61439
a00004621	61440
a00004622	61441
a00004623	61442
a00004624	61443
a00004625	61444
a00004626	61445
a00004627	61446
a00004628	61447
a00004629	61448
a00004630	61449
a00004631	61450
a00004632	61451
a00004633	61452
a00004634	61453
a00004635	61454
a00004636	61455
a00004637	61456
a00004638	61457
a00004639	61458
a00004640	61459
a00004641	61460
a00004642	61461
a00004643	61462
a00004644	61463
a00004645	61464
a00004646	61465
a00004647	61466
a00004648	61467
a00004649	61468
a00004650	61469
a00004651	61470
a00004652	61471
a00004653	61472
a00004654	61473
a00004655	61474
a00004656	61475
a00004657	61476
a00004658	61477
a00004659	61478
a00004660	61479
a00004661	61480
a00004662	61481
a00004663	61482
a00004664	61483
a00004665	61484
a00004666	61485
a00004667	61486
a00004668	61487
a00004669	61488
a00004670	61489
a00004671	61490
a00004672	61491
a00004673	61492
a00004674	61493
a00004675	61494
a00004676	61495
a00004677	61496
a00004678	61497
a00004679	61498
a00004680	61499
a00004681	61500
a00004682	61501
a00004683	61502
a00004684	61503
a00004685	61504
a00004686	61505
a00004687	61506
a00004688	61507
a00004689	61508
a00004690	61509
a00004691	61510
a00004692	61511
a00004693	61512
a00004694	61513
a00004695	61514
a00004696	61515
a00004697	61516
a00004698	61517
a00004699	61518
a00004700	61519
a00004701	61520
a00004702	61521
a00004703	61522
a00004704	61523
a00004705	61524
a00004706	61525
a00004707	61526
a00004708	61527
a00004709	61528
a00004710	61529
a00004711	61530
a00004712	61531
a00004713	61532
a00004714	61533
a00004715	61534
a00004716	61535
a00004717	61536
a00004718	61537
a00004719	61538
a00004720	61539
a00004721	61540
a00004722	61541
a00004723	61542
a00004724	61543
a00004725	61544
a00004726	61545
a00004727	61546
a00004728	61547
a00004729	61548
a00004730	61549
a00004731	61550
a00004732	61551
a00004733	61552
a00004734	61553
a00004735	61554
a00004736	61555
a00004737	61556
a00004738	61557
a00004739	61558
a00004740	61559
a00004741	61560
a00004742	61561
a00004743	61562
a00004744	61563
a00004745	61564
a00004746	61565
a00004747	61566
a00004748	61567
a00004749	61568
a00004750	61569
a00004751	61570
a00004752	61571
a00004753	61572
a00004754	61573
a00004755	61574
a00004756	61575
a00004757	61576
a00004758	61577
a00004759	61578
a00004760	61579
a00004761	61580
a00004762	61581
a00004763	61582
a00004764	61583
a00004765	61584
a00004766	61585
a00004767	61586
a00004768	61587
a00004769	61588
a00004770	61589
a00004771	61590
a00004772	61591
a00004773	61592
a00004774	61593
a00004775	61594
a00004776	61595
a00004777	61596
a00004778	61597
a00004779	61598
a00004780	61599
a00004781	61600
a00004782	61601
a00004783	61602
a00004784	61603
a00004785	61604
a00004786	61605
a00004787	61606
a00004788	61607
a00004789	61608
a00004790	61609
a00004791	61610
a00004792	61611
a00004793	61612
a00004794	61613
a00004795	61614
a00004796	61615
a00004797	61616
a00004798	61617
a00004799	61618
a00004800	61619
a00004801	61620
a00004802	61621
a00004803	61622
a00004804	61623
a00004805	61624
a00004806	61625
a00004807	61626
a00004808	61627
a00004809	61628
a00004810	61629
a00004811	61630
a00004812	61631
a00004813	61632
a00004814	61633
a00004815	61634
a00004816	61635
a00004817	61636
a00004818	61637
a00004819	61638
a00004820	61639
a00004821	61640
a00004822	61641
a00004823	61642
a00004824	61643
a00004825	61644
a00004826	61645
a00004827	61646
a00004828	61647
a00004829	61648
a00004830	61649
a00004831	61650
a00004832	61651
a00004833	61652
a00004834	61653
a00004835	61654
a00004836	61655
a00004837	61656
a00004838	61657
a00004839	61658
a00004840	61659
a00004841	61660
a00004842	61661
a00004843	61662
a00004844	61663
a00004845	61664
a00004846	61665
a00004847	61666
a00004848	61667
a00004849	61668
a00004850	61669
a00004851	61670
a00004852	61671
a00004853	61672
a00004854	61673
a00004855	61674
a00004856	61675
a00004857	61676
a00004858	61677
a00004859	61678
a00004860	61679
a00004861	61680
a00004862	61681
a00004863	61682
a00004864	61683
a00004865	61684
a00004866	61685
a00004867	61686
a00004868	61687
a00004869	61688
a00004870	61689
a00004871	61690
a00004872	61691
a00004873	61692
a00004874	61693
a00004875	61694
a00004876	61695
a00004877	61696
a00004878	61697
a00004879	61698
a00004880	61699
a00004881	61700
a00004882	61701
a00004883	61702
a00004884	61703
a00004885	61704
a00004886	61705
a00004887	61706
a00004888	61707
a00004889	61708
a00004890	61709
a00004891	61710
a00004892	61711
a00004893	61712
a00004894	61713
a00004895	61714
a00004896	61715
a00004897	61716
a00004898	61717
a00004899	61718
a00004900	61719
a00004901	61720
a00004902	61721
a00004903	61722
a00004904	61723
a00004905	61724
a00004906	61725
a00004907	61726
a00004908	61727
a00004909	61728
a00004910	61729
a00004911	61730
a00004912	61731
a00004913	61732
a00004914	61733
a00004915	61734
a00004916	61735
a00004917	61736
a00004918	61737
a00004919	61738
a00004920	61739
a00004921	61740
a00004922	61741
a00004923	61742
a00004924	61743
a00004925	61744
a00004926	61745
a00004927	61746
a00004928	61747
a00004929	61748
a00004930	61749
a00004931	61750
a00004932	61751
a00004933	61752
a00004934	61753
a00004935	61754
a00004936	61755
a00004937	61756
a00004938	61757
a00004939	61758
a00004940	61759
a00004941	61760
a00004942	61761
a00004943	61762
a00004944	61763
a00004945	61764
a00004946	61765
a00004947	61766
a00004948	61767
a00004949	61768
a00004950	61769
a00004951	61770
a00004952	61771
a00004953	61772
a00004954	61773
a00004955	61774
a00004956	61775
a00004957	61776
a00004958	61777
a00004959	61778
a00004960	61779
a00004961	61780
a00004962	61781
a00004963	61782
a00004964	61783
a00004965	61784
a00004966	61785
a00004967	61786
a00004968	61787
a00004969	61788
a00004970	61789
a00004971	61790
a00004972	61791
a00004973	61792
a00004974	61793
a00004975	61794
a00004976	61795
a00004977	61796
a00004978	61797
a00004979	61798
a00004980	61799
a00004981	61800
a00004982	61801
a00004983	61802
a00004984	61803
a00004985	61804
a00004986	61805
a00004987	61806
a00004988	61807
a00004989	61808
a00004990	61809
a00004991	61810
a00004992	61811
a00004993	61812
a00004994	61813
a00004995	61814
a00004996	61815
a00004997	61816
a00004998	61817
a00004999	61818
a00005000	61819
a00005001	61820
a00005002	61821
a00005003	61822
a00005004	61823
a00005005	61824
a00005006	61825
a00005007	61826
a00005008	61827
a00005009	61828
a00005010	61829
a00005011	61830
a00005012	61831
a00005013	61832
a00005014	61833
a00005015	61834
a00005016	61835
a00005017	61836
a00005018	61837
a00005019	61838
a00005020	61839
a00005021	61840
a00005022	61841
a00005023	61842
a00005024	61843
a00005025	61844
a00005026	61845
a00005027	61846
a00005028	61847
a00005029	61848
a00005030	61849
a00005031	61850
a00005032	61851
a00005033	61852
a00005034	61853
a00005035	61854
a00005036	61855
a00005037	61856
a00005038	61857
a00005039	61858
a00005040	61859
a00005041	61860
a00005042	61861
a00005043	61862
a00005044	61863
a00005045	61864
a00005046	61865
a00005047	61866
a00005048	61867
a00005049	61868
a00005050	61869
a00005051	61870
a00005052	61871
a00005053	61872
a00005054	61873
a00005055	61874
a00005056	61875
a00005057	61876
a00005058	61877
a00005059	61878
a00005060	61879
a00005061	61880
a00005062	61881
a00005063	61882
a00005064	61883
a00005065	61884
a00005066	61885
a00005067	61886
a00005068	61887
a00005069	61888
a00005070	61889
a00005071	61890
a00005072	61891
a00005073	61892
a00005074	61893
a00005075	61894
a00005076	61895
a00005077	61896
a00005078	61897
a00005079	61898
a00005080	61899
a00005081	61900
a00005082	61901
a00005083	61902
a00005084	61903
a00005085	61904
a00005086	61905
a00005087	61906
a00005088	61907
a00005089	61908
a00005090	61909
a00005091	61910
a00005092	61911
a00005093	61912
a00005094	61913
a00005095	61914
a00005096	61915
a00005097	61916
a00005098	61917
a00005099	61918
a00005100	61919
a00005101	61920
a00005102	61921
a00005103	61922
a00005104	61923
a00005105	61924
a00005106	61925
a00005107	61926
a00005108	61927
a00005109	61928
a00005110	61929
a00005111	61930
a00005112	61931
a00005113	61932
a00005114	61933
a00005115	61934
a00005116	61935
a00005117	61936
a00005118	61937
a00005119	61938
a00005120	61939
a00005121	61940
a00005122	61941
a00005123	61942
a00005124	61943
a00005125	61944
a00005126	61945
a00005127	61946
a00005128	61947
a00005129	61948
a00005130	61949
a00005131	61950
a00005132	61951
a00005133	61952
a00005134	61953
a00005135	61954
a00005136	61955
a00005137	61956
a00005138	61957
a00005139	61958
a00005140	61959
a00005141	61960
a00005142	61961
a00005143	61962
a00005144	61963
a00005145	61964
a00005146	61965
a00005147	61966
a00005148	61967
a00005149	61968
a00005150	61969
a00005151	61970
a00005152	61971
a00005153	61972
a00005154	61973
a00005155	61974
a00005156	61975
a00005157	61976
a00005158	61977
a00005159	61978
a00005160	61979
a00005161	61980
a00005162	61981
a00005163	61982
a00005164	61983
a00005165	61984
a00005166	61985
a00005167	61986
a00005168	61987
a00005169	61988
a00005170	61989
a00005171	61990
a00005172	61991
a00005173	61992
a00005174	61993
a00005175	61994
a00005176	61995
a00005177	61996
a00005178	61997
a00005179	61998
a00005180	61999
a00005181	62000
a00005182	62001
a00005183	62002
a00005184	62003
a00005185	62004
a00005186	62005
a00005187	62006
a00005188	62007
a00005189	62008
a00005190	62009
a00005191	62010
a00005192	62011
a00005193	62012
a00005194	62013
a00005195	62014
a00005196	62015
a00005197	62016
a00005198	62017
a00005199	62018
a00005200	62019
a00005201	62020
a00005202	62021
a00005203	62022
a00005204	62023
a00005205	62024
a00005206	62025
a00005207	62026
a00005208	62027
a00005209	62028
a00005210	62029
a00005211	62030
a00005212	62031
a00005213	62032
a00005214	62033
a00005215	62034
a00005216	62035
a00005217	62036
a00005218	62037
a00005219	62038
a00005220	62039
a00005221	62040
a00005222	62041
a00005223	62042
a00005224	62043
a00005225	62044
a00005226	62045
a00005227	62046
a00005228	62047
a00005229	62048
a00005230	62049
a00005231	62050
a00005232	62051
a00005233	62052
a00005234	62053
a00005235	62054
a00005236	62055
a00005237	62056
a00005238	62057
a00005239	62058
a00005240	62059
a00005241	62060
a00005242	62061
a00005243	62062
a00005244	62063
a00005245	62064
a00005246	62065
a00005247	62066
a00005248	62067
a00005249	62068
a00005250	62069
a00005251	62070
a00005252	62071
a00005253	62072
a00005254	62073
a00005255	62074
a00005256	62075
a00005257	62076
a00005258	62077
a00005259	62078
a00005260	62079
a00005261	62080
a00005262	62081
a00005263	62082
a00005264	62083
a00005265	62084
a00005266	62085
a00005267	62086
a00005268	62087
a00005269	62088
a00005270	62089
a00005271	62090
a00005272	62091
a00005273	62092
a00005274	62093
a00005275	62094
a00005276	62095
a00005277	62096
a00005278	62097
a00005279	62098
a00005280	62099
a00005281	62100
a00005282	62101
a00005283	62102
a00005284	62103
a00005285	62104
a00005286	62105
a00005287	62106
a00005288	62107
a00005289	62108
a00005290	62109
a00005291	62110
a00005292	62111
a00005293	62112
a00005294	62113
a00005295	62114
a00005296	62115
a00005297	62116
a00005298	62117
a00005299	62118
a00005300	62119
a00005301	62120
a00005302	62121
a00005303	62122
a00005304	62123
a00005305	62124
a00005306	62125
a00005307	62126
a00005308	62127
a00005309	62128
a00005310	62129
a00005311	62130
a00005312	62131
a00005313	62132
a00005314	62133
a00005315	62134
a00005316	62135
a00005317	62136
a00005318	62137
a00005319	62138
a00005320	62139
a00005321	62140
a00005322	62141
a00005323	62142
a00005324	62143
a00005325	62144
a00005326	62145
a00005327	62146
a00005328	62147
a00005329	62148
a00005330	62149
a00005331	62150
a00005332	62151
a00005333	62152
a00005334	62153
a00005335	62154
a00005336	62155
a00005337	62156
a00005338	62157
a00005339	62158
a00005340	62159
a00005341	62160
a00005342	62161
a00005343	62162
a00005344	62163
a00005345	62164
a00005346	62165
a00005347	62166
a00005348	62167
a00005349	62168
a00005350	62169
a00005351	62170
a00005352	62171
a00005353	62172
a00005354	62173
a00005355	62174
a00005356	62175
a00005357	62176
a00005358	62177
a00005359	62178
a00005360	62179
a00005361	62180
a00005362	62181
a00005363	62182
a00005364	62183
a00005365	62184
a00005366	62185
a00005367	62186
a00005368	62187
a00005369	62188
a00005370	62189
a00005371	62190
a00005372	62191
a00005373	62192
a00005374	62193
a00005375	62194
a00005376	62195
a00005377	62196
a00005378	62197
a00005379	62198
a00005380	62199
a00005381	62200
a00005382	62201
a00005383	62202
a00005384	62203
a00005385	62204
a00005386	62205
a00005387	62206
a00005388	62207
a00005389	62208
a00005390	62209
a00005391	62210
a00005392	62211
a00005393	62212
a00005394	62213
a00005395	62214
a00005396	62215
a00005397	62216
a00005398	62217
a00005399	62218
a00005400	62219
a00005401	62220
a00005402	62221
a00005403	62222
a00005404	62223
a00005405	62224
a00005406	62225
a00005407	62226
a00005408	62227
a00005409	62228
a00005410	62229
a00005411	62230
a00005412	62231
a00005413	62232
a00005414	62233
a00005415	62234
a00005416	62235
a00005417	62236
a00005418	62237
a00005419	62238
a00005420	62239
a00005421	62240
a00005422	62241
a00005423	62242
a00005424	62243
a00005425	62244
a00005426	62245
a00005427	62246
a00005428	62247
a00005429	62248
a00005430	62249
a00005431	62250
a00005432	62251
a00005433	62252
a00005434	62253
a00005435	62254
a00005436	62255
a00005437	62256
a00005438	62257
a00005439	62258
a00005440	62259
a00005441	62260
a00005442	62261
a00005443	62262
a00005444	62263
a00005445	62264
a00005446	62265
a00005447	62266
a00005448	62267
a00005449	62268
a00005450	62269
a00005451	62270
a00005452	62271
a00005453	62272
a00005454	62273
a00005455	62274
a00005456	62275
a00005457	62276
a00005458	62277
a00005459	62278
a00005460	62279
a00005461	62280
a00005462	62281
a00005463	62282
a00005464	62283
a00005465	62284
a00005466	62285
a00005467	62286
a00005468	62287
a00005469	62288
a00005470	62289
a00005471	62290
a00005472	62291
a00005473	62292
a00005474	62293
a00005475	62294
a00005476	62295
a00005477	62296
a00005478	62297
a00005479	62298
a00005480	62299
a00005481	62300
a00005482	62301
a00005483	62302
a00005484	62303
a00005485	62304
a00005486	62305
a00005487	62306
a00005488	62307
a00005489	62308
a00005490	62309
a00005491	62310
a00005492	62311
a00005493	62312
a00005494	62313
a00005495	62314
a00005496	62315
a00005497	62316
a00005498	62317
a00005499	62318
a00005500	62319
a00005501	62320
a00005502	62321
a00005503	62322
a00005504	62323
a00005505	62324
a00005506	62325
a00005507	62326
a00005508	62327
a00005509	62328
a00005510	62329
a00005511	62330
a00005512	62331
a00005513	62332
a00005514	62333
a00005515	62334
a00005516	62335
a00005517	62336
a00005518	62337
a00005519	62338
a00005520	62339
a00005521	62340
a00005522	62341
a00005523	62342
a00005524	62343
a00005525	62344
a00005526	62345
a00005527	62346
a00005528	62347
a00005529	62348
a00005530	62349
a00005531	62350
a00005532	62351
a00005533	62352
a00005534	62353
a00005535	62354
a00005536	62355
a00005537	62356
a00005538	62357
a00005539	62358
a00005540	62359
a00005541	62360
a00005542	62361
a00005543	62362
a00005544	62363
a00005545	62364
a00005546	62365
a00005547	62366
a00005548	62367
a00005549	62368
a00005550	62369
a00005551	62370
a00005552	62371
a00005553	62372
a00005554	62373
a00005555	62374
a00005556	62375
a00005557	62376
a00005558	62377
a00005559	62378
a00005560	62379
a00005561	62380
a00005562	62381
a00005563	62382
a00005564	62383
a00005565	62384
a00005566	62385
a00005567	62386
a00005568	62387
a00005569	62388
a00005570	62389
a00005571	62390
a00005572	62391
a00005573	62392
a00005574	62393
a00005575	62394
a00005576	62395
a00005577	62396
a00005578	62397
a00005579	62398
a00005580	62399
a00005581	62400
a00005582	62401
a00005583	62402
a00005584	62403
a00005585	62404
a00005586	62405
a00005587	62406
a00005588	62407
a00005589	62408
a00005590	62409
a00005591	62410
a00005592	62411
a00005593	62412
a00005594	62413
a00005595	62414
a00005596	62415
a00005597	62416
a00005598	62417
a00005599	62418
a00005600	62419
a00005601	62420
a00005602	62421
a00005603	62422
a00005604	62423
a00005605	62424
a00005606	62425
a00005607	62426
a00005608	62427
a00005609	62428
a00005610	62429
a00005611	62430
a00005612	62431
a00005613	62432
a00005614	62433
a00005615	62434
a00005616	62435
a00005617	62436
a00005618	62437
a00005619	62438
a00005620	62439
a00005621	62440
a00005622	62441
a00005623	62442
a00005624	62443
a00005625	62444
a00005626	62445
a00005627	62446
a00005628	62447
a00005629	62448
a00005630	62449
a00005631	62450
a00005632	62451
a00005633	62452
a00005634	62453
a00005635	62454
a00005636	62455
a00005637	62456
a00005638	62457
a00005639	62458
a00005640	62459
a00005641	62460
a00005642	62461
a00005643	62462
a00005644	62463
a00005645	62464
a00005646	62465
a00005647	62466
a00005648	62467
a00005649	62468
a00005650	62469
a00005651	62470
a00005652	62471
a00005653	62472
a00005654	62473
a00005655	62474
a00005656	62475
a00005657	62476
a00005658	62477
a00005659	62478
a00005660	62479
a00005661	62480
a00005662	62481
a00005663	62482
a00005664	62483
a00005665	62484
a00005666	62485
a00005667	62486
a00005668	62487
a00005669	62488
a00005670	62489
a00005671	62490
a00005672	62491
a00005673	62492
a00005674	62493
a00005675	62494
a00005676	62495
a00005677	62496
a00005678	62497
a00005679	62498
a00005680	62499
a00005681	62500
a00005682	62501
a00005683	62502
a00005684	62503
a00005685	62504
a00005686	62505
a00005687	62506
a00005688	62507
a00005689	62508
a00005690	62509
a00005691	62510
a00005692	62511
a00005693	62512
a00005694	62513
a00005695	62514
a00005696	62515
a00005697	62516
a00005698	62517
a00005699	62518
a00005700	62519
a00005701	62520
a00005702	62521
a00005703	62522
a00005704	62523
a00005705	62524
a00005706	62525
a00005707	62526
a00005708	62527
a00005709	62528
a00005710	62529
a00005711	62530
a00005712	62531
a00005713	62532
a00005714	62533
a00005715	62534
a00005716	62535
a00005717	62536
a00005718	62537
a00005719	62538
a00005720	62539
a00005721	62540
a00005722	62541
a00005723	62542
a00005724	62543
a00005725	62544
a00005726	62545
a00005727	62546
a00005728	62547
a00005729	62548
a00005730	62549
a00005731	62550
a00005732	62551
a00005733	62552
a00005734	62553
a00005735	62554
a00005736	62555
a00005737	62556
a00005738	62557
a00005739	62558
a00005740	62559
a00005741	62560
a00005742	62561
a00005743	62562
a00005744	62563
a00005745	62564
a00005746	62565
a00005747	62566
a00005748	62567
a00005749	62568
a00005750	62569
a00005751	62570
a00005752	62571
a00005753	62572
a00005754	62573
a00005755	62574
a00005756	62575
a00005757	62576
a00005758	62577
a00005759	62578
a00005760	62579
a00005761	62580
a00005762	62581
a00005763	62582
a00005764	62583
a00005765	62584
a00005766	62585
a00005767	62586
a00005768	62587
a00005769	62588
a00005770	62589
a00005771	62590
a00005772	62591
a00005773	62592
a00005774	62593
a00005775	62594
a00005776	62595
a00005777	62596
a00005778	62597
a00005779	62598
a00005780	62599
a00005781	62600
a00005782	62601
a00005783	62602
a00005784	62603
a00005785	62604
a00005786	62605
a00005787	62606
a00005788	62607
a00005789	62608
a00005790	62609
a00005791	62610
a00005792	62611
a00005793	62612
a00005794	62613
a00005795	62614
a00005796	62615
a00005797	62616
a00005798	62617
a00005799	62618
a00005800	62619
a00005801	62620
a00005802	62621
a00005803	62622
a00005804	62623
a00005805	62624
a00005806	62625
a00005807	62626
a00005808	62627
a00005809	62628
a00005810	62629
a00005811	62630
a00005812	62631
a00005813	62632
a00005814	62633
a00005815	62634
a00005816	62635
a00005817	62636
a00005818	62637
a00005819	62638
a00005820	62639
a00005821	62640
a00005822	62641
a00005823	62642
a00005824	62643
a00005825	62644
a00005826	62645
a00005827	62646
a00005828	62647
a00005829	62648
a00005830	62649
a00005831	62650
a00005832	62651
a00005833	62652
a00005834	62653
a00005835	62654
a00005836	62655
a00005837	62656
a00005838	62657
a00005839	62658
a00005840	62659
a00005841	62660
a00005842	62661
a00005843	62662
a00005844	62663
a00005845	62664
a00005846	62665
a00005847	62666
a00005848	62667
a00005849	62668
a00005850	62669
a00005851	62670
a00005852	62671
a00005853	62672
a00005854	62673
a00005855	62674
a00005856	62675
a00005857	62676
a00005858	62677
a00005859	62678
a00005860	62679
a00005861	62680
a00005862	62681
a00005863	62682
a00005864	62683
a00005865	62684
a00005866	62685
a00005867	62686
a00005868	62687
a00005869	62688
a00005870	62689
a00005871	62690
a00005872	62691
a00005873	62692
a00005874	62693
a00005875	62694
a00005876	62695
a00005877	62696
a00005878	62697
a00005879	62698
a00005880	62699
a00005881	62700
a00005882	62701
a00005883	62702
a00005884	62703
a00005885	62704
a00005886	62705
a00005887	62706
a00005888	62707
a00005889	62708
a00005890	62709
a00005891	62710
a00005892	62711
a00005893	62712
a00005894	62713
a00005895	62714
a00005896	62715
a00005897	62716
a00005898	62717
a00005899	62718
a00005900	62719
a00005901	62720
a00005902	62721
a00005903	62722
a00005904	62723
a00005905	62724
a00005906	62725
a00005907	62726
a00005908	62727
a00005909	62728
a00005910	62729
a00005911	62730
a00005912	62731
a00005913	62732
a00005914	62733
a00005915	62734
a00005916	62735
a00005917	62736
a00005918	62737
a00005919	62738
a00005920	62739
a00005921	62740
a00005922	62741
a00005923	62742
a00005924	62743
a00005925	62744
a00005926	62745
a00005927	62746
a00005928	62747
a00005929	62748
a00005930	62749
a00005931	62750
a00005932	62751
a00005933	62752
a00005934	62753
a00005935	62754
a00005936	62755
a00005937	62756
a00005938	62757
a00005939	62758
a00005940	62759
a00005941	62760
a00005942	62761
a00005943	62762
a00005944	62763
a00005945	62764
a00005946	62765
a00005947	62766
a00005948	62767
a00005949	62768
a00005950	62769
a00005951	62770
a00005952	62771
a00005953	62772
a00005954	62773
a00005955	62774
a00005956	62775
a00005957	62776
a00005958	62777
a00005959	62778
a00005960	62779
a00005961	62780
a00005962	62781
a00005963	62782
a00005964	62783
a00005965	62784
a00005966	62785
a00005967	62786
a00005968	62787
a00005969	62788
a00005970	62789
a00005971	62790
a00005972	62791
a00005973	62792
a00005974	62793
a00005975	62794
a00005976	62795
a00005977	62796
a00005978	62797
a00005979	62798
a00005980	62799
a00005981	62800
a00005982	62801
a00005983	62802
a00005984	62803
a00005985	62804
a00005986	62805
a00005987	62806
a00005988	62807
a00005989	62808
a00005990	62809
a00005991	62810
a00005992	62811
a00005993	62812
a00005994	62813
a00005995	62814
a00005996	62815
a00005997	62816
a00005998	62817
a00005999	62818
a00006000	62819
a00006001	62820
a00006002	62821
a00006003	62822
a00006004	62823
a00006005	62824
a00006006	62825
a00006007	62826
a00006008	62827
a00006009	62828
a00006010	62829
a00006011	62830
a00006012	62831
a00006013	62832
a00006014	62833
a00006015	62834
a00006016	62835
a00006017	62836
a00006018	62837
a00006019	62838
a00006020	62839
a00006021	62840
a00006022	62841
a00006023	62842
a00006024	62843
a00006025	62844
a00006026	62845
a00006027	62846
a00006028	62847
a00006029	62848
a00006030	62849
a00006031	62850
a00006032	62851
a00006033	62852
a00006034	62853
a00006035	62854
a00006036	62855
a00006037	62856
a00006038	62857
a00006039	62858
a00006040	62859
a00006041	62860
a00006042	62861
a00006043	62862
a00006044	62863
a00006045	62864
a00006046	62865
a00006047	62866
a00006048	62867
a00006049	62868
a00006050	62869
a00006051	62870
a00006052	62871
a00006053	62872
a00006054	62873
a00006055	62874
a00006056	62875
a00006057	62876
a00006058	62877
a00006059	62878
a00006060	62879
a00006061	62880
a00006062	62881
a00006063	62882
a00006064	62883
a00006065	62884
a00006066	62885
a00006067	62886
a00006068	62887
a00006069	62888
a00006070	62889
a00006071	62890
a00006072	62891
a00006073	62892
a00006074	62893
a00006075	62894
a00006076	62895
a00006077	62896
a00006078	62897
a00006079	62898
a00006080	62899
a00006081	62900
a00006082	62901
a00006083	62902
a00006084	62903
a00006085	62904
a00006086	62905
a00006087	62906
a00006088	62907
a00006089	62908
a00006090	62909
a00006091	62910
a00006092	62911
a00006093	62912
a00006094	62913
a00006095	62914
a00006096	62915
a00006097	62916
a00006098	62917
a00006099	62918
a00006100	62919
a00006101	62920
a00006102	62921
a00006103	62922
a00006104	62923
a00006105	62924
a00006106	62925
a00006107	62926
a00006108	62927
a00006109	62928
a00006110	62929
a00006111	62930
a00006112	62931
a00006113	62932
a00006114	62933
a00006115	62934
a00006116	62935
a00006117	62936
a00006118	62937
a00006119	62938
a00006120	62939
a00006121	62940
a00006122	62941
a00006123	62942
a00006124	62943
a00006125	62944
a00006126	62945
a00006127	62946
a00006128	62947
a00006129	62948
a00006130	62949
a00006131	62950
a00006132	62951
a00006133	62952
a00006134	62953
a00006135	62954
a00006136	62955
a00006137	62956
a00006138	62957
a00006139	62958
a00006140	62959
a00006141	62960
a00006142	62961
a00006143	62962
a00006144	62963
a00006145	62964
a00006146	62965
a00006147	62966
a00006148	62967
a00006149	62968
a00006150	62969
a00006151	62970
a00006152	62971
a00006153	62972
a00006154	62973
a00006155	62974
a00006156	62975
a00006157	62976
a00006158	62977
a00006159	62978
a00006160	62979
a00006161	62980
a00006162	62981
a00006163	62982
a00006164	62983
a00006165	62984
a00006166	62985
a00006167	62986
a00006168	62987
a00006169	62988
a00006170	62989
a00006171	62990
a00006172	62991
a00006173	62992
a00006174	62993
a00006175	62994
a00006176	62995
a00006177	62996
a00006178	62997
a00006179	62998
a00006180	62999
a00006181	63000
a00006182	63001
a00006183	63002
a00006184	63003
a00006185	63004
a00006186	63005
a00006187	63006
a00006188	63007
a00006189	63008
a00006190	63009
a00006191	63010
a00006192	63011
a00006193	63012
a00006194	63013
a00006195	63014
a00006196	63015
a00006197	63016
a00006198	63017
a00006199	63018
a00006200	63019
a00006201	63020
a00006202	63021
a00006203	63022
a00006204	63023
a00006205	63024
a00006206	63025
a00006207	63026
a00006208	63027
a00006209	63028
a00006210	63029
a00006211	63030
a00006212	63031
a00006213	63032
a00006214	63033
a00006215	63034
a00006216	63035
a00006217	63036
a00006218	63037
a00006219	63038
a00006220	63039
a00006221	63040
a00006222	63041
a00006223	63042
a00006224	63043
a00006225	63044
a00006226	63045
a00006227	63046
a00006228	63047
a00006229	63048
a00006230	63049
a00006231	63050
a00006232	63051
a00006233	63052
a00006234	63053
a00006235	63054
a00006236	63055
a00006237	63056
a00006238	63057
a00006239	63058
a00006240	63059
a00006241	63060
a00006242	63061
a00006243	63062
a00006244	63063
a00006245	63064
a00006246	63065
a00006247	63066
a00006248	63067
a00006249	63068
a00006250	63069
a00006251	63070
a00006252	63071
a00006253	63072
a00006254	63073
a00006255	63074
a00006256	63075
a00006257	63076
a00006258	63077
a00006259	63078
a00006260	63079
a00006261	63080
a00006262	63081
a00006263	63082
a00006264	63083
a00006265	63084
a00006266	63085
a00006267	63086
a00006268	63087
a00006269	63088
a00006270	63089
a00006271	63090
a00006272	63091
a00006273	63092
a00006274	63093
a00006275	63094
a00006276	63095
a00006277	63096
a00006278	63097
a00006279	63098
a00006280	63099
a00006281	63100
a00006282	63101
a00006283	63102
a00006284	63103
a00006285	63104
a00006286	63105
a00006287	63106
a00006288	63107
a00006289	63108
a00006290	63109
a00006291	63110
a00006292	63111
a00006293	63112
a00006294	63113
a00006295	63114
a00006296	63115
a00006297	63116
a00006298	63117
a00006299	63118
a00006300	63119
a00006301	63120
a00006302	63121
a00006303	63122
a00006304	63123
a00006305	63124
a00006306	63125
a00006307	63126
a00006308	63127
a00006309	63128
a00006310	63129
a00006311	63130
a00006312	63131
a00006313	63132
a00006314	63133
a00006315	63134
a00006316	63135
a00006317	63136
a00006318	63137
a00006319	63138
a00006320	63139
a00006321	63140
a00006322	63141
a00006323	63142
a00006324	63143
a00006325	63144
a00006326	63145
a00006327	63146
a00006328	63147
a00006329	63148
a00006330	63149
a00006331	63150
a00006332	63151
a00006333	63152
a00006334	63153
a00006335	63154
a00006336	63155
a00006337	63156
a00006338	63157
a00006339	63158
a00006340	63159
a00006341	63160
a00006342	63161
a00006343	63162
a00006344	63163
a00006345	63164
a00006346	63165
a00006347	63166
a00006348	63167
a00006349	63168
a00006350	63169
a00006351	63170
a00006352	63171
a00006353	63172
a00006354	63173
a00006355	63174
a00006356	63175
a00006357	63176
a00006358	63177
a00006359	63178
a00006360	63179
a00006361	63180
a00006362	63181
a00006363	63182
a00006364	63183
a00006365	63184
a00006366	63185
a00006367	63186
a00006368	63187
a00006369	63188
a00006370	63189
a00006371	63190
a00006372	63191
a00006373	63192
a00006374	63193
a00006375	63194
a00006376	63195
a00006377	63196
a00006378	63197
a00006379	63198
a00006380	63199
a00006381	63200
a00006382	63201
a00006383	63202
a00006384	63203
a00006385	63204
a00006386	63205
a00006387	63206
a00006388	63207
a00006389	63208
a00006390	63209
a00006391	63210
a00006392	63211
a00006393	63212
a00006394	63213
a00006395	63214
a00006396	63215
a00006397	63216
a00006398	63217
a00006399	63218
a00006400	63219
a00006401	63220
a00006402	63221
a00006403	63222
a00006404	63223
a00006405	63224
a00006406	63225
a00006407	63226
a00006408	63227
a00006409	63228
a00006410	63229
a00006411	63230
a00006412	63231
a00006413	63232
a00006414	63233
a00006415	63234
a00006416	63235
a00006417	63236
a00006418	63237
a00006419	63238
a00006420	63239
a00006421	63240
a00006422	63241
a00006423	63242
a00006424	63243
a00006425	63244
a00006426	63245
a00006427	63246
a00006428	63247
a00006429	63248
a00006430	63249
a00006431	63250
a00006432	63251
a00006433	63252
a00006434	63253
a00006435	63254
a00006436	63255
a00006437	63256
a00006438	63257
a00006439	63258
a00006440	63259
a00006441	63260
a00006442	63261
a00006443	63262
a00006444	63263
a00006445	63264
a00006446	63265
a00006447	63266
a00006448	63267
a00006449	63268
a00006450	63269
a00006451	63270
a00006452	63271
a00006453	63272
a00006454	63273
a00006455	63274
a00006456	63275
a00006457	63276
a00006458	63277
a00006459	63278
a00006460	63279
a00006461	63280
a00006462	63281
a00006463	63282
a00006464	63283
a00006465	63284
a00006466	63285
a00006467	63286
a00006468	63287
a00006469	63288
a00006470	63289
a00006471	63290
a00006472	63291
a00006473	63292
a00006474	63293
a00006475	63294
a00006476	63295
a00006477	63296
a00006478	63297
a00006479	63298
a00006480	63299
a00006481	63300
a00006482	63301
a00006483	63302
a00006484	63303
a00006485	63304
a00006486	63305
a00006487	63306
a00006488	63307
a00006489	63308
a00006490	63309
a00006491	63310
a00006492	63311
a00006493	63312
a00006494	63313
a00006495	63314
a00006496	63315
a00006497	63316
a00006498	63317
a00006499	63318
a00006500	63319
a00006501	63320
a00006502	63321
a00006503	63322
a00006504	63323
a00006505	63324
a00006506	63325
a00006507	63326
a00006508	63327
a00006509	63328
a00006510	63329
a00006511	63330
a00006512	63331
a00006513	63332
a00006514	63333
a00006515	63334
a00006516	63335
a00006517	63336
a00006518	63337
a00006519	63338
a00006520	63339
a00006521	63340
a00006522	63341
a00006523	63342
a00006524	63343
a00006525	63344
a00006526	63345
a00006527	63346
a00006528	63347
a00006529	63348
a00006530	63349
a00006531	63350
a00006532	63351
a00006533	63352
a00006534	63353
a00006535	63354
a00006536	63355
a00006537	63356
a00006538	63357
a00006539	63358
a00006540	63359
a00006541	63360
a00006542	63361
a00006543	63362
a00006544	63363
a00006545	63364
a00006546	63365
a00006547	63366
a00006548	63367
a00006549	63368
a00006550	63369
a00006551	63370
a00006552	63371
a00006553	63372
a00006554	63373
a00006555	63374
a00006556	63375
a00006557	63376
a00006558	63377
a00006559	63378
a00006560	63379
a00006561	63380
a00006562	63381
a00006563	63382
a00006564	63383
a00006565	63384
a00006566	63385
a00006567	63386
a00006568	63387
a00006569	63388
a00006570	63389
a00006571	63390
a00006572	63391
a00006573	63392
a00006574	63393
a00006575	63394
a00006576	63395
a00006577	63396
a00006578	63397
a00006579	63398
a00006580	63399
a00006581	63400
a00006582	63401
a00006583	63402
a00006584	63403
a00006585	63404
a00006586	63405
a00006587	63406
a00006588	63407
a00006589	63408
a00006590	63409
a00006591	63410
a00006592	63411
a00006593	63412
a00006594	63413
a00006595	63414
a00006596	63415
a00006597	63416
a00006598	63417
a00006599	63418
a00006600	63419
a00006601	63420
a00006602	63421
a00006603	63422
a00006604	63423
a00006605	63424
a00006606	63425
a00006607	63426
a00006608	63427
a00006609	63428
a00006610	63429
a00006611	63430
a00006612	63431
a00006613	63432
a00006614	63433
a00006615	63434
a00006616	63435
a00006617	63436
a00006618	63437
a00006619	63438
a00006620	63439
a00006621	63440
a00006622	63441
a00006623	63442
a00006624	63443
a00006625	63444
a00006626	63445
a00006627	63446
a00006628	63447
a00006629	63448
a00006630	63449
a00006631	63450
a00006632	63451
a00006633	63452
a00006634	63453
a00006635	63454
a00006636	63455
a00006637	63456
a00006638	63457
a00006639	63458
a00006640	63459
a00006641	63460
a00006642	63461
a00006643	63462
a00006644	63463
a00006645	63464
a00006646	63465
a00006647	63466
a00006648	63467
a00006649	63468
a00006650	63469
a00006651	63470
a00006652	63471
a00006653	63472
a00006654	63473
a00006655	63474
a00006656	63475
a00006657	63476
a00006658	63477
a00006659	63478
a00006660	63479
a00006661	63480
a00006662	63481
a00006663	63482
a00006664	63483
a00006665	63484
a00006666	63485
a00006667	63486
a00006668	63487
a00006669	63488
a00006670	63489
a00006671	63490
a00006672	63491
a00006673	63492
a00006674	63493
a00006675	63494
a00006676	63495
a00006677	63496
a00006678	63497
a00006679	63498
a00006680	63499
a00006681	63500
a00006682	63501
a00006683	63502
a00006684	63503
a00006685	63504
a00006686	63505
a00006687	63506
a00006688	63507
a00006689	63508
a00006690	63509
a00006691	63510
a00006692	63511
a00006693	63512
a00006694	63513
a00006695	63514
a00006696	63515
a00006697	63516
a00006698	63517
a00006699	63518
a00006700	63519
a00006701	63520
a00006702	63521
a00006703	63522
a00006704	63523
a00006705	63524
a00006706	63525
a00006707	63526
a00006708	63527
a00006709	63528
a00006710	63529
a00006711	63530
a00006712	63531
a00006713	63532
a00006714	63533
a00006715	63534
a00006716	63535
a00006717	63536
a00006718	63537
a00006719	63538
a00006720	63539
a00006721	63540
a00006722	63541
a00006723	63542
a00006724	63543
a00006725	63544
a00006726	63545
a00006727	63546
a00006728	63547
a00006729	63548
a00006730	63549
a00006731	63550
a00006732	63551
a00006733	63552
a00006734	63553
a00006735	63554
a00006736	63555
a00006737	63556
a00006738	63557
a00006739	63558
a00006740	63559
a00006741	63560
a00006742	63561
a00006743	63562
a00006744	63563
a00006745	63564
a00006746	63565
a00006747	63566
a00006748	63567
a00006749	63568
a00006750	63569
a00006751	63570
a00006752	63571
a00006753	63572
a00006754	63573
a00006755	63574
a00006756	63575
a00006757	63576
a00006758	63577
a00006759	63578
a00006760	63579
a00006761	63580
a00006762	63581
a00006763	63582
a00006764	63583
a00006765	63584
a00006766	63585
a00006767	63586
a00006768	63587
a00006769	63588
a00006770	63589
a00006771	63590
a00006772	63591
a00006773	63592
a00006774	63593
a00006775	63594
a00006776	63595
a00006777	63596
a00006778	63597
a00006779	63598
a00006780	63599
a00006781	63600
a00006782	63601
a00006783	63602
a00006784	63603
a00006785	63604
a00006786	63605
a00006787	63606
a00006788	63607
a00006789	63608
a00006790	63609
a00006791	63610
a00006792	63611
a00006793	63612
a00006794	63613
a00006795	63614
a00006796	63615
a00006797	63616
a00006798	63617
a00006799	63618
a00006800	63619
a00006801	63620
a00006802	63621
a00006803	63622
a00006804	63623
a00006805	63624
a00006806	63625
a00006807	63626
a00006808	63627
a00006809	63628
a00006810	63629
a00006811	63630
a00006812	63631
a00006813	63632
a00006814	63633
a00006815	63634
a00006816	63635
a00006817	63636
a00006818	63637
a00006819	63638
a00006820	63639
a00006821	63640
a00006822	63641
a00006823	63642
a00006824	63643
a00006825	63644
a00006826	63645
a00006827	63646
a00006828	63647
a00006829	63648
a00006830	63649
a00006831	63650
a00006832	63651
a00006833	63652
a00006834	63653
a00006835	63654
a00006836	63655
a00006837	63656
a00006838	63657
a00006839	63658
a00006840	63659
a00006841	63660
a00006842	63661
a00006843	63662
a00006844	63663
a00006845	63664
a00006846	63665
a00006847	63666
a00006848	63667
a00006849	63668
a00006850	63669
a00006851	63670
a00006852	63671
a00006853	63672
a00006854	63673
a00006855	63674
a00006856	63675
a00006857	63676
a00006858	63677
a00006859	63678
a00006860	63679
a00006861	63680
a00006862	63681
a00006863	63682
a00006864	63683
a00006865	63684
a00006866	63685
a00006867	63686
a00006868	63687
a00006869	63688
a00006870	63689
a00006871	63690
a00006872	63691
a00006873	63692
a00006874	63693
a00006875	63694
a00006876	63695
a00006877	63696
a00006878	63697
a00006879	63698
a00006880	63699
a00006881	63700
a00006882	63701
a00006883	63702
a00006884	63703
a00006885	63704
a00006886	63705
a00006887	63706
a00006888	63707
a00006889	63708
a00006890	63709
a00006891	63710
a00006892	63711
a00006893	63712
a00006894	63713
a00006895	63714
a00006896	63715
a00006897	63716
a00006898	63717
a00006899	63718
a00006900	63719
a00006901	63720
a00006902	63721
a00006903	63722
a00006904	63723
a00006905	63724
a00006906	63725
a00006907	63726
a00006908	63727
a00006909	63728
a00006910	63729
a00006911	63730
a00006912	63731
a00006913	63732
a00006914	63733
a00006915	63734
a00006916	63735
a00006917	63736
a00006918	63737
a00006919	63738
a00006920	63739
a00006921	63740
a00006922	63741
a00006923	63742
a00006924	63743
a00006925	63744
a00006926	63745
a00006927	63746
a00006928	63747
a00006929	63748
a00006930	63749
a00006931	63750
a00006932	63751
a00006933	63752
a00006934	63753
a00006935	63754
a00006936	63755
a00006937	63756
a00006938	63757
a00006939	63758
a00006940	63759
a00006941	63760
a00006942	63761
a00006943	63762
a00006944	63763
a00006945	63764
a00006946	63765
a00006947	63766
a00006948	63767
a00006949	63768
a00006950	63769
a00006951	63770
a00006952	63771
a00006953	63772
a00006954	63773
a00006955	63774
a00006956	63775
a00006957	63776
a00006958	63777
a00006959	63778
a00006960	63779
a00006961	63780
a00006962	63781
a00006963	63782
a00006964	63783
a00006965	63784
a00006966	63785
a00006967	63786
a00006968	63787
a00006969	63788
a00006970	63789
a00006971	63790
a00006972	63791
a00006973	63792
a00006974	63793
a00006975	63794
a00006976	63795
a00006977	63796
a00006978	63797
a00006979	63798
a00006980	63799
a00006981	63800
a00006982	63801
a00006983	63802
a00006984	63803
a00006985	63804
a00006986	63805
a00006987	63806
a00006988	63807
a00006989	63808
a00006990	63809
a00006991	63810
a00006992	63811
a00006993	63812
a00006994	63813
a00006995	63814
a00006996	63815
a00006997	63816
a00006998	63817
a00006999	63818
a00007000	63819
a00007001	63820
a00007002	63821
a00007003	63822
a00007004	63823
a00007005	63824
a00007006	63825
a00007007	63826
a00007008	63827
a00007009	63828
a00007010	63829
a00007011	63830
a00007012	63831
a00007013	63832
a00007014	63833
a00007015	63834
a00007016	63835
a00007017	63836
a00007018	63837
a00007019	63838
a00007020	63839
a00007021	63840
a00007022	63841
a00007023	63842
a00007024	63843
a00007025	63844
a00007026	63845
a00007027	63846
a00007028	63847
a00007029	63848
a00007030	63849
a00007031	63850
a00007032	63851
a00007033	63852
a00007034	63853
a00007035	63854
a00007036	63855
a00007037	63856
a00007038	63857
a00007039	63858
a00007040	63859
a00007041	63860
a00007042	63861
a00007043	63862
a00007044	63863
a00007045	63864
a00007046	63865
a00007047	63866
a00007048	63867
a00007049	63868
a00007050	63869
a00007051	63870
a00007052	63871
a00007053	63872
a00007054	63873
a00007055	63874
a00007056	63875
a00007057	63876
a00007058	63877
a00007059	63878
a00007060	63879
a00007061	63880
a00007062	63881
a00007063	63882
a00007064	63883
a00007065	63884
a00007066	63885
a00007067	63886
a00007068	63887
a00007069	63888
a00007070	63889
a00007071	63890
a00007072	63891
a00007073	63892
a00007074	63893
a00007075	63894
a00007076	63895
a00007077	63896
a00007078	63897
a00007079	63898
a00007080	63899
a00007081	63900
a00007082	63901
a00007083	63902
a00007084	63903
a00007085	63904
a00007086	63905
a00007087	63906
a00007088	63907
a00007089	63908
a00007090	63909
a00007091	63910
a00007092	63911
a00007093	63912
a00007094	63913
a00007095	63914
a00007096	63915
a00007097	63916
a00007098	63917
a00007099	63918
a00007100	63919
a00007101	63920
a00007102	63921
a00007103	63922
a00007104	63923
a00007105	63924
a00007106	63925
a00007107	63926
a00007108	63927
a00007109	63928
a00007110	63929
a00007111	63930
a00007112	63931
a00007113	63932
a00007114	63933
a00007115	63934
a00007116	63935
a00007117	63936
a00007118	63937
a00007119	63938
a00007120	63939
a00007121	63940
a00007122	63941
a00007123	63942
a00007124	63943
a00007125	63944
a00007126	63945
a00007127	63946
a00007128	63947
a00007129	63948
a00007130	63949
a00007131	63950
a00007132	63951
a00007133	63952
a00007134	63953
a00007135	63954
a00007136	63955
a00007137	63956
a00007138	63957
a00007139	63958
a00007140	63959
a00007141	63960
a00007142	63961
a00007143	63962
a00007144	63963
a00007145	63964
a00007146	63965
a00007147	63966
a00007148	63967
a00007149	63968
a00007150	63969
a00007151	63970
a00007152	63971
a00007153	63972
a00007154	63973
a00007155	63974
a00007156	63975
a00007157	63976
a00007158	63977
a00007159	63978
a00007160	63979
a00007161	63980
a00007162	63981
a00007163	63982
a00007164	63983
a00007165	63984
a00007166	63985
a00007167	63986
a00007168	63987
a00007169	63988
a00007170	63989
a00007171	63990
a00007172	63991
a00007173	63992
a00007174	63993
a00007175	63994
a00007176	63995
a00007177	63996
a00007178	63997
a00007179	63998
a00007180	63999
a00007181	64000
a00007182	64001
a00007183	64002
a00007184	64003
a00007185	64004
a00007186	64005
a00007187	64006
a00007188	64007
a00007189	64008
a00007190	64009
a00007191	64010
a00007192	64011
a00007193	64012
a00007194	64013
a00007195	64014
a00007196	64015
a00007197	64016
a00007198	64017
a00007199	64018
a00007200	64019
a00007201	64020
a00007202	64021
a00007203	64022
a00007204	64023
a00007205	64024
a00007206	64025
a00007207	64026
a00007208	64027
a00007209	64028
a00007210	64029
a00007211	64030
a00007212	64031
a00007213	64032
a00007214	64033
a00007215	64034
a00007216	64035
a00007217	64036
a00007218	64037
a00007219	64038
a00007220	64039
a00007221	64040
a00007222	64041
a00007223	64042
a00007224	64043
a00007225	64044
a00007226	64045
a00007227	64046
a00007228	64047
a00007229	64048
a00007230	64049
a00007231	64050
a00007232	64051
a00007233	64052
a00007234	64053
a00007235	64054
a00007236	64055
a00007237	64056
a00007238	64057
a00007239	64058
a00007240	64059
a00007241	64060
a00007242	64061
a00007243	64062
a00007244	64063
a00007245	64064
a00007246	64065
a00007247	64066
a00007248	64067
a00007249	64068
a00007250	64069
a00007251	64070
a00007252	64071
a00007253	64072
a00007254	64073
a00007255	64074
a00007256	64075
a00007257	64076
a00007258	64077
a00007259	64078
a00007260	64079
a00007261	64080
a00007262	64081
a00007263	64082
a00007264	64083
a00007265	64084
a00007266	64085
a00007267	64086
a00007268	64087
a00007269	64088
a00007270	64089
a00007271	64090
a00007272	64091
a00007273	64092
a00007274	64093
a00007275	64094
a00007276	64095
a00007277	64096
a00007278	64097
a00007279	64098
a00007280	64099
a00007281	64100
a00007282	64101
a00007283	64102
a00007284	64103
a00007285	64104
a00007286	64105
a00007287	64106
a00007288	64107
a00007289	64108
a00007290	64109
a00007291	64110
a00007292	64111
a00007293	64112
a00007294	64113
a00007295	64114
a00007296	64115
a00007297	64116
a00007298	64117
a00007299	64118
a00007300	64119
a00007301	64120
a00007302	64121
a00007303	64122
a00007304	64123
a00007305	64124
a00007306	64125
a00007307	64126
a00007308	64127
a00007309	64128
a00007310	64129
a00007311	64130
a00007312	64131
a00007313	64132
a00007314	64133
a00007315	64134
a00007316	64135
a00007317	64136
a00007318	64137
a00007319	64138
a00007320	64139
a00007321	64140
a00007322	64141
a00007323	64142
a00007324	64143
a00007325	64144
a00007326	64145
a00007327	64146
a00007328	64147
a00007329	64148
a00007330	64149
a00007331	64150
a00007332	64151
a00007333	64152
a00007334	64153
a00007335	64154
a00007336	64155
a00007337	64156
a00007338	64157
a00007339	64158
a00007340	64159
a00007341	64160
a00007342	64161
a00007343	64162
a00007344	64163
a00007345	64164
a00007346	64165
a00007347	64166
a00007348	64167
a00007349	64168
a00007350	64169
a00007351	64170
a00007352	64171
a00007353	64172
a00007354	64173
a00007355	64174
a00007356	64175
a00007357	64176
a00007358	64177
a00007359	64178
a00007360	64179
a00007361	64180
a00007362	64181
a00007363	64182
a00007364	64183
a00007365	64184
a00007366	64185
a00007367	64186
a00007368	64187
a00007369	64188
a00007370	64189
a00007371	64190
a00007372	64191
a00007373	64192
a00007374	64193
a00007375	64194
a00007376	64195
a00007377	64196
a00007378	64197
a00007379	64198
a00007380	64199
a00007381	64200
a00007382	64201
a00007383	64202
a00007384	64203
a00007385	64204
a00007386	64205
a00007387	64206
a00007388	64207
a00007389	64208
a00007390	64209
a00007391	64210
a00007392	64211
a00007393	64212
a00007394	64213
a00007395	64214
a00007396	64215
a00007397	64216
a00007398	64217
a00007399	64218
a00007400	64219
a00007401	64220
a00007402	64221
a00007403	64222
a00007404	64223
a00007405	64224
a00007406	64225
a00007407	64226
a00007408	64227
a00007409	64228
a00007410	64229
a00007411	64230
a00007412	64231
a00007413	64232
a00007414	64233
a00007415	64234
a00007416	64235
a00007417	64236
a00007418	64237
a00007419	64238
a00007420	64239
a00007421	64240
a00007422	64241
a00007423	64242
a00007424	64243
a00007425	64244
a00007426	64245
a00007427	64246
a00007428	64247
a00007429	64248
a00007430	64249
a00007431	64250
a00007432	64251
a00007433	64252
a00007434	64253
a00007435	64254
a00007436	64255
a00007437	64256
a00007438	64257
a00007439	64258
a00007440	64259
a00007441	64260
a00007442	64261
a00007443	64262
a00007444	64263
a00007445	64264
a00007446	64265
a00007447	64266
a00007448	64267
a00007449	64268
a00007450	64269
a00007451	64270
a00007452	64271
a00007453	64272
a00007454	64273
a00007455	64274
a00007456	64275
a00007457	64276
a00007458	64277
a00007459	64278
a00007460	64279
a00007461	64280
a00007462	64281
a00007463	64282
a00007464	64283
a00007465	64284
a00007466	64285
a00007467	64286
a00007468	64287
a00007469	64288
a00007470	64289
a00007471	64290
a00007472	64291
a00007473	64292
a00007474	64293
a00007475	64294
a00007476	64295
a00007477	64296
a00007478	64297
a00007479	64298
a00007480	64299
a00007481	64300
a00007482	64301
a00007483	64302
a00007484	64303
a00007485	64304
a00007486	64305
a00007487	64306
a00007488	64307
a00007489	64308
a00007490	64309
a00007491	64310
a00007492	64311
a00007493	64312
a00007494	64313
a00007495	64314
a00007496	64315
a00007497	64316
a00007498	64317
a00007499	64318
a00007500	64319
a00007501	64320
a00007502	64321
a00007503	64322
a00007504	64323
a00007505	64324
a00007506	64325
a00007507	64326
a00007508	64327
a00007509	64328
a00007510	64329
a00007511	64330
a00007512	64331
a00007513	64332
a00007514	64333
a00007515	64334
a00007516	64335
a00007517	64336
a00007518	64337
a00007519	64338
a00007520	64339
a00007521	64340
a00007522	64341
a00007523	64342
a00007524	64343
a00007525	64344
a00007526	64345
a00007527	64346
a00007528	64347
a00007529	64348
a00007530	64349
a00007531	64350
a00007532	64351
a00007533	64352
a00007534	64353
a00007535	64354
a00007536	64355
a00007537	64356
a00007538	64357
a00007539	64358
a00007540	64359
a00007541	64360
a00007542	64361
a00007543	64362
a00007544	64363
a00007545	64364
a00007546	64365
a00007547	64366
a00007548	64367
a00007549	64368
a00007550	64369
a00007551	64370
a00007552	64371
a00007553	64372
a00007554	64373
a00007555	64374
a00007556	64375
a00007557	64376
a00007558	64377
a00007559	64378
a00007560	64379
a00007561	64380
a00007562	64381
a00007563	64382
a00007564	64383
a00007565	64384
a00007566	64385
a00007567	64386
a00007568	64387
a00007569	64388
a00007570	64389
a00007571	64390
a00007572	64391
a00007573	64392
a00007574	64393
a00007575	64394
a00007576	64395
a00007577	64396
a00007578	64397
a00007579	64398
a00007580	64399
a00007581	64400
a00007582	64401
a00007583	64402
a00007584	64403
a00007585	64404
a00007586	64405
a00007587	64406
a00007588	64407
a00007589	64408
a00007590	64409
a00007591	64410
a00007592	64411
a00007593	64412
a00007594	64413
a00007595	64414
a00007596	64415
a00007597	64416
a00007598	64417
a00007599	64418
a00007600	64419
a00007601	64420
a00007602	64421
a00007603	64422
a00007604	64423
a00007605	64424
a00007606	64425
a00007607	64426
a00007608	64427
a00007609	64428
a00007610	64429
a00007611	64430
a00007612	64431
a00007613	64432
a00007614	64433
a00007615	64434
a00007616	64435
a00007617	64436
a00007618	64437
a00007619	64438
a00007620	64439
a00007621	64440
a00007622	64441
a00007623	64442
a00007624	64443
a00007625	64444
a00007626	64445
a00007627	64446
a00007628	64447
a00007629	64448
a00007630	64449
a00007631	64450
a00007632	64451
a00007633	64452
a00007634	64453
a00007635	64454
a00007636	64455
a00007637	64456
a00007638	64457
a00007639	64458
a00007640	64459
a00007641	64460
a00007642	64461
a00007643	64462
a00007644	64463
a00007645	64464
a00007646	64465
a00007647	64466
a00007648	64467
a00007649	64468
a00007650	64469
a00007651	64470
a00007652	64471
a00007653	64472
a00007654	64473
a00007655	64474
a00007656	64475
a00007657	64476
a00007658	64477
a00007659	64478
a00007660	64479
a00007661	64480
a00007662	64481
a00007663	64482
a00007664	64483
a00007665	64484
a00007666	64485
a00007667	64486
a00007668	64487
a00007669	64488
a00007670	64489
a00007671	64490
a00007672	64491
a00007673	64492
a00007674	64493
a00007675	64494
a00007676	64495
a00007677	64496
a00007678	64497
a00007679	64498
a00007680	64499
a00007681	64500
a00007682	64501
a00007683	64502
a00007684	64503
a00007685	64504
a00007686	64505
a00007687	64506
a00007688	64507
a00007689	64508
a00007690	64509
a00007691	64510
a00007692	64511
a00007693	64512
a00007694	64513
a00007695	64514
a00007696	64515
a00007697	64516
a00007698	64517
a00007699	64518
a00007700	64519
a00007701	64520
a00007702	64521
a00007703	64522
a00007704	64523
a00007705	64524
a00007706	64525
a00007707	64526
a00007708	64527
a00007709	64528
a00007710	64529
a00007711	64530
a00007712	64531
a00007713	64532
a00007714	64533
a00007715	64534
a00007716	64535
a00007717	64536
a00007718	64537
a00007719	64538
a00007720	64539
a00007721	64540
a00007722	64541
a00007723	64542
a00007724	64543
a00007725	64544
a00007726	64545
a00007727	64546
a00007728	64547
a00007729	64548
a00007730	64549
a00007731	64550
a00007732	64551
a00007733	64552
a00007734	64553
a00007735	64554
a00007736	64555
a00007737	64556
a00007738	64557
a00007739	64558
a00007740	64559
a00007741	64560
a00007742	64561
a00007743	64562
a00007744	64563
a00007745	64564
a00007746	64565
a00007747	64566
a00007748	64567
a00007749	64568
a00007750	64569
a00007751	64570
a00007752	64571
a00007753	64572
a00007754	64573
a00007755	64574
a00007756	64575
a00007757	64576
a00007758	64577
a00007759	64578
a00007760	64579
a00007761	64580
a00007762	64581
a00007763	64582
a00007764	64583
a00007765	64584
a00007766	64585
a00007767	64586
a00007768	64587
a00007769	64588
a00007770	64589
a00007771	64590
a00007772	64591
a00007773	64592
a00007774	64593
a00007775	64594
a00007776	64595
a00007777	64596
a00007778	64597
a00007779	64598
a00007780	64599
a00007781	64600
a00007782	64601
a00007783	64602
a00007784	64603
a00007785	64604
a00007786	64605
a00007787	64606
a00007788	64607
a00007789	64608
a00007790	64609
a00007791	64610
a00007792	64611
a00007793	64612
a00007794	64613
a00007795	64614
a00007796	64615
a00007797	64616
a00007798	64617
a00007799	64618
a00007800	64619
a00007801	64620
a00007802	64621
a00007803	64622
a00007804	64623
a00007805	64624
a00007806	64625
a00007807	64626
a00007808	64627
a00007809	64628
a00007810	64629
a00007811	64630
a00007812	64631
a00007813	64632
a00007814	64633
a00007815	64634
a00007816	64635
a00007817	64636
a00007818	64637
a00007819	64638
a00007820	64639
a00007821	64640
a00007822	64641
a00007823	64642
a00007824	64643
a00007825	64644
a00007826	64645
a00007827	64646
a00007828	64647
a00007829	64648
a00007830	64649
a00007831	64650
a00007832	64651
a00007833	64652
a00007834	64653
a00007835	64654
a00007836	64655
a00007837	64656
a00007838	64657
a00007839	64658
a00007840	64659
a00007841	64660
a00007842	64661
a00007843	64662
a00007844	64663
a00007845	64664
a00007846	64665
a00007847	64666
a00007848	64667
a00007849	64668
a00007850	64669
a00007851	64670
a00007852	64671
a00007853	64672
a00007854	64673
a00007855	64674
a00007856	64675
a00007857	64676
a00007858	64677
a00007859	64678
a00007860	64679
a00007861	64680
a00007862	64681
a00007863	64682
a00007864	64683
a00007865	64684
a00007866	64685
a00007867	64686
a00007868	64687
a00007869	64688
a00007870	64689
a00007871	64690
a00007872	64691
a00007873	64692
a00007874	64693
a00007875	64694
a00007876	64695
a00007877	64696
a00007878	64697
a00007879	64698
a00007880	64699
a00007881	64700
a00007882	64701
a00007883	64702
a00007884	64703
a00007885	64704
a00007886	64705
a00007887	64706
a00007888	64707
a00007889	64708
a00007890	64709
a00007891	64710
a00007892	64711
a00007893	64712
a00007894	64713
a00007895	64714
a00007896	64715
a00007897	64716
a00007898	64717
a00007899	64718
a00007900	64719
a00007901	64720
a00007902	64721
a00007903	64722
a00007904	64723
a00007905	64724
a00007906	64725
a00007907	64726
a00007908	64727
a00007909	64728
a00007910	64729
a00007911	64730
a00007912	64731
a00007913	64732
a00007914	64733
a00007915	64734
a00007916	64735
a00007917	64736
a00007918	64737
a00007919	64738
a00007920	64739
a00007921	64740
a00007922	64741
a00007923	64742
a00007924	64743
a00007925	64744
a00007926	64745
a00007927	64746
a00007928	64747
a00007929	64748
a00007930	64749
a00007931	64750
a00007932	64751
a00007933	64752
a00007934	64753
a00007935	64754
a00007936	64755
a00007937	64756
a00007938	64757
a00007939	64758
a00007940	64759
a00007941	64760
a00007942	64761
a00007943	64762
a00007944	64763
a00007945	64764
a00007946	64765
a00007947	64766
a00007948	64767
a00007949	64768
a00007950	64769
a00007951	64770
a00007952	64771
a00007953	64772
a00007954	64773
a00007955	64774
a00007956	64775
a00007957	64776
a00007958	64777
a00007959	64778
a00007960	64779
a00007961	64780
a00007962	64781
a00007963	64782
a00007964	64783
a00007965	64784
a00007966	64785
a00007967	64786
a00007968	64787
a00007969	64788
a00007970	64789
a00007971	64790
a00007972	64791
a00007973	64792
a00007974	64793
a00007975	64794
a00007976	64795
a00007977	64796
a00007978	64797
a00007979	64798
a00007980	64799
a00007981	64800
a00007982	64801
a00007983	64802
a00007984	64803
a00007985	64804
a00007986	64805
a00007987	64806
a00007988	64807
a00007989	64808
a00007990	64809
a00007991	64810
a00007992	64811
a00007993	64812
a00007994	64813
a00007995	64814
a00007996	64815
a00007997	64816
a00007998	64817
a00007999	64818
a00008000	64819
a00008001	64820
a00008002	64821
a00008003	64822
a00008004	64823
a00008005	64824
a00008006	64825
a00008007	64826
a00008008	64827
a00008009	64828
a00008010	64829
a00008011	64830
a00008012	64831
a00008013	64832
a00008014	64833
a00008015	64834
a00008016	64835
a00008017	64836
a00008018	64837
a00008019	64838
a00008020	64839
a00008021	64840
a00008022	64841
a00008023	64842
a00008024	64843
a00008025	64844
a00008026	64845
a00008027	64846
a00008028	64847
a00008029	64848
a00008030	64849
a00008031	64850
a00008032	64851
a00008033	64852
a00008034	64853
a00008035	64854
a00008036	64855
a00008037	64856
a00008038	64857
a00008039	64858
a00008040	64859
a00008041	64860
a00008042	64861
a00008043	64862
a00008044	64863
a00008045	64864
a00008046	64865
a00008047	64866
a00008048	64867
a00008049	64868
a00008050	64869
a00008051	64870
a00008052	64871
a00008053	64872
a00008054	64873
a00008055	64874
a00008056	64875
a00008057	64876
a00008058	64877
a00008059	64878
a00008060	64879
a00008061	64880
a00008062	64881
a00008063	64882
a00008064	64883
a00008065	64884
a00008066	64885
a00008067	64886
a00008068	64887
a00008069	64888
a00008070	64889
a00008071	64890
a00008072	64891
a00008073	64892
a00008074	64893
a00008075	64894
a00008076	64895
a00008077	64896
a00008078	64897
a00008079	64898
a00008080	64899
a00008081	64900
a00008082	64901
a00008083	64902
a00008084	64903
a00008085	64904
a00008086	64905
a00008087	64906
a00008088	64907
a00008089	64908
a00008090	64909
a00008091	64910
a00008092	64911
a00008093	64912
a00008094	64913
a00008095	64914
a00008096	64915
a00008097	64916
a00008098	64917
a00008099	64918
a00008100	64919
a00008101	64920
a00008102	64921
a00008103	64922
a00008104	64923
a00008105	64924
a00008106	64925
a00008107	64926
a00008108	64927
a00008109	64928
a00008110	64929
a00008111	64930
a00008112	64931
a00008113	64932
a00008114	64933
a00008115	64934
a00008116	64935
a00008117	64936
a00008118	64937
a00008119	64938
a00008120	64939
a00008121	64940
a00008122	64941
a00008123	64942
a00008124	64943
a00008125	64944
a00008126	64945
a00008127	64946
a00008128	64947
a00008129	64948
a00008130	64949
a00008131	64950
a00008132	64951
a00008133	64952
a00008134	64953
a00008135	64954
a00008136	64955
a00008137	64956
a00008138	64957
a00008139	64958
a00008140	64959
a00008141	64960
a00008142	64961
a00008143	64962
a00008144	64963
a00008145	64964
a00008146	64965
a00008147	64966
a00008148	64967
a00008149	64968
a00008150	64969
a00008151	64970
a00008152	64971
a00008153	64972
a00008154	64973
a00008155	64974
a00008156	64975
a00008157	64976
a00008158	64977
a00008159	64978
a00008160	64979
a00008161	64980
a00008162	64981
a00008163	64982
a00008164	64983
a00008165	64984
a00008166	64985
a00008167	64986
a00008168	64987
a00008169	64988
a00008170	64989
a00008171	64990
a00008172	64991
a00008173	64992
a00008174	64993
a00008175	64994
a00008176	64995
a00008177	64996
a00008178	64997
a00008179	64998
a00008180	64999
a00008181	65000
a00008182	65001
a00008183	65002
a00008184	65003
a00008185	65004
a00008186	65005
a00008187	65006
a00008188	65007
a00008189	65008
a00008190	65009
a00008191	65010
a00008192	65011
a00008193	65012
a00008194	65013
a00008195	65014
a00008196	65015
a00008197	65016
a00008198	65017
a00008199	65018
a00008200	65019
a00008201	65020
a00008202	65021
a00008203	65022
a00008204	65023
a00008205	65024
a00008206	65025
a00008207	65026
a00008208	65027
a00008209	65028
a00008210	65029
a00008211	65030
a00008212	65031
a00008213	65032
a00008214	65033
a00008215	65034
a00008216	65035
a00008217	65036
a00008218	65037
a00008219	65038
a00008220	65039
a00008221	65040
a00008222	65041
a00008223	65042
a00008224	65043
a00008225	65044
a00008226	65045
a00008227	65046
a00008228	65047
a00008229	65048
a00008230	65049
a00008231	65050
a00008232	65051
a00008233	65052
a00008234	65053
a00008235	65054
a00008236	65055
a00008237	65056
a00008238	65057
a00008239	65058
a00008240	65059
a00008241	65060
a00008242	65061
a00008243	65062
a00008244	65063
a00008245	65064
a00008246	65065
a00008247	65066
a00008248	65067
a00008249	65068
a00008250	65069
a00008251	65070
a00008252	65071
a00008253	65072
a00008254	65073
a00008255	65074
a00008256	65075
a00008257	65076
a00008258	65077
a00008259	65078
a00008260	65079
a00008261	65080
a00008262	65081
a00008263	65082
a00008264	65083
a00008265	65084
a00008266	65085
a00008267	65086
a00008268	65087
a00008269	65088
a00008270	65089
a00008271	65090
a00008272	65091
a00008273	65092
a00008274	65093
a00008275	65094
a00008276	65095
a00008277	65096
a00008278	65097
a00008279	65098
a00008280	65099
a00008281	65100
a00008282	65101
a00008283	65102
a00008284	65103
a00008285	65104
a00008286	65105
a00008287	65106
a00008288	65107
a00008289	65108
a00008290	65109
a00008291	65110
a00008292	65111
a00008293	65112
a00008294	65113
a00008295	65114
a00008296	65115
a00008297	65116
a00008298	65117
a00008299	65118
a00008300	65119
a00008301	65120
a00008302	65121
a00008303	65122
a00008304	65123
a00008305	65124
a00008306	65125
a00008307	65126
a00008308	65127
a00008309	65128
a00008310	65129
a00008311	65130
a00008312	65131
a00008313	65132
a00008314	65133
a00008315	65134
a00008316	65135
a00008317	65136
a00008318	65137
a00008319	65138
a00008320	65139
a00008321	65140
a00008322	65141
a00008323	65142
a00008324	65143
a00008325	65144
a00008326	65145
a00008327	65146
a00008328	65147
a00008329	65148
a00008330	65149
a00008331	65150
a00008332	65151
a00008333	65152
a00008334	65153
a00008335	65154
a00008336	65155
a00008337	65156
a00008338	65157
a00008339	65158
a00008340	65159
a00008341	65160
a00008342	65161
a00008343	65162
a00008344	65163
a00008345	65164
a00008346	65165
a00008347	65166
a00008348	65167
a00008349	65168
a00008350	65169
a00008351	65170
a00008352	65171
a00008353	65172
a00008354	65173
a00008355	65174
a00008356	65175
a00008357	65176
a00008358	65177
a00008359	65178
a00008360	65179
a00008361	65180
a00008362	65181
a00008363	65182
a00008364	65183
a00008365	65184
a00008366	65185
a00008367	65186
a00008368	65187
a00008369	65188
a00008370	65189
a00008371	65190
a00008372	65191
a00008373	65192
a00008374	65193
a00008375	65194
a00008376	65195
a00008377	65196
a00008378	65197
a00008379	65198
a00008380	65199
a00008381	65200
a00008382	65201
a00008383	65202
a00008384	65203
a00008385	65204
a00008386	65205
a00008387	65206
a00008388	65207
a00008389	65208
a00008390	65209
a00008391	65210
a00008392	65211
a00008393	65212
a00008394	65213
a00008395	65214
a00008396	65215
a00008397	65216
a00008398	65217
a00008399	65218
a00008400	65219
a00008401	65220
a00008402	65221
a00008403	65222
a00008404	65223
a00008405	65224
a00008406	65225
a00008407	65226
a00008408	65227
a00008409	65228
a00008410	65229
a00008411	65230
a00008412	65231
a00008413	65232
a00008414	65233
a00008415	65234
a00008416	65235
a00008417	65236
a00008418	65237
a00008419	65238
a00008420	65239
a00008421	65240
a00008422	65241
a00008423	65242
a00008424	65243
a00008425	65244
a00008426	65245
a00008427	65246
a00008428	65247
a00008429	65248
a00008430	65249
a00008431	65250
a00008432	65251
a00008433	65252
a00008434	65253
a00008435	65254
a00008436	65255
a00008437	65256
a00008438	65257
a00008439	65258
a00008440	65259
a00008441	65260
a00008442	65261
a00008443	65262
a00008444	65263
a00008445	65264
a00008446	65265
a00008447	65266
a00008448	65267
a00008449	65268
a00008450	65269
a00008451	65270
a00008452	65271
a00008453	65272
a00008454	65273
a00008455	65274
a00008456	65275
a00008457	65276
a00008458	65277
a00008459	65278
a00008460	65279
a00008461	65280
a00008462	65281
a00008463	65282
a00008464	65283
a00008465	65284
a00008466	65285
a00008467	65286
a00008468	65287
a00008469	65288
a00008470	65289
a00008471	65290
a00008472	65291
a00008473	65292
a00008474	65293
a00008475	65294
a00008476	65295
a00008477	65296
a00008478	65297
a00008479	65298
a00008480	65299
a00008481	65300
a00008482	65301
a00008483	65302
a00008484	65303
a00008485	65304
a00008486	65305
a00008487	65306
a00008488	65307
a00008489	65308
a00008490	65309
a00008491	65310
a00008492	65311
a00008493	65312
a00008494	65313
a00008495	65314
a00008496	65315
a00008497	65316
a00008498	65317
a00008499	65318
a00008500	65319
a00008501	65320
a00008502	65321
a00008503	65322
a00008504	65323
a00008505	65324
a00008506	65325
a00008507	65326
a00008508	65327
a00008509	65328
a00008510	65329
a00008511	65330
a00008512	65331
a00008513	65332
a00008514	65333
a00008515	65334
a00008516	65335
a00008517	65336
a00008518	65337
a00008519	65338
a00008520	65339
a00008521	65340
a00008522	65341
a00008523	65342
a00008524	65343
a00008525	65344
a00008526	65345
a00008527	65346
a00008528	65347
a00008529	65348
a00008530	65349
a00008531	65350
a00008532	65351
a00008533	65352
a00008534	65353
a00008535	65354
a00008536	65355
a00008537	65356
a00008538	65357
a00008539	65358
a00008540	65359
a00008541	65360
a00008542	65361
a00008543	65362
a00008544	65363
a00008545	65364
a00008546	65365
a00008547	65366
a00008548	65367
a00008549	65368
a00008550	65369
a00008551	65370
a00008552	65371
a00008553	65372
a00008554	65373
a00008555	65374
a00008556	65375
a00008557	65376
a00008558	65377
a00008559	65378
a00008560	65379
a00008561	65380
a00008562	65381
a00008563	65382
a00008564	65383
a00008565	65384
a00008566	65385
a00008567	65386
a00008568	65387
a00008569	65388
a00008570	65389
a00008571	65390
a00008572	65391
a00008573	65392
a00008574	65393
a00008575	65394
a00008576	65395
a00008577	65396
a00008578	65397
a00008579	65398
a00008580	65399
a00008581	65400
a00008582	65401
a00008583	65402
a00008584	65403
a00008585	65404
a00008586	65405
a00008587	65406
a00008588	65407
a00008589	65408
a00008590	65409
a00008591	65410
a00008592	65411
a00008593	65412
a00008594	65413
a00008595	65414
a00008596	65415
a00008597	65416
a00008598	65417
a00008599	65418
a00008600	65419
a00008601	65420
a00008602	65421
a00008603	65422
a00008604	65423
a00008605	65424
a00008606	65425
a00008607	65426
a00008608	65427
a00008609	65428
a00008610	65429
a00008611	65430
a00008612	65431
a00008613	65432
a00008614	65433
a00008615	65434
a00008616	65435
a00008617	65436
a00008618	65437
a00008619	65438
a00008620	65439
a00008621	65440
a00008622	65441
a00008623	65442
a00008624	65443
a00008625	65444
a00008626	65445
a00008627	65446
a00008628	65447
a00008629	65448
a00008630	65449
a00008631	65450
a00008632	65451
a00008633	65452
a00008634	65453
a00008635	65454
a00008636	65455
a00008637	65456
a00008638	65457
a00008639	65458
a00008640	65459
a00008641	65460
a00008642	65461
a00008643	65462
a00008644	65463
a00008645	65464
a00008646	65465
a00008647	65466
a00008648	65467
a00008649	65468
a00008650	65469
a00008651	65470
a00008652	65471
a00008653	65472
a00008654	65473
a00008655	65474
a00008656	65475
a00008657	65476
a00008658	65477
a00008659	65478
a00008660	65479
a00008661	65480
a00008662	65481
a00008663	65482
a00008664	65483
a00008665	65484
a00008666	65485
a00008667	65486
a00008668	65487
a00008669	65488
a00008670	65489
a00008671	65490
a00008672	65491
a00008673	65492
a00008674	65493
a00008675	65494
a00008676	65495
a00008677	65496
a00008678	65497
a00008679	65498
a00008680	65499
a00008681	65500
a00008682	65501
a00008683	65502
a00008684	65503
a00008685	65504
a00008686	65505
a00008687	65506
a00008688	65507
a00008689	65508
a00008690	65509
a00008691	65510
a00008692	65511
a00008693	65512
a00008694	65513
a00008695	65514
a00008696	65515
a00008697	65516
a00008698	65517
a00008699	65518
a00008700	65519
a00008701	65520
a00008702	65521
a00008703	65522
a00008704	65523
a00008705	65524
a00008706	65525
a00008707	65526
a00008708	65527
a00008709	65528
a00008710	65529
a00008711	65530
a00008712	65531
a00008713	65532
a00008714	65533
a00008715	65534
a00008716	65535
a00008717	65536
a00008718	65537
a00008719	65538
a00008720	65539
a00008721	65540
a00008722	65541
a00008723	65542
a00008724	65543
a00008725	65544
a00008726	65545
a00008727	65546
a00008728	65547
a00008729	65548
a00008730	65549
a00008731	65550
a00008732	65551
a00008733	65552
a00008734	65553
a00008735	65554
a00008736	65555
a00008737	65556
a00008738	65557
a00008739	65558
a00008740	65559
a00008741	65560
a00008742	65561
a00008743	65562
a00008744	65563
a00008745	65564
a00008746	65565
a00008747	65566
a00008748	65567
a00008749	65568
a00008750	65569
a00008751	65570
a00008752	65571
a00008753	65572
a00008754	65573
a00008755	65574
a00008756	65575
a00008757	65576
a00008758	65577
a00008759	65578
a00008760	65579
a00008761	65580
a00008762	65581
a00008763	65582
a00008764	65583
a00008765	65584
a00008766	65585
a00008767	65586
a00008768	65587
a00008769	65588
a00008770	65589
a00008771	65590
a00008772	65591
a00008773	65592
a00008774	65593
a00008775	65594
a00008776	65595
a00008777	65596
a00008778	65597
a00008779	65598
a00008780	65599
a00008781	65600
a00008782	65601
a00008783	65602
a00008784	65603
a00008785	65604
a00008786	65605
a00008787	65606
a00008788	65607
a00008789	65608
a00008790	65609
a00008791	65610
a00008792	65611
a00008793	65612
a00008794	65613
a00008795	65614
a00008796	65615
a00008797	65616
a00008798	65617
a00008799	65618
a00008800	65619
a00008801	65620
a00008802	65621
a00008803	65622
a00008804	65623
a00008805	65624
a00008806	65625
a00008807	65626
a00008808	65627
a00008809	65628
a00008810	65629
a00008811	65630
a00008812	65631
a00008813	65632
a00008814	65633
a00008815	65634
a00008816	65635
a00008817	65636
a00008818	65637
a00008819	65638
a00008820	65639
a00008821	65640
a00008822	65641
a00008823	65642
a00008824	65643
a00008825	65644
a00008826	65645
a00008827	65646
a00008828	65647
a00008829	65648
a00008830	65649
a00008831	65650
a00008832	65651
a00008833	65652
a00008834	65653
a00008835	65654
a00008836	65655
a00008837	65656
a00008838	65657
a00008839	65658
a00008840	65659
a00008841	65660
a00008842	65661
a00008843	65662
a00008844	65663
a00008845	65664
a00008846	65665
a00008847	65666
a00008848	65667
a00008849	65668
a00008850	65669
a00008851	65670
a00008852	65671
a00008853	65672
a00008854	65673
a00008855	65674
a00008856	65675
a00008857	65676
a00008858	65677
a00008859	65678
a00008860	65679
a00008861	65680
a00008862	65681
a00008863	65682
a00008864	65683
a00008865	65684
a00008866	65685
a00008867	65686
a00008868	65687
a00008869	65688
a00008870	65689
a00008871	65690
a00008872	65691
a00008873	65692
a00008874	65693
a00008875	65694
a00008876	65695
a00008877	65696
a00008878	65697
a00008879	65698
a00008880	65699
a00008881	65700
a00008882	65701
a00008883	65702
a00008884	65703
a00008885	65704
a00008886	65705
a00008887	65706
a00008888	65707
a00008889	65708
a00008890	65709
a00008891	65710
a00008892	65711
a00008893	65712
a00008894	65713
a00008895	65714
a00008896	65715
a00008897	65716
a00008898	65717
a00008899	65718
a00008900	65719
a00008901	65720
a00008902	65721
a00008903	65722
a00008904	65723
a00008905	65724
a00008906	65725
a00008907	65726
a00008908	65727
a00008909	65728
a00008910	65729
a00008911	65730
a00008912	65731
a00008913	65732
a00008914	65733
a00008915	65734
a00008916	65735
a00008917	65736
a00008918	65737
a00008919	65738
a00008920	65739
a00008921	65740
a00008922	65741
a00008923	65742
a00008924	65743
a00008925	65744
a00008926	65745
a00008927	65746
a00008928	65747
a00008929	65748
a00008930	65749
a00008931	65750
a00008932	65751
a00008933	65752
a00008934	65753
a00008935	65754
a00008936	65755
a00008937	65756
a00008938	65757
a00008939	65758
a00008940	65759
a00008941	65760
a00008942	65761
a00008943	65762
a00008944	65763
a00008945	65764
a00008946	65765
a00008947	65766
a00008948	65767
a00008949	65768
a00008950	65769
a00008951	65770
a00008952	65771
a00008953	65772
a00008954	65773
a00008955	65774
a00008956	65775
a00008957	65776
a00008958	65777
a00008959	65778
a00008960	65779
a00008961	65780
a00008962	65781
a00008963	65782
a00008964	65783
a00008965	65784
a00008966	65785
a00008967	65786
a00008968	65787
a00008969	65788
a00008970	65789
a00008971	65790
a00008972	65791
a00008973	65792
a00008974	65793
a00008975	65794
a00008976	65795
a00008977	65796
a00008978	65797
a00008979	65798
a00008980	65799
a00008981	65800
a00008982	65801
a00008983	65802
a00008984	65803
a00008985	65804
a00008986	65805
a00008987	65806
a00008988	65807
a00008989	65808
a00008990	65809
a00008991	65810
a00008992	65811
a00008993	65812
a00008994	65813
a00008995	65814
a00008996	65815
a00008997	65816
a00008998	65817
a00008999	65818
a00009000	65819
a00009001	65820
a00009002	65821
a00009003	65822
a00009004	65823
a00009005	65824
a00009006	65825
a00009007	65826
a00009008	65827
a00009009	65828
a00009010	65829
a00009011	65830
a00009012	65831
a00009013	65832
a00009014	65833
a00009015	65834
a00009016	65835
a00009017	65836
a00009018	65837
a00009019	65838
a00009020	65839
a00009021	65840
a00009022	65841
a00009023	65842
a00009024	65843
a00009025	65844
a00009026	65845
a00009027	65846
a00009028	65847
a00009029	65848
a00009030	65849
a00009031	65850
a00009032	65851
a00009033	65852
a00009034	65853
a00009035	65854
a00009036	65855
a00009037	65856
a00009038	65857
a00009039	65858
a00009040	65859
a00009041	65860
a00009042	65861
a00009043	65862
a00009044	65863
a00009045	65864
a00009046	65865
a00009047	65866
a00009048	65867
a00009049	65868
a00009050	65869
a00009051	65870
a00009052	65871
a00009053	65872
a00009054	65873
a00009055	65874
a00009056	65875
a00009057	65876
a00009058	65877
a00009059	65878
a00009060	65879
a00009061	65880
a00009062	65881
a00009063	65882
a00009064	65883
a00009065	65884
a00009066	65885
a00009067	65886
a00009068	65887
a00009069	65888
a00009070	65889
a00009071	65890
a00009072	65891
a00009073	65892
a00009074	65893
a00009075	65894
a00009076	65895
a00009077	65896
a00009078	65897
a00009079	65898
a00009080	65899
a00009081	65900
a00009082	65901
a00009083	65902
a00009084	65903
a00009085	65904
a00009086	65905
a00009087	65906
a00009088	65907
a00009089	65908
a00009090	65909
a00009091	65910
a00009092	65911
a00009093	65912
a00009094	65913
a00009095	65914
a00009096	65915
a00009097	65916
a00009098	65917
a00009099	65918
a00009100	65919
a00009101	65920
a00009102	65921
a00009103	65922
a00009104	65923
a00009105	65924
a00009106	65925
a00009107	65926
a00009108	65927
a00009109	65928
a00009110	65929
a00009111	65930
a00009112	65931
a00009113	65932
a00009114	65933
a00009115	65934
a00009116	65935
a00009117	65936
a00009118	65937
a00009119	65938
a00009120	65939
a00009121	65940
a00009122	65941
a00009123	65942
a00009124	65943
a00009125	65944
a00009126	65945
a00009127	65946
a00009128	65947
a00009129	65948
a00009130	65949
a00009131	65950
a00009132	65951
a00009133	65952
a00009134	65953
a00009135	65954
a00009136	65955
a00009137	65956
a00009138	65957
a00009139	65958
a00009140	65959
a00009141	65960
a00009142	65961
a00009143	65962
a00009144	65963
a00009145	65964
a00009146	65965
a00009147	65966
a00009148	65967
a00009149	65968
a00009150	65969
a00009151	65970
a00009152	65971
a00009153	65972
a00009154	65973
a00009155	65974
a00009156	65975
a00009157	65976
a00009158	65977
a00009159	65978
a00009160	65979
a00009161	65980
a00009162	65981
a00009163	65982
a00009164	65983
a00009165	65984
a00009166	65985
a00009167	65986
a00009168	65987
a00009169	65988
a00009170	65989
a00009171	65990
a00009172	65991
a00009173	65992
a00009174	65993
a00009175	65994
a00009176	65995
a00009177	65996
a00009178	65997
a00009179	65998
a00009180	65999
a00009181	66000
a00009182	66001
a00009183	66002
a00009184	66003
a00009185	66004
a00009186	66005
a00009187	66006
a00009188	66007
a00009189	66008
a00009190	66009
a00009191	66010
a00009192	66011
a00009193	66012
a00009194	66013
a00009195	66014
a00009196	66015
a00009197	66016
a00009198	66017
a00009199	66018
a00009200	66019
a00009201	66020
a00009202	66021
a00009203	66022
a00009204	66023
a00009205	66024
a00009206	66025
a00009207	66026
a00009208	66027
a00009209	66028
a00009210	66029
a00009211	66030
a00009212	66031
a00009213	66032
a00009214	66033
a00009215	66034
a00009216	66035
a00009217	66036
a00009218	66037
a00009219	66038
a00009220	66039
a00009221	66040
a00009222	66041
a00009223	66042
a00009224	66043
a00009225	66044
a00009226	66045
a00009227	66046
a00009228	66047
a00009229	66048
a00009230	66049
a00009231	66050
a00009232	66051
a00009233	66052
a00009234	66053
a00009235	66054
a00009236	66055
a00009237	66056
a00009238	66057
a00009239	66058
a00009240	66059
a00009241	66060
a00009242	66061
a00009243	66062
a00009244	66063
a00009245	66064
a00009246	66065
a00009247	66066
a00009248	66067
a00009249	66068
a00009250	66069
a00009251	66070
a00009252	66071
a00009253	66072
a00009254	66073
a00009255	66074
a00009256	66075
a00009257	66076
a00009258	66077
a00009259	66078
a00009260	66079
a00009261	66080
a00009262	66081
a00009263	66082
a00009264	66083
a00009265	66084
a00009266	66085
a00009267	66086
a00009268	66087
a00009269	66088
a00009270	66089
a00009271	66090
a00009272	66091
a00009273	66092
a00009274	66093
a00009275	66094
a00009276	66095
a00009277	66096
a00009278	66097
a00009279	66098
a00009280	66099
a00009281	66100
a00009282	66101
a00009283	66102
a00009284	66103
a00009285	66104
a00009286	66105
a00009287	66106
a00009288	66107
a00009289	66108
a00009290	66109
a00009291	66110
a00009292	66111
a00009293	66112
a00009294	66113
a00009295	66114
a00009296	66115
a00009297	66116
a00009298	66117
a00009299	66118
a00009300	66119
a00009301	66120
a00009302	66121
a00009303	66122
a00009304	66123
a00009305	66124
a00009306	66125
a00009307	66126
a00009308	66127
a00009309	66128
a00009310	66129
a00009311	66130
a00009312	66131
a00009313	66132
a00009314	66133
a00009315	66134
a00009316	66135
a00009317	66136
a00009318	66137
a00009319	66138
a00009320	66139
a00009321	66140
a00009322	66141
a00009323	66142
a00009324	66143
a00009325	66144
a00009326	66145
a00009327	66146
a00009328	66147
a00009329	66148
a00009330	66149
a00009331	66150
a00009332	66151
a00009333	66152
a00009334	66153
a00009335	66154
a00009336	66155
a00009337	66156
a00009338	66157
a00009339	66158
a00009340	66159
a00009341	66160
a00009342	66161
a00009343	66162
a00009344	66163
a00009345	66164
a00009346	66165
a00009347	66166
a00009348	66167
a00009349	66168
a00009350	66169
a00009351	66170
a00009352	66171
a00009353	66172
a00009354	66173
a00009355	66174
a00009356	66175
a00009357	66176
a00009358	66177
a00009359	66178
a00009360	66179
a00009361	66180
a00009362	66181
a00009363	66182
a00009364	66183
a00009365	66184
a00009366	66185
a00009367	66186
a00009368	66187
a00009369	66188
a00009370	66189
a00009371	66190
a00009372	66191
a00009373	66192
a00009374	66193
a00009375	66194
a00009376	66195
a00009377	66196
a00009378	66197
a00009379	66198
a00009380	66199
a00009381	66200
a00009382	66201
a00009383	66202
a00009384	66203
a00009385	66204
a00009386	66205
a00009387	66206
a00009388	66207
a00009389	66208
a00009390	66209
a00009391	66210
a00009392	66211
a00009393	66212
a00009394	66213
a00009395	66214
a00009396	66215
a00009397	66216
a00009398	66217
a00009399	66218
a00009400	66219
a00009401	66220
a00009402	66221
a00009403	66222
a00009404	66223
a00009405	66224
a00009406	66225
a00009407	66226
a00009408	66227
a00009409	66228
a00009410	66229
a00009411	66230
a00009412	66231
a00009413	66232
a00009414	66233
a00009415	66234
a00009416	66235
a00009417	66236
a00009418	66237
a00009419	66238
a00009420	66239
a00009421	66240
a00009422	66241
a00009423	66242
a00009424	66243
a00009425	66244
a00009426	66245
a00009427	66246
a00009428	66247
a00009429	66248
a00009430	66249
a00009431	66250
a00009432	66251
a00009433	66252
a00009434	66253
a00009435	66254
a00009436	66255
a00009437	66256
a00009438	66257
a00009439	66258
a00009440	66259
a00009441	66260
a00009442	66261
a00009443	66262
a00009444	66263
a00009445	66264
a00009446	66265
a00009447	66266
a00009448	66267
a00009449	66268
a00009450	66269
a00009451	66270
a00009452	66271
a00009453	66272
a00009454	66273
a00009455	66274
a00009456	66275
a00009457	66276
a00009458	66277
a00009459	66278
a00009460	66279
a00009461	66280
a00009462	66281
a00009463	66282
a00009464	66283
a00009465	66284
a00009466	66285
a00009467	66286
a00009468	66287
a00009469	66288
a00009470	66289
a00009471	66290
a00009472	66291
a00009473	66292
a00009474	66293
a00009475	66294
a00009476	66295
a00009477	66296
a00009478	66297
a00009479	66298
a00009480	66299
a00009481	66300
a00009482	66301
a00009483	66302
a00009484	66303
a00009485	66304
a00009486	66305
a00009487	66306
a00009488	66307
a00009489	66308
a00009490	66309
a00009491	66310
a00009492	66311
a00009493	66312
a00009494	66313
a00009495	66314
a00009496	66315
a00009497	66316
a00009498	66317
a00009499	66318
a00009500	66319
a00009501	66320
a00009502	66321
a00009503	66322
a00009504	66323
a00009505	66324
a00009506	66325
a00009507	66326
a00009508	66327
a00009509	66328
a00009510	66329
a00009511	66330
a00009512	66331
a00009513	66332
a00009514	66333
a00009515	66334
a00009516	66335
a00009517	66336
a00009518	66337
a00009519	66338
a00009520	66339
a00009521	66340
a00009522	66341
a00009523	66342
a00009524	66343
a00009525	66344
a00009526	66345
a00009527	66346
a00009528	66347
a00009529	66348
a00009530	66349
a00009531	66350
a00009532	66351
a00009533	66352
a00009534	66353
a00009535	66354
a00009536	66355
a00009537	66356
a00009538	66357
a00009539	66358
a00009540	66359
a00009541	66360
a00009542	66361
a00009543	66362
a00009544	66363
a00009545	66364
a00009546	66365
a00009547	66366
a00009548	66367
a00009549	66368
a00009550	66369
a00009551	66370
a00009552	66371
a00009553	66372
a00009554	66373
a00009555	66374
a00009556	66375
a00009557	66376
a00009558	66377
a00009559	66378
a00009560	66379
a00009561	66380
a00009562	66381
a00009563	66382
a00009564	66383
a00009565	66384
a00009566	66385
a00009567	66386
a00009568	66387
a00009569	66388
a00009570	66389
a00009571	66390
a00009572	66391
a00009573	66392
a00009574	66393
a00009575	66394
a00009576	66395
a00009577	66396
a00009578	66397
a00009579	66398
a00009580	66399
a00009581	66400
a00009582	66401
a00009583	66402
a00009584	66403
a00009585	66404
a00009586	66405
a00009587	66406
a00009588	66407
a00009589	66408
a00009590	66409
a00009591	66410
a00009592	66411
a00009593	66412
a00009594	66413
a00009595	66414
a00009596	66415
a00009597	66416
a00009598	66417
a00009599	66418
a00009600	66419
a00009601	66420
a00009602	66421
a00009603	66422
a00009604	66423
a00009605	66424
a00009606	66425
a00009607	66426
a00009608	66427
a00009609	66428
a00009610	66429
a00009611	66430
a00009612	66431
a00009613	66432
a00009614	66433
a00000001	66434
a00000002	66435
a00000003	66436
a00000004	66437
a00000005	66438
a00000006	66439
a00000007	66440
a00000008	66441
a00000009	66442
a00000010	66443
a00000011	66444
a00000012	66445
a00000013	66446
a00000014	66447
a00000015	66448
a00000016	66449
a00000017	66450
a00000018	66451
a00000019	66452
a00000020	66453
a00000021	66454
a00000022	66455
a00000023	66456
a00000024	66457
a00000025	66458
a00000026	66459
a00000027	66460
a00000028	66461
a00000029	66462
a00000030	66463
a00000031	66464
a00000032	66465
a00000033	66466
a00000034	66467
a00000035	66468
a00000036	66469
a00000037	66470
a00000038	66471
a00000039	66472
a00000040	66473
a00000041	66474
a00000042	66475
a00000043	66476
a00000044	66477
a00000045	66478
a00000046	66479
a00000047	66480
a00000048	66481
a00000049	66482
a00000050	66483
a00000051	66484
a00000052	66485
a00000053	66486
a00000054	66487
a00000055	66488
a00000056	66489
a00000057	66490
a00000058	66491
a00000059	66492
a00000060	66493
a00000061	66494
a00000062	66495
a00000063	66496
a00000064	66497
a00000065	66498
a00000066	66499
a00000067	66500
a00000068	66501
a00000069	66502
a00000070	66503
a00000071	66504
a00000072	66505
a00000073	66506
a00000074	66507
a00000075	66508
a00000076	66509
a00000077	66510
a00000078	66511
a00000079	66512
a00000080	66513
a00000081	66514
a00000082	66515
a00000083	66516
a00000084	66517
a00000085	66518
a00000086	66519
a00000087	66520
a00000088	66521
a00000089	66522
a00000090	66523
a00000091	66524
a00000092	66525
a00000093	66526
a00000094	66527
a00000095	66528
a00000096	66529
a00000097	66530
a00000098	66531
a00000099	66532
a00000100	66533
a00000101	66534
a00000102	66535
a00000103	66536
a00000104	66537
a00000105	66538
a00000106	66539
a00000107	66540
a00000108	66541
a00000109	66542
a00000110	66543
a00000111	66544
a00000112	66545
a00000113	66546
a00000114	66547
a00000115	66548
a00000116	66549
a00000117	66550
a00000118	66551
a00000119	66552
a00000120	66553
a00000121	66554
a00000122	66555
a00000123	66556
a00000124	66557
a00000125	66558
a00000126	66559
a00000127	66560
a00000128	66561
a00000129	66562
a00000130	66563
a00000131	66564
a00000132	66565
a00000133	66566
a00000134	66567
a00000135	66568
a00000136	66569
a00000137	66570
a00000138	66571
a00000139	66572
a00000140	66573
a00000141	66574
a00000142	66575
a00000143	66576
a00000144	66577
a00000145	66578
a00000146	66579
a00000147	66580
a00000148	66581
a00000149	66582
a00000150	66583
a00000151	66584
a00000152	66585
a00000153	66586
a00000154	66587
a00000155	66588
a00000156	66589
a00000157	66590
a00000158	66591
a00000159	66592
a00000160	66593
a00000161	66594
a00000162	66595
a00000163	66596
a00000164	66597
a00000165	66598
a00000166	66599
a00000167	66600
a00000168	66601
a00000169	66602
a00000170	66603
a00000171	66604
a00000172	66605
a00000173	66606
a00000174	66607
a00000175	66608
a00000176	66609
a00000177	66610
a00000178	66611
a00000179	66612
a00000180	66613
a00000181	66614
a00000182	66615
a00000183	66616
a00000184	66617
a00000185	66618
a00000186	66619
a00000187	66620
a00000188	66621
a00000189	66622
a00000190	66623
a00000191	66624
a00000192	66625
a00000193	66626
a00000194	66627
a00000195	66628
a00000196	66629
a00000197	66630
a00000198	66631
a00000199	66632
a00000200	66633
a00000201	66634
a00000202	66635
a00000203	66636
a00000204	66637
a00000205	66638
a00000206	66639
a00000207	66640
a00000208	66641
a00000209	66642
a00000210	66643
a00000211	66644
a00000212	66645
a00000213	66646
a00000214	66647
a00000215	66648
a00000216	66649
a00000217	66650
a00000218	66651
a00000219	66652
a00000220	66653
a00000221	66654
a00000222	66655
a00000223	66656
a00000224	66657
a00000225	66658
a00000226	66659
a00000227	66660
a00000228	66661
a00000229	66662
a00000230	66663
a00000231	66664
a00000232	66665
a00000233	66666
a00000234	66667
a00000235	66668
a00000236	66669
a00000237	66670
a00000238	66671
a00000239	66672
a00000240	66673
a00000241	66674
a00000242	66675
a00000243	66676
a00000244	66677
a00000245	66678
a00000246	66679
a00000247	66680
a00000248	66681
a00000249	66682
a00000250	66683
a00000251	66684
a00000252	66685
a00000253	66686
a00000254	66687
a00000255	66688
a00000256	66689
a00000257	66690
a00000258	66691
a00000259	66692
a00000260	66693
a00000261	66694
a00000262	66695
a00000263	66696
a00000264	66697
a00000265	66698
a00000266	66699
a00000267	66700
a00000268	66701
a00000269	66702
a00000270	66703
a00000271	66704
a00000272	66705
a00000273	66706
a00000274	66707
a00000275	66708
a00000276	66709
a00000277	66710
a00000278	66711
a00000279	66712
a00000280	66713
a00000281	66714
a00000282	66715
a00000283	66716
a00000284	66717
a00000285	66718
a00000286	66719
a00000287	66720
a00000288	66721
a00000289	66722
a00000290	66723
a00000291	66724
a00000292	66725
a00000293	66726
a00000294	66727
a00000295	66728
a00000296	66729
a00000297	66730
a00000298	66731
a00000299	66732
a00000300	66733
a00000301	66734
a00000302	66735
a00000303	66736
a00000304	66737
a00000305	66738
a00000306	66739
a00000307	66740
a00000308	66741
a00000309	66742
a00000310	66743
a00000311	66744
a00000312	66745
a00000313	66746
a00000314	66747
a00000315	66748
a00000316	66749
a00000317	66750
a00000318	66751
a00000319	66752
a00000320	66753
a00000321	66754
a00000322	66755
a00000323	66756
a00000324	66757
a00000325	66758
a00000326	66759
a00000327	66760
a00000328	66761
a00000329	66762
a00000330	66763
a00000331	66764
a00000332	66765
a00000333	66766
a00000334	66767
a00000335	66768
a00000336	66769
a00000337	66770
a00000338	66771
a00000339	66772
a00000340	66773
a00000341	66774
a00000342	66775
a00000343	66776
a00000344	66777
a00000345	66778
a00000346	66779
a00000347	66780
a00000348	66781
a00000349	66782
a00000350	66783
a00000351	66784
a00000352	66785
a00000353	66786
a00000354	66787
a00000355	66788
a00000356	66789
a00000357	66790
a00000358	66791
a00000359	66792
a00000360	66793
a00000361	66794
a00000362	66795
a00000363	66796
a00000364	66797
a00000365	66798
a00000366	66799
a00000367	66800
a00000368	66801
a00000369	66802
a00000370	66803
a00000371	66804
a00000372	66805
a00000373	66806
a00000374	66807
a00000375	66808
a00000376	66809
a00000377	66810
a00000378	66811
a00000379	66812
a00000380	66813
a00000381	66814
a00000382	66815
a00000383	66816
a00000384	66817
a00000385	66818
a00000386	66819
a00000387	66820
a00000388	66821
a00000389	66822
a00000390	66823
a00000391	66824
a00000392	66825
a00000393	66826
a00000394	66827
a00000395	66828
a00000396	66829
a00000397	66830
a00000398	66831
a00000399	66832
a00000400	66833
a00000401	66834
a00000402	66835
a00000403	66836
a00000404	66837
a00000405	66838
a00000406	66839
a00000407	66840
a00000408	66841
a00000409	66842
a00000410	66843
a00000411	66844
a00000412	66845
a00000413	66846
a00000414	66847
a00000415	66848
a00000416	66849
a00000417	66850
a00000418	66851
a00000419	66852
a00000420	66853
a00000421	66854
a00000422	66855
a00000423	66856
a00000424	66857
a00000425	66858
a00000426	66859
a00000427	66860
a00000428	66861
a00000429	66862
a00000430	66863
a00000431	66864
a00000432	66865
a00000433	66866
a00000434	66867
a00000435	66868
a00000436	66869
a00000437	66870
a00000438	66871
a00000439	66872
a00000440	66873
a00000441	66874
a00000442	66875
a00000443	66876
a00000444	66877
a00000445	66878
a00000446	66879
a00000447	66880
a00000448	66881
a00000449	66882
a00000450	66883
a00000451	66884
a00000452	66885
a00000453	66886
a00000454	66887
a00000455	66888
a00000456	66889
a00000457	66890
a00000458	66891
a00000459	66892
a00000460	66893
a00000461	66894
a00000462	66895
a00000463	66896
a00000464	66897
a00000465	66898
a00000466	66899
a00000467	66900
a00000468	66901
a00000469	66902
a00000470	66903
a00000471	66904
a00000472	66905
a00000473	66906
a00000474	66907
a00000475	66908
a00000476	66909
a00000477	66910
a00000478	66911
a00000479	66912
a00000480	66913
a00000481	66914
a00000482	66915
a00000483	66916
a00000484	66917
a00000485	66918
a00000486	66919
a00000487	66920
a00000488	66921
a00000489	66922
a00000490	66923
a00000491	66924
a00000492	66925
a00000493	66926
a00000494	66927
a00000495	66928
a00000496	66929
a00000497	66930
a00000498	66931
a00000499	66932
a00000500	66933
a00000501	66934
a00000502	66935
a00000503	66936
a00000504	66937
a00000505	66938
a00000506	66939
a00000507	66940
a00000508	66941
a00000509	66942
a00000510	66943
a00000511	66944
a00000512	66945
a00000513	66946
a00000514	66947
a00000515	66948
a00000516	66949
a00000517	66950
a00000518	66951
a00000519	66952
a00000520	66953
a00000521	66954
a00000522	66955
a00000523	66956
a00000524	66957
a00000525	66958
a00000526	66959
a00000527	66960
a00000528	66961
a00000529	66962
a00000530	66963
a00000531	66964
a00000532	66965
a00000533	66966
a00000534	66967
a00000535	66968
a00000536	66969
a00000537	66970
a00000538	66971
a00000539	66972
a00000540	66973
a00000541	66974
a00000542	66975
a00000543	66976
a00000544	66977
a00000545	66978
a00000546	66979
a00000547	66980
a00000548	66981
a00000549	66982
a00000550	66983
a00000551	66984
a00000552	66985
a00000553	66986
a00000554	66987
a00000555	66988
a00000556	66989
a00000557	66990
a00000558	66991
a00000559	66992
a00000560	66993
a00000561	66994
a00000562	66995
a00000563	66996
a00000564	66997
a00000565	66998
a00000566	66999
a00000567	67000
a00000568	67001
a00000569	67002
a00000570	67003
a00000571	67004
a00000572	67005
a00000573	67006
a00000574	67007
a00000575	67008
a00000576	67009
a00000577	67010
a00000578	67011
a00000579	67012
a00000580	67013
a00000581	67014
a00000582	67015
a00000583	67016
a00000584	67017
a00000585	67018
a00000586	67019
a00000587	67020
a00000588	67021
a00000589	67022
a00000590	67023
a00000591	67024
a00000592	67025
a00000593	67026
a00000594	67027
a00000595	67028
a00000596	67029
a00000597	67030
a00000598	67031
a00000599	67032
a00000600	67033
a00000601	67034
a00000602	67035
a00000603	67036
a00000604	67037
a00000605	67038
a00000606	67039
a00000607	67040
a00000608	67041
a00000609	67042
a00000610	67043
a00000611	67044
a00000612	67045
a00000613	67046
a00000614	67047
a00000615	67048
a00000616	67049
a00000617	67050
a00000618	67051
a00000619	67052
a00000620	67053
a00000621	67054
a00000622	67055
a00000623	67056
a00000624	67057
a00000625	67058
a00000626	67059
a00000627	67060
a00000628	67061
a00000629	67062
a00000630	67063
a00000631	67064
a00000632	67065
a00000633	67066
a00000634	67067
a00000635	67068
a00000636	67069
a00000637	67070
a00000638	67071
a00000639	67072
a00000640	67073
a00000641	67074
a00000642	67075
a00000643	67076
a00000644	67077
a00000645	67078
a00000646	67079
a00000647	67080
a00000648	67081
a00000649	67082
a00000650	67083
a00000651	67084
a00000652	67085
a00000653	67086
a00000654	67087
a00000655	67088
a00000656	67089
a00000657	67090
a00000658	67091
a00000659	67092
a00000660	67093
a00000661	67094
a00000662	67095
a00000663	67096
a00000664	67097
a00000665	67098
a00000666	67099
a00000667	67100
a00000668	67101
a00000669	67102
a00000670	67103
a00000671	67104
a00000672	67105
a00000673	67106
a00000674	67107
a00000675	67108
a00000676	67109
a00000677	67110
a00000678	67111
a00000679	67112
a00000680	67113
a00000681	67114
a00000682	67115
a00000683	67116
a00000684	67117
a00000685	67118
a00000686	67119
a00000687	67120
a00000688	67121
a00000689	67122
a00000690	67123
a00000691	67124
a00000692	67125
a00000693	67126
a00000694	67127
a00000695	67128
a00000696	67129
a00000697	67130
a00000698	67131
a00000699	67132
a00000700	67133
a00000701	67134
a00000702	67135
a00000703	67136
a00000704	67137
a00000705	67138
a00000706	67139
a00000707	67140
a00000708	67141
a00000709	67142
a00000710	67143
a00000711	67144
a00000712	67145
a00000713	67146
a00000714	67147
a00000715	67148
a00000716	67149
a00000717	67150
a00000718	67151
a00000719	67152
a00000720	67153
a00000721	67154
a00000722	67155
a00000723	67156
a00000724	67157
a00000725	67158
a00000726	67159
a00000727	67160
a00000728	67161
a00000729	67162
a00000730	67163
a00000731	67164
a00000732	67165
a00000733	67166
a00000734	67167
a00000735	67168
a00000736	67169
a00000737	67170
a00000738	67171
a00000739	67172
a00000740	67173
a00000741	67174
a00000742	67175
a00000743	67176
a00000744	67177
a00000745	67178
a00000746	67179
a00000747	67180
a00000748	67181
a00000749	67182
a00000750	67183
a00000751	67184
a00000752	67185
a00000753	67186
a00000754	67187
a00000755	67188
a00000756	67189
a00000757	67190
a00000758	67191
a00000759	67192
a00000760	67193
a00000761	67194
a00000762	67195
a00000763	67196
a00000764	67197
a00000765	67198
a00000766	67199
a00000767	67200
a00000768	67201
a00000769	67202
a00000770	67203
a00000771	67204
a00000772	67205
a00000773	67206
a00000774	67207
a00000775	67208
a00000776	67209
a00000777	67210
a00000778	67211
a00000779	67212
a00000780	67213
a00000781	67214
a00000782	67215
a00000783	67216
a00000784	67217
a00000785	67218
a00000786	67219
a00000787	67220
a00000788	67221
a00000789	67222
a00000790	67223
a00000791	67224
a00000792	67225
a00000793	67226
a00000794	67227
a00000795	67228
a00000796	67229
a00000797	67230
a00000798	67231
a00000799	67232
a00000800	67233
a00000801	67234
a00000802	67235
a00000803	67236
a00000804	67237
a00000805	67238
a00000806	67239
a00000807	67240
a00000808	67241
a00000809	67242
a00000810	67243
a00000811	67244
a00000812	67245
a00000813	67246
a00000814	67247
a00000815	67248
a00000816	67249
a00000817	67250
a00000818	67251
a00000819	67252
a00000820	67253
a00000821	67254
a00000822	67255
a00000823	67256
a00000824	67257
a00000825	67258
a00000826	67259
a00000827	67260
a00000828	67261
a00000829	67262
a00000830	67263
a00000831	67264
a00000832	67265
a00000833	67266
a00000834	67267
a00000835	67268
a00000836	67269
a00000837	67270
a00000838	67271
a00000839	67272
a00000840	67273
a00000841	67274
a00000842	67275
a00000843	67276
a00000844	67277
a00000845	67278
a00000846	67279
a00000847	67280
a00000848	67281
a00000849	67282
a00000850	67283
a00000851	67284
a00000852	67285
a00000853	67286
a00000854	67287
a00000855	67288
a00000856	67289
a00000857	67290
a00000858	67291
a00000859	67292
a00000860	67293
a00000861	67294
a00000862	67295
a00000863	67296
a00000864	67297
a00000865	67298
a00000866	67299
a00000867	67300
a00000868	67301
a00000869	67302
a00000870	67303
a00000871	67304
a00000872	67305
a00000873	67306
a00000874	67307
a00000875	67308
a00000876	67309
a00000877	67310
a00000878	67311
a00000879	67312
a00000880	67313
a00000881	67314
a00000882	67315
a00000883	67316
a00000884	67317
a00000885	67318
a00000886	67319
a00000887	67320
a00000888	67321
a00000889	67322
a00000890	67323
a00000891	67324
a00000892	67325
a00000893	67326
a00000894	67327
a00000895	67328
a00000896	67329
a00000897	67330
a00000898	67331
a00000899	67332
a00000900	67333
a00000901	67334
a00000902	67335
a00000903	67336
a00000904	67337
a00000905	67338
a00000906	67339
a00000907	67340
a00000908	67341
a00000909	67342
a00000910	67343
