annotation	node
a00000000	55152
a00001103	55153
a00001104	55154
a00001105	55155
a00001106	55156
a00001107	55157
a00001108	55158
a00001109	55159
a00001110	55160
a00001111	55161
a00001112	55162
a00001113	55163
a00001114	55164
a00001115	55165
a00001116	55166
a00001117	55167
a00001118	55168
a00001119	55169
a00001120	55170
a00001121	55171
a00001122	55172
a00001123	55173
a00001124	55174
a00001125	55175
a00001126	55176
a00001127	55177
a00001128	55178
a00001129	55179
a00001130	55180
a00001131	55181
a00001132	55182
a00001133	55183
a00001134	55184
a00001135	55185
a00001136	55186
a00001137	55187
a00001138	55188
a00001139	55189
a00001140	55190
a00001141	55191
a00001142	55192
a00001143	55193
a00001144	55194
a00001145	55195
a00001146	55196
a00001147	55197
a00001148	55198
a00001149	55199
a00001150	55200
a00001151	55201
a00001152	55202
a00001153	55203
a00001154	55204
a00001155	55205
a00001156	55206
a00001157	55207
a00001158	55208
a00001159	55209
a00001160	55210
a00001161	55211
a00001162	55212
a00001163	55213
a00001164	55214
a00001165	55215
a00001166	55216
a00001167	55217
a00001168	55218
a00001169	55219
a00001170	55220
a00001171	55221
a00001172	55222
a00001173	55223
a00001174	55224
a00001175	55225
a00001176	55226
a00001177	55227
a00001178	55228
a00001179	55229
a00001180	55230
a00001181	55231
a00001182	55232
a00001183	55233
a00001184	55234
a00001185	55235
a00001186	55236
a00001187	55237
a00001188	55238
a00001189	55239
a00001190	55240
a00001191	55241
a00001192	55242
a00001193	55243
a00001194	55244
a00001195	55245
a00001196	55246
a00001197	55247
a00001198	55248
a00001199	55249
a00001200	55250
a00001201	55251
a00001202	55252
a00001203	55253
a00001204	55254
a00001205	55255
a00001206	55256
a00001207	55257
a00001208	55258
a00001209	55259
a00001210	55260
a00001211	55261
a00001212	55262
a00001213	55263
a00001214	55264
a00001215	55265
a00001216	55266
a00001217	55267
a00001218	55268
a00001219	55269
a00001220	55270
a00001221	55271
a00001222	55272
a00001223	55273
a00001224	55274
a00001225	55275
a00001226	55276
a00001227	55277
a00001228	55278
a00001229	55279
a00001230	55280
a00001231	55281
a00001232	55282
a00001233	55283
a00001234	55284
a00001235	55285
a00001236	55286
a00001237	55287
a00001238	55288
a00001239	55289
a00001240	55290
a00001241	55291
a00001242	55292
a00001243	55293
a00001244	55294
a00001245	55295
a00001246	55296
a00001247	55297
a00001248	55298
a00001249	55299
a00001250	55300
a00001251	55301
a00001252	55302
a00001253	55303
a00001254	55304
a00001255	55305
a00001256	55306
a00001257	55307
a00001258	55308
a00001259	55309
a00001260	55310
a00001261	55311
a00001262	55312
a00001263	55313
a00001264	55314
a00001265	55315
a00001266	55316
a00001267	55317
a00001268	55318
a00001269	55319
a00001270	55320
a00001271	55321
a00001272	55322
a00001273	55323
a00001274	55324
a00001275	55325
a00001276	55326
a00001277	55327
a00001278	55328
a00001279	55329
a00001280	55330
a00001281	55331
a00001282	55332
a00001283	55333
a00001284	55334
a00001285	55335
a00001286	55336
a00001287	55337
a00001288	55338
a00001289	55339
a00001290	55340
a00001291	55341
a00001292	55342
a00001293	55343
a00001294	55344
a00001295	55345
a00001296	55346
a00001297	55347
a00001298	55348
a00001299	55349
a00001300	55350
a00001301	55351
a00001302	55352
a00001303	55353
a00001304	55354
a00001305	55355
a00001306	55356
a00001307	55357
a00001308	55358
a00001309	55359
a00001310	55360
a00001311	55361
a00001312	55362
a00001313	55363
a00001314	55364
a00001315	55365
a00001316	55366
a00001317	55367
a00001318	55368
a00001319	55369
a00001320	55370
a00001321	55371
a00001322	55372
a00001323	55373
a00001324	55374
a00001325	55375
a00001326	55376
a00001327	55377
a00001328	55378
a00001329	55379
a00001330	55380
a00001331	55381
a00001332	55382
a00001333	55383
a00001334	55384
a00001335	55385
a00001336	55386
a00001337	55387
a00001338	55388
a00001339	55389
a00001340	55390
a00001341	55391
a00001342	55392
a00001343	55393
a00001344	55394
a00001345	55395
a00001346	55396
a00001347	55397
a00001348	55398
a00001349	55399
a00001350	55400
a00001351	55401
a00001352	55402
a00001353	55403
a00001354	55404
a00001355	55405
a00001356	55406
a00001357	55407
a00001358	55408
a00001359	55409
a00001360	55410
a00001361	55411
a00001362	55412
a00001363	55413
a00001364	55414
a00001365	55415
a00001366	55416
a00001367	55417
a00001368	55418
a00001369	55419
a00001370	55420
a00001371	55421
a00001372	55422
a00001373	55423
a00001374	55424
a00001375	55425
a00001376	55426
a00001377	55427
a00001378	55428
a00001379	55429
a00001380	55430
a00001381	55431
a00001382	55432
a00001383	55433
a00001384	55434
a00001385	55435
a00001386	55436
a00001387	55437
a00001388	55438
a00001389	55439
a00001390	55440
a00001391	55441
a00001392	55442
a00001393	55443
a00001394	55444
a00001395	55445
a00001396	55446
a00001397	55447
a00001398	55448
a00001399	55449
a00001400	55450
a00001401	55451
a00001402	55452
a00001403	55453
a00001404	55454
a00001405	55455
a00001406	55456
a00001407	55457
a00001408	55458
a00001409	55459
a00001410	55460
a00001411	55461
a00001412	55462
a00001413	55463
a00001414	55464
a00001415	55465
a00001416	55466
a00001417	55467
a00001418	55468
a00001419	55469
a00001420	55470
a00001421	55471
a00001422	55472
a00001423	55473
a00001424	55474
a00001425	55475
a00001426	55476
a00001427	55477
a00001428	55478
a00001429	55479
a00001430	55480
a00001431	55481
a00001432	55482
a00001433	55483
a00001434	55484
a00001435	55485
a00001436	55486
a00001437	55487
a00001438	55488
a00001439	55489
a00001440	55490
a00001441	55491
a00001442	55492
a00001443	55493
a00001444	55494
a00001445	55495
a00001446	55496
a00001447	55497
a00001448	55498
a00001449	55499
a00001450	55500
a00001451	55501
a00001452	55502
a00001453	55503
a00001454	55504
a00001455	55505
a00001456	55506
a00001457	55507
a00001458	55508
a00001459	55509
a00001460	55510
a00001461	55511
a00001462	55512
a00001463	55513
a00001464	55514
a00001465	55515
a00001466	55516
a00001467	55517
a00001468	55518
a00001469	55519
a00001470	55520
a00001471	55521
a00001472	55522
a00001473	55523
a00001474	55524
a00001475	55525
a00001476	55526
a00001477	55527
a00001478	55528
a00001479	55529
a00001480	55530
a00001481	55531
a00001482	55532
a00001483	55533
a00001484	55534
a00001485	55535
a00001486	55536
a00001487	55537
a00001488	55538
a00001489	55539
a00001490	55540
a00001491	55541
a00001492	55542
a00001493	55543
a00001494	55544
a00001495	55545
a00001496	55546
a00001497	55547
a00001498	55548
a00001499	55549
a00001500	55550
a00001501	55551
a00001502	55552
a00001503	55553
a00001504	55554
a00001505	55555
a00001506	55556
a00001507	55557
a00001508	55558
a00001509	55559
a00001510	55560
a00001511	55561
a00001512	55562
a00001513	55563
a00001514	55564
a00001515	55565
a00001516	55566
a00001517	55567
a00001518	55568
a00001519	55569
a00001520	55570
a00001521	55571
a00001522	55572
a00001523	55573
a00001524	55574
a00001525	55575
a00001526	55576
a00001527	55577
a00001528	55578
a00001529	55579
a00001530	55580
a00001531	55581
a00001532	55582
a00001533	55583
a00001534	55584
a00001535	55585
a00001536	55586
a00001537	55587
a00001538	55588
a00001539	55589
a00001540	55590
a00001541	55591
a00001542	55592
a00001543	55593
a00001544	55594
a00001545	55595
a00001546	55596
a00001547	55597
a00001548	55598
a00001549	55599
a00001550	55600
a00001551	55601
a00001552	55602
a00001553	55603
a00001554	55604
a00001555	55605
a00001556	55606
a00001557	55607
a00001558	55608
a00001559	55609
a00001560	55610
a00001561	55611
a00001562	55612
a00001563	55613
a00001564	55614
a00001565	55615
a00001566	55616
a00001567	55617
a00001568	55618
a00001569	55619
a00001570	55620
a00001571	55621
a00001572	55622
a00001573	55623
a00001574	55624
a00001575	55625
a00001576	55626
a00001577	55627
a00001578	55628
a00001579	55629
a00001580	55630
a00001581	55631
a00001582	55632
a00001583	55633
a00001584	55634
a00001585	55635
a00001586	55636
a00001587	55637
a00001588	55638
a00001589	55639
a00001590	55640
a00001591	55641
a00001592	55642
a00001593	55643
a00001594	55644
a00001595	55645
a00001596	55646
a00001597	55647
a00001598	55648
a00001599	55649
a00001600	55650
a00001601	55651
a00001602	55652
a00001603	55653
a00001604	55654
a00001605	55655
a00001606	55656
a00001607	55657
a00001608	55658
a00001609	55659
a00001610	55660
a00001611	55661
a00001612	55662
a00001613	55663
a00001614	55664
a00001615	55665
a00001616	55666
a00001617	55667
a00001618	55668
a00001619	55669
a00001620	55670
a00001621	55671
a00001622	55672
a00001623	55673
a00001624	55674
a00001625	55675
a00001626	55676
a00001627	55677
a00001628	55678
a00001629	55679
a00001630	55680
a00001631	55681
a00001632	55682
a00001633	55683
a00001634	55684
a00001635	55685
a00001636	55686
a00001637	55687
a00001638	55688
a00001639	55689
a00001640	55690
a00001641	55691
a00001642	55692
a00001643	55693
a00001644	55694
a00001645	55695
a00001646	55696
a00001647	55697
a00001648	55698
a00001649	55699
a00001650	55700
a00001651	55701
a00001652	55702
a00001653	55703
a00001654	55704
a00001655	55705
a00001656	55706
a00001657	55707
a00001658	55708
a00001659	55709
a00001660	55710
a00001661	55711
a00001662	55712
a00001663	55713
a00001664	55714
a00001665	55715
a00001666	55716
a00001667	55717
a00001668	55718
a00001669	55719
a00001670	55720
a00001671	55721
a00001672	55722
a00001673	55723
a00001674	55724
a00001675	55725
a00001676	55726
a00001677	55727
a00001678	55728
a00001679	55729
a00001680	55730
a00001681	55731
a00001682	55732
a00001683	55733
a00001684	55734
a00001685	55735
a00001686	55736
a00001687	55737
a00001688	55738
a00001689	55739
a00001690	55740
a00001691	55741
a00001692	55742
a00001693	55743
a00001694	55744
a00001695	55745
a00001696	55746
a00001697	55747
a00001698	55748
a00001699	55749
a00001700	55750
a00001701	55751
a00001702	55752
a00001703	55753
a00001704	55754
a00001705	55755
a00001706	55756
a00001707	55757
a00001708	55758
a00001709	55759
a00001710	55760
a00001711	55761
a00001712	55762
a00001713	55763
a00001714	55764
a00001715	55765
a00001716	55766
a00001717	55767
a00001718	55768
a00001719	55769
a00001720	55770
a00001721	55771
a00001722	55772
a00001723	55773
a00001724	55774
a00001725	55775
a00001726	55776
a00001727	55777
a00001728	55778
a00001729	55779
a00001730	55780
a00001731	55781
a00001732	55782
a00001733	55783
a00001734	55784
a00001735	55785
a00001736	55786
a00001737	55787
a00001738	55788
a00001739	55789
a00001740	55790
a00001741	55791
a00001742	55792
a00001743	55793
a00001744	55794
a00001745	55795
a00001746	55796
a00001747	55797
a00001748	55798
a00001749	55799
a00001750	55800
a00001751	55801
a00001752	55802
a00001753	55803
a00001754	55804
a00001755	55805
a00001756	55806
a00001757	55807
a00001758	55808
a00001759	55809
a00001760	55810
a00001761	55811
a00001762	55812
a00001763	55813
a00001764	55814
a00001765	55815
a00001766	55816
a00001767	55817
a00001768	55818
a00001769	55819
a00001770	55820
a00001771	55821
a00001772	55822
a00001773	55823
a00001774	55824
a00001775	55825
a00001776	55826
a00001777	55827
a00001778	55828
a00001779	55829
a00001780	55830
a00001781	55831
a00001782	55832
a00001783	55833
a00001784	55834
a00001785	55835
a00001786	55836
a00001787	55837
a00001788	55838
a00001789	55839
a00001790	55840
a00001791	55841
a00001792	55842
a00001793	55843
a00001794	55844
a00001795	55845
a00001796	55846
a00001797	55847
a00001798	55848
a00001799	55849
a00001800	55850
a00001801	55851
a00001802	55852
a00001803	55853
a00001804	55854
a00001805	55855
a00001806	55856
a00001807	55857
a00001808	55858
a00001809	55859
a00001810	55860
a00001811	55861
a00001812	55862
a00001813	55863
a00001814	55864
a00001815	55865
a00001816	55866
a00001817	55867
a00001818	55868
a00001819	55869
a00001820	55870
a00001821	55871
a00001822	55872
a00001823	55873
a00001824	55874
a00001825	55875
a00001826	55876
a00001827	55877
a00001828	55878
a00001829	55879
a00001830	55880
a00001831	55881
a00001832	55882
a00001833	55883
a00001834	55884
a00001835	55885
a00001836	55886
a00001837	55887
a00001838	55888
a00001839	55889
a00001840	55890
a00001841	55891
a00001842	55892
a00001843	55893
a00001844	55894
a00001845	55895
a00001846	55896
a00001847	55897
a00001848	55898
a00001849	55899
a00001850	55900
a00001851	55901
a00001852	55902
a00001853	55903
a00001854	55904
a00001855	55905
a00001856	55906
a00001857	55907
a00001858	55908
a00001859	55909
a00001860	55910
a00001861	55911
a00001862	55912
a00001863	55913
a00001864	55914
a00001865	55915
a00001866	55916
a00001867	55917
a00001868	55918
a00001869	55919
a00001870	55920
a00001871	55921
a00001872	55922
a00001873	55923
a00001874	55924
a00001875	55925
a00001876	55926
a00001877	55927
a00001878	55928
a00001879	55929
a00001880	55930
a00001881	55931
a00001882	55932
a00001883	55933
a00001884	55934
a00001885	55935
a00001886	55936
a00001887	55937
a00001888	55938
a00001889	55939
a00001890	55940
a00001891	55941
a00001892	55942
a00001893	55943
a00001894	55944
a00001895	55945
a00001896	55946
a00001897	55947
a00001898	55948
a00001899	55949
a00001900	55950
a00001901	55951
a00001902	55952
a00001903	55953
a00001904	55954
a00001905	55955
a00001906	55956
a00001907	55957
a00001908	55958
a00001909	55959
a00001910	55960
a00001911	55961
a00001912	55962
a00001913	55963
a00001914	55964
a00001915	55965
a00001916	55966
a00001917	55967
a00001918	55968
a00001919	55969
a00001920	55970
a00001921	55971
a00001922	55972
a00001923	55973
a00001924	55974
a00001925	55975
a00001926	55976
a00001927	55977
a00001928	55978
a00001929	55979
a00001930	55980
a00001931	55981
a00001932	55982
a00001933	55983
a00001934	55984
a00001935	55985
a00001936	55986
a00001937	55987
a00001938	55988
a00001939	55989
a00001940	55990
a00001941	55991
a00001942	55992
a00001943	55993
a00001944	55994
a00001945	55995
a00001946	55996
a00001947	55997
a00001948	55998
a00001949	55999
a00001950	56000
a00001951	56001
a00001952	56002
a00001953	56003
a00001954	56004
a00001955	56005
a00001956	56006
a00001957	56007
a00001958	56008
a00001959	56009
a00001960	56010
a00001961	56011
a00001962	56012
a00001963	56013
a00001964	56014
a00001965	56015
a00001966	56016
a00001967	56017
a00001968	56018
a00001969	56019
a00001970	56020
a00001971	56021
a00001972	56022
a00001973	56023
a00001974	56024
a00001975	56025
a00001976	56026
a00001977	56027
a00001978	56028
a00001979	56029
a00001980	56030
a00001981	56031
a00001982	56032
a00001983	56033
a00001984	56034
a00001985	56035
a00001986	56036
a00001987	56037
a00001988	56038
a00001989	56039
a00001990	56040
a00001991	56041
a00001992	56042
a00001993	56043
a00001994	56044
a00001995	56045
a00001996	56046
a00001997	56047
a00001998	56048
a00001999	56049
a00002000	56050
a00002001	56051
a00002002	56052
a00002003	56053
a00002004	56054
a00002005	56055
a00002006	56056
a00002007	56057
a00002008	56058
a00002009	56059
a00002010	56060
a00002011	56061
a00002012	56062
a00002013	56063
a00002014	56064
a00002015	56065
a00002016	56066
a00002017	56067
a00002018	56068
a00002019	56069
a00002020	56070
a00002021	56071
a00002022	56072
a00002023	56073
a00002024	56074
a00002025	56075
a00002026	56076
a00002027	56077
a00002028	56078
a00002029	56079
a00002030	56080
a00002031	56081
a00002032	56082
a00002033	56083
a00002034	56084
a00002035	56085
a00002036	56086
a00002037	56087
a00002038	56088
a00002039	56089
a00002040	56090
a00002041	56091
a00002042	56092
a00002043	56093
a00002044	56094
a00002045	56095
a00002046	56096
a00002047	56097
a00002048	56098
a00002049	56099
a00002050	56100
a00002051	56101
a00002052	56102
a00002053	56103
a00002054	56104
a00002055	56105
a00002056	56106
a00002057	56107
a00002058	56108
a00002059	56109
a00002060	56110
a00002061	56111
a00002062	56112
a00002063	56113
a00002064	56114
a00002065	56115
a00002066	56116
a00002067	56117
a00002068	56118
a00002069	56119
a00002070	56120
a00002071	56121
a00002072	56122
a00002073	56123
a00002074	56124
a00002075	56125
a00002076	56126
a00002077	56127
a00002078	56128
a00002079	56129
a00002080	56130
a00002081	56131
a00002082	56132
a00002083	56133
a00002084	56134
a00002085	56135
a00002086	56136
a00002087	56137
a00002088	56138
a00002089	56139
a00002090	56140
a00002091	56141
a00002092	56142
a00002093	56143
a00002094	56144
a00002095	56145
a00002096	56146
a00002097	56147
a00002098	56148
a00002099	56149
a00002100	56150
a00002101	56151
a00002102	56152
a00002103	56153
a00002104	56154
a00002105	56155
a00002106	56156
a00002107	56157
a00002108	56158
a00002109	56159
a00002110	56160
a00002111	56161
a00002112	56162
a00002113	56163
a00002114	56164
a00002115	56165
a00002116	56166
a00002117	56167
a00002118	56168
a00002119	56169
a00002120	56170
a00002121	56171
a00002122	56172
a00002123	56173
a00002124	56174
a00002125	56175
a00002126	56176
a00002127	56177
a00002128	56178
a00002129	56179
a00002130	56180
a00002131	56181
a00002132	56182
a00002133	56183
a00002134	56184
a00002135	56185
a00002136	56186
a00002137	56187
a00002138	56188
a00002139	56189
a00002140	56190
a00002141	56191
a00002142	56192
a00002143	56193
a00002144	56194
a00002145	56195
a00002146	56196
a00002147	56197
a00002148	56198
a00002149	56199
a00002150	56200
a00002151	56201
a00002152	56202
a00002153	56203
a00002154	56204
a00002155	56205
a00002156	56206
a00002157	56207
a00002158	56208
a00002159	56209
a00002160	56210
a00002161	56211
a00002162	56212
a00002163	56213
a00002164	56214
a00002165	56215
a00002166	56216
a00002167	56217
a00002168	56218
a00002169	56219
a00002170	56220
a00002171	56221
a00002172	56222
a00002173	56223
a00002174	56224
a00002175	56225
a00002176	56226
a00002177	56227
a00002178	56228
a00002179	56229
a00002180	56230
a00002181	56231
a00002182	56232
a00002183	56233
a00002184	56234
a00002185	56235
a00002186	56236
a00002187	56237
a00002188	56238
a00002189	56239
a00002190	56240
a00002191	56241
a00002192	56242
a00002193	56243
a00002194	56244
a00002195	56245
a00002196	56246
a00002197	56247
a00002198	56248
a00002199	56249
a00002200	56250
a00002201	56251
a00002202	56252
a00002203	56253
a00002204	56254
a00002205	56255
a00002206	56256
a00002207	56257
a00002208	56258
a00002209	56259
a00002210	56260
a00002211	56261
a00002212	56262
a00002213	56263
a00002214	56264
a00002215	56265
a00002216	56266
a00002217	56267
a00002218	56268
a00002219	56269
a00002220	56270
a00002221	56271
a00002222	56272
a00002223	56273
a00002224	56274
a00002225	56275
a00002226	56276
a00002227	56277
a00002228	56278
a00002229	56279
a00002230	56280
a00002231	56281
a00002232	56282
a00002233	56283
a00002234	56284
a00002235	56285
a00002236	56286
a00002237	56287
a00002238	56288
a00002239	56289
a00002240	56290
a00002241	56291
a00002242	56292
a00002243	56293
a00002244	56294
a00002245	56295
a00002246	56296
a00002247	56297
a00002248	56298
a00002249	56299
a00002250	56300
a00002251	56301
a00002252	56302
a00002253	56303
a00002254	56304
a00002255	56305
a00002256	56306
a00002257	56307
a00002258	56308
a00002259	56309
a00002260	56310
a00002261	56311
a00002262	56312
a00002263	56313
a00002264	56314
a00002265	56315
a00002266	56316
a00002267	56317
a00002268	56318
a00002269	56319
a00002270	56320
a00002271	56321
a00002272	56322
a00002273	56323
a00002274	56324
a00002275	56325
a00002276	56326
a00002277	56327
a00002278	56328
a00002279	56329
a00002280	56330
a00002281	56331
a00002282	56332
a00002283	56333
a00002284	56334
a00002285	56335
a00002286	56336
a00002287	56337
a00002288	56338
a00002289	56339
a00002290	56340
a00002291	56341
a00002292	56342
a00002293	56343
a00002294	56344
a00002295	56345
a00002296	56346
a00002297	56347
a00002298	56348
a00002299	56349
a00002300	56350
a00002301	56351
a00002302	56352
a00002303	56353
a00002304	56354
a00002305	56355
a00002306	56356
a00002307	56357
a00002308	56358
a00002309	56359
a00002310	56360
a00002311	56361
a00002312	56362
a00002313	56363
a00002314	56364
a00002315	56365
a00002316	56366
a00002317	56367
a00002318	56368
a00002319	56369
a00002320	56370
a00002321	56371
a00002322	56372
a00002323	56373
a00002324	56374
a00002325	56375
a00002326	56376
a00002327	56377
a00002328	56378
a00002329	56379
a00002330	56380
a00002331	56381
a00002332	56382
a00002333	56383
a00002334	56384
a00002335	56385
a00002336	56386
a00002337	56387
a00002338	56388
a00002339	56389
a00002340	56390
a00002341	56391
a00002342	56392
a00002343	56393
a00002344	56394
a00002345	56395
a00002346	56396
a00002347	56397
a00002348	56398
a00002349	56399
a00002350	56400
a00002351	56401
a00002352	56402
a00002353	56403
a00002354	56404
a00002355	56405
a00002356	56406
a00002357	56407
a00002358	56408
a00002359	56409
a00002360	56410
a00002361	56411
a00002362	56412
a00002363	56413
a00002364	56414
a00002365	56415
a00002366	56416
a00002367	56417
a00002368	56418
a00002369	56419
a00002370	56420
a00002371	56421
a00002372	56422
a00002373	56423
a00002374	56424
a00002375	56425
a00002376	56426
a00002377	56427
a00002378	56428
a00002379	56429
a00002380	56430
a00002381	56431
a00002382	56432
a00002383	56433
a00002384	56434
a00002385	56435
a00002386	56436
a00002387	56437
a00002388	56438
a00002389	56439
a00002390	56440
a00002391	56441
a00002392	56442
a00002393	56443
a00002394	56444
a00002395	56445
a00002396	56446
a00002397	56447
a00002398	56448
a00002399	56449
a00002400	56450
a00002401	56451
a00002402	56452
a00002403	56453
a00002404	56454
a00002405	56455
a00002406	56456
a00002407	56457
a00002408	56458
a00002409	56459
a00002410	56460
a00002411	56461
a00002412	56462
a00002413	56463
a00002414	56464
a00002415	56465
a00002416	56466
a00002417	56467
a00002418	56468
a00002419	56469
a00002420	56470
a00002421	56471
a00002422	56472
a00002423	56473
a00002424	56474
a00002425	56475
a00002426	56476
a00002427	56477
a00002428	56478
a00002429	56479
a00002430	56480
a00002431	56481
a00002432	56482
a00002433	56483
a00002434	56484
a00002435	56485
a00002436	56486
a00002437	56487
a00002438	56488
a00002439	56489
a00002440	56490
a00002441	56491
a00002442	56492
a00002443	56493
a00002444	56494
a00002445	56495
a00002446	56496
a00002447	56497
a00002448	56498
a00002449	56499
a00002450	56500
a00002451	56501
a00002452	56502
a00002453	56503
a00002454	56504
a00002455	56505
a00002456	56506
a00002457	56507
a00002458	56508
a00002459	56509
a00002460	56510
a00002461	56511
a00002462	56512
a00002463	56513
a00002464	56514
a00002465	56515
a00002466	56516
a00002467	56517
a00002468	56518
a00002469	56519
a00002470	56520
a00002471	56521
a00002472	56522
a00002473	56523
a00002474	56524
a00002475	56525
a00002476	56526
a00002477	56527
a00002478	56528
a00002479	56529
a00002480	56530
a00002481	56531
a00002482	56532
a00002483	56533
a00002484	56534
a00002485	56535
a00002486	56536
a00002487	56537
a00002488	56538
a00002489	56539
a00002490	56540
a00002491	56541
a00002492	56542
a00002493	56543
a00002494	56544
a00002495	56545
a00002496	56546
a00002497	56547
a00002498	56548
a00002499	56549
a00002500	56550
a00002501	56551
a00002502	56552
a00002503	56553
a00002504	56554
a00002505	56555
a00002506	56556
a00002507	56557
a00002508	56558
a00002509	56559
a00002510	56560
a00002511	56561
a00002512	56562
a00002513	56563
a00002514	56564
a00002515	56565
a00002516	56566
a00002517	56567
a00002518	56568
a00002519	56569
a00002520	56570
a00002521	56571
a00002522	56572
a00002523	56573
a00002524	56574
a00002525	56575
a00002526	56576
a00002527	56577
a00002528	56578
a00002529	56579
a00002530	56580
a00002531	56581
a00002532	56582
a00002533	56583
a00002534	56584
a00002535	56585
a00002536	56586
a00002537	56587
a00002538	56588
a00002539	56589
a00002540	56590
a00002541	56591
a00002542	56592
a00002543	56593
a00002544	56594
a00002545	56595
a00002546	56596
a00002547	56597
a00002548	56598
a00002549	56599
a00002550	56600
a00002551	56601
a00002552	56602
a00002553	56603
a00002554	56604
a00002555	56605
a00002556	56606
a00002557	56607
a00002558	56608
a00002559	56609
a00002560	56610
a00002561	56611
a00002562	56612
a00002563	56613
a00002564	56614
a00002565	56615
a00002566	56616
a00002567	56617
a00002568	56618
a00002569	56619
a00002570	56620
a00002571	56621
a00002572	56622
a00002573	56623
a00002574	56624
a00002575	56625
a00002576	56626
a00002577	56627
a00002578	56628
a00002579	56629
a00002580	56630
a00002581	56631
a00002582	56632
a00002583	56633
a00002584	56634
a00002585	56635
a00002586	56636
a00002587	56637
a00002588	56638
a00002589	56639
a00002590	56640
a00002591	56641
a00002592	56642
a00002593	56643
a00002594	56644
a00002595	56645
a00002596	56646
a00002597	56647
a00002598	56648
a00002599	56649
a00002600	56650
a00002601	56651
a00002602	56652
a00002603	56653
a00002604	56654
a00002605	56655
a00002606	56656
a00002607	56657
a00002608	56658
a00002609	56659
a00002610	56660
a00002611	56661
a00002612	56662
a00002613	56663
a00002614	56664
a00002615	56665
a00002616	56666
a00002617	56667
a00002618	56668
a00002619	56669
a00002620	56670
a00002621	56671
a00002622	56672
a00002623	56673
a00002624	56674
a00002625	56675
a00002626	56676
a00002627	56677
a00002628	56678
a00002629	56679
a00002630	56680
a00002631	56681
a00002632	56682
a00002633	56683
a00002634	56684
a00002635	56685
a00002636	56686
a00002637	56687
a00002638	56688
a00002639	56689
a00002640	56690
a00002641	56691
a00002642	56692
a00002643	56693
a00002644	56694
a00002645	56695
a00002646	56696
a00002647	56697
a00002648	56698
a00002649	56699
a00002650	56700
a00002651	56701
a00002652	56702
a00002653	56703
a00002654	56704
a00002655	56705
a00002656	56706
a00002657	56707
a00002658	56708
a00002659	56709
a00002660	56710
a00002661	56711
a00002662	56712
a00002663	56713
a00002664	56714
a00002665	56715
a00002666	56716
a00002667	56717
a00002668	56718
a00002669	56719
a00002670	56720
a00002671	56721
a00002672	56722
a00002673	56723
a00002674	56724
a00002675	56725
a00002676	56726
a00002677	56727
a00002678	56728
a00002679	56729
a00002680	56730
a00002681	56731
a00002682	56732
a00002683	56733
a00002684	56734
a00002685	56735
a00002686	56736
a00002687	56737
a00002688	56738
a00002689	56739
a00002690	56740
a00002691	56741
a00002692	56742
a00002693	56743
a00002694	56744
a00002695	56745
a00002696	56746
a00002697	56747
a00002698	56748
a00002699	56749
a00002700	56750
a00002701	56751
a00002702	56752
a00002703	56753
a00002704	56754
a00002705	56755
a00002706	56756
a00002707	56757
a00002708	56758
a00002709	56759
a00002710	56760
a00002711	56761
a00002712	56762
a00002713	56763
a00002714	56764
a00002715	56765
a00002716	56766
a00002717	56767
a00002718	56768
a00002719	56769
a00002720	56770
a00002721	56771
a00002722	56772
a00002723	56773
a00002724	56774
a00002725	56775
a00002726	56776
a00002727	56777
a00002728	56778
a00002729	56779
a00002730	56780
a00002731	56781
a00002732	56782
a00002733	56783
a00002734	56784
a00002735	56785
a00002736	56786
a00002737	56787
a00002738	56788
a00002739	56789
a00002740	56790
a00002741	56791
a00002742	56792
a00002743	56793
a00002744	56794
a00002745	56795
a00002746	56796
a00002747	56797
a00002748	56798
a00002749	56799
a00002750	56800
a00002751	56801
a00002752	56802
a00002753	56803
a00002754	56804
a00002755	56805
a00002756	56806
a00002757	56807
a00002758	56808
a00002759	56809
a00002760	56810
a00002761	56811
a00002762	56812
a00002763	56813
a00002764	56814
a00002765	56815
a00002766	56816
a00002767	56817
a00002768	56818
a00002769	56819
a00002770	56820
a00002771	56821
a00002772	56822
a00002773	56823
a00002774	56824
a00002775	56825
a00002776	56826
a00002777	56827
a00002778	56828
a00002779	56829
a00002780	56830
a00002781	56831
a00002782	56832
a00002783	56833
a00002784	56834
a00002785	56835
a00002786	56836
a00002787	56837
a00002788	56838
a00002789	56839
a00002790	56840
a00002791	56841
a00002792	56842
a00002793	56843
a00002794	56844
a00002795	56845
a00002796	56846
a00002797	56847
a00002798	56848
a00002799	56849
a00002800	56850
a00002801	56851
a00002802	56852
a00002803	56853
a00002804	56854
a00002805	56855
a00002806	56856
a00002807	56857
a00002808	56858
a00002809	56859
a00002810	56860
a00002811	56861
a00002812	56862
a00002813	56863
a00002814	56864
a00002815	56865
a00002816	56866
a00002817	56867
a00002818	56868
a00002819	56869
a00002820	56870
a00002821	56871
a00002822	56872
a00002823	56873
a00002824	56874
a00002825	56875
a00002826	56876
a00002827	56877
a00002828	56878
a00002829	56879
a00002830	56880
a00002831	56881
a00002832	56882
a00002833	56883
a00002834	56884
a00002835	56885
a00002836	56886
a00002837	56887
a00002838	56888
a00002839	56889
a00002840	56890
a00002841	56891
a00002842	56892
a00002843	56893
a00002844	56894
a00002845	56895
a00002846	56896
a00002847	56897
a00002848	56898
a00002849	56899
a00002850	56900
a00002851	56901
a00002852	56902
a00002853	56903
a00002854	56904
a00002855	56905
a00002856	56906
a00002857	56907
a00002858	56908
a00002859	56909
a00002860	56910
a00002861	56911
a00002862	56912
a00002863	56913
a00002864	56914
a00002865	56915
a00002866	56916
a00002867	56917
a00002868	56918
a00002869	56919
a00002870	56920
a00002871	56921
a00002872	56922
a00002873	56923
a00002874	56924
a00002875	56925
a00002876	56926
a00002877	56927
a00002878	56928
a00002879	56929
a00002880	56930
a00002881	56931
a00002882	56932
a00002883	56933
a00002884	56934
a00002885	56935
a00002886	56936
a00002887	56937
a00002888	56938
a00002889	56939
a00002890	56940
a00002891	56941
a00002892	56942
a00002893	56943
a00002894	56944
a00002895	56945
a00002896	56946
a00002897	56947
a00002898	56948
a00002899	56949
a00002900	56950
a00002901	56951
a00002902	56952
a00002903	56953
a00002904	56954
a00002905	56955
a00002906	56956
a00002907	56957
a00002908	56958
a00002909	56959
a00002910	56960
a00002911	56961
a00002912	56962
a00002913	56963
a00002914	56964
a00002915	56965
a00002916	56966
a00002917	56967
a00002918	56968
a00002919	56969
a00002920	56970
a00002921	56971
a00002922	56972
a00002923	56973
a00002924	56974
a00002925	56975
a00002926	56976
a00002927	56977
a00002928	56978
a00002929	56979
a00002930	56980
a00002931	56981
a00002932	56982
a00002933	56983
a00002934	56984
a00002935	56985
a00002936	56986
a00002937	56987
a00002938	56988
a00002939	56989
a00002940	56990
a00002941	56991
a00002942	56992
a00002943	56993
a00002944	56994
a00002945	56995
a00002946	56996
a00002947	56997
a00002948	56998
a00002949	56999
a00002950	57000
a00002951	57001
a00002952	57002
a00002953	57003
a00002954	57004
a00002955	57005
a00002956	57006
a00002957	57007
a00002958	57008
a00002959	57009
a00002960	57010
a00002961	57011
a00002962	57012
a00002963	57013
a00002964	57014
a00002965	57015
a00002966	57016
a00002967	57017
a00002968	57018
a00002969	57019
a00002970	57020
a00002971	57021
a00002972	57022
a00002973	57023
a00002974	57024
a00002975	57025
a00002976	57026
a00002977	57027
a00002978	57028
a00002979	57029
a00002980	57030
a00002981	57031
a00002982	57032
a00002983	57033
a00002984	57034
a00002985	57035
a00002986	57036
a00002987	57037
a00002988	57038
a00002989	57039
a00002990	57040
a00002991	57041
a00002992	57042
a00002993	57043
a00002994	57044
a00002995	57045
a00002996	57046
a00002997	57047
a00002998	57048
a00002999	57049
a00003000	57050
a00003001	57051
a00003002	57052
a00003003	57053
a00003004	57054
a00003005	57055
a00003006	57056
a00003007	57057
a00003008	57058
a00003009	57059
a00003010	57060
a00003011	57061
a00003012	57062
a00003013	57063
a00003014	57064
a00003015	57065
a00003016	57066
a00003017	57067
a00003018	57068
a00003019	57069
a00003020	57070
a00003021	57071
a00003022	57072
a00003023	57073
a00003024	57074
a00003025	57075
a00003026	57076
a00003027	57077
a00003028	57078
a00003029	57079
a00003030	57080
a00003031	57081
a00003032	57082
a00003033	57083
a00003034	57084
a00003035	57085
a00003036	57086
a00003037	57087
a00003038	57088
a00003039	57089
a00003040	57090
a00003041	57091
a00003042	57092
a00003043	57093
a00003044	57094
a00003045	57095
a00003046	57096
a00003047	57097
a00003048	57098
a00003049	57099
a00003050	57100
a00003051	57101
a00003052	57102
a00003053	57103
a00003054	57104
a00003055	57105
a00003056	57106
a00003057	57107
a00003058	57108
a00003059	57109
a00003060	57110
a00003061	57111
a00003062	57112
a00003063	57113
a00003064	57114
a00003065	57115
a00003066	57116
a00003067	57117
a00003068	57118
a00003069	57119
a00003070	57120
a00003071	57121
a00003072	57122
a00003073	57123
a00003074	57124
a00003075	57125
a00003076	57126
a00003077	57127
a00003078	57128
a00003079	57129
a00003080	57130
a00003081	57131
a00003082	57132
a00003083	57133
a00003084	57134
a00003085	57135
a00003086	57136
a00003087	57137
a00003088	57138
a00003089	57139
a00003090	57140
a00003091	57141
a00003092	57142
a00003093	57143
a00003094	57144
a00003095	57145
a00003096	57146
a00003097	57147
a00003098	57148
a00003099	57149
a00003100	57150
a00003101	57151
a00003102	57152
a00003103	57153
a00003104	57154
a00003105	57155
a00003106	57156
a00003107	57157
a00003108	57158
a00003109	57159
a00003110	57160
a00003111	57161
a00003112	57162
a00003113	57163
a00003114	57164
a00003115	57165
a00003116	57166
a00003117	57167
a00003118	57168
a00003119	57169
a00003120	57170
a00003121	57171
a00003122	57172
a00003123	57173
a00003124	57174
a00003125	57175
a00003126	57176
a00003127	57177
a00003128	57178
a00003129	57179
a00003130	57180
a00003131	57181
a00003132	57182
a00003133	57183
a00003134	57184
a00003135	57185
a00003136	57186
a00003137	57187
a00003138	57188
a00003139	57189
a00003140	57190
a00003141	57191
a00003142	57192
a00003143	57193
a00003144	57194
a00003145	57195
a00003146	57196
a00003147	57197
a00003148	57198
a00003149	57199
a00003150	57200
a00003151	57201
a00003152	57202
a00003153	57203
a00003154	57204
a00003155	57205
a00003156	57206
a00003157	57207
a00003158	57208
a00003159	57209
a00003160	57210
a00003161	57211
a00003162	57212
a00003163	57213
a00003164	57214
a00003165	57215
a00003166	57216
a00003167	57217
a00003168	57218
a00003169	57219
a00003170	57220
a00003171	57221
a00003172	57222
a00003173	57223
a00003174	57224
a00003175	57225
a00003176	57226
a00003177	57227
a00003178	57228
a00003179	57229
a00003180	57230
a00003181	57231
a00003182	57232
a00003183	57233
a00003184	57234
a00003185	57235
a00003186	57236
a00003187	57237
a00003188	57238
a00003189	57239
a00003190	57240
a00003191	57241
a00003192	57242
a00003193	57243
a00003194	57244
a00003195	57245
a00003196	57246
a00003197	57247
a00003198	57248
a00003199	57249
a00003200	57250
a00003201	57251
a00003202	57252
a00003203	57253
a00003204	57254
a00003205	57255
a00003206	57256
a00003207	57257
a00003208	57258
a00003209	57259
a00003210	57260
a00003211	57261
a00003212	57262
a00003213	57263
a00003214	57264
a00003215	57265
a00003216	57266
a00003217	57267
a00003218	57268
a00003219	57269
a00003220	57270
a00003221	57271
a00003222	57272
a00003223	57273
a00003224	57274
a00003225	57275
a00003226	57276
a00003227	57277
a00003228	57278
a00003229	57279
a00003230	57280
a00003231	57281
a00003232	57282
a00003233	57283
a00003234	57284
a00003235	57285
a00003236	57286
a00003237	57287
a00003238	57288
a00003239	57289
a00003240	57290
a00003241	57291
a00003242	57292
a00003243	57293
a00003244	57294
a00003245	57295
a00003246	57296
a00003247	57297
a00003248	57298
a00003249	57299
a00003250	57300
a00003251	57301
a00003252	57302
a00003253	57303
a00003254	57304
a00003255	57305
a00003256	57306
a00003257	57307
a00003258	57308
a00003259	57309
a00003260	57310
a00003261	57311
a00003262	57312
a00003263	57313
a00003264	57314
a00003265	57315
a00003266	57316
a00003267	57317
a00003268	57318
a00003269	57319
a00003270	57320
a00003271	57321
a00003272	57322
a00003273	57323
a00003274	57324
a00003275	57325
a00003276	57326
a00003277	57327
a00003278	57328
a00003279	57329
a00003280	57330
a00003281	57331
a00003282	57332
a00003283	57333
a00003284	57334
a00003285	57335
a00003286	57336
a00003287	57337
a00003288	57338
a00003289	57339
a00003290	57340
a00003291	57341
a00003292	57342
a00003293	57343
a00003294	57344
a00003295	57345
a00003296	57346
a00003297	57347
a00003298	57348
a00003299	57349
a00003300	57350
a00003301	57351
a00003302	57352
a00003303	57353
a00003304	57354
a00003305	57355
a00003306	57356
a00003307	57357
a00003308	57358
a00003309	57359
a00003310	57360
a00003311	57361
a00003312	57362
a00003313	57363
a00003314	57364
a00003315	57365
a00003316	57366
a00003317	57367
a00003318	57368
a00003319	57369
a00003320	57370
a00003321	57371
a00003322	57372
a00003323	57373
a00003324	57374
a00003325	57375
a00003326	57376
a00003327	57377
a00003328	57378
a00003329	57379
a00003330	57380
a00003331	57381
a00003332	57382
a00003333	57383
a00003334	57384
a00003335	57385
a00003336	57386
a00003337	57387
a00003338	57388
a00003339	57389
a00003340	57390
a00003341	57391
a00003342	57392
a00003343	57393
a00003344	57394
a00003345	57395
a00003346	57396
a00003347	57397
a00003348	57398
a00003349	57399
a00003350	57400
a00003351	57401
a00003352	57402
a00003353	57403
a00003354	57404
a00003355	57405
a00003356	57406
a00003357	57407
a00003358	57408
a00003359	57409
a00003360	57410
a00003361	57411
a00003362	57412
a00003363	57413
a00003364	57414
a00003365	57415
a00003366	57416
a00003367	57417
a00003368	57418
a00003369	57419
a00003370	57420
a00003371	57421
a00003372	57422
a00003373	57423
a00003374	57424
a00003375	57425
a00003376	57426
a00003377	57427
a00003378	57428
a00003379	57429
a00003380	57430
a00003381	57431
a00003382	57432
a00003383	57433
a00003384	57434
a00003385	57435
a00003386	57436
a00003387	57437
a00003388	57438
a00003389	57439
a00003390	57440
a00003391	57441
a00003392	57442
a00003393	57443
a00003394	57444
a00003395	57445
a00003396	57446
a00003397	57447
a00003398	57448
a00003399	57449
a00003400	57450
a00003401	57451
a00003402	57452
a00003403	57453
a00003404	57454
a00003405	57455
a00003406	57456
a00003407	57457
a00003408	57458
a00003409	57459
a00003410	57460
a00003411	57461
a00003412	57462
a00003413	57463
a00003414	57464
a00003415	57465
a00003416	57466
a00003417	57467
a00003418	57468
a00003419	57469
a00003420	57470
a00003421	57471
a00003422	57472
a00003423	57473
a00003424	57474
a00003425	57475
a00003426	57476
a00003427	57477
a00003428	57478
a00003429	57479
a00003430	57480
a00003431	57481
a00003432	57482
a00003433	57483
a00003434	57484
a00003435	57485
a00003436	57486
a00003437	57487
a00003438	57488
a00003439	57489
a00003440	57490
a00003441	57491
a00003442	57492
a00003443	57493
a00003444	57494
a00003445	57495
a00003446	57496
a00003447	57497
a00003448	57498
a00003449	57499
a00003450	57500
a00003451	57501
a00003452	57502
a00003453	57503
a00003454	57504
a00003455	57505
a00003456	57506
a00003457	57507
a00003458	57508
a00003459	57509
a00003460	57510
a00003461	57511
a00003462	57512
a00003463	57513
a00003464	57514
a00003465	57515
a00003466	57516
a00003467	57517
a00003468	57518
a00003469	57519
a00003470	57520
a00003471	57521
a00003472	57522
a00003473	57523
a00003474	57524
a00003475	57525
a00003476	57526
a00003477	57527
a00003478	57528
a00003479	57529
a00003480	57530
a00003481	57531
a00003482	57532
a00003483	57533
a00003484	57534
a00003485	57535
a00003486	57536
a00003487	57537
a00003488	57538
a00003489	57539
a00003490	57540
a00003491	57541
a00003492	57542
a00003493	57543
a00003494	57544
a00003495	57545
a00003496	57546
a00003497	57547
a00003498	57548
a00003499	57549
a00003500	57550
a00003501	57551
a00003502	57552
a00003503	57553
a00003504	57554
a00003505	57555
a00003506	57556
a00003507	57557
a00003508	57558
a00003509	57559
a00003510	57560
a00003511	57561
a00003512	57562
a00003513	57563
a00003514	57564
a00003515	57565
a00003516	57566
a00003517	57567
a00003518	57568
a00003519	57569
a00003520	57570
a00003521	57571
a00003522	57572
a00003523	57573
a00003524	57574
a00003525	57575
a00003526	57576
a00003527	57577
a00003528	57578
a00003529	57579
a00003530	57580
a00003531	57581
a00003532	57582
a00003533	57583
a00003534	57584
a00003535	57585
a00003536	57586
a00003537	57587
a00003538	57588
a00003539	57589
a00003540	57590
a00003541	57591
a00003542	57592
a00003543	57593
a00003544	57594
a00003545	57595
a00003546	57596
a00003547	57597
a00003548	57598
a00003549	57599
a00003550	57600
a00003551	57601
a00003552	57602
a00003553	57603
a00003554	57604
a00003555	57605
a00003556	57606
a00003557	57607
a00003558	57608
a00003559	57609
a00003560	57610
a00003561	57611
a00003562	57612
a00003563	57613
a00003564	57614
a00003565	57615
a00003566	57616
a00003567	57617
a00003568	57618
a00003569	57619
a00003570	57620
a00003571	57621
a00003572	57622
a00003573	57623
a00003574	57624
a00003575	57625
a00003576	57626
a00003577	57627
a00003578	57628
a00003579	57629
a00003580	57630
a00003581	57631
a00003582	57632
a00003583	57633
a00003584	57634
a00003585	57635
a00003586	57636
a00003587	57637
a00003588	57638
a00003589	57639
a00003590	57640
a00003591	57641
a00003592	57642
a00003593	57643
a00003594	57644
a00003595	57645
a00003596	57646
a00003597	57647
a00003598	57648
a00003599	57649
a00003600	57650
a00003601	57651
a00003602	57652
a00003603	57653
a00003604	57654
a00003605	57655
a00003606	57656
a00003607	57657
a00003608	57658
a00003609	57659
a00003610	57660
a00003611	57661
a00003612	57662
a00003613	57663
a00003614	57664
a00003615	57665
a00003616	57666
a00003617	57667
a00003618	57668
a00003619	57669
a00003620	57670
a00003621	57671
a00003622	57672
a00003623	57673
a00003624	57674
a00003625	57675
a00003626	57676
a00003627	57677
a00003628	57678
a00003629	57679
a00003630	57680
a00003631	57681
a00003632	57682
a00003633	57683
a00003634	57684
a00003635	57685
a00003636	57686
a00003637	57687
a00003638	57688
a00003639	57689
a00003640	57690
a00003641	57691
a00003642	57692
a00003643	57693
a00003644	57694
a00003645	57695
a00003646	57696
a00003647	57697
a00003648	57698
a00003649	57699
a00003650	57700
a00003651	57701
a00003652	57702
a00003653	57703
a00003654	57704
a00003655	57705
a00003656	57706
a00003657	57707
a00003658	57708
a00003659	57709
a00003660	57710
a00003661	57711
a00003662	57712
a00003663	57713
a00003664	57714
a00003665	57715
a00003666	57716
a00003667	57717
a00003668	57718
a00003669	57719
a00003670	57720
a00003671	57721
a00003672	57722
a00003673	57723
a00003674	57724
a00003675	57725
a00003676	57726
a00003677	57727
a00003678	57728
a00003679	57729
a00003680	57730
a00003681	57731
a00003682	57732
a00003683	57733
a00003684	57734
a00003685	57735
a00003686	57736
a00003687	57737
a00003688	57738
a00003689	57739
a00003690	57740
a00003691	57741
a00003692	57742
a00003693	57743
a00003694	57744
a00003695	57745
a00003696	57746
a00003697	57747
a00003698	57748
a00003699	57749
a00003700	57750
a00003701	57751
a00003702	57752
a00003703	57753
a00003704	57754
a00003705	57755
a00003706	57756
a00003707	57757
a00003708	57758
a00003709	57759
a00003710	57760
a00003711	57761
a00003712	57762
a00003713	57763
a00003714	57764
a00003715	57765
a00003716	57766
a00003717	57767
a00003718	57768
a00003719	57769
a00003720	57770
a00003721	57771
a00003722	57772
a00003723	57773
a00003724	57774
a00003725	57775
a00003726	57776
a00003727	57777
a00003728	57778
a00003729	57779
a00003730	57780
a00003731	57781
a00003732	57782
a00003733	57783
a00003734	57784
a00003735	57785
a00003736	57786
a00003737	57787
a00003738	57788
a00003739	57789
a00003740	57790
a00003741	57791
a00003742	57792
a00003743	57793
a00003744	57794
a00003745	57795
a00003746	57796
a00003747	57797
a00003748	57798
a00003749	57799
a00003750	57800
a00003751	57801
a00003752	57802
a00003753	57803
a00003754	57804
a00003755	57805
a00003756	57806
a00003757	57807
a00003758	57808
a00003759	57809
a00003760	57810
a00003761	57811
a00003762	57812
a00003763	57813
a00003764	57814
a00003765	57815
a00003766	57816
a00003767	57817
a00003768	57818
a00003769	57819
a00003770	57820
a00003771	57821
a00003772	57822
a00003773	57823
a00003774	57824
a00003775	57825
a00003776	57826
a00003777	57827
a00003778	57828
a00003779	57829
a00003780	57830
a00003781	57831
a00003782	57832
a00003783	57833
a00003784	57834
a00003785	57835
a00003786	57836
a00003787	57837
a00003788	57838
a00003789	57839
a00003790	57840
a00003791	57841
a00003792	57842
a00003793	57843
a00003794	57844
a00003795	57845
a00003796	57846
a00003797	57847
a00003798	57848
a00003799	57849
a00003800	57850
a00003801	57851
a00003802	57852
a00003803	57853
a00003804	57854
a00003805	57855
a00003806	57856
a00003807	57857
a00003808	57858
a00003809	57859
a00003810	57860
a00003811	57861
a00003812	57862
a00003813	57863
a00003814	57864
a00003815	57865
a00003816	57866
a00003817	57867
a00003818	57868
a00003819	57869
a00003820	57870
a00003821	57871
a00003822	57872
a00003823	57873
a00003824	57874
a00003825	57875
a00003826	57876
a00003827	57877
a00003828	57878
a00003829	57879
a00003830	57880
a00003831	57881
a00003832	57882
a00003833	57883
a00003834	57884
a00003835	57885
a00003836	57886
a00003837	57887
a00003838	57888
a00003839	57889
a00003840	57890
a00003841	57891
a00003842	57892
a00003843	57893
a00003844	57894
a00003845	57895
a00003846	57896
a00003847	57897
a00003848	57898
a00003849	57899
a00003850	57900
a00003851	57901
a00003852	57902
a00003853	57903
a00003854	57904
a00003855	57905
a00003856	57906
a00003857	57907
a00003858	57908
a00003859	57909
a00003860	57910
a00003861	57911
a00003862	57912
a00003863	57913
a00003864	57914
a00003865	57915
a00003866	57916
a00003867	57917
a00003868	57918
a00003869	57919
a00003870	57920
a00003871	57921
a00003872	57922
a00003873	57923
a00003874	57924
a00003875	57925
a00003876	57926
a00003877	57927
a00003878	57928
a00003879	57929
a00003880	57930
a00003881	57931
a00003882	57932
a00003883	57933
a00003884	57934
a00003885	57935
a00003886	57936
a00003887	57937
a00003888	57938
a00003889	57939
a00003890	57940
a00003891	57941
a00003892	57942
a00003893	57943
a00003894	57944
a00003895	57945
a00003896	57946
a00003897	57947
a00003898	57948
a00003899	57949
a00003900	57950
a00003901	57951
a00003902	57952
a00003903	57953
a00003904	57954
a00003905	57955
a00003906	57956
a00003907	57957
a00003908	57958
a00003909	57959
a00003910	57960
a00003911	57961
a00003912	57962
a00003913	57963
a00003914	57964
a00003915	57965
a00003916	57966
a00003917	57967
a00003918	57968
a00003919	57969
a00003920	57970
a00003921	57971
a00003922	57972
a00003923	57973
a00003924	57974
a00003925	57975
a00003926	57976
a00003927	57977
a00003928	57978
a00003929	57979
a00003930	57980
a00003931	57981
a00003932	57982
a00003933	57983
a00003934	57984
a00003935	57985
a00003936	57986
a00003937	57987
a00003938	57988
a00003939	57989
a00003940	57990
a00003941	57991
a00003942	57992
a00003943	57993
a00003944	57994
a00003945	57995
a00003946	57996
a00003947	57997
a00003948	57998
a00003949	57999
a00003950	58000
a00003951	58001
a00003952	58002
a00003953	58003
a00003954	58004
a00003955	58005
a00003956	58006
a00003957	58007
a00003958	58008
a00003959	58009
a00003960	58010
a00003961	58011
a00003962	58012
a00003963	58013
a00003964	58014
a00003965	58015
a00003966	58016
a00003967	58017
a00003968	58018
a00003969	58019
a00003970	58020
a00003971	58021
a00003972	58022
a00003973	58023
a00003974	58024
a00003975	58025
a00003976	58026
a00003977	58027
a00003978	58028
a00003979	58029
a00003980	58030
a00003981	58031
a00003982	58032
a00003983	58033
a00003984	58034
a00003985	58035
a00003986	58036
a00003987	58037
a00003988	58038
a00003989	58039
a00003990	58040
a00003991	58041
a00003992	58042
a00003993	58043
a00003994	58044
a00003995	58045
a00003996	58046
a00003997	58047
a00003998	58048
a00003999	58049
a00004000	58050
a00004001	58051
a00004002	58052
a00004003	58053
a00004004	58054
a00004005	58055
a00004006	58056
a00004007	58057
a00004008	58058
a00004009	58059
a00004010	58060
a00004011	58061
a00004012	58062
a00004013	58063
a00004014	58064
a00004015	58065
a00004016	58066
a00004017	58067
a00004018	58068
a00004019	58069
a00004020	58070
a00004021	58071
a00004022	58072
a00004023	58073
a00004024	58074
a00004025	58075
a00004026	58076
a00004027	58077
a00004028	58078
a00004029	58079
a00004030	58080
a00004031	58081
a00004032	58082
a00004033	58083
a00004034	58084
a00004035	58085
a00004036	58086
a00004037	58087
a00004038	58088
a00004039	58089
a00004040	58090
a00004041	58091
a00004042	58092
a00004043	58093
a00004044	58094
a00004045	58095
a00004046	58096
a00004047	58097
a00004048	58098
a00004049	58099
a00004050	58100
a00004051	58101
a00004052	58102
a00004053	58103
a00004054	58104
a00004055	58105
a00004056	58106
a00004057	58107
a00004058	58108
a00004059	58109
a00004060	58110
a00004061	58111
a00004062	58112
a00004063	58113
a00004064	58114
a00004065	58115
a00004066	58116
a00004067	58117
a00004068	58118
a00004069	58119
a00004070	58120
a00004071	58121
a00004072	58122
a00004073	58123
a00004074	58124
a00004075	58125
a00004076	58126
a00004077	58127
a00004078	58128
a00004079	58129
a00004080	58130
a00004081	58131
a00004082	58132
a00004083	58133
a00004084	58134
a00004085	58135
a00004086	58136
a00004087	58137
a00004088	58138
a00004089	58139
a00004090	58140
a00004091	58141
a00004092	58142
a00004093	58143
a00004094	58144
a00004095	58145
a00004096	58146
a00004097	58147
a00004098	58148
a00004099	58149
a00004100	58150
a00004101	58151
a00004102	58152
a00004103	58153
a00004104	58154
a00004105	58155
a00004106	58156
a00004107	58157
a00004108	58158
a00004109	58159
a00004110	58160
a00004111	58161
a00004112	58162
a00004113	58163
a00004114	58164
a00004115	58165
a00004116	58166
a00004117	58167
a00004118	58168
a00004119	58169
a00004120	58170
a00004121	58171
a00004122	58172
a00004123	58173
a00004124	58174
a00004125	58175
a00004126	58176
a00004127	58177
a00004128	58178
a00004129	58179
a00004130	58180
a00004131	58181
a00004132	58182
a00004133	58183
a00004134	58184
a00004135	58185
a00004136	58186
a00004137	58187
a00004138	58188
a00004139	58189
a00004140	58190
a00004141	58191
a00004142	58192
a00004143	58193
a00004144	58194
a00004145	58195
a00004146	58196
a00004147	58197
a00004148	58198
a00004149	58199
a00004150	58200
a00004151	58201
a00004152	58202
a00004153	58203
a00004154	58204
a00004155	58205
a00004156	58206
a00004157	58207
a00004158	58208
a00004159	58209
a00004160	58210
a00004161	58211
a00004162	58212
a00004163	58213
a00004164	58214
a00004165	58215
a00004166	58216
a00004167	58217
a00004168	58218
a00004169	58219
a00004170	58220
a00004171	58221
a00004172	58222
a00004173	58223
a00004174	58224
a00004175	58225
a00004176	58226
a00004177	58227
a00004178	58228
a00004179	58229
a00004180	58230
a00004181	58231
a00004182	58232
a00004183	58233
a00004184	58234
a00004185	58235
a00004186	58236
a00004187	58237
a00004188	58238
a00004189	58239
a00004190	58240
a00004191	58241
a00004192	58242
a00004193	58243
a00004194	58244
a00004195	58245
a00004196	58246
a00004197	58247
a00004198	58248
a00004199	58249
a00004200	58250
a00004201	58251
a00004202	58252
a00004203	58253
a00004204	58254
a00004205	58255
a00004206	58256
a00004207	58257
a00004208	58258
a00004209	58259
a00004210	58260
a00004211	58261
a00004212	58262
a00004213	58263
a00004214	58264
a00004215	58265
a00004216	58266
a00004217	58267
a00004218	58268
a00004219	58269
a00004220	58270
a00004221	58271
a00004222	58272
a00004223	58273
a00004224	58274
a00004225	58275
a00004226	58276
a00004227	58277
a00004228	58278
a00004229	58279
a00004230	58280
a00004231	58281
a00004232	58282
a00004233	58283
a00004234	58284
a00004235	58285
a00004236	58286
a00004237	58287
a00004238	58288
a00004239	58289
a00004240	58290
a00004241	58291
a00004242	58292
a00004243	58293
a00004244	58294
a00004245	58295
a00004246	58296
a00004247	58297
a00004248	58298
a00004249	58299
a00004250	58300
a00004251	58301
a00004252	58302
a00004253	58303
a00004254	58304
a00004255	58305
a00004256	58306
a00004257	58307
a00004258	58308
a00004259	58309
a00004260	58310
a00004261	58311
a00004262	58312
a00004263	58313
a00004264	58314
a00004265	58315
a00004266	58316
a00004267	58317
a00004268	58318
a00004269	58319
a00004270	58320
a00004271	58321
a00004272	58322
a00004273	58323
a00004274	58324
a00004275	58325
a00004276	58326
a00004277	58327
a00004278	58328
a00004279	58329
a00004280	58330
a00004281	58331
a00004282	58332
a00004283	58333
a00004284	58334
a00004285	58335
a00004286	58336
a00004287	58337
a00004288	58338
a00004289	58339
a00004290	58340
a00004291	58341
a00004292	58342
a00004293	58343
a00004294	58344
a00004295	58345
a00004296	58346
a00004297	58347
a00004298	58348
a00004299	58349
a00004300	58350
a00004301	58351
a00004302	58352
a00004303	58353
a00004304	58354
a00004305	58355
a00004306	58356
a00004307	58357
a00004308	58358
a00004309	58359
a00004310	58360
a00004311	58361
a00004312	58362
a00004313	58363
a00004314	58364
a00004315	58365
a00004316	58366
a00004317	58367
a00004318	58368
a00004319	58369
a00004320	58370
a00004321	58371
a00004322	58372
a00004323	58373
a00004324	58374
a00004325	58375
a00004326	58376
a00004327	58377
a00004328	58378
a00004329	58379
a00004330	58380
a00004331	58381
a00004332	58382
a00004333	58383
a00004334	58384
a00004335	58385
a00004336	58386
a00004337	58387
a00004338	58388
a00004339	58389
a00004340	58390
a00004341	58391
a00004342	58392
a00004343	58393
a00004344	58394
a00004345	58395
a00004346	58396
a00004347	58397
a00004348	58398
a00004349	58399
a00004350	58400
a00004351	58401
a00004352	58402
a00004353	58403
a00004354	58404
a00004355	58405
a00004356	58406
a00004357	58407
a00004358	58408
a00004359	58409
a00004360	58410
a00004361	58411
a00004362	58412
a00004363	58413
a00004364	58414
a00004365	58415
a00004366	58416
a00004367	58417
a00004368	58418
a00004369	58419
a00004370	58420
a00004371	58421
a00004372	58422
a00004373	58423
a00004374	58424
a00004375	58425
a00004376	58426
a00004377	58427
a00004378	58428
a00004379	58429
a00004380	58430
a00004381	58431
a00004382	58432
a00004383	58433
a00004384	58434
a00004385	58435
a00004386	58436
a00004387	58437
a00004388	58438
a00004389	58439
a00004390	58440
a00004391	58441
a00004392	58442
a00004393	58443
a00004394	58444
a00004395	58445
a00004396	58446
a00004397	58447
a00004398	58448
a00004399	58449
a00004400	58450
a00004401	58451
a00004402	58452
a00004403	58453
a00004404	58454
a00004405	58455
a00004406	58456
a00004407	58457
a00004408	58458
a00004409	58459
a00004410	58460
a00004411	58461
a00004412	58462
a00004413	58463
a00004414	58464
a00004415	58465
a00004416	58466
a00004417	58467
a00004418	58468
a00004419	58469
a00004420	58470
a00004421	58471
a00004422	58472
a00004423	58473
a00004424	58474
a00004425	58475
a00004426	58476
a00004427	58477
a00004428	58478
a00004429	58479
a00004430	58480
a00004431	58481
a00004432	58482
a00004433	58483
a00004434	58484
a00004435	58485
a00004436	58486
a00004437	58487
a00004438	58488
a00004439	58489
a00004440	58490
a00004441	58491
a00004442	58492
a00004443	58493
a00004444	58494
a00004445	58495
a00004446	58496
a00004447	58497
a00004448	58498
a00004449	58499
a00004450	58500
a00004451	58501
a00004452	58502
a00004453	58503
a00004454	58504
a00004455	58505
a00004456	58506
a00004457	58507
a00004458	58508
a00004459	58509
a00004460	58510
a00004461	58511
a00004462	58512
a00004463	58513
a00004464	58514
a00004465	58515
a00004466	58516
a00004467	58517
a00004468	58518
a00004469	58519
a00004470	58520
a00004471	58521
a00004472	58522
a00004473	58523
a00004474	58524
a00004475	58525
a00004476	58526
a00004477	58527
a00004478	58528
a00004479	58529
a00004480	58530
a00004481	58531
a00004482	58532
a00004483	58533
a00004484	58534
a00004485	58535
a00004486	58536
a00004487	58537
a00004488	58538
a00004489	58539
a00004490	58540
a00004491	58541
a00004492	58542
a00004493	58543
a00004494	58544
a00004495	58545
a00004496	58546
a00004497	58547
a00004498	58548
a00004499	58549
a00004500	58550
a00004501	58551
a00004502	58552
a00004503	58553
a00004504	58554
a00004505	58555
a00004506	58556
a00004507	58557
a00004508	58558
a00004509	58559
a00004510	58560
a00004511	58561
a00004512	58562
a00004513	58563
a00004514	58564
a00004515	58565
a00004516	58566
a00004517	58567
a00004518	58568
a00004519	58569
a00004520	58570
a00004521	58571
a00004522	58572
a00004523	58573
a00004524	58574
a00004525	58575
a00004526	58576
a00004527	58577
a00004528	58578
a00004529	58579
a00004530	58580
a00004531	58581
a00004532	58582
a00004533	58583
a00004534	58584
a00004535	58585
a00004536	58586
a00004537	58587
a00004538	58588
a00004539	58589
a00004540	58590
a00004541	58591
a00004542	58592
a00004543	58593
a00004544	58594
a00004545	58595
a00004546	58596
a00004547	58597
a00004548	58598
a00004549	58599
a00004550	58600
a00004551	58601
a00004552	58602
a00004553	58603
a00004554	58604
a00004555	58605
a00004556	58606
a00004557	58607
a00004558	58608
a00004559	58609
a00004560	58610
a00004561	58611
a00004562	58612
a00004563	58613
a00004564	58614
a00004565	58615
a00004566	58616
a00004567	58617
a00004568	58618
a00004569	58619
a00004570	58620
a00004571	58621
a00004572	58622
a00004573	58623
a00004574	58624
a00004575	58625
a00004576	58626
a00004577	58627
a00004578	58628
a00004579	58629
a00004580	58630
a00004581	58631
a00004582	58632
a00004583	58633
a00004584	58634
a00004585	58635
a00004586	58636
a00004587	58637
a00004588	58638
a00004589	58639
a00004590	58640
a00004591	58641
a00004592	58642
a00004593	58643
a00004594	58644
a00004595	58645
a00004596	58646
a00004597	58647
a00004598	58648
a00004599	58649
a00004600	58650
a00004601	58651
a00004602	58652
a00004603	58653
a00004604	58654
a00004605	58655
a00004606	58656
a00004607	58657
a00004608	58658
a00004609	58659
a00004610	58660
a00004611	58661
a00004612	58662
a00004613	58663
a00004614	58664
a00004615	58665
a00004616	58666
a00004617	58667
a00004618	58668
a00004619	58669
a00004620	58670
a00004621	58671
a00004622	58672
a00004623	58673
a00004624	58674
a00004625	58675
a00004626	58676
a00004627	58677
a00004628	58678
a00004629	58679
a00004630	58680
a00004631	58681
a00004632	58682
a00004633	58683
a00004634	58684
a00004635	58685
a00004636	58686
a00004637	58687
a00004638	58688
a00004639	58689
a00004640	58690
a00004641	58691
a00004642	58692
a00004643	58693
a00004644	58694
a00004645	58695
a00004646	58696
a00004647	58697
a00004648	58698
a00004649	58699
a00004650	58700
a00004651	58701
a00004652	58702
a00004653	58703
a00004654	58704
a00004655	58705
a00004656	58706
a00004657	58707
a00004658	58708
a00004659	58709
a00004660	58710
a00004661	58711
a00004662	58712
a00004663	58713
a00004664	58714
a00004665	58715
a00004666	58716
a00004667	58717
a00004668	58718
a00004669	58719
a00004670	58720
a00004671	58721
a00004672	58722
a00004673	58723
a00004674	58724
a00004675	58725
a00004676	58726
a00004677	58727
a00004678	58728
a00004679	58729
a00004680	58730
a00004681	58731
a00004682	58732
a00004683	58733
a00004684	58734
a00004685	58735
a00004686	58736
a00004687	58737
a00004688	58738
a00004689	58739
a00004690	58740
a00004691	58741
a00004692	58742
a00004693	58743
a00004694	58744
a00004695	58745
a00004696	58746
a00004697	58747
a00004698	58748
a00004699	58749
a00004700	58750
a00004701	58751
a00004702	58752
a00004703	58753
a00004704	58754
a00004705	58755
a00004706	58756
a00004707	58757
a00004708	58758
a00004709	58759
a00004710	58760
a00004711	58761
a00004712	58762
a00004713	58763
a00004714	58764
a00004715	58765
a00004716	58766
a00004717	58767
a00004718	58768
a00004719	58769
a00004720	58770
a00004721	58771
a00004722	58772
a00004723	58773
a00004724	58774
a00004725	58775
a00004726	58776
a00004727	58777
a00004728	58778
a00004729	58779
a00004730	58780
a00004731	58781
a00004732	58782
a00004733	58783
a00004734	58784
a00004735	58785
a00004736	58786
a00004737	58787
a00004738	58788
a00004739	58789
a00004740	58790
a00004741	58791
a00004742	58792
a00004743	58793
a00004744	58794
a00004745	58795
a00004746	58796
a00004747	58797
a00004748	58798
a00004749	58799
a00004750	58800
a00004751	58801
a00004752	58802
a00004753	58803
a00004754	58804
a00004755	58805
a00004756	58806
a00004757	58807
a00004758	58808
a00004759	58809
a00004760	58810
a00004761	58811
a00004762	58812
a00004763	58813
a00004764	58814
a00004765	58815
a00004766	58816
a00004767	58817
a00004768	58818
a00004769	58819
a00004770	58820
a00004771	58821
a00004772	58822
a00004773	58823
a00004774	58824
a00004775	58825
a00004776	58826
a00004777	58827
a00004778	58828
a00004779	58829
a00004780	58830
a00004781	58831
a00004782	58832
a00004783	58833
a00004784	58834
a00004785	58835
a00004786	58836
a00004787	58837
a00004788	58838
a00004789	58839
a00004790	58840
a00004791	58841
a00004792	58842
a00004793	58843
a00004794	58844
a00004795	58845
a00004796	58846
a00004797	58847
a00004798	58848
a00004799	58849
a00004800	58850
a00004801	58851
a00004802	58852
a00004803	58853
a00004804	58854
a00004805	58855
a00004806	58856
a00004807	58857
a00004808	58858
a00004809	58859
a00004810	58860
a00004811	58861
a00004812	58862
a00004813	58863
a00004814	58864
a00004815	58865
a00004816	58866
a00004817	58867
a00004818	58868
a00004819	58869
a00004820	58870
a00004821	58871
a00004822	58872
a00004823	58873
a00004824	58874
a00004825	58875
a00004826	58876
a00004827	58877
a00004828	58878
a00004829	58879
a00004830	58880
a00004831	58881
a00004832	58882
a00004833	58883
a00004834	58884
a00004835	58885
a00004836	58886
a00004837	58887
a00004838	58888
a00004839	58889
a00004840	58890
a00004841	58891
a00004842	58892
a00004843	58893
a00004844	58894
a00004845	58895
a00004846	58896
a00004847	58897
a00004848	58898
a00004849	58899
a00004850	58900
a00004851	58901
a00004852	58902
a00004853	58903
a00004854	58904
a00004855	58905
a00004856	58906
a00004857	58907
a00004858	58908
a00004859	58909
a00004860	58910
a00004861	58911
a00004862	58912
a00004863	58913
a00004864	58914
a00004865	58915
a00004866	58916
a00004867	58917
a00004868	58918
a00004869	58919
a00004870	58920
a00004871	58921
a00004872	58922
a00004873	58923
a00004874	58924
a00004875	58925
a00004876	58926
a00004877	58927
a00004878	58928
a00004879	58929
a00004880	58930
a00004881	58931
a00004882	58932
a00004883	58933
a00004884	58934
a00004885	58935
a00004886	58936
a00004887	58937
a00004888	58938
a00004889	58939
a00004890	58940
a00004891	58941
a00004892	58942
a00004893	58943
a00004894	58944
a00004895	58945
a00004896	58946
a00004897	58947
a00004898	58948
a00004899	58949
a00004900	58950
a00004901	58951
a00004902	58952
a00004903	58953
a00004904	58954
a00004905	58955
a00004906	58956
a00004907	58957
a00004908	58958
a00004909	58959
a00004910	58960
a00004911	58961
a00004912	58962
a00004913	58963
a00004914	58964
a00004915	58965
a00004916	58966
a00004917	58967
a00004918	58968
a00004919	58969
a00004920	58970
a00004921	58971
a00004922	58972
a00004923	58973
a00004924	58974
a00004925	58975
a00004926	58976
a00004927	58977
a00004928	58978
a00004929	58979
a00004930	58980
a00004931	58981
a00004932	58982
a00004933	58983
a00004934	58984
a00004935	58985
a00004936	58986
a00004937	58987
a00004938	58988
a00004939	58989
a00004940	58990
a00004941	58991
a00004942	58992
a00004943	58993
a00004944	58994
a00004945	58995
a00004946	58996
a00004947	58997
a00004948	58998
a00004949	58999
a00004950	59000
a00004951	59001
a00004952	59002
a00004953	59003
a00004954	59004
a00004955	59005
a00004956	59006
a00004957	59007
a00004958	59008
a00004959	59009
a00004960	59010
a00004961	59011
a00004962	59012
a00004963	59013
a00004964	59014
a00004965	59015
a00004966	59016
a00004967	59017
a00004968	59018
a00004969	59019
a00004970	59020
a00004971	59021
a00004972	59022
a00004973	59023
a00004974	59024
a00004975	59025
a00004976	59026
a00004977	59027
a00004978	59028
a00004979	59029
a00004980	59030
a00004981	59031
a00004982	59032
a00004983	59033
a00004984	59034
a00004985	59035
a00004986	59036
a00004987	59037
a00004988	59038
a00004989	59039
a00004990	59040
a00004991	59041
a00004992	59042
a00004993	59043
a00004994	59044
a00004995	59045
a00004996	59046
a00004997	59047
a00004998	59048
a00004999	59049
a00005000	59050
a00005001	59051
a00005002	59052
a00005003	59053
a00005004	59054
a00005005	59055
a00005006	59056
a00005007	59057
a00005008	59058
a00005009	59059
a00005010	59060
a00005011	59061
a00005012	59062
a00005013	59063
a00005014	59064
a00005015	59065
a00005016	59066
a00005017	59067
a00005018	59068
a00005019	59069
a00005020	59070
a00005021	59071
a00005022	59072
a00005023	59073
a00005024	59074
a00005025	59075
a00005026	59076
a00005027	59077
a00005028	59078
a00005029	59079
a00005030	59080
a00005031	59081
a00005032	59082
a00005033	59083
a00005034	59084
a00005035	59085
a00005036	59086
a00005037	59087
a00005038	59088
a00005039	59089
a00005040	59090
a00005041	59091
a00005042	59092
a00005043	59093
a00005044	59094
a00005045	59095
a00005046	59096
a00005047	59097
a00005048	59098
a00005049	59099
a00005050	59100
a00005051	59101
a00005052	59102
a00005053	59103
a00005054	59104
a00005055	59105
a00005056	59106
a00005057	59107
a00005058	59108
a00005059	59109
a00005060	59110
a00005061	59111
a00005062	59112
a00005063	59113
a00005064	59114
a00005065	59115
a00005066	59116
a00005067	59117
a00005068	59118
a00005069	59119
a00005070	59120
a00005071	59121
a00005072	59122
a00005073	59123
a00005074	59124
a00005075	59125
a00005076	59126
a00005077	59127
a00005078	59128
a00005079	59129
a00005080	59130
a00005081	59131
a00005082	59132
a00005083	59133
a00005084	59134
a00005085	59135
a00005086	59136
a00005087	59137
a00005088	59138
a00005089	59139
a00005090	59140
a00005091	59141
a00005092	59142
a00005093	59143
a00005094	59144
a00005095	59145
a00005096	59146
a00005097	59147
a00005098	59148
a00005099	59149
a00005100	59150
a00005101	59151
a00005102	59152
a00005103	59153
a00005104	59154
a00005105	59155
a00005106	59156
a00005107	59157
a00005108	59158
a00005109	59159
a00005110	59160
a00005111	59161
a00005112	59162
a00005113	59163
a00005114	59164
a00005115	59165
a00005116	59166
a00005117	59167
a00005118	59168
a00005119	59169
a00005120	59170
a00005121	59171
a00005122	59172
a00005123	59173
a00005124	59174
a00005125	59175
a00005126	59176
a00005127	59177
a00005128	59178
a00005129	59179
a00005130	59180
a00005131	59181
a00005132	59182
a00005133	59183
a00005134	59184
a00005135	59185
a00005136	59186
a00005137	59187
a00005138	59188
a00005139	59189
a00005140	59190
a00005141	59191
a00005142	59192
a00005143	59193
a00005144	59194
a00005145	59195
a00005146	59196
a00005147	59197
a00005148	59198
a00005149	59199
a00005150	59200
a00005151	59201
a00005152	59202
a00005153	59203
a00005154	59204
a00005155	59205
a00005156	59206
a00005157	59207
a00005158	59208
a00005159	59209
a00005160	59210
a00005161	59211
a00005162	59212
a00005163	59213
a00005164	59214
a00005165	59215
a00005166	59216
a00005167	59217
a00005168	59218
a00005169	59219
a00005170	59220
a00005171	59221
a00005172	59222
a00005173	59223
a00005174	59224
a00005175	59225
a00005176	59226
a00005177	59227
a00005178	59228
a00005179	59229
a00005180	59230
a00005181	59231
a00005182	59232
a00005183	59233
a00005184	59234
a00005185	59235
a00005186	59236
a00005187	59237
a00005188	59238
a00005189	59239
a00005190	59240
a00005191	59241
a00005192	59242
a00005193	59243
a00005194	59244
a00005195	59245
a00005196	59246
a00005197	59247
a00005198	59248
a00005199	59249
a00005200	59250
a00005201	59251
a00005202	59252
a00005203	59253
a00005204	59254
a00005205	59255
a00005206	59256
a00005207	59257
a00005208	59258
a00005209	59259
a00005210	59260
a00005211	59261
a00005212	59262
a00005213	59263
a00005214	59264
a00005215	59265
a00005216	59266
a00005217	59267
a00005218	59268
a00005219	59269
a00005220	59270
a00005221	59271
a00005222	59272
a00005223	59273
a00005224	59274
a00005225	59275
a00005226	59276
a00005227	59277
a00005228	59278
a00005229	59279
a00005230	59280
a00005231	59281
a00005232	59282
a00005233	59283
a00005234	59284
a00005235	59285
a00005236	59286
a00005237	59287
a00005238	59288
a00005239	59289
a00005240	59290
a00005241	59291
a00005242	59292
a00005243	59293
a00005244	59294
a00005245	59295
a00005246	59296
a00005247	59297
a00005248	59298
a00005249	59299
a00005250	59300
a00005251	59301
a00005252	59302
a00005253	59303
a00005254	59304
a00005255	59305
a00005256	59306
a00005257	59307
a00005258	59308
a00005259	59309
a00005260	59310
a00005261	59311
a00005262	59312
a00005263	59313
a00005264	59314
a00005265	59315
a00005266	59316
a00005267	59317
a00005268	59318
a00005269	59319
a00005270	59320
a00005271	59321
a00005272	59322
a00005273	59323
a00005274	59324
a00005275	59325
a00005276	59326
a00005277	59327
a00005278	59328
a00005279	59329
a00005280	59330
a00005281	59331
a00005282	59332
a00005283	59333
a00005284	59334
a00005285	59335
a00005286	59336
a00005287	59337
a00005288	59338
a00005289	59339
a00005290	59340
a00005291	59341
a00005292	59342
a00005293	59343
a00005294	59344
a00005295	59345
a00005296	59346
a00005297	59347
a00005298	59348
a00005299	59349
a00005300	59350
a00005301	59351
a00005302	59352
a00005303	59353
a00005304	59354
a00005305	59355
a00005306	59356
a00005307	59357
a00005308	59358
a00005309	59359
a00005310	59360
a00005311	59361
a00005312	59362
a00005313	59363
a00005314	59364
a00005315	59365
a00005316	59366
a00005317	59367
a00005318	59368
a00005319	59369
a00005320	59370
a00005321	59371
a00005322	59372
a00005323	59373
a00005324	59374
a00005325	59375
a00005326	59376
a00005327	59377
a00005328	59378
a00005329	59379
a00005330	59380
a00005331	59381
a00005332	59382
a00005333	59383
a00005334	59384
a00005335	59385
a00005336	59386
a00005337	59387
a00005338	59388
a00005339	59389
a00005340	59390
a00005341	59391
a00005342	59392
a00005343	59393
a00005344	59394
a00005345	59395
a00005346	59396
a00005347	59397
a00005348	59398
a00005349	59399
a00005350	59400
a00005351	59401
a00005352	59402
a00005353	59403
a00005354	59404
a00005355	59405
a00005356	59406
a00005357	59407
a00005358	59408
a00005359	59409
a00005360	59410
a00005361	59411
a00005362	59412
a00005363	59413
a00005364	59414
a00005365	59415
a00005366	59416
a00005367	59417
a00005368	59418
a00005369	59419
a00005370	59420
a00005371	59421
a00005372	59422
a00005373	59423
a00005374	59424
a00005375	59425
a00005376	59426
a00005377	59427
a00005378	59428
a00005379	59429
a00005380	59430
a00005381	59431
a00005382	59432
a00005383	59433
a00005384	59434
a00005385	59435
a00005386	59436
a00005387	59437
a00005388	59438
a00005389	59439
a00005390	59440
a00005391	59441
a00005392	59442
a00005393	59443
a00005394	59444
a00005395	59445
a00005396	59446
a00005397	59447
a00005398	59448
a00005399	59449
a00005400	59450
a00005401	59451
a00005402	59452
a00005403	59453
a00005404	59454
a00005405	59455
a00005406	59456
a00005407	59457
a00005408	59458
a00005409	59459
a00005410	59460
a00005411	59461
a00005412	59462
a00005413	59463
a00005414	59464
a00005415	59465
a00005416	59466
a00005417	59467
a00005418	59468
a00005419	59469
a00005420	59470
a00005421	59471
a00005422	59472
a00005423	59473
a00005424	59474
a00005425	59475
a00005426	59476
a00005427	59477
a00005428	59478
a00005429	59479
a00005430	59480
a00005431	59481
a00005432	59482
a00005433	59483
a00005434	59484
a00005435	59485
a00005436	59486
a00005437	59487
a00005438	59488
a00005439	59489
a00005440	59490
a00005441	59491
a00005442	59492
a00005443	59493
a00005444	59494
a00005445	59495
a00005446	59496
a00005447	59497
a00005448	59498
a00005449	59499
a00005450	59500
a00005451	59501
a00005452	59502
a00005453	59503
a00005454	59504
a00005455	59505
a00005456	59506
a00005457	59507
a00005458	59508
a00005459	59509
a00005460	59510
a00005461	59511
a00005462	59512
a00005463	59513
a00005464	59514
a00005465	59515
a00005466	59516
a00005467	59517
a00005468	59518
a00005469	59519
a00005470	59520
a00005471	59521
a00005472	59522
a00005473	59523
a00005474	59524
a00005475	59525
a00005476	59526
a00005477	59527
a00005478	59528
a00005479	59529
a00005480	59530
a00005481	59531
a00005482	59532
a00005483	59533
a00005484	59534
a00005485	59535
a00005486	59536
a00005487	59537
a00005488	59538
a00005489	59539
a00005490	59540
a00005491	59541
a00005492	59542
a00005493	59543
a00005494	59544
a00005495	59545
a00005496	59546
a00005497	59547
a00005498	59548
a00005499	59549
a00005500	59550
a00005501	59551
a00005502	59552
a00005503	59553
a00005504	59554
a00005505	59555
a00005506	59556
a00005507	59557
a00005508	59558
a00005509	59559
a00005510	59560
a00005511	59561
a00005512	59562
a00005513	59563
a00005514	59564
a00005515	59565
a00005516	59566
a00005517	59567
a00005518	59568
a00005519	59569
a00005520	59570
a00005521	59571
a00005522	59572
a00005523	59573
a00005524	59574
a00005525	59575
a00005526	59576
a00005527	59577
a00005528	59578
a00005529	59579
a00005530	59580
a00005531	59581
a00005532	59582
a00005533	59583
a00005534	59584
a00005535	59585
a00005536	59586
a00005537	59587
a00005538	59588
a00005539	59589
a00005540	59590
a00005541	59591
a00005542	59592
a00005543	59593
a00005544	59594
a00005545	59595
a00005546	59596
a00005547	59597
a00005548	59598
a00005549	59599
a00005550	59600
a00005551	59601
a00005552	59602
a00005553	59603
a00005554	59604
a00005555	59605
a00005556	59606
a00005557	59607
a00005558	59608
a00005559	59609
a00005560	59610
a00005561	59611
a00005562	59612
a00005563	59613
a00005564	59614
a00005565	59615
a00005566	59616
a00005567	59617
a00005568	59618
a00005569	59619
a00005570	59620
a00005571	59621
a00005572	59622
a00005573	59623
a00005574	59624
a00005575	59625
a00005576	59626
a00005577	59627
a00005578	59628
a00005579	59629
a00005580	59630
a00005581	59631
a00005582	59632
a00005583	59633
a00005584	59634
a00005585	59635
a00005586	59636
a00005587	59637
a00005588	59638
a00005589	59639
a00005590	59640
a00005591	59641
a00005592	59642
a00005593	59643
a00005594	59644
a00005595	59645
a00005596	59646
a00005597	59647
a00005598	59648
a00005599	59649
a00005600	59650
a00005601	59651
a00005602	59652
a00005603	59653
a00005604	59654
a00005605	59655
a00005606	59656
a00005607	59657
a00005608	59658
a00005609	59659
a00005610	59660
a00005611	59661
a00005612	59662
a00005613	59663
a00005614	59664
a00005615	59665
a00005616	59666
a00005617	59667
a00005618	59668
a00005619	59669
a00005620	59670
a00005621	59671
a00005622	59672
a00005623	59673
a00005624	59674
a00005625	59675
a00005626	59676
a00005627	59677
a00005628	59678
a00005629	59679
a00005630	59680
a00005631	59681
a00005632	59682
a00005633	59683
a00005634	59684
a00005635	59685
a00005636	59686
a00005637	59687
a00005638	59688
a00005639	59689
a00005640	59690
a00005641	59691
a00005642	59692
a00005643	59693
a00005644	59694
a00005645	59695
a00005646	59696
a00005647	59697
a00005648	59698
a00005649	59699
a00005650	59700
a00005651	59701
a00005652	59702
a00005653	59703
a00005654	59704
a00005655	59705
a00005656	59706
a00005657	59707
a00005658	59708
a00005659	59709
a00005660	59710
a00005661	59711
a00005662	59712
a00005663	59713
a00005664	59714
a00005665	59715
a00005666	59716
a00005667	59717
a00005668	59718
a00005669	59719
a00005670	59720
a00005671	59721
a00005672	59722
a00005673	59723
a00005674	59724
a00005675	59725
a00005676	59726
a00005677	59727
a00005678	59728
a00005679	59729
a00005680	59730
a00005681	59731
a00005682	59732
a00005683	59733
a00005684	59734
a00005685	59735
a00005686	59736
a00005687	59737
a00005688	59738
a00005689	59739
a00005690	59740
a00005691	59741
a00005692	59742
a00005693	59743
a00005694	59744
a00005695	59745
a00005696	59746
a00005697	59747
a00005698	59748
a00005699	59749
a00005700	59750
a00005701	59751
a00005702	59752
a00005703	59753
a00005704	59754
a00005705	59755
a00005706	59756
a00005707	59757
a00005708	59758
a00005709	59759
a00005710	59760
a00005711	59761
a00005712	59762
a00005713	59763
a00005714	59764
a00005715	59765
a00005716	59766
a00005717	59767
a00005718	59768
a00005719	59769
a00005720	59770
a00005721	59771
a00005722	59772
a00005723	59773
a00005724	59774
a00005725	59775
a00005726	59776
a00005727	59777
a00005728	59778
a00005729	59779
a00005730	59780
a00005731	59781
a00005732	59782
a00005733	59783
a00005734	59784
a00005735	59785
a00005736	59786
a00005737	59787
a00005738	59788
a00005739	59789
a00005740	59790
a00005741	59791
a00005742	59792
a00005743	59793
a00005744	59794
a00005745	59795
a00005746	59796
a00005747	59797
a00005748	59798
a00005749	59799
a00005750	59800
a00005751	59801
a00005752	59802
a00005753	59803
a00005754	59804
a00005755	59805
a00005756	59806
a00005757	59807
a00005758	59808
a00005759	59809
a00005760	59810
a00005761	59811
a00005762	59812
a00005763	59813
a00005764	59814
a00005765	59815
a00005766	59816
a00005767	59817
a00005768	59818
a00005769	59819
a00005770	59820
a00005771	59821
a00005772	59822
a00005773	59823
a00005774	59824
a00005775	59825
a00005776	59826
a00005777	59827
a00005778	59828
a00005779	59829
a00005780	59830
a00005781	59831
a00005782	59832
a00005783	59833
a00005784	59834
a00005785	59835
a00005786	59836
a00005787	59837
a00005788	59838
a00005789	59839
a00005790	59840
a00005791	59841
a00005792	59842
a00005793	59843
a00005794	59844
a00005795	59845
a00005796	59846
a00005797	59847
a00005798	59848
a00005799	59849
a00005800	59850
a00005801	59851
a00005802	59852
a00005803	59853
a00005804	59854
a00005805	59855
a00005806	59856
a00005807	59857
a00005808	59858
a00005809	59859
a00005810	59860
a00005811	59861
a00005812	59862
a00005813	59863
a00005814	59864
a00005815	59865
a00005816	59866
a00005817	59867
a00005818	59868
a00005819	59869
a00005820	59870
a00005821	59871
a00005822	59872
a00005823	59873
a00005824	59874
a00005825	59875
a00005826	59876
a00005827	59877
a00005828	59878
a00005829	59879
a00005830	59880
a00005831	59881
a00005832	59882
a00005833	59883
a00005834	59884
a00005835	59885
a00005836	59886
a00005837	59887
a00005838	59888
a00005839	59889
a00005840	59890
a00005841	59891
a00005842	59892
a00005843	59893
a00005844	59894
a00005845	59895
a00005846	59896
a00005847	59897
a00005848	59898
a00005849	59899
a00005850	59900
a00005851	59901
a00005852	59902
a00005853	59903
a00005854	59904
a00005855	59905
a00005856	59906
a00005857	59907
a00005858	59908
a00005859	59909
a00005860	59910
a00005861	59911
a00005862	59912
a00005863	59913
a00005864	59914
a00005865	59915
a00005866	59916
a00005867	59917
a00005868	59918
a00005869	59919
a00005870	59920
a00005871	59921
a00005872	59922
a00005873	59923
a00005874	59924
a00005875	59925
a00005876	59926
a00005877	59927
a00005878	59928
a00005879	59929
a00005880	59930
a00005881	59931
a00005882	59932
a00005883	59933
a00005884	59934
a00005885	59935
a00005886	59936
a00005887	59937
a00005888	59938
a00005889	59939
a00005890	59940
a00005891	59941
a00005892	59942
a00005893	59943
a00005894	59944
a00005895	59945
a00005896	59946
a00005897	59947
a00005898	59948
a00005899	59949
a00005900	59950
a00005901	59951
a00005902	59952
a00005903	59953
a00005904	59954
a00005905	59955
a00005906	59956
a00005907	59957
a00005908	59958
a00005909	59959
a00005910	59960
a00005911	59961
a00005912	59962
a00005913	59963
a00005914	59964
a00005915	59965
a00005916	59966
a00005917	59967
a00005918	59968
a00005919	59969
a00005920	59970
a00005921	59971
a00005922	59972
a00005923	59973
a00005924	59974
a00005925	59975
a00005926	59976
a00005927	59977
a00005928	59978
a00005929	59979
a00005930	59980
a00005931	59981
a00005932	59982
a00005933	59983
a00005934	59984
a00005935	59985
a00005936	59986
a00005937	59987
a00005938	59988
a00005939	59989
a00005940	59990
a00005941	59991
a00005942	59992
a00005943	59993
a00005944	59994
a00005945	59995
a00005946	59996
a00005947	59997
a00005948	59998
a00005949	59999
a00005950	60000
a00005951	60001
a00005952	60002
a00005953	60003
a00005954	60004
a00005955	60005
a00005956	60006
a00005957	60007
a00005958	60008
a00005959	60009
a00005960	60010
a00005961	60011
a00005962	60012
a00005963	60013
a00005964	60014
a00005965	60015
a00005966	60016
a00005967	60017
a00005968	60018
a00005969	60019
a00005970	60020
a00005971	60021
a00005972	60022
a00005973	60023
a00005974	60024
a00005975	60025
a00005976	60026
a00005977	60027
a00005978	60028
a00005979	60029
a00005980	60030
a00005981	60031
a00005982	60032
a00005983	60033
a00005984	60034
a00005985	60035
a00005986	60036
a00005987	60037
a00005988	60038
a00005989	60039
a00005990	60040
a00005991	60041
a00005992	60042
a00005993	60043
a00005994	60044
a00005995	60045
a00005996	60046
a00005997	60047
a00005998	60048
a00005999	60049
a00006000	60050
a00006001	60051
a00006002	60052
a00006003	60053
a00006004	60054
a00006005	60055
a00006006	60056
a00006007	60057
a00006008	60058
a00006009	60059
a00006010	60060
a00006011	60061
a00006012	60062
a00006013	60063
a00006014	60064
a00006015	60065
a00006016	60066
a00006017	60067
a00006018	60068
a00006019	60069
a00006020	60070
a00006021	60071
a00006022	60072
a00006023	60073
a00006024	60074
a00006025	60075
a00006026	60076
a00006027	60077
a00006028	60078
a00006029	60079
a00006030	60080
a00006031	60081
a00006032	60082
a00006033	60083
a00006034	60084
a00006035	60085
a00006036	60086
a00006037	60087
a00006038	60088
a00006039	60089
a00006040	60090
a00006041	60091
a00006042	60092
a00006043	60093
a00006044	60094
a00006045	60095
a00006046	60096
a00006047	60097
a00006048	60098
a00006049	60099
a00006050	60100
a00006051	60101
a00006052	60102
a00006053	60103
a00006054	60104
a00006055	60105
a00006056	60106
a00006057	60107
a00006058	60108
a00006059	60109
a00006060	60110
a00006061	60111
a00006062	60112
a00006063	60113
a00006064	60114
a00006065	60115
a00006066	60116
a00006067	60117
a00006068	60118
a00006069	60119
a00006070	60120
a00006071	60121
a00006072	60122
a00006073	60123
a00006074	60124
a00006075	60125
a00006076	60126
a00006077	60127
a00006078	60128
a00006079	60129
a00006080	60130
a00006081	60131
a00006082	60132
a00006083	60133
a00006084	60134
a00006085	60135
a00006086	60136
a00006087	60137
a00006088	60138
a00006089	60139
a00006090	60140
a00006091	60141
a00006092	60142
a00006093	60143
a00006094	60144
a00006095	60145
a00006096	60146
a00006097	60147
a00006098	60148
a00006099	60149
a00006100	60150
a00006101	60151
a00006102	60152
a00006103	60153
a00006104	60154
a00006105	60155
a00006106	60156
a00006107	60157
a00006108	60158
a00006109	60159
a00006110	60160
a00006111	60161
a00006112	60162
a00006113	60163
a00006114	60164
a00006115	60165
a00006116	60166
a00006117	60167
a00006118	60168
a00006119	60169
a00006120	60170
a00006121	60171
a00006122	60172
a00006123	60173
a00006124	60174
a00006125	60175
a00006126	60176
a00006127	60177
a00006128	60178
a00006129	60179
a00006130	60180
a00006131	60181
a00006132	60182
a00006133	60183
a00006134	60184
a00006135	60185
a00006136	60186
a00006137	60187
a00006138	60188
a00006139	60189
a00006140	60190
a00006141	60191
a00006142	60192
a00006143	60193
a00006144	60194
a00006145	60195
a00006146	60196
a00006147	60197
a00006148	60198
a00006149	60199
a00006150	60200
a00006151	60201
a00006152	60202
a00006153	60203
a00006154	60204
a00006155	60205
a00006156	60206
a00006157	60207
a00006158	60208
a00006159	60209
a00006160	60210
a00006161	60211
a00006162	60212
a00006163	60213
a00006164	60214
a00006165	60215
a00006166	60216
a00006167	60217
a00006168	60218
a00006169	60219
a00006170	60220
a00006171	60221
a00006172	60222
a00006173	60223
a00006174	60224
a00006175	60225
a00006176	60226
a00006177	60227
a00006178	60228
a00006179	60229
a00006180	60230
a00006181	60231
a00006182	60232
a00006183	60233
a00006184	60234
a00006185	60235
a00006186	60236
a00006187	60237
a00006188	60238
a00006189	60239
a00006190	60240
a00006191	60241
a00006192	60242
a00006193	60243
a00006194	60244
a00006195	60245
a00006196	60246
a00006197	60247
a00006198	60248
a00006199	60249
a00006200	60250
a00006201	60251
a00006202	60252
a00006203	60253
a00006204	60254
a00006205	60255
a00006206	60256
a00006207	60257
a00006208	60258
a00006209	60259
a00006210	60260
a00006211	60261
a00006212	60262
a00006213	60263
a00006214	60264
a00006215	60265
a00006216	60266
a00006217	60267
a00006218	60268
a00006219	60269
a00006220	60270
a00006221	60271
a00006222	60272
a00006223	60273
a00006224	60274
a00006225	60275
a00006226	60276
a00006227	60277
a00006228	60278
a00006229	60279
a00006230	60280
a00006231	60281
a00006232	60282
a00006233	60283
a00006234	60284
a00006235	60285
a00006236	60286
a00006237	60287
a00006238	60288
a00006239	60289
a00006240	60290
a00006241	60291
a00006242	60292
a00006243	60293
a00006244	60294
a00006245	60295
a00006246	60296
a00006247	60297
a00006248	60298
a00006249	60299
a00006250	60300
a00006251	60301
a00006252	60302
a00006253	60303
a00006254	60304
a00006255	60305
a00006256	60306
a00006257	60307
a00006258	60308
a00006259	60309
a00006260	60310
a00006261	60311
a00006262	60312
a00006263	60313
a00006264	60314
a00006265	60315
a00006266	60316
a00006267	60317
a00006268	60318
a00006269	60319
a00006270	60320
a00006271	60321
a00006272	60322
a00006273	60323
a00006274	60324
a00006275	60325
a00006276	60326
a00006277	60327
a00006278	60328
a00006279	60329
a00006280	60330
a00006281	60331
a00006282	60332
a00006283	60333
a00006284	60334
a00006285	60335
a00006286	60336
a00006287	60337
a00006288	60338
a00006289	60339
a00006290	60340
a00006291	60341
a00006292	60342
a00006293	60343
a00006294	60344
a00006295	60345
a00006296	60346
a00006297	60347
a00006298	60348
a00006299	60349
a00006300	60350
a00006301	60351
a00006302	60352
a00006303	60353
a00006304	60354
a00006305	60355
a00006306	60356
a00006307	60357
a00006308	60358
a00006309	60359
a00006310	60360
a00006311	60361
a00006312	60362
a00006313	60363
a00006314	60364
a00006315	60365
a00006316	60366
a00006317	60367
a00006318	60368
a00006319	60369
a00006320	60370
a00006321	60371
a00006322	60372
a00006323	60373
a00006324	60374
a00006325	60375
a00006326	60376
a00006327	60377
a00006328	60378
a00006329	60379
a00006330	60380
a00006331	60381
a00006332	60382
a00006333	60383
a00006334	60384
a00006335	60385
a00006336	60386
a00006337	60387
a00006338	60388
a00006339	60389
a00006340	60390
a00006341	60391
a00006342	60392
a00006343	60393
a00006344	60394
a00006345	60395
a00006346	60396
a00006347	60397
a00006348	60398
a00006349	60399
a00006350	60400
a00006351	60401
a00006352	60402
a00006353	60403
a00006354	60404
a00006355	60405
a00006356	60406
a00006357	60407
a00006358	60408
a00006359	60409
a00006360	60410
a00006361	60411
a00006362	60412
a00006363	60413
a00006364	60414
a00006365	60415
a00006366	60416
a00006367	60417
a00006368	60418
a00006369	60419
a00006370	60420
a00006371	60421
a00006372	60422
a00006373	60423
a00006374	60424
a00006375	60425
a00006376	60426
a00006377	60427
a00006378	60428
a00006379	60429
a00006380	60430
a00006381	60431
a00006382	60432
a00006383	60433
a00006384	60434
a00006385	60435
a00006386	60436
a00006387	60437
a00006388	60438
a00006389	60439
a00006390	60440
a00006391	60441
a00006392	60442
a00006393	60443
a00006394	60444
a00006395	60445
a00006396	60446
a00006397	60447
a00006398	60448
a00006399	60449
a00006400	60450
a00006401	60451
a00006402	60452
a00006403	60453
a00006404	60454
a00006405	60455
a00006406	60456
a00006407	60457
a00006408	60458
a00006409	60459
a00006410	60460
a00006411	60461
a00006412	60462
a00006413	60463
a00006414	60464
a00006415	60465
a00006416	60466
a00006417	60467
a00006418	60468
a00006419	60469
a00006420	60470
a00006421	60471
a00006422	60472
a00006423	60473
a00006424	60474
a00006425	60475
a00006426	60476
a00006427	60477
a00006428	60478
a00006429	60479
a00006430	60480
a00006431	60481
a00006432	60482
a00006433	60483
a00006434	60484
a00006435	60485
a00006436	60486
a00006437	60487
a00006438	60488
a00006439	60489
a00006440	60490
a00006441	60491
a00006442	60492
a00006443	60493
a00006444	60494
a00006445	60495
a00006446	60496
a00006447	60497
a00006448	60498
a00006449	60499
a00006450	60500
a00006451	60501
a00006452	60502
a00006453	60503
a00006454	60504
a00006455	60505
a00006456	60506
a00006457	60507
a00006458	60508
a00006459	60509
a00006460	60510
a00006461	60511
a00006462	60512
a00006463	60513
a00006464	60514
a00006465	60515
a00006466	60516
a00006467	60517
a00006468	60518
a00006469	60519
a00006470	60520
a00006471	60521
a00006472	60522
a00006473	60523
a00006474	60524
a00006475	60525
a00006476	60526
a00006477	60527
a00006478	60528
a00006479	60529
a00006480	60530
a00006481	60531
a00006482	60532
a00006483	60533
a00006484	60534
a00006485	60535
a00006486	60536
a00006487	60537
a00006488	60538
a00006489	60539
a00006490	60540
a00006491	60541
a00006492	60542
a00006493	60543
a00006494	60544
a00006495	60545
a00006496	60546
a00006497	60547
a00006498	60548
a00006499	60549
a00006500	60550
a00006501	60551
a00006502	60552
a00006503	60553
a00006504	60554
a00006505	60555
a00006506	60556
a00006507	60557
a00006508	60558
a00006509	60559
a00006510	60560
a00006511	60561
a00006512	60562
a00006513	60563
a00006514	60564
a00006515	60565
a00006516	60566
a00006517	60567
a00006518	60568
a00006519	60569
a00006520	60570
a00006521	60571
a00006522	60572
a00006523	60573
a00006524	60574
a00006525	60575
a00006526	60576
a00006527	60577
a00006528	60578
a00006529	60579
a00006530	60580
a00006531	60581
a00006532	60582
a00006533	60583
a00006534	60584
a00006535	60585
a00006536	60586
a00006537	60587
a00006538	60588
a00006539	60589
a00006540	60590
a00006541	60591
a00006542	60592
a00006543	60593
a00006544	60594
a00006545	60595
a00006546	60596
a00006547	60597
a00006548	60598
a00006549	60599
a00006550	60600
a00006551	60601
a00006552	60602
a00006553	60603
a00006554	60604
a00006555	60605
a00006556	60606
a00006557	60607
a00006558	60608
a00006559	60609
a00006560	60610
a00006561	60611
a00006562	60612
a00006563	60613
a00006564	60614
a00006565	60615
a00006566	60616
a00006567	60617
a00006568	60618
a00006569	60619
a00006570	60620
a00006571	60621
a00006572	60622
a00006573	60623
a00006574	60624
a00006575	60625
a00006576	60626
a00006577	60627
a00006578	60628
a00006579	60629
a00006580	60630
a00006581	60631
a00006582	60632
a00006583	60633
a00006584	60634
a00006585	60635
a00006586	60636
a00006587	60637
a00006588	60638
a00006589	60639
a00006590	60640
a00006591	60641
a00006592	60642
a00006593	60643
a00006594	60644
a00006595	60645
a00006596	60646
a00006597	60647
a00006598	60648
a00006599	60649
a00006600	60650
a00006601	60651
a00006602	60652
a00006603	60653
a00006604	60654
a00006605	60655
a00006606	60656
a00006607	60657
a00006608	60658
a00006609	60659
a00006610	60660
a00006611	60661
a00006612	60662
a00006613	60663
a00006614	60664
a00006615	60665
a00006616	60666
a00006617	60667
a00006618	60668
a00006619	60669
a00006620	60670
a00006621	60671
a00006622	60672
a00006623	60673
a00006624	60674
a00006625	60675
a00006626	60676
a00006627	60677
a00006628	60678
a00006629	60679
a00006630	60680
a00006631	60681
a00006632	60682
a00006633	60683
a00006634	60684
a00006635	60685
a00006636	60686
a00006637	60687
a00006638	60688
a00006639	60689
a00006640	60690
a00006641	60691
a00006642	60692
a00006643	60693
a00006644	60694
a00006645	60695
a00006646	60696
a00006647	60697
a00006648	60698
a00006649	60699
a00006650	60700
a00006651	60701
a00006652	60702
a00006653	60703
a00006654	60704
a00006655	60705
a00006656	60706
a00006657	60707
a00006658	60708
a00006659	60709
a00006660	60710
a00006661	60711
a00006662	60712
a00006663	60713
a00006664	60714
a00006665	60715
a00006666	60716
a00006667	60717
a00006668	60718
a00006669	60719
a00006670	60720
a00006671	60721
a00006672	60722
a00006673	60723
a00006674	60724
a00006675	60725
a00006676	60726
a00006677	60727
a00006678	60728
a00006679	60729
a00006680	60730
a00006681	60731
a00006682	60732
a00006683	60733
a00006684	60734
a00006685	60735
a00006686	60736
a00006687	60737
a00006688	60738
a00006689	60739
a00006690	60740
a00006691	60741
a00006692	60742
a00006693	60743
a00006694	60744
a00006695	60745
a00006696	60746
a00006697	60747
a00006698	60748
a00006699	60749
a00006700	60750
a00006701	60751
a00006702	60752
a00006703	60753
a00006704	60754
a00006705	60755
a00006706	60756
a00006707	60757
a00006708	60758
a00006709	60759
a00006710	60760
a00006711	60761
a00006712	60762
a00006713	60763
a00006714	60764
a00006715	60765
a00006716	60766
a00006717	60767
a00006718	60768
a00006719	60769
a00006720	60770
a00006721	60771
a00006722	60772
a00006723	60773
a00006724	60774
a00006725	60775
a00006726	60776
a00006727	60777
a00006728	60778
a00006729	60779
a00006730	60780
a00006731	60781
a00006732	60782
a00006733	60783
a00006734	60784
a00006735	60785
a00006736	60786
a00006737	60787
a00006738	60788
a00006739	60789
a00006740	60790
a00006741	60791
a00006742	60792
a00006743	60793
a00006744	60794
a00006745	60795
a00006746	60796
a00006747	60797
a00006748	60798
a00006749	60799
a00006750	60800
a00006751	60801
a00006752	60802
a00006753	60803
a00006754	60804
a00006755	60805
a00006756	60806
a00006757	60807
a00006758	60808
a00006759	60809
a00006760	60810
a00006761	60811
a00006762	60812
a00006763	60813
a00006764	60814
a00006765	60815
a00006766	60816
a00006767	60817
a00006768	60818
a00006769	60819
a00006770	60820
a00006771	60821
a00006772	60822
a00006773	60823
a00006774	60824
a00006775	60825
a00006776	60826
a00006777	60827
a00006778	60828
a00006779	60829
a00006780	60830
a00006781	60831
a00006782	60832
a00006783	60833
a00006784	60834
a00006785	60835
a00006786	60836
a00006787	60837
a00006788	60838
a00006789	60839
a00006790	60840
a00006791	60841
a00006792	60842
a00006793	60843
a00006794	60844
a00006795	60845
a00006796	60846
a00006797	60847
a00006798	60848
a00006799	60849
a00006800	60850
a00006801	60851
a00006802	60852
a00006803	60853
a00006804	60854
a00006805	60855
a00006806	60856
a00006807	60857
a00006808	60858
a00006809	60859
a00006810	60860
a00006811	60861
a00006812	60862
a00006813	60863
a00006814	60864
a00006815	60865
a00006816	60866
a00006817	60867
a00006818	60868
a00006819	60869
a00006820	60870
a00006821	60871
a00006822	60872
a00006823	60873
a00006824	60874
a00006825	60875
a00006826	60876
a00006827	60877
a00006828	60878
a00006829	60879
a00006830	60880
a00006831	60881
a00006832	60882
a00006833	60883
a00006834	60884
a00006835	60885
a00006836	60886
a00006837	60887
a00006838	60888
a00006839	60889
a00006840	60890
a00006841	60891
a00006842	60892
a00006843	60893
a00006844	60894
a00006845	60895
a00006846	60896
a00006847	60897
a00006848	60898
a00006849	60899
a00006850	60900
a00006851	60901
a00006852	60902
a00006853	60903
a00006854	60904
a00006855	60905
a00006856	60906
a00006857	60907
a00006858	60908
a00006859	60909
a00006860	60910
a00006861	60911
a00006862	60912
a00006863	60913
a00006864	60914
a00006865	60915
a00006866	60916
a00006867	60917
a00006868	60918
a00006869	60919
a00006870	60920
a00006871	60921
a00006872	60922
a00006873	60923
a00006874	60924
a00006875	60925
a00006876	60926
a00006877	60927
a00006878	60928
a00006879	60929
a00006880	60930
a00006881	60931
a00006882	60932
a00006883	60933
a00006884	60934
a00006885	60935
a00006886	60936
a00006887	60937
a00006888	60938
a00006889	60939
a00006890	60940
a00006891	60941
a00006892	60942
a00006893	60943
a00006894	60944
a00006895	60945
a00006896	60946
a00006897	60947
a00006898	60948
a00006899	60949
a00006900	60950
a00006901	60951
a00006902	60952
a00006903	60953
a00006904	60954
a00006905	60955
a00006906	60956
a00006907	60957
a00006908	60958
a00006909	60959
a00006910	60960
a00006911	60961
a00006912	60962
a00006913	60963
a00006914	60964
a00006915	60965
a00006916	60966
a00006917	60967
a00006918	60968
a00006919	60969
a00006920	60970
a00006921	60971
a00006922	60972
a00006923	60973
a00006924	60974
a00006925	60975
a00006926	60976
a00006927	60977
a00006928	60978
a00006929	60979
a00006930	60980
a00006931	60981
a00006932	60982
a00006933	60983
a00006934	60984
a00006935	60985
a00006936	60986
a00006937	60987
a00006938	60988
a00006939	60989
a00006940	60990
a00006941	60991
a00006942	60992
a00006943	60993
a00006944	60994
a00006945	60995
a00006946	60996
a00006947	60997
a00006948	60998
a00006949	60999
a00006950	61000
a00006951	61001
a00006952	61002
a00006953	61003
a00006954	61004
a00006955	61005
a00006956	61006
a00006957	61007
a00006958	61008
a00006959	61009
a00006960	61010
a00006961	61011
a00006962	61012
a00006963	61013
a00006964	61014
a00006965	61015
a00006966	61016
a00006967	61017
a00006968	61018
a00006969	61019
a00006970	61020
a00006971	61021
a00006972	61022
a00006973	61023
a00006974	61024
a00006975	61025
a00006976	61026
a00006977	61027
a00006978	61028
a00006979	61029
a00006980	61030
a00006981	61031
a00006982	61032
a00006983	61033
a00006984	61034
a00006985	61035
a00006986	61036
a00006987	61037
a00006988	61038
a00006989	61039
a00006990	61040
a00006991	61041
a00006992	61042
a00006993	61043
a00006994	61044
a00006995	61045
a00006996	61046
a00006997	61047
a00006998	61048
a00006999	61049
a00007000	61050
a00007001	61051
a00007002	61052
a00007003	61053
a00007004	61054
a00007005	61055
a00007006	61056
a00007007	61057
a00007008	61058
a00007009	61059
a00007010	61060
a00007011	61061
a00007012	61062
a00007013	61063
a00007014	61064
a00007015	61065
a00007016	61066
a00007017	61067
a00007018	61068
a00007019	61069
a00007020	61070
a00007021	61071
a00007022	61072
a00007023	61073
a00007024	61074
a00007025	61075
a00007026	61076
a00007027	61077
a00007028	61078
a00007029	61079
a00007030	61080
a00007031	61081
a00007032	61082
a00007033	61083
a00007034	61084
a00007035	61085
a00007036	61086
a00007037	61087
a00007038	61088
a00007039	61089
a00007040	61090
a00007041	61091
a00007042	61092
a00007043	61093
a00007044	61094
a00007045	61095
a00007046	61096
a00007047	61097
a00007048	61098
a00007049	61099
a00007050	61100
a00007051	61101
a00007052	61102
a00007053	61103
a00007054	61104
a00007055	61105
a00007056	61106
a00007057	61107
a00007058	61108
a00007059	61109
a00007060	61110
a00007061	61111
a00007062	61112
a00007063	61113
a00007064	61114
a00007065	61115
a00007066	61116
a00007067	61117
a00007068	61118
a00007069	61119
a00007070	61120
a00007071	61121
a00007072	61122
a00007073	61123
a00007074	61124
a00007075	61125
a00007076	61126
a00007077	61127
a00007078	61128
a00007079	61129
a00007080	61130
a00007081	61131
a00007082	61132
a00007083	61133
a00007084	61134
a00007085	61135
a00007086	61136
a00007087	61137
a00007088	61138
a00007089	61139
a00007090	61140
a00007091	61141
a00007092	61142
a00007093	61143
a00007094	61144
a00007095	61145
a00007096	61146
a00007097	61147
a00007098	61148
a00007099	61149
a00007100	61150
a00007101	61151
a00007102	61152
a00007103	61153
a00007104	61154
a00007105	61155
a00007106	61156
a00007107	61157
a00007108	61158
a00007109	61159
a00007110	61160
a00007111	61161
a00007112	61162
a00007113	61163
a00007114	61164
a00007115	61165
a00007116	61166
a00007117	61167
a00007118	61168
a00007119	61169
a00007120	61170
a00007121	61171
a00007122	61172
a00007123	61173
a00007124	61174
a00007125	61175
a00007126	61176
a00007127	61177
a00007128	61178
a00007129	61179
a00007130	61180
a00007131	61181
a00007132	61182
a00007133	61183
a00007134	61184
a00007135	61185
a00007136	61186
a00007137	61187
a00007138	61188
a00007139	61189
a00007140	61190
a00007141	61191
a00007142	61192
a00007143	61193
a00007144	61194
a00007145	61195
a00007146	61196
a00007147	61197
a00007148	61198
a00007149	61199
a00007150	61200
a00007151	61201
a00007152	61202
a00007153	61203
a00007154	61204
a00007155	61205
a00007156	61206
a00007157	61207
a00007158	61208
a00007159	61209
a00007160	61210
a00007161	61211
a00007162	61212
a00007163	61213
a00007164	61214
a00007165	61215
a00007166	61216
a00007167	61217
a00007168	61218
a00007169	61219
a00007170	61220
a00007171	61221
a00007172	61222
a00007173	61223
a00007174	61224
a00007175	61225
a00007176	61226
a00007177	61227
a00007178	61228
a00007179	61229
a00007180	61230
a00007181	61231
a00007182	61232
a00007183	61233
a00007184	61234
a00007185	61235
a00007186	61236
a00007187	61237
a00007188	61238
a00007189	61239
a00007190	61240
a00007191	61241
a00007192	61242
a00007193	61243
a00007194	61244
a00007195	61245
a00007196	61246
a00007197	61247
a00007198	61248
a00007199	61249
a00007200	61250
a00007201	61251
a00007202	61252
a00007203	61253
a00007204	61254
a00007205	61255
a00007206	61256
a00007207	61257
a00007208	61258
a00007209	61259
a00007210	61260
a00007211	61261
a00007212	61262
a00007213	61263
a00007214	61264
a00007215	61265
a00007216	61266
a00007217	61267
a00007218	61268
a00007219	61269
a00007220	61270
a00007221	61271
a00007222	61272
a00007223	61273
a00007224	61274
a00007225	61275
a00007226	61276
a00007227	61277
a00007228	61278
a00007229	61279
a00007230	61280
a00007231	61281
a00007232	61282
a00007233	61283
a00007234	61284
a00007235	61285
a00007236	61286
a00007237	61287
a00007238	61288
a00007239	61289
a00007240	61290
a00007241	61291
a00007242	61292
a00007243	61293
a00007244	61294
a00007245	61295
a00007246	61296
a00007247	61297
a00007248	61298
a00007249	61299
a00007250	61300
a00007251	61301
a00007252	61302
a00007253	61303
a00007254	61304
a00007255	61305
a00007256	61306
a00007257	61307
a00007258	61308
a00007259	61309
a00007260	61310
a00007261	61311
a00007262	61312
a00007263	61313
a00007264	61314
a00007265	61315
a00007266	61316
a00007267	61317
a00007268	61318
a00007269	61319
a00007270	61320
a00007271	61321
a00007272	61322
a00007273	61323
a00007274	61324
a00007275	61325
a00007276	61326
a00007277	61327
a00007278	61328
a00007279	61329
a00007280	61330
a00007281	61331
a00007282	61332
a00007283	61333
a00007284	61334
a00007285	61335
a00007286	61336
a00007287	61337
a00007288	61338
a00007289	61339
a00007290	61340
a00007291	61341
a00007292	61342
a00007293	61343
a00007294	61344
a00007295	61345
a00007296	61346
a00007297	61347
a00007298	61348
a00007299	61349
a00007300	61350
a00007301	61351
a00007302	61352
a00007303	61353
a00007304	61354
a00007305	61355
a00007306	61356
a00007307	61357
a00007308	61358
a00007309	61359
a00007310	61360
a00007311	61361
a00007312	61362
a00007313	61363
a00007314	61364
a00007315	61365
a00007316	61366
a00007317	61367
a00007318	61368
a00007319	61369
a00007320	61370
a00007321	61371
a00007322	61372
a00007323	61373
a00007324	61374
a00007325	61375
a00007326	61376
a00007327	61377
a00007328	61378
a00007329	61379
a00007330	61380
a00007331	61381
a00007332	61382
a00007333	61383
a00007334	61384
a00007335	61385
a00007336	61386
a00007337	61387
a00007338	61388
a00007339	61389
a00007340	61390
a00007341	61391
a00007342	61392
a00007343	61393
a00007344	61394
a00007345	61395
a00007346	61396
a00007347	61397
a00007348	61398
a00007349	61399
a00007350	61400
a00007351	61401
a00007352	61402
a00007353	61403
a00007354	61404
a00007355	61405
a00007356	61406
a00007357	61407
a00007358	61408
a00007359	61409
a00007360	61410
a00007361	61411
a00007362	61412
a00007363	61413
a00007364	61414
a00007365	61415
a00007366	61416
a00007367	61417
a00007368	61418
a00007369	61419
a00007370	61420
a00007371	61421
a00007372	61422
a00007373	61423
a00007374	61424
a00007375	61425
a00007376	61426
a00007377	61427
a00007378	61428
a00007379	61429
a00007380	61430
a00007381	61431
a00007382	61432
a00007383	61433
a00007384	61434
a00007385	61435
a00007386	61436
a00007387	61437
a00007388	61438
a00007389	61439
a00007390	61440
a00007391	61441
a00007392	61442
a00007393	61443
a00007394	61444
a00007395	61445
a00007396	61446
a00007397	61447
a00007398	61448
a00007399	61449
a00007400	61450
a00007401	61451
a00007402	61452
a00007403	61453
a00007404	61454
a00007405	61455
a00007406	61456
a00007407	61457
a00007408	61458
a00007409	61459
a00007410	61460
a00007411	61461
a00007412	61462
a00007413	61463
a00007414	61464
a00007415	61465
a00007416	61466
a00007417	61467
a00007418	61468
a00007419	61469
a00007420	61470
a00007421	61471
a00007422	61472
a00007423	61473
a00007424	61474
a00007425	61475
a00007426	61476
a00007427	61477
a00007428	61478
a00007429	61479
a00007430	61480
a00007431	61481
a00007432	61482
a00007433	61483
a00007434	61484
a00007435	61485
a00007436	61486
a00007437	61487
a00007438	61488
a00007439	61489
a00007440	61490
a00007441	61491
a00007442	61492
a00007443	61493
a00007444	61494
a00007445	61495
a00007446	61496
a00007447	61497
a00007448	61498
a00007449	61499
a00007450	61500
a00007451	61501
a00007452	61502
a00007453	61503
a00007454	61504
a00007455	61505
a00007456	61506
a00007457	61507
a00007458	61508
a00007459	61509
a00007460	61510
a00007461	61511
a00007462	61512
a00007463	61513
a00007464	61514
a00007465	61515
a00007466	61516
a00007467	61517
a00007468	61518
a00007469	61519
a00007470	61520
a00007471	61521
a00007472	61522
a00007473	61523
a00007474	61524
a00007475	61525
a00007476	61526
a00007477	61527
a00007478	61528
a00007479	61529
a00007480	61530
a00007481	61531
a00007482	61532
a00007483	61533
a00007484	61534
a00007485	61535
a00007486	61536
a00007487	61537
a00007488	61538
a00007489	61539
a00007490	61540
a00007491	61541
a00007492	61542
a00007493	61543
a00007494	61544
a00007495	61545
a00007496	61546
a00007497	61547
a00007498	61548
a00007499	61549
a00007500	61550
a00007501	61551
a00007502	61552
a00007503	61553
a00007504	61554
a00007505	61555
a00007506	61556
a00007507	61557
a00007508	61558
a00007509	61559
a00007510	61560
a00007511	61561
a00007512	61562
a00007513	61563
a00007514	61564
a00007515	61565
a00007516	61566
a00007517	61567
a00007518	61568
a00007519	61569
a00007520	61570
a00007521	61571
a00007522	61572
a00007523	61573
a00007524	61574
a00007525	61575
a00007526	61576
a00007527	61577
a00007528	61578
a00007529	61579
a00007530	61580
a00007531	61581
a00007532	61582
a00007533	61583
a00007534	61584
a00007535	61585
a00007536	61586
a00007537	61587
a00007538	61588
a00007539	61589
a00007540	61590
a00007541	61591
a00007542	61592
a00007543	61593
a00007544	61594
a00007545	61595
a00007546	61596
a00007547	61597
a00007548	61598
a00007549	61599
a00007550	61600
a00007551	61601
a00007552	61602
a00007553	61603
a00007554	61604
a00007555	61605
a00007556	61606
a00007557	61607
a00007558	61608
a00007559	61609
a00007560	61610
a00007561	61611
a00007562	61612
a00007563	61613
a00007564	61614
a00007565	61615
a00007566	61616
a00007567	61617
a00007568	61618
a00007569	61619
a00007570	61620
a00007571	61621
a00007572	61622
a00007573	61623
a00007574	61624
a00007575	61625
a00007576	61626
a00007577	61627
a00007578	61628
a00007579	61629
a00007580	61630
a00007581	61631
a00007582	61632
a00007583	61633
a00007584	61634
a00007585	61635
a00007586	61636
a00007587	61637
a00007588	61638
a00007589	61639
a00007590	61640
a00007591	61641
a00007592	61642
a00007593	61643
a00007594	61644
a00007595	61645
a00007596	61646
a00007597	61647
a00007598	61648
a00007599	61649
a00007600	61650
a00007601	61651
a00007602	61652
a00007603	61653
a00007604	61654
a00007605	61655
a00007606	61656
a00007607	61657
a00007608	61658
a00007609	61659
a00007610	61660
a00007611	61661
a00007612	61662
a00007613	61663
a00007614	61664
a00007615	61665
a00007616	61666
a00007617	61667
a00007618	61668
a00007619	61669
a00007620	61670
a00007621	61671
a00007622	61672
a00007623	61673
a00007624	61674
a00007625	61675
a00007626	61676
a00007627	61677
a00007628	61678
a00007629	61679
a00007630	61680
a00007631	61681
a00007632	61682
a00007633	61683
a00007634	61684
a00007635	61685
a00007636	61686
a00007637	61687
a00007638	61688
a00007639	61689
a00007640	61690
a00007641	61691
a00007642	61692
a00007643	61693
a00007644	61694
a00007645	61695
a00007646	61696
a00007647	61697
a00007648	61698
a00007649	61699
a00007650	61700
a00007651	61701
a00007652	61702
a00007653	61703
a00007654	61704
a00007655	61705
a00007656	61706
a00007657	61707
a00007658	61708
a00007659	61709
a00007660	61710
a00007661	61711
a00007662	61712
a00007663	61713
a00007664	61714
a00007665	61715
a00007666	61716
a00007667	61717
a00007668	61718
a00007669	61719
a00007670	61720
a00007671	61721
a00007672	61722
a00007673	61723
a00007674	61724
a00007675	61725
a00007676	61726
a00007677	61727
a00007678	61728
a00007679	61729
a00007680	61730
a00007681	61731
a00007682	61732
a00007683	61733
a00007684	61734
a00007685	61735
a00007686	61736
a00007687	61737
a00007688	61738
a00007689	61739
a00007690	61740
a00007691	61741
a00007692	61742
a00007693	61743
a00007694	61744
a00007695	61745
a00007696	61746
a00007697	61747
a00007698	61748
a00007699	61749
a00007700	61750
a00007701	61751
a00007702	61752
a00007703	61753
a00007704	61754
a00007705	61755
a00007706	61756
a00007707	61757
a00007708	61758
a00007709	61759
a00007710	61760
a00007711	61761
a00007712	61762
a00007713	61763
a00007714	61764
a00007715	61765
a00007716	61766
a00007717	61767
a00007718	61768
a00007719	61769
a00007720	61770
a00007721	61771
a00007722	61772
a00007723	61773
a00007724	61774
a00007725	61775
a00007726	61776
a00007727	61777
a00007728	61778
a00007729	61779
a00007730	61780
a00007731	61781
a00007732	61782
a00007733	61783
a00007734	61784
a00007735	61785
a00007736	61786
a00007737	61787
a00007738	61788
a00007739	61789
a00007740	61790
a00007741	61791
a00007742	61792
a00007743	61793
a00007744	61794
a00007745	61795
a00007746	61796
a00007747	61797
a00007748	61798
a00007749	61799
a00007750	61800
a00007751	61801
a00007752	61802
a00007753	61803
a00007754	61804
a00007755	61805
a00007756	61806
a00007757	61807
a00007758	61808
a00007759	61809
a00007760	61810
a00007761	61811
a00007762	61812
a00007763	61813
a00007764	61814
a00007765	61815
a00007766	61816
a00007767	61817
a00007768	61818
a00007769	61819
a00007770	61820
a00007771	61821
a00007772	61822
a00007773	61823
a00007774	61824
a00007775	61825
a00007776	61826
a00007777	61827
a00007778	61828
a00007779	61829
a00007780	61830
a00007781	61831
a00007782	61832
a00007783	61833
a00007784	61834
a00007785	61835
a00007786	61836
a00007787	61837
a00007788	61838
a00007789	61839
a00007790	61840
a00007791	61841
a00007792	61842
a00007793	61843
a00007794	61844
a00007795	61845
a00007796	61846
a00007797	61847
a00007798	61848
a00007799	61849
a00007800	61850
a00007801	61851
a00007802	61852
a00007803	61853
a00007804	61854
a00007805	61855
a00007806	61856
a00007807	61857
a00007808	61858
a00007809	61859
a00007810	61860
a00007811	61861
a00007812	61862
a00007813	61863
a00007814	61864
a00007815	61865
a00007816	61866
a00007817	61867
a00007818	61868
a00007819	61869
a00007820	61870
a00007821	61871
a00007822	61872
a00007823	61873
a00007824	61874
a00007825	61875
a00007826	61876
a00007827	61877
a00007828	61878
a00007829	61879
a00007830	61880
a00007831	61881
a00007832	61882
a00007833	61883
a00007834	61884
a00007835	61885
a00007836	61886
a00007837	61887
a00007838	61888
a00007839	61889
a00007840	61890
a00007841	61891
a00007842	61892
a00007843	61893
a00007844	61894
a00007845	61895
a00007846	61896
a00007847	61897
a00007848	61898
a00007849	61899
a00007850	61900
a00007851	61901
a00007852	61902
a00007853	61903
a00007854	61904
a00007855	61905
a00007856	61906
a00007857	61907
a00007858	61908
a00007859	61909
a00007860	61910
a00007861	61911
a00007862	61912
a00007863	61913
a00007864	61914
a00007865	61915
a00007866	61916
a00007867	61917
a00007868	61918
a00007869	61919
a00007870	61920
a00007871	61921
a00007872	61922
a00007873	61923
a00007874	61924
a00007875	61925
a00007876	61926
a00007877	61927
a00007878	61928
a00007879	61929
a00007880	61930
a00007881	61931
a00007882	61932
a00007883	61933
a00007884	61934
a00007885	61935
a00007886	61936
a00007887	61937
a00007888	61938
a00007889	61939
a00007890	61940
a00007891	61941
a00007892	61942
a00007893	61943
a00007894	61944
a00007895	61945
a00007896	61946
a00007897	61947
a00007898	61948
a00007899	61949
a00007900	61950
a00007901	61951
a00007902	61952
a00007903	61953
a00007904	61954
a00007905	61955
a00007906	61956
a00007907	61957
a00007908	61958
a00007909	61959
a00007910	61960
a00007911	61961
a00007912	61962
a00007913	61963
a00007914	61964
a00007915	61965
a00007916	61966
a00007917	61967
a00007918	61968
a00007919	61969
a00007920	61970
a00007921	61971
a00007922	61972
a00007923	61973
a00007924	61974
a00007925	61975
a00007926	61976
a00007927	61977
a00007928	61978
a00007929	61979
a00007930	61980
a00007931	61981
a00007932	61982
a00007933	61983
a00007934	61984
a00007935	61985
a00007936	61986
a00007937	61987
a00007938	61988
a00007939	61989
a00007940	61990
a00007941	61991
a00007942	61992
a00007943	61993
a00007944	61994
a00007945	61995
a00007946	61996
a00007947	61997
a00007948	61998
a00007949	61999
a00007950	62000
a00007951	62001
a00007952	62002
a00007953	62003
a00007954	62004
a00007955	62005
a00007956	62006
a00007957	62007
a00007958	62008
a00007959	62009
a00007960	62010
a00007961	62011
a00007962	62012
a00007963	62013
a00007964	62014
a00007965	62015
a00007966	62016
a00007967	62017
a00007968	62018
a00007969	62019
a00007970	62020
a00007971	62021
a00007972	62022
a00007973	62023
a00007974	62024
a00007975	62025
a00007976	62026
a00007977	62027
a00007978	62028
a00007979	62029
a00007980	62030
a00007981	62031
a00007982	62032
a00007983	62033
a00007984	62034
a00007985	62035
a00007986	62036
a00007987	62037
a00007988	62038
a00007989	62039
a00007990	62040
a00007991	62041
a00007992	62042
a00007993	62043
a00007994	62044
a00007995	62045
a00007996	62046
a00007997	62047
a00007998	62048
a00007999	62049
a00008000	62050
a00008001	62051
a00008002	62052
a00008003	62053
a00008004	62054
a00008005	62055
a00008006	62056
a00008007	62057
a00008008	62058
a00008009	62059
a00008010	62060
a00008011	62061
a00008012	62062
a00008013	62063
a00008014	62064
a00008015	62065
a00008016	62066
a00008017	62067
a00008018	62068
a00008019	62069
a00008020	62070
a00008021	62071
a00008022	62072
a00008023	62073
a00008024	62074
a00008025	62075
a00008026	62076
a00008027	62077
a00008028	62078
a00008029	62079
a00008030	62080
a00008031	62081
a00008032	62082
a00008033	62083
a00008034	62084
a00008035	62085
a00008036	62086
a00008037	62087
a00008038	62088
a00008039	62089
a00008040	62090
a00008041	62091
a00008042	62092
a00008043	62093
a00008044	62094
a00008045	62095
a00008046	62096
a00008047	62097
a00008048	62098
a00008049	62099
a00008050	62100
a00008051	62101
a00008052	62102
a00008053	62103
a00008054	62104
a00008055	62105
a00008056	62106
a00008057	62107
a00008058	62108
a00008059	62109
a00008060	62110
a00008061	62111
a00008062	62112
a00008063	62113
a00008064	62114
a00008065	62115
a00008066	62116
a00008067	62117
a00008068	62118
a00008069	62119
a00008070	62120
a00008071	62121
a00008072	62122
a00008073	62123
a00008074	62124
a00008075	62125
a00008076	62126
a00008077	62127
a00008078	62128
a00008079	62129
a00008080	62130
a00008081	62131
a00008082	62132
a00008083	62133
a00008084	62134
a00008085	62135
a00008086	62136
a00008087	62137
a00008088	62138
a00008089	62139
a00008090	62140
a00008091	62141
a00008092	62142
a00008093	62143
a00008094	62144
a00008095	62145
a00008096	62146
a00008097	62147
a00008098	62148
a00008099	62149
a00008100	62150
a00008101	62151
a00008102	62152
a00008103	62153
a00008104	62154
a00008105	62155
a00008106	62156
a00008107	62157
a00008108	62158
a00008109	62159
a00008110	62160
a00008111	62161
a00008112	62162
a00008113	62163
a00008114	62164
a00008115	62165
a00008116	62166
a00008117	62167
a00008118	62168
a00008119	62169
a00008120	62170
a00008121	62171
a00008122	62172
a00008123	62173
a00008124	62174
a00008125	62175
a00008126	62176
a00008127	62177
a00008128	62178
a00008129	62179
a00008130	62180
a00008131	62181
a00008132	62182
a00008133	62183
a00008134	62184
a00008135	62185
a00008136	62186
a00008137	62187
a00008138	62188
a00008139	62189
a00008140	62190
a00008141	62191
a00008142	62192
a00008143	62193
a00008144	62194
a00008145	62195
a00008146	62196
a00008147	62197
a00008148	62198
a00008149	62199
a00008150	62200
a00008151	62201
a00008152	62202
a00008153	62203
a00008154	62204
a00008155	62205
a00008156	62206
a00008157	62207
a00008158	62208
a00008159	62209
a00008160	62210
a00008161	62211
a00008162	62212
a00008163	62213
a00008164	62214
a00008165	62215
a00008166	62216
a00008167	62217
a00008168	62218
a00008169	62219
a00008170	62220
a00008171	62221
a00008172	62222
a00008173	62223
a00008174	62224
a00008175	62225
a00008176	62226
a00008177	62227
a00008178	62228
a00008179	62229
a00008180	62230
a00008181	62231
a00008182	62232
a00008183	62233
a00008184	62234
a00008185	62235
a00008186	62236
a00008187	62237
a00008188	62238
a00008189	62239
a00008190	62240
a00008191	62241
a00008192	62242
a00008193	62243
a00008194	62244
a00008195	62245
a00008196	62246
a00008197	62247
a00008198	62248
a00008199	62249
a00008200	62250
a00008201	62251
a00008202	62252
a00008203	62253
a00008204	62254
a00008205	62255
a00008206	62256
a00008207	62257
a00008208	62258
a00008209	62259
a00008210	62260
a00008211	62261
a00008212	62262
a00008213	62263
a00008214	62264
a00008215	62265
a00008216	62266
a00008217	62267
a00008218	62268
a00008219	62269
a00008220	62270
a00008221	62271
a00008222	62272
a00008223	62273
a00008224	62274
a00008225	62275
a00008226	62276
a00008227	62277
a00008228	62278
a00008229	62279
a00008230	62280
a00008231	62281
a00008232	62282
a00008233	62283
a00008234	62284
a00008235	62285
a00008236	62286
a00008237	62287
a00008238	62288
a00008239	62289
a00008240	62290
a00008241	62291
a00008242	62292
a00008243	62293
a00008244	62294
a00008245	62295
a00008246	62296
a00008247	62297
a00008248	62298
a00008249	62299
a00008250	62300
a00008251	62301
a00008252	62302
a00008253	62303
a00008254	62304
a00008255	62305
a00008256	62306
a00008257	62307
a00008258	62308
a00008259	62309
a00008260	62310
a00008261	62311
a00008262	62312
a00008263	62313
a00008264	62314
a00008265	62315
a00008266	62316
a00008267	62317
a00008268	62318
a00008269	62319
a00008270	62320
a00008271	62321
a00008272	62322
a00008273	62323
a00008274	62324
a00008275	62325
a00008276	62326
a00008277	62327
a00008278	62328
a00008279	62329
a00008280	62330
a00008281	62331
a00008282	62332
a00008283	62333
a00008284	62334
a00008285	62335
a00008286	62336
a00008287	62337
a00008288	62338
a00008289	62339
a00008290	62340
a00008291	62341
a00008292	62342
a00008293	62343
a00008294	62344
a00008295	62345
a00008296	62346
a00008297	62347
a00008298	62348
a00008299	62349
a00008300	62350
a00008301	62351
a00008302	62352
a00008303	62353
a00008304	62354
a00008305	62355
a00008306	62356
a00008307	62357
a00008308	62358
a00008309	62359
a00008310	62360
a00008311	62361
a00008312	62362
a00008313	62363
a00008314	62364
a00008315	62365
a00008316	62366
a00008317	62367
a00008318	62368
a00008319	62369
a00008320	62370
a00008321	62371
a00008322	62372
a00008323	62373
a00008324	62374
a00008325	62375
a00008326	62376
a00008327	62377
a00008328	62378
a00008329	62379
a00008330	62380
a00008331	62381
a00008332	62382
a00008333	62383
a00008334	62384
a00008335	62385
a00008336	62386
a00008337	62387
a00008338	62388
a00008339	62389
a00008340	62390
a00008341	62391
a00008342	62392
a00008343	62393
a00008344	62394
a00008345	62395
a00008346	62396
a00008347	62397
a00008348	62398
a00008349	62399
a00008350	62400
a00008351	62401
a00008352	62402
a00008353	62403
a00008354	62404
a00008355	62405
a00008356	62406
a00008357	62407
a00008358	62408
a00008359	62409
a00008360	62410
a00008361	62411
a00008362	62412
a00008363	62413
a00008364	62414
a00008365	62415
a00008366	62416
a00008367	62417
a00008368	62418
a00008369	62419
a00008370	62420
a00008371	62421
a00008372	62422
a00008373	62423
a00008374	62424
a00008375	62425
a00008376	62426
a00008377	62427
a00008378	62428
a00008379	62429
a00008380	62430
a00008381	62431
a00008382	62432
a00008383	62433
a00008384	62434
a00008385	62435
a00008386	62436
a00008387	62437
a00008388	62438
a00008389	62439
a00008390	62440
a00008391	62441
a00008392	62442
a00008393	62443
a00008394	62444
a00008395	62445
a00008396	62446
a00008397	62447
a00008398	62448
a00008399	62449
a00008400	62450
a00008401	62451
a00008402	62452
a00008403	62453
a00008404	62454
a00008405	62455
a00008406	62456
a00008407	62457
a00008408	62458
a00008409	62459
a00008410	62460
a00008411	62461
a00008412	62462
a00008413	62463
a00008414	62464
a00008415	62465
a00008416	62466
a00008417	62467
a00008418	62468
a00008419	62469
a00008420	62470
a00008421	62471
a00008422	62472
a00008423	62473
a00008424	62474
a00008425	62475
a00008426	62476
a00008427	62477
a00008428	62478
a00008429	62479
a00008430	62480
a00008431	62481
a00008432	62482
a00008433	62483
a00008434	62484
a00008435	62485
a00008436	62486
a00008437	62487
a00008438	62488
a00008439	62489
a00008440	62490
a00008441	62491
a00008442	62492
a00008443	62493
a00008444	62494
a00008445	62495
a00008446	62496
a00008447	62497
a00008448	62498
a00008449	62499
a00008450	62500
a00008451	62501
a00008452	62502
a00008453	62503
a00008454	62504
a00008455	62505
a00008456	62506
a00008457	62507
a00008458	62508
a00008459	62509
a00008460	62510
a00008461	62511
a00008462	62512
a00008463	62513
a00008464	62514
a00008465	62515
a00008466	62516
a00008467	62517
a00008468	62518
a00008469	62519
a00008470	62520
a00008471	62521
a00008472	62522
a00008473	62523
a00008474	62524
a00008475	62525
a00008476	62526
a00008477	62527
a00008478	62528
a00008479	62529
a00008480	62530
a00008481	62531
a00008482	62532
a00008483	62533
a00008484	62534
a00008485	62535
a00008486	62536
a00008487	62537
a00008488	62538
a00008489	62539
a00008490	62540
a00008491	62541
a00008492	62542
a00008493	62543
a00008494	62544
a00008495	62545
a00008496	62546
a00008497	62547
a00008498	62548
a00008499	62549
a00008500	62550
a00008501	62551
a00008502	62552
a00008503	62553
a00008504	62554
a00008505	62555
a00008506	62556
a00008507	62557
a00008508	62558
a00008509	62559
a00008510	62560
a00008511	62561
a00008512	62562
a00008513	62563
a00008514	62564
a00008515	62565
a00008516	62566
a00008517	62567
a00008518	62568
a00008519	62569
a00008520	62570
a00008521	62571
a00008522	62572
a00008523	62573
a00008524	62574
a00008525	62575
a00008526	62576
a00008527	62577
a00008528	62578
a00008529	62579
a00008530	62580
a00008531	62581
a00008532	62582
a00008533	62583
a00008534	62584
a00008535	62585
a00008536	62586
a00008537	62587
a00008538	62588
a00008539	62589
a00008540	62590
a00008541	62591
a00008542	62592
a00008543	62593
a00008544	62594
a00008545	62595
a00008546	62596
a00008547	62597
a00008548	62598
a00008549	62599
a00008550	62600
a00008551	62601
a00008552	62602
a00008553	62603
a00008554	62604
a00008555	62605
a00008556	62606
a00008557	62607
a00008558	62608
a00008559	62609
a00008560	62610
a00008561	62611
a00008562	62612
a00008563	62613
a00008564	62614
a00008565	62615
a00008566	62616
a00008567	62617
a00008568	62618
a00008569	62619
a00008570	62620
a00008571	62621
a00008572	62622
a00008573	62623
a00008574	62624
a00008575	62625
a00008576	62626
a00008577	62627
a00008578	62628
a00008579	62629
a00008580	62630
a00008581	62631
a00008582	62632
a00008583	62633
a00008584	62634
a00008585	62635
a00008586	62636
a00008587	62637
a00008588	62638
a00008589	62639
a00008590	62640
a00008591	62641
a00008592	62642
a00008593	62643
a00008594	62644
a00008595	62645
a00008596	62646
a00008597	62647
a00008598	62648
a00008599	62649
a00008600	62650
a00008601	62651
a00008602	62652
a00008603	62653
a00008604	62654
a00008605	62655
a00008606	62656
a00008607	62657
a00008608	62658
a00008609	62659
a00008610	62660
a00008611	62661
a00008612	62662
a00008613	62663
a00008614	62664
a00008615	62665
a00008616	62666
a00008617	62667
a00008618	62668
a00008619	62669
a00008620	62670
a00008621	62671
a00008622	62672
a00008623	62673
a00008624	62674
a00008625	62675
a00008626	62676
a00008627	62677
a00008628	62678
a00008629	62679
a00008630	62680
a00008631	62681
a00008632	62682
a00008633	62683
a00008634	62684
a00008635	62685
a00008636	62686
a00008637	62687
a00008638	62688
a00008639	62689
a00008640	62690
a00008641	62691
a00008642	62692
a00008643	62693
a00008644	62694
a00008645	62695
a00008646	62696
a00008647	62697
a00008648	62698
a00008649	62699
a00008650	62700
a00008651	62701
a00008652	62702
a00008653	62703
a00008654	62704
a00008655	62705
a00008656	62706
a00008657	62707
a00008658	62708
a00008659	62709
a00008660	62710
a00008661	62711
a00008662	62712
a00008663	62713
a00008664	62714
a00008665	62715
a00008666	62716
a00008667	62717
a00008668	62718
a00008669	62719
a00008670	62720
a00008671	62721
a00008672	62722
a00008673	62723
a00008674	62724
a00008675	62725
a00008676	62726
a00008677	62727
a00008678	62728
a00008679	62729
a00008680	62730
a00008681	62731
a00008682	62732
a00008683	62733
a00008684	62734
a00008685	62735
a00008686	62736
a00008687	62737
a00008688	62738
a00008689	62739
a00008690	62740
a00008691	62741
a00008692	62742
a00008693	62743
a00008694	62744
a00008695	62745
a00008696	62746
a00008697	62747
a00008698	62748
a00008699	62749
a00008700	62750
a00008701	62751
a00008702	62752
a00008703	62753
a00008704	62754
a00008705	62755
a00008706	62756
a00008707	62757
a00008708	62758
a00008709	62759
a00008710	62760
a00008711	62761
a00008712	62762
a00008713	62763
a00008714	62764
a00008715	62765
a00008716	62766
a00008717	62767
a00008718	62768
a00008719	62769
a00008720	62770
a00008721	62771
a00008722	62772
a00008723	62773
a00008724	62774
a00008725	62775
a00008726	62776
a00008727	62777
a00008728	62778
a00008729	62779
a00008730	62780
a00008731	62781
a00008732	62782
a00008733	62783
a00008734	62784
a00008735	62785
a00008736	62786
a00008737	62787
a00008738	62788
a00008739	62789
a00008740	62790
a00008741	62791
a00008742	62792
a00008743	62793
a00008744	62794
a00008745	62795
a00008746	62796
a00008747	62797
a00008748	62798
a00008749	62799
a00008750	62800
a00008751	62801
a00008752	62802
a00008753	62803
a00008754	62804
a00008755	62805
a00008756	62806
a00008757	62807
a00008758	62808
a00008759	62809
a00008760	62810
a00008761	62811
a00008762	62812
a00008763	62813
a00008764	62814
a00008765	62815
a00008766	62816
a00008767	62817
a00008768	62818
a00008769	62819
a00008770	62820
a00008771	62821
a00008772	62822
a00008773	62823
a00008774	62824
a00008775	62825
a00008776	62826
a00008777	62827
a00008778	62828
a00008779	62829
a00008780	62830
a00008781	62831
a00008782	62832
a00008783	62833
a00008784	62834
a00008785	62835
a00008786	62836
a00008787	62837
a00008788	62838
a00008789	62839
a00008790	62840
a00008791	62841
a00008792	62842
a00008793	62843
a00008794	62844
a00008795	62845
a00008796	62846
a00008797	62847
a00008798	62848
a00008799	62849
a00008800	62850
a00008801	62851
a00008802	62852
a00008803	62853
a00008804	62854
a00008805	62855
a00008806	62856
a00008807	62857
a00008808	62858
a00008809	62859
a00008810	62860
a00008811	62861
a00008812	62862
a00008813	62863
a00008814	62864
a00008815	62865
a00008816	62866
a00008817	62867
a00008818	62868
a00008819	62869
a00008820	62870
a00008821	62871
a00008822	62872
a00008823	62873
a00008824	62874
a00008825	62875
a00008826	62876
a00008827	62877
a00008828	62878
a00008829	62879
a00008830	62880
a00008831	62881
a00008832	62882
a00008833	62883
a00008834	62884
a00008835	62885
a00008836	62886
a00008837	62887
a00008838	62888
a00008839	62889
a00008840	62890
a00008841	62891
a00008842	62892
a00008843	62893
a00008844	62894
a00008845	62895
a00008846	62896
a00008847	62897
a00008848	62898
a00008849	62899
a00008850	62900
a00008851	62901
a00008852	62902
a00008853	62903
a00008854	62904
a00008855	62905
a00008856	62906
a00008857	62907
a00008858	62908
a00008859	62909
a00008860	62910
a00008861	62911
a00008862	62912
a00008863	62913
a00008864	62914
a00008865	62915
a00008866	62916
a00008867	62917
a00008868	62918
a00008869	62919
a00008870	62920
a00008871	62921
a00008872	62922
a00008873	62923
a00008874	62924
a00008875	62925
a00008876	62926
a00008877	62927
a00008878	62928
a00008879	62929
a00008880	62930
a00008881	62931
a00008882	62932
a00008883	62933
a00008884	62934
a00008885	62935
a00008886	62936
a00008887	62937
a00008888	62938
a00008889	62939
a00008890	62940
a00008891	62941
a00008892	62942
a00008893	62943
a00008894	62944
a00008895	62945
a00008896	62946
a00008897	62947
a00008898	62948
a00008899	62949
a00008900	62950
a00008901	62951
a00008902	62952
a00008903	62953
a00008904	62954
a00008905	62955
a00008906	62956
a00008907	62957
a00008908	62958
a00008909	62959
a00008910	62960
a00008911	62961
a00008912	62962
a00008913	62963
a00008914	62964
a00008915	62965
a00008916	62966
a00008917	62967
a00008918	62968
a00008919	62969
a00008920	62970
a00008921	62971
a00008922	62972
a00008923	62973
a00008924	62974
a00008925	62975
a00008926	62976
a00008927	62977
a00008928	62978
a00008929	62979
a00008930	62980
a00008931	62981
a00008932	62982
a00008933	62983
a00008934	62984
a00008935	62985
a00008936	62986
a00008937	62987
a00008938	62988
a00008939	62989
a00008940	62990
a00008941	62991
a00008942	62992
a00008943	62993
a00008944	62994
a00008945	62995
a00008946	62996
a00008947	62997
a00008948	62998
a00008949	62999
a00008950	63000
a00008951	63001
a00008952	63002
a00008953	63003
a00008954	63004
a00008955	63005
a00008956	63006
a00008957	63007
a00008958	63008
a00008959	63009
a00008960	63010
a00008961	63011
a00008962	63012
a00008963	63013
a00008964	63014
a00008965	63015
a00008966	63016
a00008967	63017
a00008968	63018
a00008969	63019
a00008970	63020
a00008971	63021
a00008972	63022
a00008973	63023
a00008974	63024
a00008975	63025
a00008976	63026
a00008977	63027
a00008978	63028
a00008979	63029
a00008980	63030
a00008981	63031
a00008982	63032
a00008983	63033
a00008984	63034
a00008985	63035
a00008986	63036
a00008987	63037
a00008988	63038
a00008989	63039
a00008990	63040
a00008991	63041
a00008992	63042
a00008993	63043
a00008994	63044
a00008995	63045
a00008996	63046
a00008997	63047
a00008998	63048
a00008999	63049
a00009000	63050
a00009001	63051
a00009002	63052
a00009003	63053
a00009004	63054
a00009005	63055
a00009006	63056
a00009007	63057
a00009008	63058
a00009009	63059
a00009010	63060
a00009011	63061
a00009012	63062
a00009013	63063
a00009014	63064
a00009015	63065
a00009016	63066
a00009017	63067
a00009018	63068
a00009019	63069
a00009020	63070
a00009021	63071
a00009022	63072
a00009023	63073
a00009024	63074
a00009025	63075
a00009026	63076
a00009027	63077
a00009028	63078
a00009029	63079
a00009030	63080
a00009031	63081
a00009032	63082
a00009033	63083
a00009034	63084
a00009035	63085
a00009036	63086
a00009037	63087
a00009038	63088
a00009039	63089
a00009040	63090
a00009041	63091
a00009042	63092
a00009043	63093
a00009044	63094
a00009045	63095
a00009046	63096
a00009047	63097
a00009048	63098
a00009049	63099
a00009050	63100
a00009051	63101
a00009052	63102
a00009053	63103
a00009054	63104
a00009055	63105
a00009056	63106
a00009057	63107
a00009058	63108
a00009059	63109
a00009060	63110
a00009061	63111
a00009062	63112
a00009063	63113
a00009064	63114
a00009065	63115
a00009066	63116
a00009067	63117
a00009068	63118
a00009069	63119
a00009070	63120
a00009071	63121
a00009072	63122
a00009073	63123
a00009074	63124
a00009075	63125
a00009076	63126
a00009077	63127
a00009078	63128
a00009079	63129
a00009080	63130
a00009081	63131
a00009082	63132
a00009083	63133
a00009084	63134
a00009085	63135
a00009086	63136
a00009087	63137
a00009088	63138
a00009089	63139
a00009090	63140
a00009091	63141
a00009092	63142
a00009093	63143
a00009094	63144
a00009095	63145
a00009096	63146
a00009097	63147
a00009098	63148
a00009099	63149
a00009100	63150
a00009101	63151
a00009102	63152
a00009103	63153
a00009104	63154
a00009105	63155
a00009106	63156
a00009107	63157
a00009108	63158
a00009109	63159
a00009110	63160
a00009111	63161
a00009112	63162
a00009113	63163
a00009114	63164
a00009115	63165
a00009116	63166
a00009117	63167
a00009118	63168
a00009119	63169
a00009120	63170
a00009121	63171
a00009122	63172
a00009123	63173
a00009124	63174
a00009125	63175
a00009126	63176
a00009127	63177
a00009128	63178
a00009129	63179
a00009130	63180
a00009131	63181
a00009132	63182
a00009133	63183
a00009134	63184
a00009135	63185
a00009136	63186
a00009137	63187
a00009138	63188
a00009139	63189
a00009140	63190
a00009141	63191
a00009142	63192
a00009143	63193
a00009144	63194
a00009145	63195
a00009146	63196
a00009147	63197
a00009148	63198
a00009149	63199
a00009150	63200
a00009151	63201
a00009152	63202
a00009153	63203
a00009154	63204
a00009155	63205
a00009156	63206
a00009157	63207
a00009158	63208
a00009159	63209
a00009160	63210
a00009161	63211
a00009162	63212
a00009163	63213
a00009164	63214
a00009165	63215
a00009166	63216
a00009167	63217
a00009168	63218
a00009169	63219
a00009170	63220
a00009171	63221
a00009172	63222
a00009173	63223
a00009174	63224
a00009175	63225
a00009176	63226
a00009177	63227
a00009178	63228
a00009179	63229
a00009180	63230
a00009181	63231
a00009182	63232
a00009183	63233
a00009184	63234
a00009185	63235
a00009186	63236
a00009187	63237
a00009188	63238
a00009189	63239
a00009190	63240
a00009191	63241
a00009192	63242
a00009193	63243
a00009194	63244
a00009195	63245
a00009196	63246
a00009197	63247
a00009198	63248
a00009199	63249
a00009200	63250
a00009201	63251
a00009202	63252
a00009203	63253
a00009204	63254
a00009205	63255
a00009206	63256
a00009207	63257
a00009208	63258
a00009209	63259
a00009210	63260
a00009211	63261
a00009212	63262
a00009213	63263
a00009214	63264
a00009215	63265
a00009216	63266
a00009217	63267
a00009218	63268
a00009219	63269
a00009220	63270
a00009221	63271
a00009222	63272
a00009223	63273
a00009224	63274
a00009225	63275
a00009226	63276
a00009227	63277
a00009228	63278
a00009229	63279
a00009230	63280
a00009231	63281
a00009232	63282
a00009233	63283
a00009234	63284
a00009235	63285
a00009236	63286
a00009237	63287
a00009238	63288
a00009239	63289
a00009240	63290
a00009241	63291
a00009242	63292
a00009243	63293
a00009244	63294
a00009245	63295
a00009246	63296
a00009247	63297
a00009248	63298
a00009249	63299
a00009250	63300
a00009251	63301
a00009252	63302
a00009253	63303
a00009254	63304
a00009255	63305
a00009256	63306
a00009257	63307
a00009258	63308
a00009259	63309
a00009260	63310
a00009261	63311
a00009262	63312
a00009263	63313
a00009264	63314
a00009265	63315
a00009266	63316
a00009267	63317
a00009268	63318
a00009269	63319
a00009270	63320
a00009271	63321
a00009272	63322
a00009273	63323
a00009274	63324
a00009275	63325
a00009276	63326
a00009277	63327
a00009278	63328
a00009279	63329
a00009280	63330
a00009281	63331
a00009282	63332
a00009283	63333
a00000001	63334
a00000002	63335
a00000003	63336
a00000004	63337
a00000005	63338
a00000006	63339
a00000007	63340
a00000008	63341
a00000009	63342
a00000010	63343
a00000011	63344
a00000012	63345
a00000013	63346
a00000014	63347
a00000015	63348
a00000016	63349
a00000017	63350
a00000018	63351
a00000019	63352
a00000020	63353
a00000021	63354
a00000022	63355
a00000023	63356
a00000024	63357
a00000025	63358
a00000026	63359
a00000027	63360
a00000028	63361
a00000029	63362
a00000030	63363
a00000031	63364
a00000032	63365
a00000033	63366
a00000034	63367
a00000035	63368
a00000036	63369
a00000037	63370
a00000038	63371
a00000039	63372
a00000040	63373
a00000041	63374
a00000042	63375
a00000043	63376
a00000044	63377
a00000045	63378
a00000046	63379
a00000047	63380
a00000048	63381
a00000049	63382
a00000050	63383
a00000051	63384
a00000052	63385
a00000053	63386
a00000054	63387
a00000055	63388
a00000056	63389
a00000057	63390
a00000058	63391
a00000059	63392
a00000060	63393
a00000061	63394
a00000062	63395
a00000063	63396
a00000064	63397
a00000065	63398
a00000066	63399
a00000067	63400
a00000068	63401
a00000069	63402
a00000070	63403
a00000071	63404
a00000072	63405
a00000073	63406
a00000074	63407
a00000075	63408
a00000076	63409
a00000077	63410
a00000078	63411
a00000079	63412
a00000080	63413
a00000081	63414
a00000082	63415
a00000083	63416
a00000084	63417
a00000085	63418
a00000086	63419
a00000087	63420
a00000088	63421
a00000089	63422
a00000090	63423
a00000091	63424
a00000092	63425
a00000093	63426
a00000094	63427
a00000095	63428
a00000096	63429
a00000097	63430
a00000098	63431
a00000099	63432
a00000100	63433
a00000101	63434
a00000102	63435
a00000103	63436
a00000104	63437
a00000105	63438
a00000106	63439
a00000107	63440
a00000108	63441
a00000109	63442
a00000110	63443
a00000111	63444
a00000112	63445
a00000113	63446
a00000114	63447
a00000115	63448
a00000116	63449
a00000117	63450
a00000118	63451
a00000119	63452
a00000120	63453
a00000121	63454
a00000122	63455
a00000123	63456
a00000124	63457
a00000125	63458
a00000126	63459
a00000127	63460
a00000128	63461
a00000129	63462
a00000130	63463
a00000131	63464
a00000132	63465
a00000133	63466
a00000134	63467
a00000135	63468
a00000136	63469
a00000137	63470
a00000138	63471
a00000139	63472
a00000140	63473
a00000141	63474
a00000142	63475
a00000143	63476
a00000144	63477
a00000145	63478
a00000146	63479
a00000147	63480
a00000148	63481
a00000149	63482
a00000150	63483
a00000151	63484
a00000152	63485
a00000153	63486
a00000154	63487
a00000155	63488
a00000156	63489
a00000157	63490
a00000158	63491
a00000159	63492
a00000160	63493
a00000161	63494
a00000162	63495
a00000163	63496
a00000164	63497
a00000165	63498
a00000166	63499
a00000167	63500
a00000168	63501
a00000169	63502
a00000170	63503
a00000171	63504
a00000172	63505
a00000173	63506
a00000174	63507
a00000175	63508
a00000176	63509
a00000177	63510
a00000178	63511
a00000179	63512
a00000180	63513
a00000181	63514
a00000182	63515
a00000183	63516
a00000184	63517
a00000185	63518
a00000186	63519
a00000187	63520
a00000188	63521
a00000189	63522
a00000190	63523
a00000191	63524
a00000192	63525
a00000193	63526
a00000194	63527
a00000195	63528
a00000196	63529
a00000197	63530
a00000198	63531
a00000199	63532
a00000200	63533
a00000201	63534
a00000202	63535
a00000203	63536
a00000204	63537
a00000205	63538
a00000206	63539
a00000207	63540
a00000208	63541
a00000209	63542
a00000210	63543
a00000211	63544
a00000212	63545
a00000213	63546
a00000214	63547
a00000215	63548
a00000216	63549
a00000217	63550
a00000218	63551
a00000219	63552
a00000220	63553
a00000221	63554
a00000222	63555
a00000223	63556
a00000224	63557
a00000225	63558
a00000226	63559
a00000227	63560
a00000228	63561
a00000229	63562
a00000230	63563
a00000231	63564
a00000232	63565
a00000233	63566
a00000234	63567
a00000235	63568
a00000236	63569
a00000237	63570
a00000238	63571
a00000239	63572
a00000240	63573
a00000241	63574
a00000242	63575
a00000243	63576
a00000244	63577
a00000245	63578
a00000246	63579
a00000247	63580
a00000248	63581
a00000249	63582
a00000250	63583
a00000251	63584
a00000252	63585
a00000253	63586
a00000254	63587
a00000255	63588
a00000256	63589
a00000257	63590
a00000258	63591
a00000259	63592
a00000260	63593
a00000261	63594
a00000262	63595
a00000263	63596
a00000264	63597
a00000265	63598
a00000266	63599
a00000267	63600
a00000268	63601
a00000269	63602
a00000270	63603
a00000271	63604
a00000272	63605
a00000273	63606
a00000274	63607
a00000275	63608
a00000276	63609
a00000277	63610
a00000278	63611
a00000279	63612
a00000280	63613
a00000281	63614
a00000282	63615
a00000283	63616
a00000284	63617
a00000285	63618
a00000286	63619
a00000287	63620
a00000288	63621
a00000289	63622
a00000290	63623
a00000291	63624
a00000292	63625
a00000293	63626
a00000294	63627
a00000295	63628
a00000296	63629
a00000297	63630
a00000298	63631
a00000299	63632
a00000300	63633
a00000301	63634
a00000302	63635
a00000303	63636
a00000304	63637
a00000305	63638
a00000306	63639
a00000307	63640
a00000308	63641
a00000309	63642
a00000310	63643
a00000311	63644
a00000312	63645
a00000313	63646
a00000314	63647
a00000315	63648
a00000316	63649
a00000317	63650
a00000318	63651
a00000319	63652
a00000320	63653
a00000321	63654
a00000322	63655
a00000323	63656
a00000324	63657
a00000325	63658
a00000326	63659
a00000327	63660
a00000328	63661
a00000329	63662
a00000330	63663
a00000331	63664
a00000332	63665
a00000333	63666
a00000334	63667
a00000335	63668
a00000336	63669
a00000337	63670
a00000338	63671
a00000339	63672
a00000340	63673
a00000341	63674
a00000342	63675
a00000343	63676
a00000344	63677
a00000345	63678
a00000346	63679
a00000347	63680
a00000348	63681
a00000349	63682
a00000350	63683
a00000351	63684
a00000352	63685
a00000353	63686
a00000354	63687
a00000355	63688
a00000356	63689
a00000357	63690
a00000358	63691
a00000359	63692
a00000360	63693
a00000361	63694
a00000362	63695
a00000363	63696
a00000364	63697
a00000365	63698
a00000366	63699
a00000367	63700
a00000368	63701
a00000369	63702
a00000370	63703
a00000371	63704
a00000372	63705
a00000373	63706
a00000374	63707
a00000375	63708
a00000376	63709
a00000377	63710
a00000378	63711
a00000379	63712
a00000380	63713
a00000381	63714
a00000382	63715
a00000383	63716
a00000384	63717
a00000385	63718
a00000386	63719
a00000387	63720
a00000388	63721
a00000389	63722
a00000390	63723
a00000391	63724
a00000392	63725
a00000393	63726
a00000394	63727
a00000395	63728
a00000396	63729
a00000397	63730
a00000398	63731
a00000399	63732
a00000400	63733
a00000401	63734
a00000402	63735
a00000403	63736
a00000404	63737
a00000405	63738
a00000406	63739
a00000407	63740
a00000408	63741
a00000409	63742
a00000410	63743
a00000411	63744
a00000412	63745
a00000413	63746
a00000414	63747
a00000415	63748
a00000416	63749
a00000417	63750
a00000418	63751
a00000419	63752
a00000420	63753
a00000421	63754
a00000422	63755
a00000423	63756
a00000424	63757
a00000425	63758
a00000426	63759
a00000427	63760
a00000428	63761
a00000429	63762
a00000430	63763
a00000431	63764
a00000432	63765
a00000433	63766
a00000434	63767
a00000435	63768
a00000436	63769
a00000437	63770
a00000438	63771
a00000439	63772
a00000440	63773
a00000441	63774
a00000442	63775
a00000443	63776
a00000444	63777
a00000445	63778
a00000446	63779
a00000447	63780
a00000448	63781
a00000449	63782
a00000450	63783
a00000451	63784
a00000452	63785
a00000453	63786
a00000454	63787
a00000455	63788
a00000456	63789
a00000457	63790
a00000458	63791
a00000459	63792
a00000460	63793
a00000461	63794
a00000462	63795
a00000463	63796
a00000464	63797
a00000465	63798
a00000466	63799
a00000467	63800
a00000468	63801
a00000469	63802
a00000470	63803
a00000471	63804
a00000472	63805
a00000473	63806
a00000474	63807
a00000475	63808
a00000476	63809
a00000477	63810
a00000478	63811
a00000479	63812
a00000480	63813
a00000481	63814
a00000482	63815
a00000483	63816
a00000484	63817
a00000485	63818
a00000486	63819
a00000487	63820
a00000488	63821
a00000489	63822
a00000490	63823
a00000491	63824
a00000492	63825
a00000493	63826
a00000494	63827
a00000495	63828
a00000496	63829
a00000497	63830
a00000498	63831
a00000499	63832
a00000500	63833
a00000501	63834
a00000502	63835
a00000503	63836
a00000504	63837
a00000505	63838
a00000506	63839
a00000507	63840
a00000508	63841
a00000509	63842
a00000510	63843
a00000511	63844
a00000512	63845
a00000513	63846
a00000514	63847
a00000515	63848
a00000516	63849
a00000517	63850
a00000518	63851
a00000519	63852
a00000520	63853
a00000521	63854
a00000522	63855
a00000523	63856
a00000524	63857
a00000525	63858
a00000526	63859
a00000527	63860
a00000528	63861
a00000529	63862
a00000530	63863
a00000531	63864
a00000532	63865
a00000533	63866
a00000534	63867
a00000535	63868
a00000536	63869
a00000537	63870
a00000538	63871
a00000539	63872
a00000540	63873
a00000541	63874
a00000542	63875
a00000543	63876
a00000544	63877
a00000545	63878
a00000546	63879
a00000547	63880
a00000548	63881
a00000549	63882
a00000550	63883
a00000551	63884
a00000552	63885
a00000553	63886
a00000554	63887
a00000555	63888
a00000556	63889
a00000557	63890
a00000558	63891
a00000559	63892
a00000560	63893
a00000561	63894
a00000562	63895
a00000563	63896
a00000564	63897
a00000565	63898
a00000566	63899
a00000567	63900
a00000568	63901
a00000569	63902
a00000570	63903
a00000571	63904
a00000572	63905
a00000573	63906
a00000574	63907
a00000575	63908
a00000576	63909
a00000577	63910
a00000578	63911
a00000579	63912
a00000580	63913
a00000581	63914
a00000582	63915
a00000583	63916
a00000584	63917
a00000585	63918
a00000586	63919
a00000587	63920
a00000588	63921
a00000589	63922
a00000590	63923
a00000591	63924
a00000592	63925
a00000593	63926
a00000594	63927
a00000595	63928
a00000596	63929
a00000597	63930
a00000598	63931
a00000599	63932
a00000600	63933
a00000601	63934
a00000602	63935
a00000603	63936
a00000604	63937
a00000605	63938
a00000606	63939
a00000607	63940
a00000608	63941
a00000609	63942
a00000610	63943
a00000611	63944
a00000612	63945
a00000613	63946
a00000614	63947
a00000615	63948
a00000616	63949
a00000617	63950
a00000618	63951
a00000619	63952
a00000620	63953
a00000621	63954
a00000622	63955
a00000623	63956
a00000624	63957
a00000625	63958
a00000626	63959
a00000627	63960
a00000628	63961
a00000629	63962
a00000630	63963
a00000631	63964
a00000632	63965
a00000633	63966
a00000634	63967
a00000635	63968
a00000636	63969
a00000637	63970
a00000638	63971
a00000639	63972
a00000640	63973
a00000641	63974
a00000642	63975
a00000643	63976
a00000644	63977
a00000645	63978
a00000646	63979
a00000647	63980
a00000648	63981
a00000649	63982
a00000650	63983
a00000651	63984
a00000652	63985
a00000653	63986
a00000654	63987
a00000655	63988
a00000656	63989
a00000657	63990
a00000658	63991
a00000659	63992
a00000660	63993
a00000661	63994
a00000662	63995
a00000663	63996
a00000664	63997
a00000665	63998
a00000666	63999
a00000667	64000
a00000668	64001
a00000669	64002
a00000670	64003
a00000671	64004
a00000672	64005
a00000673	64006
a00000674	64007
a00000675	64008
a00000676	64009
a00000677	64010
a00000678	64011
a00000679	64012
a00000680	64013
a00000681	64014
a00000682	64015
a00000683	64016
a00000684	64017
a00000685	64018
a00000686	64019
a00000687	64020
a00000688	64021
a00000689	64022
a00000690	64023
a00000691	64024
a00000692	64025
a00000693	64026
a00000694	64027
a00000695	64028
a00000696	64029
a00000697	64030
a00000698	64031
a00000699	64032
a00000700	64033
a00000701	64034
a00000702	64035
a00000703	64036
a00000704	64037
a00000705	64038
a00000706	64039
a00000707	64040
a00000708	64041
a00000709	64042
a00000710	64043
a00000711	64044
a00000712	64045
a00000713	64046
a00000714	64047
a00000715	64048
a00000716	64049
a00000717	64050
a00000718	64051
a00000719	64052
a00000720	64053
a00000721	64054
a00000722	64055
a00000723	64056
a00000724	64057
a00000725	64058
a00000726	64059
a00000727	64060
a00000728	64061
a00000729	64062
a00000730	64063
a00000731	64064
a00000732	64065
a00000733	64066
a00000734	64067
a00000735	64068
a00000736	64069
a00000737	64070
a00000738	64071
a00000739	64072
a00000740	64073
a00000741	64074
a00000742	64075
a00000743	64076
a00000744	64077
a00000745	64078
a00000746	64079
a00000747	64080
a00000748	64081
a00000749	64082
a00000750	64083
a00000751	64084
a00000752	64085
a00000753	64086
a00000754	64087
a00000755	64088
a00000756	64089
a00000757	64090
a00000758	64091
a00000759	64092
a00000760	64093
a00000761	64094
a00000762	64095
a00000763	64096
a00000764	64097
a00000765	64098
a00000766	64099
a00000767	64100
a00000768	64101
a00000769	64102
a00000770	64103
a00000771	64104
a00000772	64105
a00000773	64106
a00000774	64107
a00000775	64108
a00000776	64109
a00000777	64110
a00000778	64111
a00000779	64112
a00000780	64113
a00000781	64114
a00000782	64115
a00000783	64116
a00000784	64117
a00000785	64118
a00000786	64119
a00000787	64120
a00000788	64121
a00000789	64122
a00000790	64123
a00000791	64124
a00000792	64125
a00000793	64126
a00000794	64127
a00000795	64128
a00000796	64129
a00000797	64130
a00000798	64131
a00000799	64132
a00000800	64133
a00000801	64134
a00000802	64135
a00000803	64136
a00000804	64137
a00000805	64138
a00000806	64139
a00000807	64140
a00000808	64141
a00000809	64142
a00000810	64143
a00000811	64144
a00000812	64145
a00000813	64146
a00000814	64147
a00000815	64148
a00000816	64149
a00000817	64150
a00000818	64151
a00000819	64152
a00000820	64153
a00000821	64154
a00000822	64155
a00000823	64156
a00000824	64157
a00000825	64158
a00000826	64159
a00000827	64160
a00000828	64161
a00000829	64162
a00000830	64163
a00000831	64164
a00000832	64165
a00000833	64166
a00000834	64167
a00000835	64168
a00000836	64169
a00000837	64170
a00000838	64171
a00000839	64172
a00000840	64173
a00000841	64174
a00000842	64175
a00000843	64176
a00000844	64177
a00000845	64178
a00000846	64179
a00000847	64180
a00000848	64181
a00000849	64182
a00000850	64183
a00000851	64184
a00000852	64185
a00000853	64186
a00000854	64187
a00000855	64188
a00000856	64189
a00000857	64190
a00000858	64191
a00000859	64192
a00000860	64193
a00000861	64194
a00000862	64195
a00000863	64196
a00000864	64197
a00000865	64198
a00000866	64199
a00000867	64200
a00000868	64201
a00000869	64202
a00000870	64203
a00000871	64204
a00000872	64205
a00000873	64206
a00000874	64207
a00000875	64208
a00000876	64209
a00000877	64210
a00000878	64211
a00000879	64212
a00000880	64213
a00000881	64214
a00000882	64215
a00000883	64216
a00000884	64217
a00000885	64218
a00000886	64219
a00000887	64220
a00000888	64221
a00000889	64222
a00000890	64223
a00000891	64224
a00000892	64225
a00000893	64226
a00000894	64227
a00000895	64228
a00000896	64229
a00000897	64230
a00000898	64231
a00000899	64232
a00000900	64233
a00000901	64234
a00000902	64235
a00000903	64236
a00000904	64237
a00000905	64238
a00000906	64239
a00000907	64240
a00000908	64241
a00000909	64242
a00000910	64243
a00000911	64244
a00000912	64245
a00000913	64246
a00000914	64247
a00000915	64248
a00000916	64249
a00000917	64250
a00000918	64251
a00000919	64252
a00000920	64253
a00000921	64254
a00000922	64255
a00000923	64256
a00000924	64257
a00000925	64258
a00000926	64259
a00000927	64260
a00000928	64261
a00000929	64262
a00000930	64263
a00000931	64264
a00000932	64265
a00000933	64266
a00000934	64267
a00000935	64268
a00000936	64269
a00000937	64270
a00000938	64271
a00000939	64272
a00000940	64273
a00000941	64274
a00000942	64275
a00000943	64276
a00000944	64277
a00000945	64278
a00000946	64279
a00000947	64280
a00000948	64281
a00000949	64282
a00000950	64283
a00000951	64284
a00000952	64285
a00000953	64286
a00000954	64287
a00000955	64288
a00000956	64289
a00000957	64290
a00000958	64291
a00000959	64292
a00000960	64293
a00000961	64294
a00000962	64295
a00000963	64296
a00000964	64297
a00000965	64298
a00000966	64299
a00000967	64300
a00000968	64301
a00000969	64302
a00000970	64303
a00000971	64304
a00000972	64305
a00000973	64306
a00000974	64307
a00000975	64308
a00000976	64309
a00000977	64310
a00000978	64311
a00000979	64312
a00000980	64313
a00000981	64314
a00000982	64315
a00000983	64316
a00000984	64317
a00000985	64318
a00000986	64319
a00000987	64320
a00000988	64321
a00000989	64322
a00000990	64323
a00000991	64324
a00000992	64325
a00000993	64326
a00000994	64327
a00000995	64328
a00000996	64329
a00000997	64330
a00000998	64331
a00000999	64332
a00001000	64333
a00001001	64334
a00001002	64335
a00001003	64336
a00001004	64337
a00001005	64338
a00001006	64339
a00001007	64340
a00001008	64341
a00001009	64342
a00001010	64343
a00001011	64344
a00001012	64345
a00001013	64346
a00001014	64347
a00001015	64348
a00001016	64349
a00001017	64350
a00001018	64351
a00001019	64352
a00001020	64353
a00001021	64354
a00001022	64355
a00001023	64356
a00001024	64357
a00001025	64358
a00001026	64359
a00001027	64360
a00001028	64361
a00001029	64362
a00001030	64363
a00001031	64364
a00001032	64365
a00001033	64366
a00001034	64367
a00001035	64368
a00001036	64369
a00001037	64370
a00001038	64371
a00001039	64372
a00001040	64373
a00001041	64374
a00001042	64375
a00001043	64376
a00001044	64377
a00001045	64378
a00001046	64379
a00001047	64380
a00001048	64381
a00001049	64382
a00001050	64383
a00001051	64384
a00001052	64385
a00001053	64386
a00001054	64387
a00001055	64388
a00001056	64389
a00001057	64390
a00001058	64391
a00001059	64392
a00001060	64393
a00001061	64394
a00001062	64395
a00001063	64396
a00001064	64397
a00001065	64398
a00001066	64399
a00001067	64400
a00001068	64401
a00001069	64402
a00001070	64403
a00001071	64404
a00001072	64405
a00001073	64406
a00001074	64407
a00001075	64408
a00001076	64409
a00001077	64410
a00001078	64411
a00001079	64412
a00001080	64413
a00001081	64414
a00001082	64415
a00001083	64416
a00001084	64417
a00001085	64418
a00001086	64419
a00001087	64420
a00001088	64421
a00001089	64422
a00001090	64423
a00001091	64424
a00001092	64425
a00001093	64426
a00001094	64427
a00001095	64428
a00001096	64429
a00001097	64430
a00001098	64431
a00001099	64432
a00001100	64433
a00001101	64434
a00001102	64435
