annotation	node
a00000000	259432
a00005401	259433
a00005402	259434
a00005403	259435
a00005404	259436
a00005405	259437
a00005406	259438
a00005407	259439
a00005408	259440
a00005409	259441
a00005410	259442
a00005411	259443
a00005412	259444
a00005413	259445
a00005414	259446
a00005415	259447
a00005416	259448
a00005417	259449
a00005418	259450
a00005419	259451
a00005420	259452
a00005421	259453
a00005422	259454
a00005423	259455
a00005424	259456
a00005425	259457
a00005426	259458
a00005427	259459
a00005428	259460
a00005429	259461
a00005430	259462
a00005431	259463
a00005432	259464
a00005433	259465
a00005434	259466
a00005435	259467
a00005436	259468
a00005437	259469
a00005438	259470
a00005439	259471
a00005440	259472
a00005441	259473
a00005442	259474
a00005443	259475
a00005444	259476
a00005445	259477
a00005446	259478
a00005447	259479
a00005448	259480
a00005449	259481
a00005450	259482
a00005451	259483
a00005452	259484
a00005453	259485
a00005454	259486
a00005455	259487
a00005456	259488
a00005457	259489
a00005458	259490
a00005459	259491
a00005460	259492
a00005461	259493
a00005462	259494
a00005463	259495
a00005464	259496
a00005465	259497
a00005466	259498
a00005467	259499
a00005468	259500
a00005469	259501
a00005470	259502
a00005471	259503
a00005472	259504
a00005473	259505
a00005474	259506
a00005475	259507
a00005476	259508
a00005477	259509
a00005478	259510
a00005479	259511
a00005480	259512
a00005481	259513
a00005482	259514
a00005483	259515
a00005484	259516
a00005485	259517
a00005486	259518
a00005487	259519
a00005488	259520
a00005489	259521
a00005490	259522
a00005491	259523
a00005492	259524
a00005493	259525
a00005494	259526
a00005495	259527
a00005496	259528
a00005497	259529
a00005498	259530
a00005499	259531
a00005500	259532
a00005501	259533
a00005502	259534
a00005503	259535
a00005504	259536
a00005505	259537
a00005506	259538
a00005507	259539
a00005508	259540
a00005509	259541
a00005510	259542
a00005511	259543
a00005512	259544
a00005513	259545
a00005514	259546
a00005515	259547
a00005516	259548
a00005517	259549
a00005518	259550
a00005519	259551
a00005520	259552
a00005521	259553
a00005522	259554
a00005523	259555
a00005524	259556
a00005525	259557
a00005526	259558
a00005527	259559
a00005528	259560
a00005529	259561
a00005530	259562
a00005531	259563
a00005532	259564
a00005533	259565
a00005534	259566
a00005535	259567
a00005536	259568
a00005537	259569
a00005538	259570
a00005539	259571
a00005540	259572
a00005541	259573
a00005542	259574
a00005543	259575
a00005544	259576
a00005545	259577
a00005546	259578
a00005547	259579
a00005548	259580
a00005549	259581
a00005550	259582
a00005551	259583
a00005552	259584
a00005553	259585
a00005554	259586
a00005555	259587
a00005556	259588
a00005557	259589
a00005558	259590
a00005559	259591
a00005560	259592
a00005561	259593
a00005562	259594
a00005563	259595
a00005564	259596
a00005565	259597
a00005566	259598
a00005567	259599
a00005568	259600
a00005569	259601
a00005570	259602
a00005571	259603
a00005572	259604
a00005573	259605
a00005574	259606
a00005575	259607
a00005576	259608
a00005577	259609
a00005578	259610
a00005579	259611
a00005580	259612
a00005581	259613
a00005582	259614
a00005583	259615
a00005584	259616
a00005585	259617
a00005586	259618
a00005587	259619
a00005588	259620
a00005589	259621
a00005590	259622
a00005591	259623
a00005592	259624
a00005593	259625
a00005594	259626
a00005595	259627
a00005596	259628
a00005597	259629
a00005598	259630
a00005599	259631
a00005600	259632
a00005601	259633
a00005602	259634
a00005603	259635
a00005604	259636
a00005605	259637
a00005606	259638
a00005607	259639
a00005608	259640
a00005609	259641
a00005610	259642
a00005611	259643
a00005612	259644
a00005613	259645
a00005614	259646
a00005615	259647
a00005616	259648
a00005617	259649
a00005618	259650
a00005619	259651
a00005620	259652
a00005621	259653
a00005622	259654
a00005623	259655
a00005624	259656
a00005625	259657
a00005626	259658
a00005627	259659
a00005628	259660
a00005629	259661
a00005630	259662
a00005631	259663
a00005632	259664
a00005633	259665
a00005634	259666
a00005635	259667
a00005636	259668
a00005637	259669
a00005638	259670
a00005639	259671
a00005640	259672
a00005641	259673
a00005642	259674
a00005643	259675
a00005644	259676
a00005645	259677
a00005646	259678
a00005647	259679
a00005648	259680
a00005649	259681
a00005650	259682
a00005651	259683
a00005652	259684
a00005653	259685
a00005654	259686
a00005655	259687
a00005656	259688
a00005657	259689
a00005658	259690
a00005659	259691
a00005660	259692
a00005661	259693
a00005662	259694
a00005663	259695
a00005664	259696
a00005665	259697
a00005666	259698
a00005667	259699
a00005668	259700
a00005669	259701
a00005670	259702
a00005671	259703
a00005672	259704
a00005673	259705
a00005674	259706
a00005675	259707
a00005676	259708
a00005677	259709
a00005678	259710
a00005679	259711
a00005680	259712
a00005681	259713
a00005682	259714
a00005683	259715
a00005684	259716
a00005685	259717
a00005686	259718
a00005687	259719
a00005688	259720
a00005689	259721
a00005690	259722
a00005691	259723
a00005692	259724
a00005693	259725
a00005694	259726
a00005695	259727
a00005696	259728
a00005697	259729
a00005698	259730
a00005699	259731
a00005700	259732
a00005701	259733
a00005702	259734
a00005703	259735
a00005704	259736
a00005705	259737
a00005706	259738
a00005707	259739
a00005708	259740
a00005709	259741
a00005710	259742
a00005711	259743
a00005712	259744
a00005713	259745
a00005714	259746
a00005715	259747
a00005716	259748
a00005717	259749
a00005718	259750
a00005719	259751
a00005720	259752
a00005721	259753
a00005722	259754
a00005723	259755
a00005724	259756
a00005725	259757
a00005726	259758
a00005727	259759
a00005728	259760
a00005729	259761
a00005730	259762
a00005731	259763
a00005732	259764
a00005733	259765
a00005734	259766
a00005735	259767
a00005736	259768
a00005737	259769
a00005738	259770
a00005739	259771
a00005740	259772
a00005741	259773
a00005742	259774
a00005743	259775
a00005744	259776
a00005745	259777
a00005746	259778
a00005747	259779
a00005748	259780
a00005749	259781
a00005750	259782
a00005751	259783
a00005752	259784
a00005753	259785
a00005754	259786
a00005755	259787
a00005756	259788
a00005757	259789
a00005758	259790
a00005759	259791
a00005760	259792
a00005761	259793
a00005762	259794
a00005763	259795
a00005764	259796
a00005765	259797
a00005766	259798
a00005767	259799
a00005768	259800
a00005769	259801
a00005770	259802
a00005771	259803
a00005772	259804
a00005773	259805
a00005774	259806
a00005775	259807
a00005776	259808
a00005777	259809
a00005778	259810
a00005779	259811
a00005780	259812
a00005781	259813
a00005782	259814
a00005783	259815
a00005784	259816
a00005785	259817
a00005786	259818
a00005787	259819
a00005788	259820
a00005789	259821
a00005790	259822
a00005791	259823
a00005792	259824
a00005793	259825
a00005794	259826
a00005795	259827
a00005796	259828
a00005797	259829
a00005798	259830
a00005799	259831
a00005800	259832
a00005801	259833
a00005802	259834
a00005803	259835
a00005804	259836
a00005805	259837
a00005806	259838
a00005807	259839
a00005808	259840
a00005809	259841
a00005810	259842
a00005811	259843
a00005812	259844
a00005813	259845
a00005814	259846
a00005815	259847
a00005816	259848
a00005817	259849
a00005818	259850
a00005819	259851
a00005820	259852
a00005821	259853
a00005822	259854
a00005823	259855
a00005824	259856
a00005825	259857
a00005826	259858
a00005827	259859
a00005828	259860
a00005829	259861
a00005830	259862
a00005831	259863
a00005832	259864
a00005833	259865
a00005834	259866
a00005835	259867
a00005836	259868
a00005837	259869
a00005838	259870
a00005839	259871
a00005840	259872
a00005841	259873
a00005842	259874
a00005843	259875
a00005844	259876
a00005845	259877
a00005846	259878
a00005847	259879
a00005848	259880
a00005849	259881
a00005850	259882
a00005851	259883
a00005852	259884
a00005853	259885
a00005854	259886
a00005855	259887
a00005856	259888
a00005857	259889
a00005858	259890
a00005859	259891
a00005860	259892
a00005861	259893
a00005862	259894
a00005863	259895
a00005864	259896
a00005865	259897
a00005866	259898
a00005867	259899
a00005868	259900
a00005869	259901
a00005870	259902
a00005871	259903
a00005872	259904
a00005873	259905
a00005874	259906
a00005875	259907
a00005876	259908
a00005877	259909
a00005878	259910
a00005879	259911
a00005880	259912
a00005881	259913
a00005882	259914
a00005883	259915
a00005884	259916
a00005885	259917
a00005886	259918
a00005887	259919
a00005888	259920
a00005889	259921
a00005890	259922
a00005891	259923
a00005892	259924
a00005893	259925
a00005894	259926
a00005895	259927
a00005896	259928
a00005897	259929
a00005898	259930
a00005899	259931
a00005900	259932
a00005901	259933
a00005902	259934
a00005903	259935
a00005904	259936
a00005905	259937
a00005906	259938
a00005907	259939
a00005908	259940
a00005909	259941
a00005910	259942
a00005911	259943
a00005912	259944
a00005913	259945
a00005914	259946
a00005915	259947
a00005916	259948
a00005917	259949
a00005918	259950
a00005919	259951
a00005920	259952
a00005921	259953
a00005922	259954
a00005923	259955
a00005924	259956
a00005925	259957
a00005926	259958
a00005927	259959
a00005928	259960
a00005929	259961
a00005930	259962
a00005931	259963
a00005932	259964
a00005933	259965
a00005934	259966
a00005935	259967
a00005936	259968
a00005937	259969
a00005938	259970
a00005939	259971
a00005940	259972
a00005941	259973
a00005942	259974
a00005943	259975
a00005944	259976
a00005945	259977
a00005946	259978
a00005947	259979
a00005948	259980
a00005949	259981
a00005950	259982
a00005951	259983
a00005952	259984
a00005953	259985
a00005954	259986
a00005955	259987
a00005956	259988
a00005957	259989
a00005958	259990
a00005959	259991
a00005960	259992
a00005961	259993
a00005962	259994
a00005963	259995
a00005964	259996
a00005965	259997
a00005966	259998
a00005967	259999
a00005968	260000
a00005969	260001
a00005970	260002
a00005971	260003
a00005972	260004
a00005973	260005
a00005974	260006
a00005975	260007
a00005976	260008
a00005977	260009
a00005978	260010
a00005979	260011
a00005980	260012
a00005981	260013
a00005982	260014
a00005983	260015
a00005984	260016
a00005985	260017
a00005986	260018
a00005987	260019
a00005988	260020
a00005989	260021
a00005990	260022
a00005991	260023
a00005992	260024
a00005993	260025
a00005994	260026
a00005995	260027
a00005996	260028
a00005997	260029
a00005998	260030
a00005999	260031
a00006000	260032
a00006001	260033
a00006002	260034
a00006003	260035
a00006004	260036
a00006005	260037
a00006006	260038
a00006007	260039
a00006008	260040
a00006009	260041
a00006010	260042
a00006011	260043
a00006012	260044
a00006013	260045
a00006014	260046
a00006015	260047
a00006016	260048
a00006017	260049
a00006018	260050
a00006019	260051
a00006020	260052
a00006021	260053
a00006022	260054
a00006023	260055
a00006024	260056
a00006025	260057
a00006026	260058
a00006027	260059
a00006028	260060
a00006029	260061
a00006030	260062
a00006031	260063
a00006032	260064
a00006033	260065
a00006034	260066
a00006035	260067
a00006036	260068
a00006037	260069
a00006038	260070
a00006039	260071
a00006040	260072
a00006041	260073
a00006042	260074
a00006043	260075
a00006044	260076
a00006045	260077
a00006046	260078
a00006047	260079
a00006048	260080
a00006049	260081
a00006050	260082
a00006051	260083
a00006052	260084
a00006053	260085
a00006054	260086
a00006055	260087
a00006056	260088
a00006057	260089
a00006058	260090
a00006059	260091
a00006060	260092
a00006061	260093
a00006062	260094
a00006063	260095
a00006064	260096
a00006065	260097
a00006066	260098
a00006067	260099
a00006068	260100
a00006069	260101
a00006070	260102
a00006071	260103
a00006072	260104
a00006073	260105
a00006074	260106
a00006075	260107
a00006076	260108
a00006077	260109
a00006078	260110
a00006079	260111
a00006080	260112
a00006081	260113
a00006082	260114
a00006083	260115
a00006084	260116
a00006085	260117
a00006086	260118
a00006087	260119
a00006088	260120
a00006089	260121
a00006090	260122
a00006091	260123
a00006092	260124
a00006093	260125
a00006094	260126
a00006095	260127
a00006096	260128
a00006097	260129
a00006098	260130
a00006099	260131
a00006100	260132
a00006101	260133
a00006102	260134
a00006103	260135
a00006104	260136
a00006105	260137
a00006106	260138
a00006107	260139
a00006108	260140
a00006109	260141
a00006110	260142
a00006111	260143
a00006112	260144
a00006113	260145
a00006114	260146
a00006115	260147
a00006116	260148
a00006117	260149
a00006118	260150
a00006119	260151
a00006120	260152
a00006121	260153
a00006122	260154
a00006123	260155
a00006124	260156
a00006125	260157
a00006126	260158
a00006127	260159
a00006128	260160
a00006129	260161
a00006130	260162
a00006131	260163
a00006132	260164
a00006133	260165
a00006134	260166
a00006135	260167
a00006136	260168
a00006137	260169
a00006138	260170
a00006139	260171
a00006140	260172
a00006141	260173
a00006142	260174
a00006143	260175
a00006144	260176
a00006145	260177
a00006146	260178
a00006147	260179
a00006148	260180
a00006149	260181
a00006150	260182
a00006151	260183
a00006152	260184
a00006153	260185
a00006154	260186
a00006155	260187
a00006156	260188
a00006157	260189
a00006158	260190
a00006159	260191
a00006160	260192
a00006161	260193
a00006162	260194
a00006163	260195
a00006164	260196
a00006165	260197
a00006166	260198
a00006167	260199
a00006168	260200
a00006169	260201
a00006170	260202
a00006171	260203
a00006172	260204
a00006173	260205
a00006174	260206
a00006175	260207
a00006176	260208
a00006177	260209
a00006178	260210
a00006179	260211
a00006180	260212
a00006181	260213
a00006182	260214
a00006183	260215
a00006184	260216
a00006185	260217
a00006186	260218
a00006187	260219
a00006188	260220
a00006189	260221
a00006190	260222
a00006191	260223
a00006192	260224
a00006193	260225
a00006194	260226
a00006195	260227
a00006196	260228
a00006197	260229
a00006198	260230
a00006199	260231
a00006200	260232
a00006201	260233
a00006202	260234
a00006203	260235
a00006204	260236
a00006205	260237
a00006206	260238
a00006207	260239
a00006208	260240
a00006209	260241
a00006210	260242
a00006211	260243
a00006212	260244
a00006213	260245
a00006214	260246
a00006215	260247
a00006216	260248
a00006217	260249
a00006218	260250
a00006219	260251
a00006220	260252
a00006221	260253
a00006222	260254
a00006223	260255
a00006224	260256
a00006225	260257
a00006226	260258
a00006227	260259
a00006228	260260
a00006229	260261
a00006230	260262
a00006231	260263
a00006232	260264
a00006233	260265
a00006234	260266
a00006235	260267
a00006236	260268
a00006237	260269
a00006238	260270
a00006239	260271
a00006240	260272
a00006241	260273
a00006242	260274
a00006243	260275
a00006244	260276
a00006245	260277
a00006246	260278
a00006247	260279
a00006248	260280
a00006249	260281
a00006250	260282
a00006251	260283
a00006252	260284
a00006253	260285
a00006254	260286
a00006255	260287
a00006256	260288
a00006257	260289
a00006258	260290
a00006259	260291
a00006260	260292
a00006261	260293
a00006262	260294
a00006263	260295
a00006264	260296
a00006265	260297
a00006266	260298
a00006267	260299
a00006268	260300
a00006269	260301
a00006270	260302
a00006271	260303
a00006272	260304
a00006273	260305
a00006274	260306
a00006275	260307
a00006276	260308
a00006277	260309
a00006278	260310
a00006279	260311
a00006280	260312
a00006281	260313
a00006282	260314
a00006283	260315
a00006284	260316
a00006285	260317
a00006286	260318
a00006287	260319
a00006288	260320
a00006289	260321
a00006290	260322
a00006291	260323
a00006292	260324
a00006293	260325
a00006294	260326
a00006295	260327
a00006296	260328
a00006297	260329
a00006298	260330
a00006299	260331
a00006300	260332
a00006301	260333
a00006302	260334
a00006303	260335
a00006304	260336
a00006305	260337
a00006306	260338
a00006307	260339
a00006308	260340
a00006309	260341
a00006310	260342
a00006311	260343
a00006312	260344
a00006313	260345
a00006314	260346
a00006315	260347
a00006316	260348
a00006317	260349
a00006318	260350
a00006319	260351
a00006320	260352
a00006321	260353
a00006322	260354
a00006323	260355
a00006324	260356
a00006325	260357
a00006326	260358
a00006327	260359
a00006328	260360
a00006329	260361
a00006330	260362
a00006331	260363
a00006332	260364
a00006333	260365
a00006334	260366
a00006335	260367
a00006336	260368
a00006337	260369
a00006338	260370
a00006339	260371
a00006340	260372
a00006341	260373
a00006342	260374
a00006343	260375
a00006344	260376
a00006345	260377
a00006346	260378
a00006347	260379
a00006348	260380
a00006349	260381
a00006350	260382
a00006351	260383
a00006352	260384
a00006353	260385
a00006354	260386
a00006355	260387
a00006356	260388
a00006357	260389
a00006358	260390
a00006359	260391
a00006360	260392
a00006361	260393
a00006362	260394
a00006363	260395
a00006364	260396
a00006365	260397
a00006366	260398
a00006367	260399
a00006368	260400
a00006369	260401
a00006370	260402
a00006371	260403
a00006372	260404
a00006373	260405
a00006374	260406
a00006375	260407
a00006376	260408
a00006377	260409
a00006378	260410
a00006379	260411
a00006380	260412
a00006381	260413
a00006382	260414
a00006383	260415
a00006384	260416
a00006385	260417
a00006386	260418
a00006387	260419
a00006388	260420
a00006389	260421
a00006390	260422
a00006391	260423
a00006392	260424
a00006393	260425
a00006394	260426
a00006395	260427
a00006396	260428
a00006397	260429
a00006398	260430
a00006399	260431
a00006400	260432
a00006401	260433
a00006402	260434
a00006403	260435
a00006404	260436
a00006405	260437
a00006406	260438
a00006407	260439
a00006408	260440
a00006409	260441
a00006410	260442
a00006411	260443
a00006412	260444
a00006413	260445
a00006414	260446
a00006415	260447
a00006416	260448
a00006417	260449
a00006418	260450
a00006419	260451
a00006420	260452
a00006421	260453
a00006422	260454
a00006423	260455
a00006424	260456
a00006425	260457
a00006426	260458
a00006427	260459
a00006428	260460
a00006429	260461
a00006430	260462
a00006431	260463
a00006432	260464
a00006433	260465
a00006434	260466
a00006435	260467
a00006436	260468
a00006437	260469
a00006438	260470
a00006439	260471
a00006440	260472
a00006441	260473
a00006442	260474
a00006443	260475
a00006444	260476
a00006445	260477
a00006446	260478
a00006447	260479
a00006448	260480
a00006449	260481
a00006450	260482
a00006451	260483
a00006452	260484
a00006453	260485
a00006454	260486
a00006455	260487
a00006456	260488
a00006457	260489
a00006458	260490
a00006459	260491
a00006460	260492
a00006461	260493
a00006462	260494
a00006463	260495
a00006464	260496
a00006465	260497
a00006466	260498
a00006467	260499
a00006468	260500
a00006469	260501
a00006470	260502
a00006471	260503
a00006472	260504
a00006473	260505
a00006474	260506
a00006475	260507
a00006476	260508
a00006477	260509
a00006478	260510
a00006479	260511
a00006480	260512
a00006481	260513
a00006482	260514
a00006483	260515
a00006484	260516
a00006485	260517
a00006486	260518
a00006487	260519
a00006488	260520
a00006489	260521
a00006490	260522
a00006491	260523
a00006492	260524
a00006493	260525
a00006494	260526
a00006495	260527
a00006496	260528
a00006497	260529
a00006498	260530
a00006499	260531
a00006500	260532
a00006501	260533
a00006502	260534
a00006503	260535
a00006504	260536
a00006505	260537
a00006506	260538
a00006507	260539
a00006508	260540
a00006509	260541
a00006510	260542
a00006511	260543
a00006512	260544
a00006513	260545
a00006514	260546
a00006515	260547
a00006516	260548
a00006517	260549
a00006518	260550
a00006519	260551
a00006520	260552
a00006521	260553
a00006522	260554
a00006523	260555
a00006524	260556
a00006525	260557
a00006526	260558
a00006527	260559
a00006528	260560
a00006529	260561
a00006530	260562
a00006531	260563
a00006532	260564
a00006533	260565
a00006534	260566
a00006535	260567
a00006536	260568
a00006537	260569
a00006538	260570
a00006539	260571
a00006540	260572
a00006541	260573
a00006542	260574
a00006543	260575
a00006544	260576
a00006545	260577
a00006546	260578
a00006547	260579
a00006548	260580
a00006549	260581
a00006550	260582
a00006551	260583
a00006552	260584
a00006553	260585
a00006554	260586
a00006555	260587
a00006556	260588
a00006557	260589
a00006558	260590
a00006559	260591
a00006560	260592
a00006561	260593
a00006562	260594
a00006563	260595
a00006564	260596
a00006565	260597
a00006566	260598
a00006567	260599
a00006568	260600
a00006569	260601
a00006570	260602
a00006571	260603
a00006572	260604
a00006573	260605
a00006574	260606
a00006575	260607
a00006576	260608
a00006577	260609
a00006578	260610
a00006579	260611
a00006580	260612
a00006581	260613
a00006582	260614
a00006583	260615
a00006584	260616
a00006585	260617
a00006586	260618
a00006587	260619
a00006588	260620
a00006589	260621
a00006590	260622
a00006591	260623
a00006592	260624
a00006593	260625
a00006594	260626
a00006595	260627
a00006596	260628
a00006597	260629
a00006598	260630
a00006599	260631
a00006600	260632
a00006601	260633
a00006602	260634
a00006603	260635
a00006604	260636
a00006605	260637
a00006606	260638
a00006607	260639
a00006608	260640
a00006609	260641
a00006610	260642
a00006611	260643
a00006612	260644
a00006613	260645
a00006614	260646
a00006615	260647
a00006616	260648
a00006617	260649
a00006618	260650
a00006619	260651
a00006620	260652
a00006621	260653
a00006622	260654
a00006623	260655
a00006624	260656
a00006625	260657
a00006626	260658
a00006627	260659
a00006628	260660
a00006629	260661
a00006630	260662
a00006631	260663
a00006632	260664
a00006633	260665
a00006634	260666
a00006635	260667
a00006636	260668
a00006637	260669
a00006638	260670
a00006639	260671
a00006640	260672
a00006641	260673
a00006642	260674
a00006643	260675
a00006644	260676
a00006645	260677
a00006646	260678
a00006647	260679
a00006648	260680
a00006649	260681
a00006650	260682
a00006651	260683
a00006652	260684
a00006653	260685
a00006654	260686
a00006655	260687
a00006656	260688
a00006657	260689
a00006658	260690
a00006659	260691
a00006660	260692
a00006661	260693
a00006662	260694
a00006663	260695
a00006664	260696
a00006665	260697
a00006666	260698
a00006667	260699
a00006668	260700
a00006669	260701
a00006670	260702
a00006671	260703
a00006672	260704
a00006673	260705
a00006674	260706
a00006675	260707
a00006676	260708
a00006677	260709
a00006678	260710
a00006679	260711
a00006680	260712
a00006681	260713
a00006682	260714
a00006683	260715
a00006684	260716
a00006685	260717
a00006686	260718
a00006687	260719
a00006688	260720
a00006689	260721
a00006690	260722
a00006691	260723
a00006692	260724
a00006693	260725
a00006694	260726
a00006695	260727
a00006696	260728
a00006697	260729
a00006698	260730
a00006699	260731
a00006700	260732
a00006701	260733
a00006702	260734
a00006703	260735
a00006704	260736
a00006705	260737
a00006706	260738
a00006707	260739
a00006708	260740
a00006709	260741
a00006710	260742
a00006711	260743
a00006712	260744
a00006713	260745
a00006714	260746
a00006715	260747
a00006716	260748
a00006717	260749
a00006718	260750
a00006719	260751
a00006720	260752
a00006721	260753
a00006722	260754
a00006723	260755
a00006724	260756
a00006725	260757
a00006726	260758
a00006727	260759
a00006728	260760
a00006729	260761
a00006730	260762
a00006731	260763
a00006732	260764
a00006733	260765
a00006734	260766
a00006735	260767
a00006736	260768
a00006737	260769
a00006738	260770
a00006739	260771
a00006740	260772
a00006741	260773
a00006742	260774
a00006743	260775
a00006744	260776
a00006745	260777
a00006746	260778
a00006747	260779
a00006748	260780
a00006749	260781
a00006750	260782
a00006751	260783
a00006752	260784
a00006753	260785
a00006754	260786
a00006755	260787
a00006756	260788
a00006757	260789
a00006758	260790
a00006759	260791
a00006760	260792
a00006761	260793
a00006762	260794
a00006763	260795
a00006764	260796
a00006765	260797
a00006766	260798
a00006767	260799
a00006768	260800
a00006769	260801
a00006770	260802
a00006771	260803
a00006772	260804
a00006773	260805
a00006774	260806
a00006775	260807
a00006776	260808
a00006777	260809
a00006778	260810
a00006779	260811
a00006780	260812
a00006781	260813
a00006782	260814
a00006783	260815
a00006784	260816
a00006785	260817
a00006786	260818
a00006787	260819
a00006788	260820
a00006789	260821
a00006790	260822
a00006791	260823
a00006792	260824
a00006793	260825
a00006794	260826
a00006795	260827
a00006796	260828
a00006797	260829
a00006798	260830
a00006799	260831
a00006800	260832
a00006801	260833
a00006802	260834
a00006803	260835
a00006804	260836
a00006805	260837
a00006806	260838
a00006807	260839
a00006808	260840
a00006809	260841
a00006810	260842
a00006811	260843
a00006812	260844
a00006813	260845
a00006814	260846
a00006815	260847
a00006816	260848
a00006817	260849
a00006818	260850
a00006819	260851
a00006820	260852
a00006821	260853
a00006822	260854
a00006823	260855
a00006824	260856
a00006825	260857
a00006826	260858
a00006827	260859
a00006828	260860
a00006829	260861
a00006830	260862
a00006831	260863
a00006832	260864
a00006833	260865
a00006834	260866
a00006835	260867
a00006836	260868
a00006837	260869
a00006838	260870
a00006839	260871
a00006840	260872
a00006841	260873
a00006842	260874
a00006843	260875
a00006844	260876
a00006845	260877
a00006846	260878
a00006847	260879
a00006848	260880
a00006849	260881
a00006850	260882
a00006851	260883
a00006852	260884
a00006853	260885
a00006854	260886
a00006855	260887
a00006856	260888
a00006857	260889
a00006858	260890
a00006859	260891
a00006860	260892
a00006861	260893
a00006862	260894
a00006863	260895
a00006864	260896
a00006865	260897
a00006866	260898
a00006867	260899
a00006868	260900
a00006869	260901
a00006870	260902
a00006871	260903
a00006872	260904
a00006873	260905
a00006874	260906
a00006875	260907
a00006876	260908
a00006877	260909
a00006878	260910
a00006879	260911
a00006880	260912
a00006881	260913
a00006882	260914
a00006883	260915
a00006884	260916
a00006885	260917
a00006886	260918
a00006887	260919
a00006888	260920
a00006889	260921
a00006890	260922
a00006891	260923
a00006892	260924
a00006893	260925
a00006894	260926
a00006895	260927
a00006896	260928
a00006897	260929
a00006898	260930
a00006899	260931
a00006900	260932
a00006901	260933
a00006902	260934
a00006903	260935
a00006904	260936
a00006905	260937
a00006906	260938
a00006907	260939
a00006908	260940
a00006909	260941
a00006910	260942
a00006911	260943
a00006912	260944
a00006913	260945
a00006914	260946
a00006915	260947
a00006916	260948
a00006917	260949
a00006918	260950
a00006919	260951
a00006920	260952
a00006921	260953
a00006922	260954
a00006923	260955
a00006924	260956
a00006925	260957
a00006926	260958
a00006927	260959
a00006928	260960
a00006929	260961
a00006930	260962
a00006931	260963
a00006932	260964
a00006933	260965
a00006934	260966
a00006935	260967
a00006936	260968
a00006937	260969
a00006938	260970
a00006939	260971
a00006940	260972
a00006941	260973
a00006942	260974
a00006943	260975
a00006944	260976
a00006945	260977
a00006946	260978
a00006947	260979
a00006948	260980
a00006949	260981
a00006950	260982
a00006951	260983
a00006952	260984
a00006953	260985
a00006954	260986
a00006955	260987
a00006956	260988
a00006957	260989
a00006958	260990
a00006959	260991
a00006960	260992
a00006961	260993
a00006962	260994
a00006963	260995
a00006964	260996
a00006965	260997
a00006966	260998
a00006967	260999
a00006968	261000
a00006969	261001
a00006970	261002
a00006971	261003
a00006972	261004
a00006973	261005
a00006974	261006
a00006975	261007
a00006976	261008
a00006977	261009
a00006978	261010
a00006979	261011
a00006980	261012
a00006981	261013
a00006982	261014
a00006983	261015
a00006984	261016
a00006985	261017
a00006986	261018
a00006987	261019
a00006988	261020
a00006989	261021
a00006990	261022
a00006991	261023
a00006992	261024
a00006993	261025
a00006994	261026
a00006995	261027
a00006996	261028
a00006997	261029
a00006998	261030
a00006999	261031
a00007000	261032
a00007001	261033
a00007002	261034
a00007003	261035
a00007004	261036
a00007005	261037
a00007006	261038
a00007007	261039
a00007008	261040
a00007009	261041
a00007010	261042
a00007011	261043
a00007012	261044
a00007013	261045
a00007014	261046
a00007015	261047
a00007016	261048
a00007017	261049
a00007018	261050
a00007019	261051
a00007020	261052
a00007021	261053
a00007022	261054
a00007023	261055
a00007024	261056
a00007025	261057
a00007026	261058
a00007027	261059
a00007028	261060
a00007029	261061
a00007030	261062
a00007031	261063
a00007032	261064
a00007033	261065
a00007034	261066
a00007035	261067
a00007036	261068
a00007037	261069
a00007038	261070
a00007039	261071
a00007040	261072
a00007041	261073
a00007042	261074
a00007043	261075
a00007044	261076
a00007045	261077
a00007046	261078
a00007047	261079
a00007048	261080
a00007049	261081
a00007050	261082
a00007051	261083
a00007052	261084
a00007053	261085
a00007054	261086
a00007055	261087
a00007056	261088
a00007057	261089
a00007058	261090
a00007059	261091
a00007060	261092
a00007061	261093
a00007062	261094
a00007063	261095
a00007064	261096
a00007065	261097
a00007066	261098
a00007067	261099
a00007068	261100
a00007069	261101
a00007070	261102
a00007071	261103
a00007072	261104
a00007073	261105
a00007074	261106
a00007075	261107
a00007076	261108
a00007077	261109
a00007078	261110
a00007079	261111
a00007080	261112
a00007081	261113
a00007082	261114
a00007083	261115
a00007084	261116
a00007085	261117
a00007086	261118
a00007087	261119
a00007088	261120
a00007089	261121
a00007090	261122
a00007091	261123
a00007092	261124
a00007093	261125
a00007094	261126
a00007095	261127
a00007096	261128
a00007097	261129
a00007098	261130
a00007099	261131
a00007100	261132
a00007101	261133
a00007102	261134
a00007103	261135
a00007104	261136
a00007105	261137
a00007106	261138
a00007107	261139
a00007108	261140
a00007109	261141
a00007110	261142
a00007111	261143
a00007112	261144
a00007113	261145
a00007114	261146
a00007115	261147
a00007116	261148
a00007117	261149
a00007118	261150
a00007119	261151
a00007120	261152
a00007121	261153
a00007122	261154
a00007123	261155
a00007124	261156
a00007125	261157
a00007126	261158
a00007127	261159
a00007128	261160
a00007129	261161
a00007130	261162
a00007131	261163
a00007132	261164
a00007133	261165
a00007134	261166
a00007135	261167
a00007136	261168
a00007137	261169
a00007138	261170
a00007139	261171
a00007140	261172
a00007141	261173
a00007142	261174
a00007143	261175
a00007144	261176
a00007145	261177
a00007146	261178
a00007147	261179
a00007148	261180
a00007149	261181
a00007150	261182
a00007151	261183
a00007152	261184
a00007153	261185
a00007154	261186
a00007155	261187
a00007156	261188
a00007157	261189
a00007158	261190
a00007159	261191
a00007160	261192
a00007161	261193
a00007162	261194
a00007163	261195
a00007164	261196
a00007165	261197
a00007166	261198
a00007167	261199
a00007168	261200
a00007169	261201
a00007170	261202
a00007171	261203
a00007172	261204
a00007173	261205
a00007174	261206
a00007175	261207
a00007176	261208
a00007177	261209
a00007178	261210
a00007179	261211
a00007180	261212
a00007181	261213
a00007182	261214
a00007183	261215
a00007184	261216
a00007185	261217
a00007186	261218
a00007187	261219
a00007188	261220
a00007189	261221
a00007190	261222
a00007191	261223
a00007192	261224
a00007193	261225
a00007194	261226
a00007195	261227
a00007196	261228
a00007197	261229
a00007198	261230
a00007199	261231
a00007200	261232
a00007201	261233
a00007202	261234
a00007203	261235
a00007204	261236
a00007205	261237
a00007206	261238
a00007207	261239
a00007208	261240
a00007209	261241
a00007210	261242
a00007211	261243
a00007212	261244
a00007213	261245
a00007214	261246
a00007215	261247
a00007216	261248
a00007217	261249
a00007218	261250
a00007219	261251
a00007220	261252
a00007221	261253
a00007222	261254
a00007223	261255
a00007224	261256
a00007225	261257
a00007226	261258
a00007227	261259
a00007228	261260
a00007229	261261
a00007230	261262
a00007231	261263
a00007232	261264
a00007233	261265
a00007234	261266
a00007235	261267
a00007236	261268
a00007237	261269
a00007238	261270
a00007239	261271
a00007240	261272
a00007241	261273
a00007242	261274
a00007243	261275
a00007244	261276
a00007245	261277
a00007246	261278
a00007247	261279
a00007248	261280
a00007249	261281
a00007250	261282
a00007251	261283
a00007252	261284
a00007253	261285
a00007254	261286
a00007255	261287
a00007256	261288
a00007257	261289
a00007258	261290
a00007259	261291
a00007260	261292
a00007261	261293
a00007262	261294
a00007263	261295
a00007264	261296
a00007265	261297
a00007266	261298
a00007267	261299
a00007268	261300
a00007269	261301
a00007270	261302
a00007271	261303
a00007272	261304
a00007273	261305
a00007274	261306
a00007275	261307
a00007276	261308
a00007277	261309
a00007278	261310
a00007279	261311
a00007280	261312
a00007281	261313
a00007282	261314
a00007283	261315
a00007284	261316
a00007285	261317
a00007286	261318
a00007287	261319
a00007288	261320
a00007289	261321
a00007290	261322
a00007291	261323
a00007292	261324
a00007293	261325
a00007294	261326
a00007295	261327
a00007296	261328
a00007297	261329
a00007298	261330
a00007299	261331
a00007300	261332
a00007301	261333
a00007302	261334
a00007303	261335
a00007304	261336
a00007305	261337
a00007306	261338
a00007307	261339
a00007308	261340
a00007309	261341
a00007310	261342
a00007311	261343
a00007312	261344
a00007313	261345
a00007314	261346
a00007315	261347
a00007316	261348
a00007317	261349
a00007318	261350
a00007319	261351
a00007320	261352
a00007321	261353
a00007322	261354
a00007323	261355
a00007324	261356
a00007325	261357
a00007326	261358
a00007327	261359
a00007328	261360
a00007329	261361
a00007330	261362
a00007331	261363
a00007332	261364
a00007333	261365
a00007334	261366
a00007335	261367
a00007336	261368
a00007337	261369
a00007338	261370
a00007339	261371
a00007340	261372
a00007341	261373
a00007342	261374
a00007343	261375
a00007344	261376
a00007345	261377
a00007346	261378
a00007347	261379
a00007348	261380
a00007349	261381
a00007350	261382
a00007351	261383
a00007352	261384
a00007353	261385
a00007354	261386
a00007355	261387
a00007356	261388
a00007357	261389
a00007358	261390
a00007359	261391
a00007360	261392
a00007361	261393
a00007362	261394
a00007363	261395
a00007364	261396
a00007365	261397
a00007366	261398
a00007367	261399
a00007368	261400
a00007369	261401
a00007370	261402
a00007371	261403
a00007372	261404
a00007373	261405
a00007374	261406
a00007375	261407
a00007376	261408
a00007377	261409
a00007378	261410
a00007379	261411
a00007380	261412
a00007381	261413
a00007382	261414
a00007383	261415
a00007384	261416
a00007385	261417
a00007386	261418
a00007387	261419
a00007388	261420
a00007389	261421
a00007390	261422
a00007391	261423
a00007392	261424
a00007393	261425
a00007394	261426
a00007395	261427
a00007396	261428
a00007397	261429
a00007398	261430
a00007399	261431
a00007400	261432
a00007401	261433
a00007402	261434
a00007403	261435
a00007404	261436
a00007405	261437
a00007406	261438
a00007407	261439
a00007408	261440
a00007409	261441
a00007410	261442
a00007411	261443
a00007412	261444
a00007413	261445
a00007414	261446
a00007415	261447
a00007416	261448
a00007417	261449
a00007418	261450
a00007419	261451
a00007420	261452
a00007421	261453
a00007422	261454
a00007423	261455
a00007424	261456
a00007425	261457
a00007426	261458
a00007427	261459
a00007428	261460
a00007429	261461
a00007430	261462
a00007431	261463
a00007432	261464
a00007433	261465
a00007434	261466
a00007435	261467
a00007436	261468
a00007437	261469
a00007438	261470
a00007439	261471
a00007440	261472
a00007441	261473
a00007442	261474
a00007443	261475
a00007444	261476
a00007445	261477
a00007446	261478
a00007447	261479
a00007448	261480
a00007449	261481
a00007450	261482
a00007451	261483
a00007452	261484
a00007453	261485
a00007454	261486
a00007455	261487
a00007456	261488
a00007457	261489
a00007458	261490
a00007459	261491
a00007460	261492
a00007461	261493
a00007462	261494
a00007463	261495
a00007464	261496
a00007465	261497
a00007466	261498
a00007467	261499
a00007468	261500
a00007469	261501
a00007470	261502
a00007471	261503
a00007472	261504
a00007473	261505
a00007474	261506
a00007475	261507
a00007476	261508
a00007477	261509
a00007478	261510
a00007479	261511
a00007480	261512
a00007481	261513
a00007482	261514
a00007483	261515
a00007484	261516
a00007485	261517
a00007486	261518
a00007487	261519
a00007488	261520
a00007489	261521
a00007490	261522
a00007491	261523
a00007492	261524
a00007493	261525
a00007494	261526
a00007495	261527
a00007496	261528
a00007497	261529
a00007498	261530
a00007499	261531
a00007500	261532
a00007501	261533
a00007502	261534
a00007503	261535
a00007504	261536
a00007505	261537
a00007506	261538
a00007507	261539
a00007508	261540
a00007509	261541
a00007510	261542
a00007511	261543
a00007512	261544
a00007513	261545
a00007514	261546
a00007515	261547
a00007516	261548
a00007517	261549
a00007518	261550
a00007519	261551
a00007520	261552
a00007521	261553
a00007522	261554
a00007523	261555
a00007524	261556
a00007525	261557
a00007526	261558
a00007527	261559
a00007528	261560
a00007529	261561
a00007530	261562
a00007531	261563
a00007532	261564
a00007533	261565
a00007534	261566
a00007535	261567
a00007536	261568
a00007537	261569
a00007538	261570
a00007539	261571
a00007540	261572
a00007541	261573
a00007542	261574
a00007543	261575
a00007544	261576
a00007545	261577
a00007546	261578
a00007547	261579
a00007548	261580
a00007549	261581
a00007550	261582
a00007551	261583
a00007552	261584
a00007553	261585
a00007554	261586
a00007555	261587
a00007556	261588
a00007557	261589
a00007558	261590
a00007559	261591
a00007560	261592
a00007561	261593
a00007562	261594
a00007563	261595
a00007564	261596
a00007565	261597
a00007566	261598
a00007567	261599
a00007568	261600
a00007569	261601
a00007570	261602
a00007571	261603
a00007572	261604
a00007573	261605
a00007574	261606
a00007575	261607
a00007576	261608
a00007577	261609
a00007578	261610
a00007579	261611
a00007580	261612
a00007581	261613
a00007582	261614
a00007583	261615
a00007584	261616
a00007585	261617
a00007586	261618
a00007587	261619
a00007588	261620
a00007589	261621
a00007590	261622
a00007591	261623
a00007592	261624
a00007593	261625
a00007594	261626
a00007595	261627
a00007596	261628
a00007597	261629
a00007598	261630
a00007599	261631
a00007600	261632
a00007601	261633
a00007602	261634
a00007603	261635
a00007604	261636
a00007605	261637
a00007606	261638
a00007607	261639
a00007608	261640
a00007609	261641
a00007610	261642
a00007611	261643
a00007612	261644
a00007613	261645
a00007614	261646
a00007615	261647
a00007616	261648
a00007617	261649
a00007618	261650
a00007619	261651
a00007620	261652
a00007621	261653
a00007622	261654
a00007623	261655
a00007624	261656
a00007625	261657
a00007626	261658
a00007627	261659
a00007628	261660
a00007629	261661
a00007630	261662
a00007631	261663
a00007632	261664
a00007633	261665
a00007634	261666
a00007635	261667
a00007636	261668
a00007637	261669
a00007638	261670
a00007639	261671
a00007640	261672
a00007641	261673
a00007642	261674
a00007643	261675
a00007644	261676
a00007645	261677
a00007646	261678
a00007647	261679
a00007648	261680
a00007649	261681
a00007650	261682
a00007651	261683
a00007652	261684
a00007653	261685
a00007654	261686
a00007655	261687
a00007656	261688
a00007657	261689
a00007658	261690
a00007659	261691
a00007660	261692
a00007661	261693
a00007662	261694
a00007663	261695
a00007664	261696
a00007665	261697
a00007666	261698
a00007667	261699
a00007668	261700
a00007669	261701
a00007670	261702
a00007671	261703
a00007672	261704
a00007673	261705
a00007674	261706
a00007675	261707
a00007676	261708
a00007677	261709
a00007678	261710
a00007679	261711
a00007680	261712
a00007681	261713
a00007682	261714
a00007683	261715
a00007684	261716
a00007685	261717
a00007686	261718
a00007687	261719
a00007688	261720
a00007689	261721
a00007690	261722
a00007691	261723
a00007692	261724
a00007693	261725
a00007694	261726
a00007695	261727
a00007696	261728
a00007697	261729
a00007698	261730
a00007699	261731
a00007700	261732
a00007701	261733
a00007702	261734
a00007703	261735
a00007704	261736
a00007705	261737
a00007706	261738
a00007707	261739
a00007708	261740
a00007709	261741
a00007710	261742
a00007711	261743
a00007712	261744
a00007713	261745
a00007714	261746
a00007715	261747
a00007716	261748
a00007717	261749
a00007718	261750
a00007719	261751
a00007720	261752
a00007721	261753
a00007722	261754
a00007723	261755
a00007724	261756
a00007725	261757
a00007726	261758
a00007727	261759
a00007728	261760
a00007729	261761
a00007730	261762
a00007731	261763
a00007732	261764
a00007733	261765
a00007734	261766
a00007735	261767
a00007736	261768
a00007737	261769
a00007738	261770
a00007739	261771
a00007740	261772
a00007741	261773
a00007742	261774
a00007743	261775
a00007744	261776
a00007745	261777
a00007746	261778
a00007747	261779
a00007748	261780
a00007749	261781
a00007750	261782
a00007751	261783
a00007752	261784
a00007753	261785
a00007754	261786
a00007755	261787
a00007756	261788
a00007757	261789
a00007758	261790
a00007759	261791
a00007760	261792
a00007761	261793
a00007762	261794
a00007763	261795
a00007764	261796
a00007765	261797
a00007766	261798
a00007767	261799
a00007768	261800
a00007769	261801
a00007770	261802
a00007771	261803
a00007772	261804
a00007773	261805
a00007774	261806
a00007775	261807
a00007776	261808
a00007777	261809
a00007778	261810
a00007779	261811
a00007780	261812
a00007781	261813
a00007782	261814
a00007783	261815
a00007784	261816
a00007785	261817
a00007786	261818
a00007787	261819
a00007788	261820
a00007789	261821
a00007790	261822
a00007791	261823
a00007792	261824
a00007793	261825
a00007794	261826
a00007795	261827
a00007796	261828
a00007797	261829
a00007798	261830
a00007799	261831
a00007800	261832
a00007801	261833
a00007802	261834
a00007803	261835
a00007804	261836
a00007805	261837
a00007806	261838
a00007807	261839
a00007808	261840
a00007809	261841
a00007810	261842
a00007811	261843
a00007812	261844
a00007813	261845
a00007814	261846
a00007815	261847
a00007816	261848
a00007817	261849
a00007818	261850
a00007819	261851
a00007820	261852
a00007821	261853
a00007822	261854
a00007823	261855
a00007824	261856
a00007825	261857
a00007826	261858
a00007827	261859
a00007828	261860
a00007829	261861
a00007830	261862
a00007831	261863
a00007832	261864
a00007833	261865
a00007834	261866
a00007835	261867
a00007836	261868
a00007837	261869
a00007838	261870
a00007839	261871
a00007840	261872
a00007841	261873
a00007842	261874
a00007843	261875
a00007844	261876
a00007845	261877
a00007846	261878
a00007847	261879
a00007848	261880
a00007849	261881
a00007850	261882
a00007851	261883
a00007852	261884
a00007853	261885
a00007854	261886
a00007855	261887
a00007856	261888
a00007857	261889
a00007858	261890
a00007859	261891
a00007860	261892
a00007861	261893
a00007862	261894
a00007863	261895
a00007864	261896
a00007865	261897
a00007866	261898
a00007867	261899
a00007868	261900
a00007869	261901
a00007870	261902
a00007871	261903
a00007872	261904
a00007873	261905
a00007874	261906
a00007875	261907
a00007876	261908
a00007877	261909
a00007878	261910
a00007879	261911
a00007880	261912
a00007881	261913
a00007882	261914
a00007883	261915
a00007884	261916
a00007885	261917
a00007886	261918
a00007887	261919
a00007888	261920
a00007889	261921
a00007890	261922
a00007891	261923
a00007892	261924
a00007893	261925
a00007894	261926
a00007895	261927
a00007896	261928
a00007897	261929
a00007898	261930
a00007899	261931
a00007900	261932
a00007901	261933
a00007902	261934
a00007903	261935
a00007904	261936
a00007905	261937
a00007906	261938
a00007907	261939
a00007908	261940
a00007909	261941
a00007910	261942
a00007911	261943
a00007912	261944
a00007913	261945
a00007914	261946
a00007915	261947
a00007916	261948
a00007917	261949
a00007918	261950
a00007919	261951
a00007920	261952
a00007921	261953
a00007922	261954
a00007923	261955
a00007924	261956
a00007925	261957
a00007926	261958
a00007927	261959
a00007928	261960
a00007929	261961
a00007930	261962
a00007931	261963
a00007932	261964
a00007933	261965
a00007934	261966
a00007935	261967
a00007936	261968
a00007937	261969
a00007938	261970
a00007939	261971
a00007940	261972
a00007941	261973
a00007942	261974
a00007943	261975
a00007944	261976
a00007945	261977
a00007946	261978
a00007947	261979
a00007948	261980
a00007949	261981
a00007950	261982
a00007951	261983
a00007952	261984
a00007953	261985
a00007954	261986
a00007955	261987
a00007956	261988
a00007957	261989
a00007958	261990
a00007959	261991
a00007960	261992
a00007961	261993
a00007962	261994
a00007963	261995
a00007964	261996
a00007965	261997
a00007966	261998
a00007967	261999
a00007968	262000
a00007969	262001
a00007970	262002
a00007971	262003
a00007972	262004
a00007973	262005
a00007974	262006
a00007975	262007
a00007976	262008
a00007977	262009
a00007978	262010
a00007979	262011
a00007980	262012
a00007981	262013
a00007982	262014
a00007983	262015
a00007984	262016
a00007985	262017
a00007986	262018
a00007987	262019
a00007988	262020
a00007989	262021
a00007990	262022
a00007991	262023
a00007992	262024
a00007993	262025
a00007994	262026
a00007995	262027
a00007996	262028
a00007997	262029
a00007998	262030
a00007999	262031
a00008000	262032
a00008001	262033
a00008002	262034
a00008003	262035
a00008004	262036
a00008005	262037
a00008006	262038
a00008007	262039
a00008008	262040
a00008009	262041
a00008010	262042
a00008011	262043
a00008012	262044
a00008013	262045
a00008014	262046
a00008015	262047
a00008016	262048
a00008017	262049
a00008018	262050
a00008019	262051
a00008020	262052
a00008021	262053
a00008022	262054
a00008023	262055
a00008024	262056
a00008025	262057
a00008026	262058
a00008027	262059
a00008028	262060
a00008029	262061
a00008030	262062
a00008031	262063
a00008032	262064
a00008033	262065
a00008034	262066
a00008035	262067
a00008036	262068
a00008037	262069
a00008038	262070
a00008039	262071
a00008040	262072
a00008041	262073
a00008042	262074
a00008043	262075
a00008044	262076
a00008045	262077
a00008046	262078
a00008047	262079
a00008048	262080
a00008049	262081
a00008050	262082
a00008051	262083
a00008052	262084
a00008053	262085
a00008054	262086
a00008055	262087
a00008056	262088
a00008057	262089
a00008058	262090
a00008059	262091
a00008060	262092
a00008061	262093
a00008062	262094
a00008063	262095
a00008064	262096
a00008065	262097
a00008066	262098
a00008067	262099
a00008068	262100
a00008069	262101
a00008070	262102
a00008071	262103
a00008072	262104
a00008073	262105
a00008074	262106
a00008075	262107
a00008076	262108
a00008077	262109
a00008078	262110
a00008079	262111
a00008080	262112
a00008081	262113
a00008082	262114
a00008083	262115
a00008084	262116
a00008085	262117
a00008086	262118
a00008087	262119
a00008088	262120
a00008089	262121
a00008090	262122
a00008091	262123
a00008092	262124
a00008093	262125
a00008094	262126
a00008095	262127
a00008096	262128
a00008097	262129
a00008098	262130
a00008099	262131
a00008100	262132
a00008101	262133
a00008102	262134
a00008103	262135
a00008104	262136
a00008105	262137
a00008106	262138
a00008107	262139
a00008108	262140
a00008109	262141
a00008110	262142
a00008111	262143
a00008112	262144
a00008113	262145
a00008114	262146
a00008115	262147
a00008116	262148
a00008117	262149
a00008118	262150
a00008119	262151
a00008120	262152
a00008121	262153
a00008122	262154
a00008123	262155
a00008124	262156
a00008125	262157
a00008126	262158
a00008127	262159
a00008128	262160
a00008129	262161
a00008130	262162
a00008131	262163
a00008132	262164
a00008133	262165
a00008134	262166
a00008135	262167
a00008136	262168
a00008137	262169
a00008138	262170
a00008139	262171
a00008140	262172
a00008141	262173
a00008142	262174
a00008143	262175
a00008144	262176
a00008145	262177
a00008146	262178
a00008147	262179
a00008148	262180
a00008149	262181
a00008150	262182
a00008151	262183
a00008152	262184
a00008153	262185
a00008154	262186
a00008155	262187
a00008156	262188
a00008157	262189
a00008158	262190
a00008159	262191
a00008160	262192
a00008161	262193
a00008162	262194
a00008163	262195
a00008164	262196
a00008165	262197
a00008166	262198
a00008167	262199
a00008168	262200
a00008169	262201
a00008170	262202
a00008171	262203
a00008172	262204
a00008173	262205
a00008174	262206
a00008175	262207
a00008176	262208
a00008177	262209
a00008178	262210
a00008179	262211
a00008180	262212
a00008181	262213
a00008182	262214
a00008183	262215
a00008184	262216
a00008185	262217
a00008186	262218
a00008187	262219
a00008188	262220
a00008189	262221
a00008190	262222
a00008191	262223
a00008192	262224
a00008193	262225
a00008194	262226
a00008195	262227
a00008196	262228
a00008197	262229
a00008198	262230
a00008199	262231
a00008200	262232
a00008201	262233
a00008202	262234
a00008203	262235
a00008204	262236
a00008205	262237
a00008206	262238
a00008207	262239
a00008208	262240
a00008209	262241
a00008210	262242
a00008211	262243
a00008212	262244
a00008213	262245
a00008214	262246
a00008215	262247
a00008216	262248
a00008217	262249
a00008218	262250
a00008219	262251
a00008220	262252
a00008221	262253
a00008222	262254
a00008223	262255
a00008224	262256
a00008225	262257
a00008226	262258
a00008227	262259
a00008228	262260
a00008229	262261
a00008230	262262
a00008231	262263
a00008232	262264
a00008233	262265
a00008234	262266
a00008235	262267
a00008236	262268
a00008237	262269
a00008238	262270
a00008239	262271
a00008240	262272
a00008241	262273
a00008242	262274
a00008243	262275
a00008244	262276
a00008245	262277
a00008246	262278
a00008247	262279
a00008248	262280
a00008249	262281
a00008250	262282
a00008251	262283
a00008252	262284
a00008253	262285
a00008254	262286
a00008255	262287
a00008256	262288
a00008257	262289
a00008258	262290
a00008259	262291
a00008260	262292
a00008261	262293
a00008262	262294
a00008263	262295
a00008264	262296
a00008265	262297
a00008266	262298
a00008267	262299
a00008268	262300
a00008269	262301
a00008270	262302
a00008271	262303
a00008272	262304
a00008273	262305
a00008274	262306
a00008275	262307
a00008276	262308
a00008277	262309
a00008278	262310
a00008279	262311
a00008280	262312
a00008281	262313
a00008282	262314
a00008283	262315
a00008284	262316
a00008285	262317
a00008286	262318
a00008287	262319
a00008288	262320
a00008289	262321
a00008290	262322
a00008291	262323
a00008292	262324
a00008293	262325
a00008294	262326
a00008295	262327
a00008296	262328
a00008297	262329
a00008298	262330
a00008299	262331
a00008300	262332
a00008301	262333
a00008302	262334
a00008303	262335
a00008304	262336
a00008305	262337
a00008306	262338
a00008307	262339
a00008308	262340
a00008309	262341
a00008310	262342
a00008311	262343
a00008312	262344
a00008313	262345
a00008314	262346
a00008315	262347
a00008316	262348
a00008317	262349
a00008318	262350
a00008319	262351
a00008320	262352
a00008321	262353
a00008322	262354
a00008323	262355
a00008324	262356
a00008325	262357
a00008326	262358
a00008327	262359
a00008328	262360
a00008329	262361
a00008330	262362
a00008331	262363
a00008332	262364
a00008333	262365
a00008334	262366
a00008335	262367
a00008336	262368
a00008337	262369
a00008338	262370
a00008339	262371
a00008340	262372
a00008341	262373
a00008342	262374
a00008343	262375
a00008344	262376
a00008345	262377
a00008346	262378
a00008347	262379
a00008348	262380
a00008349	262381
a00008350	262382
a00008351	262383
a00008352	262384
a00008353	262385
a00008354	262386
a00008355	262387
a00008356	262388
a00008357	262389
a00008358	262390
a00008359	262391
a00008360	262392
a00008361	262393
a00008362	262394
a00008363	262395
a00008364	262396
a00008365	262397
a00008366	262398
a00008367	262399
a00008368	262400
a00008369	262401
a00008370	262402
a00008371	262403
a00008372	262404
a00008373	262405
a00008374	262406
a00008375	262407
a00008376	262408
a00008377	262409
a00008378	262410
a00008379	262411
a00008380	262412
a00008381	262413
a00008382	262414
a00008383	262415
a00008384	262416
a00008385	262417
a00008386	262418
a00008387	262419
a00008388	262420
a00008389	262421
a00008390	262422
a00008391	262423
a00008392	262424
a00008393	262425
a00008394	262426
a00008395	262427
a00008396	262428
a00008397	262429
a00008398	262430
a00008399	262431
a00008400	262432
a00008401	262433
a00008402	262434
a00008403	262435
a00008404	262436
a00008405	262437
a00008406	262438
a00008407	262439
a00008408	262440
a00008409	262441
a00008410	262442
a00008411	262443
a00008412	262444
a00008413	262445
a00008414	262446
a00008415	262447
a00008416	262448
a00008417	262449
a00008418	262450
a00008419	262451
a00008420	262452
a00008421	262453
a00008422	262454
a00008423	262455
a00008424	262456
a00008425	262457
a00008426	262458
a00008427	262459
a00008428	262460
a00008429	262461
a00008430	262462
a00008431	262463
a00008432	262464
a00008433	262465
a00008434	262466
a00008435	262467
a00008436	262468
a00008437	262469
a00008438	262470
a00008439	262471
a00008440	262472
a00008441	262473
a00008442	262474
a00008443	262475
a00008444	262476
a00008445	262477
a00008446	262478
a00008447	262479
a00008448	262480
a00008449	262481
a00008450	262482
a00008451	262483
a00008452	262484
a00008453	262485
a00008454	262486
a00008455	262487
a00008456	262488
a00008457	262489
a00008458	262490
a00008459	262491
a00008460	262492
a00008461	262493
a00008462	262494
a00008463	262495
a00008464	262496
a00008465	262497
a00008466	262498
a00008467	262499
a00008468	262500
a00008469	262501
a00008470	262502
a00008471	262503
a00008472	262504
a00008473	262505
a00008474	262506
a00008475	262507
a00008476	262508
a00008477	262509
a00008478	262510
a00008479	262511
a00008480	262512
a00008481	262513
a00008482	262514
a00008483	262515
a00008484	262516
a00008485	262517
a00008486	262518
a00008487	262519
a00008488	262520
a00008489	262521
a00008490	262522
a00008491	262523
a00008492	262524
a00008493	262525
a00008494	262526
a00008495	262527
a00008496	262528
a00008497	262529
a00008498	262530
a00008499	262531
a00008500	262532
a00008501	262533
a00008502	262534
a00008503	262535
a00008504	262536
a00008505	262537
a00008506	262538
a00008507	262539
a00008508	262540
a00008509	262541
a00008510	262542
a00008511	262543
a00008512	262544
a00008513	262545
a00008514	262546
a00008515	262547
a00008516	262548
a00008517	262549
a00008518	262550
a00008519	262551
a00008520	262552
a00008521	262553
a00008522	262554
a00008523	262555
a00008524	262556
a00008525	262557
a00008526	262558
a00008527	262559
a00008528	262560
a00008529	262561
a00008530	262562
a00008531	262563
a00008532	262564
a00008533	262565
a00008534	262566
a00008535	262567
a00008536	262568
a00008537	262569
a00008538	262570
a00008539	262571
a00008540	262572
a00008541	262573
a00008542	262574
a00008543	262575
a00008544	262576
a00008545	262577
a00008546	262578
a00008547	262579
a00008548	262580
a00008549	262581
a00008550	262582
a00008551	262583
a00008552	262584
a00008553	262585
a00008554	262586
a00008555	262587
a00008556	262588
a00008557	262589
a00008558	262590
a00008559	262591
a00008560	262592
a00008561	262593
a00008562	262594
a00008563	262595
a00008564	262596
a00008565	262597
a00008566	262598
a00008567	262599
a00008568	262600
a00008569	262601
a00008570	262602
a00008571	262603
a00008572	262604
a00008573	262605
a00008574	262606
a00008575	262607
a00008576	262608
a00008577	262609
a00008578	262610
a00008579	262611
a00008580	262612
a00008581	262613
a00008582	262614
a00008583	262615
a00008584	262616
a00008585	262617
a00008586	262618
a00008587	262619
a00008588	262620
a00008589	262621
a00008590	262622
a00008591	262623
a00008592	262624
a00008593	262625
a00008594	262626
a00008595	262627
a00008596	262628
a00008597	262629
a00008598	262630
a00008599	262631
a00008600	262632
a00008601	262633
a00008602	262634
a00008603	262635
a00008604	262636
a00008605	262637
a00008606	262638
a00008607	262639
a00008608	262640
a00008609	262641
a00008610	262642
a00008611	262643
a00008612	262644
a00008613	262645
a00008614	262646
a00008615	262647
a00008616	262648
a00008617	262649
a00008618	262650
a00008619	262651
a00008620	262652
a00008621	262653
a00008622	262654
a00008623	262655
a00008624	262656
a00008625	262657
a00008626	262658
a00008627	262659
a00008628	262660
a00008629	262661
a00008630	262662
a00008631	262663
a00008632	262664
a00008633	262665
a00008634	262666
a00008635	262667
a00008636	262668
a00008637	262669
a00008638	262670
a00008639	262671
a00008640	262672
a00008641	262673
a00008642	262674
a00008643	262675
a00008644	262676
a00008645	262677
a00008646	262678
a00008647	262679
a00008648	262680
a00008649	262681
a00008650	262682
a00008651	262683
a00008652	262684
a00008653	262685
a00008654	262686
a00008655	262687
a00008656	262688
a00008657	262689
a00008658	262690
a00008659	262691
a00008660	262692
a00008661	262693
a00008662	262694
a00008663	262695
a00008664	262696
a00008665	262697
a00008666	262698
a00008667	262699
a00008668	262700
a00008669	262701
a00008670	262702
a00008671	262703
a00008672	262704
a00008673	262705
a00008674	262706
a00008675	262707
a00008676	262708
a00008677	262709
a00008678	262710
a00008679	262711
a00008680	262712
a00008681	262713
a00008682	262714
a00008683	262715
a00008684	262716
a00008685	262717
a00008686	262718
a00008687	262719
a00008688	262720
a00008689	262721
a00008690	262722
a00008691	262723
a00008692	262724
a00008693	262725
a00008694	262726
a00008695	262727
a00008696	262728
a00008697	262729
a00008698	262730
a00008699	262731
a00008700	262732
a00008701	262733
a00008702	262734
a00008703	262735
a00008704	262736
a00008705	262737
a00008706	262738
a00008707	262739
a00008708	262740
a00008709	262741
a00008710	262742
a00008711	262743
a00008712	262744
a00008713	262745
a00008714	262746
a00008715	262747
a00008716	262748
a00008717	262749
a00008718	262750
a00008719	262751
a00008720	262752
a00008721	262753
a00008722	262754
a00008723	262755
a00008724	262756
a00008725	262757
a00008726	262758
a00008727	262759
a00008728	262760
a00008729	262761
a00008730	262762
a00008731	262763
a00008732	262764
a00008733	262765
a00008734	262766
a00008735	262767
a00008736	262768
a00008737	262769
a00008738	262770
a00008739	262771
a00008740	262772
a00008741	262773
a00008742	262774
a00008743	262775
a00008744	262776
a00008745	262777
a00008746	262778
a00008747	262779
a00008748	262780
a00008749	262781
a00008750	262782
a00008751	262783
a00008752	262784
a00008753	262785
a00008754	262786
a00008755	262787
a00008756	262788
a00008757	262789
a00008758	262790
a00008759	262791
a00008760	262792
a00008761	262793
a00008762	262794
a00008763	262795
a00008764	262796
a00008765	262797
a00008766	262798
a00008767	262799
a00008768	262800
a00008769	262801
a00008770	262802
a00008771	262803
a00008772	262804
a00008773	262805
a00008774	262806
a00008775	262807
a00008776	262808
a00008777	262809
a00008778	262810
a00008779	262811
a00008780	262812
a00008781	262813
a00008782	262814
a00008783	262815
a00008784	262816
a00008785	262817
a00008786	262818
a00008787	262819
a00008788	262820
a00008789	262821
a00008790	262822
a00008791	262823
a00008792	262824
a00008793	262825
a00008794	262826
a00008795	262827
a00008796	262828
a00008797	262829
a00008798	262830
a00008799	262831
a00008800	262832
a00008801	262833
a00008802	262834
a00008803	262835
a00008804	262836
a00008805	262837
a00008806	262838
a00008807	262839
a00008808	262840
a00008809	262841
a00008810	262842
a00008811	262843
a00008812	262844
a00008813	262845
a00008814	262846
a00008815	262847
a00008816	262848
a00008817	262849
a00008818	262850
a00008819	262851
a00008820	262852
a00008821	262853
a00008822	262854
a00008823	262855
a00008824	262856
a00008825	262857
a00008826	262858
a00008827	262859
a00008828	262860
a00008829	262861
a00008830	262862
a00008831	262863
a00008832	262864
a00008833	262865
a00008834	262866
a00008835	262867
a00008836	262868
a00008837	262869
a00008838	262870
a00008839	262871
a00008840	262872
a00008841	262873
a00008842	262874
a00008843	262875
a00008844	262876
a00008845	262877
a00008846	262878
a00008847	262879
a00008848	262880
a00008849	262881
a00008850	262882
a00008851	262883
a00008852	262884
a00008853	262885
a00008854	262886
a00008855	262887
a00008856	262888
a00008857	262889
a00008858	262890
a00008859	262891
a00008860	262892
a00008861	262893
a00008862	262894
a00008863	262895
a00008864	262896
a00008865	262897
a00008866	262898
a00008867	262899
a00008868	262900
a00008869	262901
a00008870	262902
a00008871	262903
a00008872	262904
a00008873	262905
a00008874	262906
a00008875	262907
a00008876	262908
a00008877	262909
a00008878	262910
a00008879	262911
a00008880	262912
a00008881	262913
a00008882	262914
a00008883	262915
a00008884	262916
a00008885	262917
a00008886	262918
a00008887	262919
a00008888	262920
a00008889	262921
a00008890	262922
a00008891	262923
a00008892	262924
a00008893	262925
a00008894	262926
a00008895	262927
a00008896	262928
a00008897	262929
a00008898	262930
a00008899	262931
a00008900	262932
a00008901	262933
a00008902	262934
a00008903	262935
a00008904	262936
a00008905	262937
a00008906	262938
a00008907	262939
a00008908	262940
a00008909	262941
a00008910	262942
a00008911	262943
a00008912	262944
a00008913	262945
a00008914	262946
a00008915	262947
a00008916	262948
a00008917	262949
a00008918	262950
a00008919	262951
a00008920	262952
a00008921	262953
a00008922	262954
a00008923	262955
a00008924	262956
a00008925	262957
a00008926	262958
a00008927	262959
a00008928	262960
a00008929	262961
a00008930	262962
a00008931	262963
a00008932	262964
a00008933	262965
a00008934	262966
a00008935	262967
a00008936	262968
a00008937	262969
a00008938	262970
a00008939	262971
a00008940	262972
a00008941	262973
a00008942	262974
a00008943	262975
a00008944	262976
a00008945	262977
a00008946	262978
a00008947	262979
a00008948	262980
a00008949	262981
a00008950	262982
a00008951	262983
a00008952	262984
a00008953	262985
a00008954	262986
a00008955	262987
a00008956	262988
a00008957	262989
a00008958	262990
a00008959	262991
a00008960	262992
a00008961	262993
a00008962	262994
a00008963	262995
a00008964	262996
a00008965	262997
a00008966	262998
a00008967	262999
a00008968	263000
a00008969	263001
a00008970	263002
a00008971	263003
a00008972	263004
a00008973	263005
a00008974	263006
a00008975	263007
a00008976	263008
a00008977	263009
a00008978	263010
a00008979	263011
a00008980	263012
a00008981	263013
a00008982	263014
a00008983	263015
a00008984	263016
a00008985	263017
a00008986	263018
a00008987	263019
a00008988	263020
a00008989	263021
a00008990	263022
a00008991	263023
a00008992	263024
a00008993	263025
a00008994	263026
a00008995	263027
a00008996	263028
a00008997	263029
a00008998	263030
a00008999	263031
a00009000	263032
a00009001	263033
a00009002	263034
a00009003	263035
a00009004	263036
a00009005	263037
a00009006	263038
a00009007	263039
a00009008	263040
a00009009	263041
a00009010	263042
a00009011	263043
a00009012	263044
a00009013	263045
a00009014	263046
a00009015	263047
a00009016	263048
a00009017	263049
a00009018	263050
a00009019	263051
a00009020	263052
a00009021	263053
a00009022	263054
a00009023	263055
a00009024	263056
a00009025	263057
a00009026	263058
a00009027	263059
a00009028	263060
a00009029	263061
a00009030	263062
a00009031	263063
a00009032	263064
a00009033	263065
a00009034	263066
a00009035	263067
a00009036	263068
a00009037	263069
a00009038	263070
a00009039	263071
a00009040	263072
a00009041	263073
a00009042	263074
a00009043	263075
a00009044	263076
a00009045	263077
a00009046	263078
a00009047	263079
a00009048	263080
a00009049	263081
a00009050	263082
a00009051	263083
a00009052	263084
a00009053	263085
a00009054	263086
a00009055	263087
a00009056	263088
a00009057	263089
a00009058	263090
a00009059	263091
a00009060	263092
a00009061	263093
a00009062	263094
a00009063	263095
a00009064	263096
a00009065	263097
a00009066	263098
a00009067	263099
a00009068	263100
a00009069	263101
a00009070	263102
a00009071	263103
a00009072	263104
a00009073	263105
a00009074	263106
a00009075	263107
a00009076	263108
a00009077	263109
a00009078	263110
a00009079	263111
a00009080	263112
a00009081	263113
a00009082	263114
a00009083	263115
a00009084	263116
a00009085	263117
a00009086	263118
a00009087	263119
a00009088	263120
a00009089	263121
a00009090	263122
a00009091	263123
a00009092	263124
a00009093	263125
a00009094	263126
a00009095	263127
a00009096	263128
a00009097	263129
a00009098	263130
a00009099	263131
a00009100	263132
a00009101	263133
a00009102	263134
a00009103	263135
a00009104	263136
a00009105	263137
a00009106	263138
a00009107	263139
a00009108	263140
a00009109	263141
a00009110	263142
a00009111	263143
a00009112	263144
a00009113	263145
a00009114	263146
a00009115	263147
a00009116	263148
a00009117	263149
a00009118	263150
a00009119	263151
a00009120	263152
a00009121	263153
a00009122	263154
a00009123	263155
a00009124	263156
a00009125	263157
a00009126	263158
a00009127	263159
a00009128	263160
a00009129	263161
a00009130	263162
a00009131	263163
a00009132	263164
a00009133	263165
a00009134	263166
a00009135	263167
a00009136	263168
a00009137	263169
a00009138	263170
a00009139	263171
a00009140	263172
a00009141	263173
a00009142	263174
a00009143	263175
a00009144	263176
a00009145	263177
a00009146	263178
a00009147	263179
a00009148	263180
a00009149	263181
a00009150	263182
a00009151	263183
a00009152	263184
a00009153	263185
a00009154	263186
a00009155	263187
a00009156	263188
a00009157	263189
a00009158	263190
a00009159	263191
a00009160	263192
a00009161	263193
a00009162	263194
a00009163	263195
a00009164	263196
a00009165	263197
a00009166	263198
a00009167	263199
a00009168	263200
a00009169	263201
a00009170	263202
a00009171	263203
a00009172	263204
a00009173	263205
a00009174	263206
a00009175	263207
a00009176	263208
a00009177	263209
a00009178	263210
a00009179	263211
a00009180	263212
a00009181	263213
a00009182	263214
a00009183	263215
a00009184	263216
a00009185	263217
a00009186	263218
a00009187	263219
a00009188	263220
a00009189	263221
a00009190	263222
a00009191	263223
a00009192	263224
a00009193	263225
a00009194	263226
a00009195	263227
a00009196	263228
a00009197	263229
a00009198	263230
a00009199	263231
a00009200	263232
a00009201	263233
a00009202	263234
a00009203	263235
a00009204	263236
a00009205	263237
a00009206	263238
a00009207	263239
a00009208	263240
a00009209	263241
a00009210	263242
a00009211	263243
a00009212	263244
a00009213	263245
a00009214	263246
a00009215	263247
a00009216	263248
a00009217	263249
a00009218	263250
a00009219	263251
a00009220	263252
a00009221	263253
a00009222	263254
a00009223	263255
a00009224	263256
a00009225	263257
a00009226	263258
a00009227	263259
a00009228	263260
a00009229	263261
a00009230	263262
a00009231	263263
a00009232	263264
a00009233	263265
a00009234	263266
a00009235	263267
a00009236	263268
a00009237	263269
a00009238	263270
a00009239	263271
a00009240	263272
a00009241	263273
a00009242	263274
a00009243	263275
a00009244	263276
a00009245	263277
a00009246	263278
a00009247	263279
a00009248	263280
a00009249	263281
a00009250	263282
a00009251	263283
a00009252	263284
a00009253	263285
a00009254	263286
a00009255	263287
a00009256	263288
a00009257	263289
a00009258	263290
a00009259	263291
a00009260	263292
a00009261	263293
a00009262	263294
a00009263	263295
a00009264	263296
a00009265	263297
a00009266	263298
a00009267	263299
a00009268	263300
a00009269	263301
a00009270	263302
a00009271	263303
a00009272	263304
a00009273	263305
a00009274	263306
a00009275	263307
a00009276	263308
a00009277	263309
a00009278	263310
a00009279	263311
a00009280	263312
a00009281	263313
a00009282	263314
a00009283	263315
a00009284	263316
a00009285	263317
a00009286	263318
a00009287	263319
a00009288	263320
a00009289	263321
a00009290	263322
a00009291	263323
a00009292	263324
a00009293	263325
a00009294	263326
a00009295	263327
a00009296	263328
a00009297	263329
a00009298	263330
a00009299	263331
a00009300	263332
a00009301	263333
a00009302	263334
a00009303	263335
a00009304	263336
a00009305	263337
a00009306	263338
a00009307	263339
a00009308	263340
a00009309	263341
a00009310	263342
a00009311	263343
a00009312	263344
a00009313	263345
a00009314	263346
a00009315	263347
a00009316	263348
a00009317	263349
a00009318	263350
a00009319	263351
a00009320	263352
a00009321	263353
a00009322	263354
a00009323	263355
a00009324	263356
a00009325	263357
a00009326	263358
a00009327	263359
a00009328	263360
a00009329	263361
a00009330	263362
a00009331	263363
a00009332	263364
a00009333	263365
a00009334	263366
a00009335	263367
a00009336	263368
a00009337	263369
a00009338	263370
a00009339	263371
a00009340	263372
a00009341	263373
a00009342	263374
a00009343	263375
a00009344	263376
a00009345	263377
a00009346	263378
a00009347	263379
a00009348	263380
a00009349	263381
a00009350	263382
a00009351	263383
a00009352	263384
a00009353	263385
a00009354	263386
a00009355	263387
a00009356	263388
a00009357	263389
a00009358	263390
a00009359	263391
a00009360	263392
a00009361	263393
a00009362	263394
a00009363	263395
a00009364	263396
a00009365	263397
a00009366	263398
a00009367	263399
a00009368	263400
a00009369	263401
a00009370	263402
a00009371	263403
a00009372	263404
a00009373	263405
a00009374	263406
a00009375	263407
a00009376	263408
a00009377	263409
a00009378	263410
a00009379	263411
a00009380	263412
a00009381	263413
a00009382	263414
a00009383	263415
a00009384	263416
a00009385	263417
a00009386	263418
a00009387	263419
a00009388	263420
a00009389	263421
a00009390	263422
a00009391	263423
a00009392	263424
a00009393	263425
a00009394	263426
a00009395	263427
a00009396	263428
a00009397	263429
a00009398	263430
a00009399	263431
a00009400	263432
a00009401	263433
a00009402	263434
a00009403	263435
a00009404	263436
a00009405	263437
a00009406	263438
a00009407	263439
a00009408	263440
a00009409	263441
a00009410	263442
a00009411	263443
a00009412	263444
a00009413	263445
a00009414	263446
a00009415	263447
a00009416	263448
a00009417	263449
a00009418	263450
a00009419	263451
a00009420	263452
a00009421	263453
a00009422	263454
a00009423	263455
a00009424	263456
a00009425	263457
a00009426	263458
a00009427	263459
a00009428	263460
a00009429	263461
a00009430	263462
a00009431	263463
a00009432	263464
a00009433	263465
a00009434	263466
a00009435	263467
a00009436	263468
a00009437	263469
a00009438	263470
a00009439	263471
a00009440	263472
a00009441	263473
a00009442	263474
a00009443	263475
a00009444	263476
a00009445	263477
a00009446	263478
a00009447	263479
a00009448	263480
a00009449	263481
a00009450	263482
a00009451	263483
a00009452	263484
a00009453	263485
a00009454	263486
a00009455	263487
a00009456	263488
a00009457	263489
a00009458	263490
a00009459	263491
a00009460	263492
a00009461	263493
a00009462	263494
a00009463	263495
a00009464	263496
a00009465	263497
a00009466	263498
a00009467	263499
a00009468	263500
a00009469	263501
a00009470	263502
a00009471	263503
a00009472	263504
a00009473	263505
a00009474	263506
a00009475	263507
a00009476	263508
a00009477	263509
a00009478	263510
a00009479	263511
a00009480	263512
a00009481	263513
a00009482	263514
a00009483	263515
a00009484	263516
a00009485	263517
a00009486	263518
a00009487	263519
a00009488	263520
a00009489	263521
a00009490	263522
a00009491	263523
a00009492	263524
a00009493	263525
a00009494	263526
a00009495	263527
a00009496	263528
a00009497	263529
a00009498	263530
a00009499	263531
a00009500	263532
a00009501	263533
a00009502	263534
a00009503	263535
a00009504	263536
a00009505	263537
a00009506	263538
a00009507	263539
a00009508	263540
a00009509	263541
a00009510	263542
a00009511	263543
a00009512	263544
a00009513	263545
a00009514	263546
a00009515	263547
a00009516	263548
a00009517	263549
a00009518	263550
a00009519	263551
a00009520	263552
a00009521	263553
a00009522	263554
a00009523	263555
a00009524	263556
a00009525	263557
a00009526	263558
a00009527	263559
a00009528	263560
a00009529	263561
a00009530	263562
a00009531	263563
a00009532	263564
a00009533	263565
a00009534	263566
a00009535	263567
a00009536	263568
a00009537	263569
a00009538	263570
a00009539	263571
a00009540	263572
a00009541	263573
a00009542	263574
a00009543	263575
a00009544	263576
a00009545	263577
a00009546	263578
a00009547	263579
a00009548	263580
a00009549	263581
a00009550	263582
a00009551	263583
a00009552	263584
a00009553	263585
a00009554	263586
a00009555	263587
a00009556	263588
a00009557	263589
a00009558	263590
a00009559	263591
a00009560	263592
a00009561	263593
a00009562	263594
a00009563	263595
a00009564	263596
a00009565	263597
a00009566	263598
a00009567	263599
a00009568	263600
a00009569	263601
a00009570	263602
a00009571	263603
a00009572	263604
a00009573	263605
a00009574	263606
a00009575	263607
a00009576	263608
a00009577	263609
a00009578	263610
a00009579	263611
a00009580	263612
a00009581	263613
a00009582	263614
a00009583	263615
a00009584	263616
a00009585	263617
a00009586	263618
a00009587	263619
a00009588	263620
a00009589	263621
a00009590	263622
a00009591	263623
a00009592	263624
a00009593	263625
a00009594	263626
a00009595	263627
a00009596	263628
a00009597	263629
a00009598	263630
a00009599	263631
a00009600	263632
a00009601	263633
a00009602	263634
a00009603	263635
a00009604	263636
a00009605	263637
a00009606	263638
a00009607	263639
a00009608	263640
a00009609	263641
a00009610	263642
a00009611	263643
a00009612	263644
a00009613	263645
a00009614	263646
a00009615	263647
a00009616	263648
a00009617	263649
a00009618	263650
a00009619	263651
a00009620	263652
a00009621	263653
a00009622	263654
a00009623	263655
a00009624	263656
a00009625	263657
a00009626	263658
a00009627	263659
a00009628	263660
a00009629	263661
a00009630	263662
a00009631	263663
a00009632	263664
a00009633	263665
a00009634	263666
a00009635	263667
a00009636	263668
a00009637	263669
a00009638	263670
a00009639	263671
a00009640	263672
a00009641	263673
a00009642	263674
a00009643	263675
a00009644	263676
a00009645	263677
a00009646	263678
a00009647	263679
a00009648	263680
a00009649	263681
a00009650	263682
a00009651	263683
a00009652	263684
a00009653	263685
a00009654	263686
a00009655	263687
a00009656	263688
a00009657	263689
a00009658	263690
a00009659	263691
a00009660	263692
a00009661	263693
a00009662	263694
a00009663	263695
a00009664	263696
a00009665	263697
a00009666	263698
a00009667	263699
a00009668	263700
a00009669	263701
a00009670	263702
a00009671	263703
a00009672	263704
a00009673	263705
a00009674	263706
a00009675	263707
a00009676	263708
a00009677	263709
a00009678	263710
a00009679	263711
a00009680	263712
a00009681	263713
a00009682	263714
a00009683	263715
a00009684	263716
a00009685	263717
a00009686	263718
a00009687	263719
a00009688	263720
a00009689	263721
a00009690	263722
a00009691	263723
a00009692	263724
a00009693	263725
a00009694	263726
a00009695	263727
a00009696	263728
a00009697	263729
a00009698	263730
a00009699	263731
a00009700	263732
a00009701	263733
a00009702	263734
a00009703	263735
a00009704	263736
a00009705	263737
a00009706	263738
a00009707	263739
a00009708	263740
a00009709	263741
a00009710	263742
a00009711	263743
a00009712	263744
a00009713	263745
a00009714	263746
a00009715	263747
a00009716	263748
a00009717	263749
a00009718	263750
a00009719	263751
a00009720	263752
a00009721	263753
a00009722	263754
a00009723	263755
a00009724	263756
a00009725	263757
a00009726	263758
a00009727	263759
a00009728	263760
a00009729	263761
a00009730	263762
a00009731	263763
a00009732	263764
a00009733	263765
a00009734	263766
a00009735	263767
a00009736	263768
a00009737	263769
a00009738	263770
a00009739	263771
a00009740	263772
a00009741	263773
a00009742	263774
a00009743	263775
a00009744	263776
a00009745	263777
a00009746	263778
a00009747	263779
a00009748	263780
a00009749	263781
a00009750	263782
a00009751	263783
a00009752	263784
a00009753	263785
a00009754	263786
a00009755	263787
a00009756	263788
a00009757	263789
a00009758	263790
a00009759	263791
a00009760	263792
a00009761	263793
a00009762	263794
a00009763	263795
a00009764	263796
a00009765	263797
a00009766	263798
a00009767	263799
a00009768	263800
a00009769	263801
a00009770	263802
a00009771	263803
a00009772	263804
a00009773	263805
a00009774	263806
a00009775	263807
a00009776	263808
a00009777	263809
a00009778	263810
a00009779	263811
a00009780	263812
a00009781	263813
a00009782	263814
a00009783	263815
a00009784	263816
a00009785	263817
a00009786	263818
a00009787	263819
a00009788	263820
a00009789	263821
a00009790	263822
a00009791	263823
a00009792	263824
a00009793	263825
a00009794	263826
a00009795	263827
a00009796	263828
a00009797	263829
a00009798	263830
a00009799	263831
a00009800	263832
a00009801	263833
a00009802	263834
a00009803	263835
a00009804	263836
a00009805	263837
a00009806	263838
a00009807	263839
a00009808	263840
a00009809	263841
a00009810	263842
a00009811	263843
a00009812	263844
a00009813	263845
a00009814	263846
a00009815	263847
a00009816	263848
a00009817	263849
a00009818	263850
a00009819	263851
a00009820	263852
a00009821	263853
a00009822	263854
a00009823	263855
a00009824	263856
a00009825	263857
a00009826	263858
a00009827	263859
a00009828	263860
a00009829	263861
a00009830	263862
a00009831	263863
a00009832	263864
a00009833	263865
a00009834	263866
a00009835	263867
a00009836	263868
a00009837	263869
a00009838	263870
a00009839	263871
a00009840	263872
a00009841	263873
a00009842	263874
a00009843	263875
a00009844	263876
a00009845	263877
a00009846	263878
a00009847	263879
a00009848	263880
a00009849	263881
a00009850	263882
a00009851	263883
a00009852	263884
a00009853	263885
a00009854	263886
a00009855	263887
a00009856	263888
a00009857	263889
a00009858	263890
a00009859	263891
a00009860	263892
a00009861	263893
a00009862	263894
a00009863	263895
a00009864	263896
a00009865	263897
a00009866	263898
a00009867	263899
a00009868	263900
a00009869	263901
a00009870	263902
a00009871	263903
a00009872	263904
a00009873	263905
a00009874	263906
a00009875	263907
a00009876	263908
a00009877	263909
a00009878	263910
a00009879	263911
a00009880	263912
a00009881	263913
a00009882	263914
a00009883	263915
a00009884	263916
a00009885	263917
a00009886	263918
a00009887	263919
a00009888	263920
a00009889	263921
a00009890	263922
a00009891	263923
a00009892	263924
a00009893	263925
a00009894	263926
a00009895	263927
a00009896	263928
a00009897	263929
a00009898	263930
a00009899	263931
a00009900	263932
a00009901	263933
a00009902	263934
a00009903	263935
a00009904	263936
a00009905	263937
a00009906	263938
a00009907	263939
a00009908	263940
a00009909	263941
a00009910	263942
a00009911	263943
a00009912	263944
a00009913	263945
a00009914	263946
a00009915	263947
a00009916	263948
a00009917	263949
a00009918	263950
a00009919	263951
a00009920	263952
a00009921	263953
a00009922	263954
a00009923	263955
a00009924	263956
a00009925	263957
a00009926	263958
a00009927	263959
a00009928	263960
a00009929	263961
a00009930	263962
a00009931	263963
a00009932	263964
a00009933	263965
a00009934	263966
a00009935	263967
a00009936	263968
a00009937	263969
a00009938	263970
a00009939	263971
a00009940	263972
a00009941	263973
a00009942	263974
a00009943	263975
a00009944	263976
a00009945	263977
a00009946	263978
a00009947	263979
a00009948	263980
a00009949	263981
a00009950	263982
a00009951	263983
a00009952	263984
a00009953	263985
a00009954	263986
a00009955	263987
a00009956	263988
a00009957	263989
a00009958	263990
a00009959	263991
a00009960	263992
a00009961	263993
a00009962	263994
a00009963	263995
a00009964	263996
a00009965	263997
a00009966	263998
a00009967	263999
a00009968	264000
a00009969	264001
a00009970	264002
a00009971	264003
a00009972	264004
a00009973	264005
a00009974	264006
a00009975	264007
a00009976	264008
a00009977	264009
a00009978	264010
a00009979	264011
a00009980	264012
a00009981	264013
a00009982	264014
a00009983	264015
a00009984	264016
a00009985	264017
a00009986	264018
a00009987	264019
a00009988	264020
a00009989	264021
a00009990	264022
a00009991	264023
a00009992	264024
a00009993	264025
a00009994	264026
a00009995	264027
a00009996	264028
a00009997	264029
a00009998	264030
a00009999	264031
a00010000	264032
a00010001	264033
a00010002	264034
a00010003	264035
a00010004	264036
a00010005	264037
a00010006	264038
a00010007	264039
a00010008	264040
a00010009	264041
a00010010	264042
a00010011	264043
a00010012	264044
a00010013	264045
a00010014	264046
a00010015	264047
a00010016	264048
a00010017	264049
a00010018	264050
a00010019	264051
a00010020	264052
a00010021	264053
a00010022	264054
a00010023	264055
a00010024	264056
a00010025	264057
a00010026	264058
a00010027	264059
a00010028	264060
a00010029	264061
a00010030	264062
a00010031	264063
a00010032	264064
a00010033	264065
a00010034	264066
a00010035	264067
a00010036	264068
a00010037	264069
a00010038	264070
a00010039	264071
a00010040	264072
a00010041	264073
a00010042	264074
a00010043	264075
a00010044	264076
a00010045	264077
a00010046	264078
a00010047	264079
a00010048	264080
a00010049	264081
a00010050	264082
a00010051	264083
a00010052	264084
a00010053	264085
a00010054	264086
a00010055	264087
a00010056	264088
a00010057	264089
a00010058	264090
a00010059	264091
a00010060	264092
a00010061	264093
a00010062	264094
a00010063	264095
a00010064	264096
a00010065	264097
a00010066	264098
a00010067	264099
a00010068	264100
a00010069	264101
a00010070	264102
a00010071	264103
a00010072	264104
a00010073	264105
a00010074	264106
a00010075	264107
a00010076	264108
a00010077	264109
a00010078	264110
a00010079	264111
a00010080	264112
a00010081	264113
a00010082	264114
a00010083	264115
a00010084	264116
a00010085	264117
a00010086	264118
a00010087	264119
a00010088	264120
a00010089	264121
a00010090	264122
a00010091	264123
a00010092	264124
a00010093	264125
a00010094	264126
a00010095	264127
a00010096	264128
a00010097	264129
a00010098	264130
a00010099	264131
a00010100	264132
a00010101	264133
a00010102	264134
a00010103	264135
a00010104	264136
a00010105	264137
a00010106	264138
a00010107	264139
a00010108	264140
a00010109	264141
a00010110	264142
a00010111	264143
a00010112	264144
a00010113	264145
a00010114	264146
a00010115	264147
a00010116	264148
a00010117	264149
a00010118	264150
a00010119	264151
a00010120	264152
a00010121	264153
a00010122	264154
a00010123	264155
a00010124	264156
a00010125	264157
a00010126	264158
a00010127	264159
a00010128	264160
a00010129	264161
a00010130	264162
a00010131	264163
a00010132	264164
a00010133	264165
a00010134	264166
a00010135	264167
a00010136	264168
a00010137	264169
a00010138	264170
a00010139	264171
a00010140	264172
a00010141	264173
a00010142	264174
a00010143	264175
a00010144	264176
a00010145	264177
a00010146	264178
a00010147	264179
a00010148	264180
a00010149	264181
a00010150	264182
a00010151	264183
a00010152	264184
a00010153	264185
a00010154	264186
a00010155	264187
a00010156	264188
a00010157	264189
a00010158	264190
a00010159	264191
a00010160	264192
a00010161	264193
a00010162	264194
a00010163	264195
a00010164	264196
a00010165	264197
a00010166	264198
a00010167	264199
a00010168	264200
a00010169	264201
a00010170	264202
a00010171	264203
a00010172	264204
a00010173	264205
a00010174	264206
a00010175	264207
a00010176	264208
a00010177	264209
a00010178	264210
a00010179	264211
a00010180	264212
a00010181	264213
a00010182	264214
a00010183	264215
a00010184	264216
a00010185	264217
a00010186	264218
a00010187	264219
a00010188	264220
a00010189	264221
a00010190	264222
a00010191	264223
a00010192	264224
a00010193	264225
a00010194	264226
a00010195	264227
a00010196	264228
a00010197	264229
a00010198	264230
a00010199	264231
a00010200	264232
a00010201	264233
a00010202	264234
a00010203	264235
a00010204	264236
a00010205	264237
a00010206	264238
a00010207	264239
a00010208	264240
a00010209	264241
a00010210	264242
a00010211	264243
a00010212	264244
a00010213	264245
a00010214	264246
a00010215	264247
a00010216	264248
a00010217	264249
a00010218	264250
a00010219	264251
a00010220	264252
a00010221	264253
a00010222	264254
a00010223	264255
a00010224	264256
a00010225	264257
a00010226	264258
a00010227	264259
a00010228	264260
a00010229	264261
a00010230	264262
a00010231	264263
a00010232	264264
a00010233	264265
a00010234	264266
a00010235	264267
a00010236	264268
a00010237	264269
a00010238	264270
a00010239	264271
a00010240	264272
a00010241	264273
a00010242	264274
a00010243	264275
a00010244	264276
a00010245	264277
a00010246	264278
a00010247	264279
a00010248	264280
a00010249	264281
a00010250	264282
a00010251	264283
a00010252	264284
a00010253	264285
a00010254	264286
a00010255	264287
a00010256	264288
a00010257	264289
a00010258	264290
a00010259	264291
a00010260	264292
a00010261	264293
a00010262	264294
a00010263	264295
a00010264	264296
a00010265	264297
a00010266	264298
a00010267	264299
a00010268	264300
a00010269	264301
a00010270	264302
a00010271	264303
a00010272	264304
a00010273	264305
a00010274	264306
a00010275	264307
a00010276	264308
a00010277	264309
a00010278	264310
a00010279	264311
a00010280	264312
a00010281	264313
a00010282	264314
a00010283	264315
a00010284	264316
a00010285	264317
a00010286	264318
a00010287	264319
a00010288	264320
a00010289	264321
a00010290	264322
a00010291	264323
a00010292	264324
a00010293	264325
a00010294	264326
a00010295	264327
a00010296	264328
a00010297	264329
a00010298	264330
a00010299	264331
a00010300	264332
a00010301	264333
a00010302	264334
a00010303	264335
a00010304	264336
a00010305	264337
a00010306	264338
a00010307	264339
a00010308	264340
a00010309	264341
a00010310	264342
a00010311	264343
a00010312	264344
a00010313	264345
a00010314	264346
a00010315	264347
a00010316	264348
a00010317	264349
a00010318	264350
a00010319	264351
a00010320	264352
a00010321	264353
a00010322	264354
a00010323	264355
a00010324	264356
a00010325	264357
a00010326	264358
a00010327	264359
a00010328	264360
a00010329	264361
a00010330	264362
a00010331	264363
a00010332	264364
a00010333	264365
a00010334	264366
a00010335	264367
a00010336	264368
a00010337	264369
a00010338	264370
a00010339	264371
a00010340	264372
a00010341	264373
a00010342	264374
a00010343	264375
a00010344	264376
a00010345	264377
a00010346	264378
a00010347	264379
a00010348	264380
a00010349	264381
a00010350	264382
a00010351	264383
a00010352	264384
a00010353	264385
a00010354	264386
a00010355	264387
a00010356	264388
a00010357	264389
a00010358	264390
a00010359	264391
a00010360	264392
a00010361	264393
a00010362	264394
a00010363	264395
a00010364	264396
a00010365	264397
a00010366	264398
a00010367	264399
a00010368	264400
a00010369	264401
a00010370	264402
a00010371	264403
a00010372	264404
a00010373	264405
a00010374	264406
a00010375	264407
a00010376	264408
a00010377	264409
a00010378	264410
a00010379	264411
a00010380	264412
a00010381	264413
a00010382	264414
a00010383	264415
a00010384	264416
a00010385	264417
a00010386	264418
a00010387	264419
a00010388	264420
a00010389	264421
a00010390	264422
a00010391	264423
a00010392	264424
a00010393	264425
a00010394	264426
a00010395	264427
a00010396	264428
a00010397	264429
a00010398	264430
a00010399	264431
a00010400	264432
a00010401	264433
a00010402	264434
a00010403	264435
a00010404	264436
a00010405	264437
a00010406	264438
a00010407	264439
a00010408	264440
a00010409	264441
a00010410	264442
a00010411	264443
a00010412	264444
a00010413	264445
a00010414	264446
a00010415	264447
a00010416	264448
a00010417	264449
a00010418	264450
a00010419	264451
a00010420	264452
a00010421	264453
a00010422	264454
a00010423	264455
a00010424	264456
a00010425	264457
a00010426	264458
a00010427	264459
a00010428	264460
a00010429	264461
a00010430	264462
a00010431	264463
a00010432	264464
a00010433	264465
a00010434	264466
a00010435	264467
a00010436	264468
a00010437	264469
a00010438	264470
a00010439	264471
a00010440	264472
a00010441	264473
a00010442	264474
a00010443	264475
a00010444	264476
a00010445	264477
a00010446	264478
a00010447	264479
a00010448	264480
a00010449	264481
a00010450	264482
a00010451	264483
a00010452	264484
a00010453	264485
a00010454	264486
a00010455	264487
a00010456	264488
a00010457	264489
a00010458	264490
a00010459	264491
a00010460	264492
a00010461	264493
a00010462	264494
a00010463	264495
a00010464	264496
a00010465	264497
a00010466	264498
a00010467	264499
a00010468	264500
a00010469	264501
a00010470	264502
a00010471	264503
a00010472	264504
a00010473	264505
a00010474	264506
a00010475	264507
a00010476	264508
a00010477	264509
a00010478	264510
a00010479	264511
a00010480	264512
a00010481	264513
a00010482	264514
a00010483	264515
a00010484	264516
a00010485	264517
a00010486	264518
a00010487	264519
a00010488	264520
a00010489	264521
a00010490	264522
a00010491	264523
a00010492	264524
a00010493	264525
a00010494	264526
a00010495	264527
a00010496	264528
a00010497	264529
a00010498	264530
a00010499	264531
a00010500	264532
a00010501	264533
a00010502	264534
a00010503	264535
a00010504	264536
a00010505	264537
a00010506	264538
a00010507	264539
a00010508	264540
a00010509	264541
a00010510	264542
a00010511	264543
a00010512	264544
a00010513	264545
a00010514	264546
a00010515	264547
a00010516	264548
a00010517	264549
a00010518	264550
a00010519	264551
a00010520	264552
a00010521	264553
a00010522	264554
a00010523	264555
a00010524	264556
a00010525	264557
a00010526	264558
a00010527	264559
a00010528	264560
a00010529	264561
a00010530	264562
a00010531	264563
a00010532	264564
a00010533	264565
a00010534	264566
a00010535	264567
a00010536	264568
a00010537	264569
a00010538	264570
a00010539	264571
a00010540	264572
a00010541	264573
a00010542	264574
a00010543	264575
a00010544	264576
a00010545	264577
a00010546	264578
a00010547	264579
a00010548	264580
a00010549	264581
a00010550	264582
a00010551	264583
a00010552	264584
a00010553	264585
a00010554	264586
a00010555	264587
a00010556	264588
a00010557	264589
a00010558	264590
a00010559	264591
a00010560	264592
a00010561	264593
a00010562	264594
a00010563	264595
a00010564	264596
a00010565	264597
a00010566	264598
a00010567	264599
a00010568	264600
a00010569	264601
a00010570	264602
a00010571	264603
a00010572	264604
a00010573	264605
a00010574	264606
a00010575	264607
a00010576	264608
a00010577	264609
a00010578	264610
a00010579	264611
a00010580	264612
a00010581	264613
a00010582	264614
a00010583	264615
a00010584	264616
a00010585	264617
a00010586	264618
a00010587	264619
a00010588	264620
a00010589	264621
a00010590	264622
a00010591	264623
a00010592	264624
a00010593	264625
a00010594	264626
a00010595	264627
a00010596	264628
a00010597	264629
a00010598	264630
a00010599	264631
a00010600	264632
a00010601	264633
a00010602	264634
a00010603	264635
a00010604	264636
a00010605	264637
a00010606	264638
a00010607	264639
a00010608	264640
a00010609	264641
a00010610	264642
a00010611	264643
a00010612	264644
a00010613	264645
a00010614	264646
a00010615	264647
a00010616	264648
a00010617	264649
a00010618	264650
a00010619	264651
a00010620	264652
a00010621	264653
a00010622	264654
a00010623	264655
a00010624	264656
a00010625	264657
a00010626	264658
a00010627	264659
a00010628	264660
a00010629	264661
a00010630	264662
a00010631	264663
a00010632	264664
a00010633	264665
a00010634	264666
a00010635	264667
a00010636	264668
a00010637	264669
a00010638	264670
a00010639	264671
a00010640	264672
a00010641	264673
a00010642	264674
a00010643	264675
a00010644	264676
a00010645	264677
a00010646	264678
a00010647	264679
a00010648	264680
a00010649	264681
a00010650	264682
a00010651	264683
a00010652	264684
a00010653	264685
a00010654	264686
a00010655	264687
a00010656	264688
a00010657	264689
a00010658	264690
a00010659	264691
a00010660	264692
a00010661	264693
a00010662	264694
a00010663	264695
a00010664	264696
a00010665	264697
a00010666	264698
a00010667	264699
a00010668	264700
a00010669	264701
a00010670	264702
a00010671	264703
a00010672	264704
a00010673	264705
a00010674	264706
a00010675	264707
a00010676	264708
a00010677	264709
a00010678	264710
a00010679	264711
a00010680	264712
a00010681	264713
a00010682	264714
a00010683	264715
a00010684	264716
a00010685	264717
a00010686	264718
a00010687	264719
a00010688	264720
a00010689	264721
a00010690	264722
a00010691	264723
a00010692	264724
a00010693	264725
a00010694	264726
a00010695	264727
a00010696	264728
a00010697	264729
a00010698	264730
a00010699	264731
a00010700	264732
a00010701	264733
a00010702	264734
a00010703	264735
a00010704	264736
a00010705	264737
a00010706	264738
a00010707	264739
a00010708	264740
a00010709	264741
a00010710	264742
a00010711	264743
a00010712	264744
a00010713	264745
a00010714	264746
a00010715	264747
a00010716	264748
a00010717	264749
a00010718	264750
a00010719	264751
a00010720	264752
a00010721	264753
a00010722	264754
a00010723	264755
a00010724	264756
a00010725	264757
a00010726	264758
a00010727	264759
a00010728	264760
a00010729	264761
a00010730	264762
a00010731	264763
a00010732	264764
a00010733	264765
a00010734	264766
a00010735	264767
a00010736	264768
a00010737	264769
a00010738	264770
a00010739	264771
a00010740	264772
a00010741	264773
a00010742	264774
a00010743	264775
a00010744	264776
a00010745	264777
a00010746	264778
a00010747	264779
a00010748	264780
a00010749	264781
a00010750	264782
a00010751	264783
a00010752	264784
a00010753	264785
a00010754	264786
a00010755	264787
a00010756	264788
a00010757	264789
a00010758	264790
a00010759	264791
a00010760	264792
a00010761	264793
a00010762	264794
a00010763	264795
a00010764	264796
a00010765	264797
a00010766	264798
a00010767	264799
a00010768	264800
a00010769	264801
a00010770	264802
a00010771	264803
a00010772	264804
a00010773	264805
a00010774	264806
a00010775	264807
a00010776	264808
a00010777	264809
a00010778	264810
a00010779	264811
a00010780	264812
a00010781	264813
a00010782	264814
a00010783	264815
a00010784	264816
a00010785	264817
a00010786	264818
a00010787	264819
a00010788	264820
a00010789	264821
a00010790	264822
a00010791	264823
a00010792	264824
a00010793	264825
a00010794	264826
a00010795	264827
a00010796	264828
a00010797	264829
a00010798	264830
a00010799	264831
a00010800	264832
a00010801	264833
a00010802	264834
a00010803	264835
a00010804	264836
a00010805	264837
a00010806	264838
a00010807	264839
a00010808	264840
a00010809	264841
a00010810	264842
a00010811	264843
a00010812	264844
a00010813	264845
a00010814	264846
a00010815	264847
a00010816	264848
a00010817	264849
a00010818	264850
a00010819	264851
a00010820	264852
a00010821	264853
a00010822	264854
a00010823	264855
a00010824	264856
a00010825	264857
a00010826	264858
a00010827	264859
a00010828	264860
a00010829	264861
a00010830	264862
a00010831	264863
a00010832	264864
a00010833	264865
a00010834	264866
a00010835	264867
a00010836	264868
a00010837	264869
a00010838	264870
a00010839	264871
a00010840	264872
a00010841	264873
a00010842	264874
a00010843	264875
a00010844	264876
a00010845	264877
a00010846	264878
a00010847	264879
a00010848	264880
a00010849	264881
a00010850	264882
a00010851	264883
a00010852	264884
a00010853	264885
a00010854	264886
a00010855	264887
a00010856	264888
a00010857	264889
a00010858	264890
a00010859	264891
a00010860	264892
a00010861	264893
a00010862	264894
a00010863	264895
a00010864	264896
a00010865	264897
a00010866	264898
a00010867	264899
a00010868	264900
a00010869	264901
a00010870	264902
a00010871	264903
a00010872	264904
a00010873	264905
a00010874	264906
a00010875	264907
a00010876	264908
a00010877	264909
a00010878	264910
a00010879	264911
a00010880	264912
a00010881	264913
a00010882	264914
a00010883	264915
a00010884	264916
a00010885	264917
a00010886	264918
a00010887	264919
a00010888	264920
a00010889	264921
a00010890	264922
a00010891	264923
a00010892	264924
a00010893	264925
a00010894	264926
a00010895	264927
a00010896	264928
a00010897	264929
a00010898	264930
a00010899	264931
a00010900	264932
a00010901	264933
a00010902	264934
a00010903	264935
a00010904	264936
a00010905	264937
a00010906	264938
a00010907	264939
a00010908	264940
a00010909	264941
a00010910	264942
a00010911	264943
a00010912	264944
a00010913	264945
a00010914	264946
a00010915	264947
a00010916	264948
a00010917	264949
a00010918	264950
a00010919	264951
a00010920	264952
a00010921	264953
a00010922	264954
a00010923	264955
a00010924	264956
a00010925	264957
a00010926	264958
a00010927	264959
a00010928	264960
a00010929	264961
a00010930	264962
a00010931	264963
a00010932	264964
a00010933	264965
a00010934	264966
a00010935	264967
a00010936	264968
a00010937	264969
a00010938	264970
a00010939	264971
a00010940	264972
a00010941	264973
a00010942	264974
a00010943	264975
a00010944	264976
a00010945	264977
a00010946	264978
a00010947	264979
a00010948	264980
a00010949	264981
a00010950	264982
a00010951	264983
a00010952	264984
a00010953	264985
a00010954	264986
a00010955	264987
a00010956	264988
a00010957	264989
a00010958	264990
a00010959	264991
a00010960	264992
a00010961	264993
a00010962	264994
a00010963	264995
a00010964	264996
a00010965	264997
a00010966	264998
a00010967	264999
a00010968	265000
a00010969	265001
a00010970	265002
a00010971	265003
a00010972	265004
a00010973	265005
a00010974	265006
a00010975	265007
a00010976	265008
a00010977	265009
a00010978	265010
a00010979	265011
a00010980	265012
a00010981	265013
a00010982	265014
a00010983	265015
a00010984	265016
a00010985	265017
a00010986	265018
a00010987	265019
a00010988	265020
a00010989	265021
a00010990	265022
a00010991	265023
a00010992	265024
a00010993	265025
a00010994	265026
a00010995	265027
a00010996	265028
a00010997	265029
a00010998	265030
a00010999	265031
a00011000	265032
a00011001	265033
a00011002	265034
a00011003	265035
a00011004	265036
a00011005	265037
a00011006	265038
a00011007	265039
a00011008	265040
a00011009	265041
a00011010	265042
a00011011	265043
a00011012	265044
a00011013	265045
a00011014	265046
a00011015	265047
a00011016	265048
a00011017	265049
a00011018	265050
a00011019	265051
a00011020	265052
a00011021	265053
a00011022	265054
a00011023	265055
a00011024	265056
a00011025	265057
a00011026	265058
a00011027	265059
a00011028	265060
a00011029	265061
a00011030	265062
a00011031	265063
a00011032	265064
a00011033	265065
a00011034	265066
a00011035	265067
a00011036	265068
a00011037	265069
a00011038	265070
a00011039	265071
a00011040	265072
a00011041	265073
a00011042	265074
a00011043	265075
a00011044	265076
a00011045	265077
a00011046	265078
a00011047	265079
a00011048	265080
a00011049	265081
a00011050	265082
a00011051	265083
a00011052	265084
a00011053	265085
a00011054	265086
a00011055	265087
a00011056	265088
a00011057	265089
a00011058	265090
a00011059	265091
a00011060	265092
a00011061	265093
a00011062	265094
a00011063	265095
a00011064	265096
a00011065	265097
a00011066	265098
a00011067	265099
a00011068	265100
a00011069	265101
a00011070	265102
a00011071	265103
a00011072	265104
a00011073	265105
a00011074	265106
a00011075	265107
a00011076	265108
a00011077	265109
a00011078	265110
a00011079	265111
a00011080	265112
a00011081	265113
a00011082	265114
a00011083	265115
a00011084	265116
a00011085	265117
a00011086	265118
a00011087	265119
a00011088	265120
a00011089	265121
a00011090	265122
a00011091	265123
a00011092	265124
a00011093	265125
a00011094	265126
a00011095	265127
a00011096	265128
a00011097	265129
a00011098	265130
a00011099	265131
a00011100	265132
a00011101	265133
a00011102	265134
a00011103	265135
a00011104	265136
a00011105	265137
a00011106	265138
a00011107	265139
a00011108	265140
a00011109	265141
a00011110	265142
a00011111	265143
a00011112	265144
a00011113	265145
a00011114	265146
a00011115	265147
a00011116	265148
a00011117	265149
a00011118	265150
a00011119	265151
a00011120	265152
a00011121	265153
a00011122	265154
a00011123	265155
a00011124	265156
a00011125	265157
a00011126	265158
a00011127	265159
a00011128	265160
a00011129	265161
a00011130	265162
a00011131	265163
a00011132	265164
a00011133	265165
a00011134	265166
a00011135	265167
a00011136	265168
a00011137	265169
a00011138	265170
a00011139	265171
a00011140	265172
a00011141	265173
a00011142	265174
a00011143	265175
a00011144	265176
a00011145	265177
a00011146	265178
a00011147	265179
a00011148	265180
a00011149	265181
a00011150	265182
a00011151	265183
a00011152	265184
a00011153	265185
a00011154	265186
a00011155	265187
a00011156	265188
a00011157	265189
a00011158	265190
a00011159	265191
a00011160	265192
a00011161	265193
a00011162	265194
a00011163	265195
a00011164	265196
a00011165	265197
a00011166	265198
a00011167	265199
a00011168	265200
a00011169	265201
a00011170	265202
a00011171	265203
a00011172	265204
a00011173	265205
a00011174	265206
a00011175	265207
a00011176	265208
a00011177	265209
a00011178	265210
a00011179	265211
a00011180	265212
a00011181	265213
a00011182	265214
a00011183	265215
a00011184	265216
a00011185	265217
a00011186	265218
a00011187	265219
a00011188	265220
a00011189	265221
a00011190	265222
a00011191	265223
a00011192	265224
a00011193	265225
a00011194	265226
a00011195	265227
a00011196	265228
a00011197	265229
a00011198	265230
a00011199	265231
a00011200	265232
a00011201	265233
a00011202	265234
a00011203	265235
a00011204	265236
a00011205	265237
a00011206	265238
a00011207	265239
a00011208	265240
a00011209	265241
a00011210	265242
a00011211	265243
a00011212	265244
a00011213	265245
a00011214	265246
a00011215	265247
a00011216	265248
a00011217	265249
a00011218	265250
a00011219	265251
a00011220	265252
a00011221	265253
a00011222	265254
a00011223	265255
a00011224	265256
a00011225	265257
a00011226	265258
a00011227	265259
a00011228	265260
a00011229	265261
a00011230	265262
a00011231	265263
a00011232	265264
a00011233	265265
a00011234	265266
a00011235	265267
a00011236	265268
a00011237	265269
a00011238	265270
a00011239	265271
a00011240	265272
a00011241	265273
a00011242	265274
a00011243	265275
a00011244	265276
a00011245	265277
a00011246	265278
a00011247	265279
a00011248	265280
a00011249	265281
a00011250	265282
a00011251	265283
a00011252	265284
a00011253	265285
a00011254	265286
a00011255	265287
a00011256	265288
a00011257	265289
a00011258	265290
a00011259	265291
a00011260	265292
a00011261	265293
a00011262	265294
a00011263	265295
a00011264	265296
a00011265	265297
a00011266	265298
a00011267	265299
a00011268	265300
a00011269	265301
a00011270	265302
a00011271	265303
a00011272	265304
a00011273	265305
a00011274	265306
a00011275	265307
a00011276	265308
a00011277	265309
a00011278	265310
a00011279	265311
a00011280	265312
a00011281	265313
a00011282	265314
a00011283	265315
a00011284	265316
a00011285	265317
a00011286	265318
a00011287	265319
a00011288	265320
a00011289	265321
a00011290	265322
a00011291	265323
a00011292	265324
a00011293	265325
a00011294	265326
a00011295	265327
a00011296	265328
a00011297	265329
a00011298	265330
a00011299	265331
a00011300	265332
a00011301	265333
a00011302	265334
a00011303	265335
a00011304	265336
a00011305	265337
a00011306	265338
a00011307	265339
a00011308	265340
a00011309	265341
a00011310	265342
a00011311	265343
a00011312	265344
a00011313	265345
a00011314	265346
a00011315	265347
a00011316	265348
a00011317	265349
a00011318	265350
a00011319	265351
a00011320	265352
a00011321	265353
a00011322	265354
a00011323	265355
a00011324	265356
a00011325	265357
a00011326	265358
a00011327	265359
a00011328	265360
a00011329	265361
a00011330	265362
a00011331	265363
a00011332	265364
a00011333	265365
a00011334	265366
a00011335	265367
a00011336	265368
a00011337	265369
a00011338	265370
a00011339	265371
a00011340	265372
a00011341	265373
a00011342	265374
a00011343	265375
a00011344	265376
a00011345	265377
a00011346	265378
a00011347	265379
a00011348	265380
a00011349	265381
a00011350	265382
a00011351	265383
a00011352	265384
a00011353	265385
a00011354	265386
a00011355	265387
a00011356	265388
a00011357	265389
a00011358	265390
a00011359	265391
a00011360	265392
a00011361	265393
a00011362	265394
a00011363	265395
a00011364	265396
a00011365	265397
a00011366	265398
a00011367	265399
a00011368	265400
a00011369	265401
a00011370	265402
a00011371	265403
a00011372	265404
a00011373	265405
a00011374	265406
a00011375	265407
a00011376	265408
a00011377	265409
a00011378	265410
a00011379	265411
a00011380	265412
a00011381	265413
a00011382	265414
a00011383	265415
a00011384	265416
a00011385	265417
a00011386	265418
a00011387	265419
a00011388	265420
a00011389	265421
a00011390	265422
a00011391	265423
a00011392	265424
a00011393	265425
a00011394	265426
a00011395	265427
a00011396	265428
a00011397	265429
a00011398	265430
a00011399	265431
a00011400	265432
a00011401	265433
a00011402	265434
a00011403	265435
a00011404	265436
a00011405	265437
a00011406	265438
a00011407	265439
a00011408	265440
a00011409	265441
a00011410	265442
a00011411	265443
a00011412	265444
a00011413	265445
a00011414	265446
a00011415	265447
a00011416	265448
a00011417	265449
a00011418	265450
a00011419	265451
a00011420	265452
a00011421	265453
a00011422	265454
a00011423	265455
a00011424	265456
a00011425	265457
a00011426	265458
a00011427	265459
a00011428	265460
a00011429	265461
a00011430	265462
a00011431	265463
a00011432	265464
a00011433	265465
a00011434	265466
a00011435	265467
a00011436	265468
a00011437	265469
a00011438	265470
a00011439	265471
a00011440	265472
a00011441	265473
a00011442	265474
a00011443	265475
a00011444	265476
a00011445	265477
a00011446	265478
a00011447	265479
a00011448	265480
a00011449	265481
a00011450	265482
a00011451	265483
a00011452	265484
a00011453	265485
a00011454	265486
a00011455	265487
a00011456	265488
a00011457	265489
a00011458	265490
a00011459	265491
a00011460	265492
a00011461	265493
a00011462	265494
a00011463	265495
a00011464	265496
a00011465	265497
a00011466	265498
a00011467	265499
a00011468	265500
a00011469	265501
a00011470	265502
a00011471	265503
a00011472	265504
a00011473	265505
a00011474	265506
a00011475	265507
a00011476	265508
a00011477	265509
a00011478	265510
a00011479	265511
a00011480	265512
a00011481	265513
a00011482	265514
a00011483	265515
a00011484	265516
a00011485	265517
a00011486	265518
a00011487	265519
a00011488	265520
a00011489	265521
a00011490	265522
a00011491	265523
a00011492	265524
a00011493	265525
a00011494	265526
a00011495	265527
a00011496	265528
a00011497	265529
a00011498	265530
a00011499	265531
a00011500	265532
a00011501	265533
a00011502	265534
a00011503	265535
a00011504	265536
a00011505	265537
a00011506	265538
a00011507	265539
a00011508	265540
a00011509	265541
a00011510	265542
a00011511	265543
a00011512	265544
a00011513	265545
a00011514	265546
a00011515	265547
a00011516	265548
a00011517	265549
a00011518	265550
a00011519	265551
a00011520	265552
a00011521	265553
a00011522	265554
a00011523	265555
a00011524	265556
a00011525	265557
a00011526	265558
a00011527	265559
a00011528	265560
a00011529	265561
a00011530	265562
a00011531	265563
a00011532	265564
a00011533	265565
a00011534	265566
a00011535	265567
a00011536	265568
a00011537	265569
a00011538	265570
a00011539	265571
a00011540	265572
a00011541	265573
a00011542	265574
a00011543	265575
a00011544	265576
a00011545	265577
a00011546	265578
a00011547	265579
a00011548	265580
a00011549	265581
a00011550	265582
a00011551	265583
a00011552	265584
a00011553	265585
a00011554	265586
a00011555	265587
a00011556	265588
a00011557	265589
a00011558	265590
a00011559	265591
a00011560	265592
a00011561	265593
a00011562	265594
a00011563	265595
a00011564	265596
a00011565	265597
a00011566	265598
a00011567	265599
a00011568	265600
a00011569	265601
a00011570	265602
a00011571	265603
a00011572	265604
a00011573	265605
a00011574	265606
a00011575	265607
a00011576	265608
a00011577	265609
a00011578	265610
a00011579	265611
a00011580	265612
a00011581	265613
a00011582	265614
a00011583	265615
a00011584	265616
a00011585	265617
a00011586	265618
a00011587	265619
a00011588	265620
a00011589	265621
a00011590	265622
a00011591	265623
a00011592	265624
a00011593	265625
a00011594	265626
a00011595	265627
a00011596	265628
a00011597	265629
a00011598	265630
a00011599	265631
a00011600	265632
a00011601	265633
a00011602	265634
a00011603	265635
a00011604	265636
a00011605	265637
a00011606	265638
a00011607	265639
a00011608	265640
a00011609	265641
a00011610	265642
a00011611	265643
a00011612	265644
a00011613	265645
a00011614	265646
a00011615	265647
a00011616	265648
a00011617	265649
a00011618	265650
a00011619	265651
a00011620	265652
a00011621	265653
a00011622	265654
a00011623	265655
a00011624	265656
a00011625	265657
a00011626	265658
a00011627	265659
a00011628	265660
a00011629	265661
a00011630	265662
a00011631	265663
a00011632	265664
a00011633	265665
a00011634	265666
a00011635	265667
a00011636	265668
a00011637	265669
a00011638	265670
a00011639	265671
a00011640	265672
a00011641	265673
a00011642	265674
a00011643	265675
a00011644	265676
a00011645	265677
a00011646	265678
a00011647	265679
a00011648	265680
a00011649	265681
a00011650	265682
a00011651	265683
a00011652	265684
a00011653	265685
a00011654	265686
a00011655	265687
a00011656	265688
a00011657	265689
a00011658	265690
a00011659	265691
a00011660	265692
a00011661	265693
a00011662	265694
a00011663	265695
a00011664	265696
a00011665	265697
a00011666	265698
a00011667	265699
a00011668	265700
a00011669	265701
a00011670	265702
a00011671	265703
a00011672	265704
a00011673	265705
a00011674	265706
a00011675	265707
a00011676	265708
a00011677	265709
a00011678	265710
a00011679	265711
a00011680	265712
a00011681	265713
a00011682	265714
a00011683	265715
a00011684	265716
a00011685	265717
a00011686	265718
a00011687	265719
a00011688	265720
a00011689	265721
a00011690	265722
a00011691	265723
a00011692	265724
a00011693	265725
a00011694	265726
a00011695	265727
a00011696	265728
a00011697	265729
a00011698	265730
a00011699	265731
a00011700	265732
a00011701	265733
a00011702	265734
a00011703	265735
a00011704	265736
a00011705	265737
a00011706	265738
a00011707	265739
a00011708	265740
a00011709	265741
a00011710	265742
a00011711	265743
a00011712	265744
a00011713	265745
a00011714	265746
a00011715	265747
a00011716	265748
a00011717	265749
a00011718	265750
a00011719	265751
a00011720	265752
a00011721	265753
a00011722	265754
a00011723	265755
a00011724	265756
a00011725	265757
a00011726	265758
a00011727	265759
a00011728	265760
a00011729	265761
a00011730	265762
a00011731	265763
a00011732	265764
a00011733	265765
a00011734	265766
a00011735	265767
a00011736	265768
a00011737	265769
a00011738	265770
a00011739	265771
a00011740	265772
a00011741	265773
a00011742	265774
a00011743	265775
a00011744	265776
a00011745	265777
a00011746	265778
a00011747	265779
a00011748	265780
a00011749	265781
a00011750	265782
a00011751	265783
a00011752	265784
a00011753	265785
a00011754	265786
a00011755	265787
a00011756	265788
a00011757	265789
a00011758	265790
a00011759	265791
a00011760	265792
a00011761	265793
a00011762	265794
a00011763	265795
a00011764	265796
a00011765	265797
a00011766	265798
a00011767	265799
a00011768	265800
a00011769	265801
a00011770	265802
a00011771	265803
a00011772	265804
a00011773	265805
a00011774	265806
a00011775	265807
a00011776	265808
a00011777	265809
a00011778	265810
a00011779	265811
a00011780	265812
a00011781	265813
a00011782	265814
a00011783	265815
a00011784	265816
a00011785	265817
a00011786	265818
a00011787	265819
a00011788	265820
a00011789	265821
a00011790	265822
a00011791	265823
a00011792	265824
a00011793	265825
a00011794	265826
a00011795	265827
a00011796	265828
a00011797	265829
a00011798	265830
a00011799	265831
a00011800	265832
a00011801	265833
a00011802	265834
a00011803	265835
a00011804	265836
a00011805	265837
a00011806	265838
a00011807	265839
a00011808	265840
a00011809	265841
a00011810	265842
a00011811	265843
a00011812	265844
a00011813	265845
a00011814	265846
a00011815	265847
a00011816	265848
a00011817	265849
a00011818	265850
a00011819	265851
a00011820	265852
a00011821	265853
a00011822	265854
a00011823	265855
a00011824	265856
a00011825	265857
a00011826	265858
a00011827	265859
a00011828	265860
a00011829	265861
a00011830	265862
a00011831	265863
a00011832	265864
a00011833	265865
a00011834	265866
a00011835	265867
a00011836	265868
a00011837	265869
a00011838	265870
a00011839	265871
a00011840	265872
a00011841	265873
a00011842	265874
a00011843	265875
a00011844	265876
a00011845	265877
a00011846	265878
a00011847	265879
a00011848	265880
a00011849	265881
a00011850	265882
a00011851	265883
a00011852	265884
a00011853	265885
a00011854	265886
a00011855	265887
a00011856	265888
a00011857	265889
a00011858	265890
a00011859	265891
a00011860	265892
a00011861	265893
a00011862	265894
a00011863	265895
a00011864	265896
a00011865	265897
a00011866	265898
a00011867	265899
a00011868	265900
a00011869	265901
a00011870	265902
a00011871	265903
a00011872	265904
a00011873	265905
a00011874	265906
a00011875	265907
a00011876	265908
a00011877	265909
a00011878	265910
a00011879	265911
a00011880	265912
a00011881	265913
a00011882	265914
a00011883	265915
a00011884	265916
a00011885	265917
a00011886	265918
a00011887	265919
a00011888	265920
a00011889	265921
a00011890	265922
a00011891	265923
a00011892	265924
a00011893	265925
a00011894	265926
a00011895	265927
a00011896	265928
a00011897	265929
a00011898	265930
a00011899	265931
a00011900	265932
a00011901	265933
a00011902	265934
a00011903	265935
a00011904	265936
a00011905	265937
a00011906	265938
a00011907	265939
a00011908	265940
a00011909	265941
a00011910	265942
a00011911	265943
a00011912	265944
a00011913	265945
a00011914	265946
a00011915	265947
a00011916	265948
a00011917	265949
a00011918	265950
a00011919	265951
a00011920	265952
a00011921	265953
a00011922	265954
a00011923	265955
a00011924	265956
a00011925	265957
a00011926	265958
a00011927	265959
a00011928	265960
a00011929	265961
a00011930	265962
a00011931	265963
a00011932	265964
a00011933	265965
a00011934	265966
a00011935	265967
a00011936	265968
a00011937	265969
a00011938	265970
a00011939	265971
a00011940	265972
a00011941	265973
a00011942	265974
a00011943	265975
a00011944	265976
a00011945	265977
a00011946	265978
a00011947	265979
a00011948	265980
a00011949	265981
a00011950	265982
a00011951	265983
a00011952	265984
a00011953	265985
a00011954	265986
a00011955	265987
a00011956	265988
a00011957	265989
a00011958	265990
a00011959	265991
a00011960	265992
a00011961	265993
a00011962	265994
a00011963	265995
a00011964	265996
a00011965	265997
a00011966	265998
a00011967	265999
a00011968	266000
a00011969	266001
a00011970	266002
a00011971	266003
a00011972	266004
a00011973	266005
a00011974	266006
a00011975	266007
a00011976	266008
a00011977	266009
a00011978	266010
a00011979	266011
a00011980	266012
a00011981	266013
a00011982	266014
a00011983	266015
a00011984	266016
a00011985	266017
a00011986	266018
a00011987	266019
a00011988	266020
a00011989	266021
a00011990	266022
a00011991	266023
a00011992	266024
a00011993	266025
a00011994	266026
a00011995	266027
a00011996	266028
a00011997	266029
a00011998	266030
a00011999	266031
a00012000	266032
a00012001	266033
a00012002	266034
a00012003	266035
a00012004	266036
a00012005	266037
a00012006	266038
a00012007	266039
a00012008	266040
a00012009	266041
a00012010	266042
a00012011	266043
a00012012	266044
a00012013	266045
a00012014	266046
a00012015	266047
a00012016	266048
a00012017	266049
a00012018	266050
a00012019	266051
a00012020	266052
a00012021	266053
a00012022	266054
a00012023	266055
a00012024	266056
a00012025	266057
a00012026	266058
a00012027	266059
a00012028	266060
a00012029	266061
a00012030	266062
a00012031	266063
a00012032	266064
a00012033	266065
a00012034	266066
a00012035	266067
a00012036	266068
a00012037	266069
a00012038	266070
a00012039	266071
a00012040	266072
a00012041	266073
a00012042	266074
a00012043	266075
a00012044	266076
a00012045	266077
a00012046	266078
a00012047	266079
a00012048	266080
a00012049	266081
a00012050	266082
a00012051	266083
a00012052	266084
a00012053	266085
a00012054	266086
a00012055	266087
a00012056	266088
a00012057	266089
a00012058	266090
a00012059	266091
a00012060	266092
a00012061	266093
a00012062	266094
a00012063	266095
a00012064	266096
a00012065	266097
a00012066	266098
a00012067	266099
a00012068	266100
a00012069	266101
a00012070	266102
a00012071	266103
a00012072	266104
a00012073	266105
a00012074	266106
a00012075	266107
a00012076	266108
a00012077	266109
a00012078	266110
a00012079	266111
a00012080	266112
a00012081	266113
a00012082	266114
a00012083	266115
a00012084	266116
a00012085	266117
a00012086	266118
a00012087	266119
a00012088	266120
a00012089	266121
a00012090	266122
a00012091	266123
a00012092	266124
a00012093	266125
a00012094	266126
a00012095	266127
a00012096	266128
a00012097	266129
a00012098	266130
a00012099	266131
a00012100	266132
a00012101	266133
a00012102	266134
a00012103	266135
a00012104	266136
a00012105	266137
a00012106	266138
a00012107	266139
a00012108	266140
a00012109	266141
a00012110	266142
a00012111	266143
a00012112	266144
a00012113	266145
a00012114	266146
a00012115	266147
a00012116	266148
a00012117	266149
a00012118	266150
a00012119	266151
a00012120	266152
a00012121	266153
a00012122	266154
a00012123	266155
a00012124	266156
a00012125	266157
a00012126	266158
a00012127	266159
a00012128	266160
a00012129	266161
a00012130	266162
a00012131	266163
a00012132	266164
a00012133	266165
a00012134	266166
a00012135	266167
a00012136	266168
a00012137	266169
a00012138	266170
a00012139	266171
a00012140	266172
a00012141	266173
a00012142	266174
a00012143	266175
a00012144	266176
a00012145	266177
a00012146	266178
a00012147	266179
a00012148	266180
a00012149	266181
a00012150	266182
a00012151	266183
a00012152	266184
a00012153	266185
a00012154	266186
a00012155	266187
a00012156	266188
a00012157	266189
a00012158	266190
a00012159	266191
a00012160	266192
a00012161	266193
a00012162	266194
a00012163	266195
a00012164	266196
a00012165	266197
a00012166	266198
a00012167	266199
a00012168	266200
a00012169	266201
a00012170	266202
a00012171	266203
a00012172	266204
a00012173	266205
a00012174	266206
a00012175	266207
a00012176	266208
a00012177	266209
a00012178	266210
a00012179	266211
a00012180	266212
a00012181	266213
a00012182	266214
a00012183	266215
a00012184	266216
a00012185	266217
a00012186	266218
a00012187	266219
a00012188	266220
a00012189	266221
a00012190	266222
a00012191	266223
a00012192	266224
a00012193	266225
a00012194	266226
a00012195	266227
a00012196	266228
a00012197	266229
a00012198	266230
a00012199	266231
a00012200	266232
a00012201	266233
a00012202	266234
a00012203	266235
a00012204	266236
a00012205	266237
a00012206	266238
a00012207	266239
a00012208	266240
a00012209	266241
a00012210	266242
a00012211	266243
a00012212	266244
a00012213	266245
a00012214	266246
a00012215	266247
a00012216	266248
a00012217	266249
a00012218	266250
a00012219	266251
a00012220	266252
a00012221	266253
a00012222	266254
a00012223	266255
a00012224	266256
a00012225	266257
a00012226	266258
a00012227	266259
a00012228	266260
a00012229	266261
a00012230	266262
a00012231	266263
a00012232	266264
a00012233	266265
a00012234	266266
a00012235	266267
a00012236	266268
a00012237	266269
a00012238	266270
a00012239	266271
a00012240	266272
a00012241	266273
a00012242	266274
a00012243	266275
a00012244	266276
a00012245	266277
a00012246	266278
a00012247	266279
a00012248	266280
a00012249	266281
a00012250	266282
a00012251	266283
a00012252	266284
a00012253	266285
a00012254	266286
a00012255	266287
a00012256	266288
a00012257	266289
a00012258	266290
a00012259	266291
a00012260	266292
a00012261	266293
a00012262	266294
a00012263	266295
a00012264	266296
a00012265	266297
a00012266	266298
a00012267	266299
a00012268	266300
a00012269	266301
a00012270	266302
a00012271	266303
a00012272	266304
a00012273	266305
a00012274	266306
a00012275	266307
a00012276	266308
a00012277	266309
a00012278	266310
a00012279	266311
a00012280	266312
a00012281	266313
a00012282	266314
a00012283	266315
a00012284	266316
a00012285	266317
a00012286	266318
a00012287	266319
a00012288	266320
a00012289	266321
a00012290	266322
a00012291	266323
a00012292	266324
a00012293	266325
a00012294	266326
a00012295	266327
a00012296	266328
a00012297	266329
a00012298	266330
a00012299	266331
a00012300	266332
a00012301	266333
a00012302	266334
a00012303	266335
a00012304	266336
a00012305	266337
a00012306	266338
a00012307	266339
a00012308	266340
a00012309	266341
a00012310	266342
a00012311	266343
a00012312	266344
a00012313	266345
a00012314	266346
a00012315	266347
a00012316	266348
a00012317	266349
a00012318	266350
a00012319	266351
a00012320	266352
a00012321	266353
a00012322	266354
a00012323	266355
a00012324	266356
a00012325	266357
a00012326	266358
a00012327	266359
a00012328	266360
a00012329	266361
a00012330	266362
a00012331	266363
a00012332	266364
a00012333	266365
a00012334	266366
a00012335	266367
a00012336	266368
a00012337	266369
a00012338	266370
a00012339	266371
a00012340	266372
a00012341	266373
a00012342	266374
a00012343	266375
a00012344	266376
a00012345	266377
a00012346	266378
a00012347	266379
a00012348	266380
a00012349	266381
a00012350	266382
a00012351	266383
a00012352	266384
a00012353	266385
a00012354	266386
a00012355	266387
a00012356	266388
a00012357	266389
a00012358	266390
a00012359	266391
a00012360	266392
a00012361	266393
a00012362	266394
a00012363	266395
a00012364	266396
a00012365	266397
a00012366	266398
a00012367	266399
a00012368	266400
a00012369	266401
a00012370	266402
a00012371	266403
a00012372	266404
a00012373	266405
a00012374	266406
a00012375	266407
a00012376	266408
a00012377	266409
a00012378	266410
a00012379	266411
a00012380	266412
a00012381	266413
a00012382	266414
a00012383	266415
a00012384	266416
a00012385	266417
a00012386	266418
a00012387	266419
a00012388	266420
a00012389	266421
a00012390	266422
a00012391	266423
a00012392	266424
a00012393	266425
a00012394	266426
a00012395	266427
a00012396	266428
a00012397	266429
a00012398	266430
a00012399	266431
a00012400	266432
a00012401	266433
a00012402	266434
a00012403	266435
a00012404	266436
a00012405	266437
a00012406	266438
a00012407	266439
a00012408	266440
a00012409	266441
a00012410	266442
a00012411	266443
a00012412	266444
a00012413	266445
a00012414	266446
a00012415	266447
a00012416	266448
a00012417	266449
a00012418	266450
a00012419	266451
a00012420	266452
a00012421	266453
a00012422	266454
a00012423	266455
a00012424	266456
a00012425	266457
a00012426	266458
a00012427	266459
a00012428	266460
a00012429	266461
a00012430	266462
a00012431	266463
a00012432	266464
a00012433	266465
a00012434	266466
a00012435	266467
a00012436	266468
a00012437	266469
a00012438	266470
a00012439	266471
a00012440	266472
a00012441	266473
a00012442	266474
a00012443	266475
a00012444	266476
a00012445	266477
a00012446	266478
a00012447	266479
a00012448	266480
a00012449	266481
a00012450	266482
a00012451	266483
a00012452	266484
a00012453	266485
a00012454	266486
a00012455	266487
a00012456	266488
a00012457	266489
a00012458	266490
a00012459	266491
a00012460	266492
a00012461	266493
a00012462	266494
a00012463	266495
a00012464	266496
a00012465	266497
a00012466	266498
a00012467	266499
a00012468	266500
a00012469	266501
a00012470	266502
a00012471	266503
a00012472	266504
a00012473	266505
a00012474	266506
a00012475	266507
a00012476	266508
a00012477	266509
a00012478	266510
a00012479	266511
a00012480	266512
a00012481	266513
a00012482	266514
a00012483	266515
a00012484	266516
a00012485	266517
a00012486	266518
a00012487	266519
a00012488	266520
a00012489	266521
a00012490	266522
a00012491	266523
a00012492	266524
a00012493	266525
a00012494	266526
a00012495	266527
a00012496	266528
a00012497	266529
a00012498	266530
a00012499	266531
a00012500	266532
a00012501	266533
a00012502	266534
a00012503	266535
a00012504	266536
a00012505	266537
a00012506	266538
a00012507	266539
a00012508	266540
a00012509	266541
a00012510	266542
a00012511	266543
a00012512	266544
a00012513	266545
a00012514	266546
a00012515	266547
a00012516	266548
a00012517	266549
a00012518	266550
a00012519	266551
a00012520	266552
a00012521	266553
a00012522	266554
a00012523	266555
a00012524	266556
a00012525	266557
a00012526	266558
a00012527	266559
a00012528	266560
a00012529	266561
a00012530	266562
a00012531	266563
a00012532	266564
a00012533	266565
a00012534	266566
a00012535	266567
a00012536	266568
a00012537	266569
a00012538	266570
a00012539	266571
a00012540	266572
a00012541	266573
a00012542	266574
a00012543	266575
a00012544	266576
a00012545	266577
a00012546	266578
a00012547	266579
a00012548	266580
a00012549	266581
a00012550	266582
a00012551	266583
a00012552	266584
a00012553	266585
a00012554	266586
a00012555	266587
a00012556	266588
a00012557	266589
a00012558	266590
a00012559	266591
a00012560	266592
a00012561	266593
a00012562	266594
a00012563	266595
a00012564	266596
a00012565	266597
a00012566	266598
a00012567	266599
a00012568	266600
a00012569	266601
a00012570	266602
a00012571	266603
a00012572	266604
a00012573	266605
a00012574	266606
a00012575	266607
a00012576	266608
a00012577	266609
a00012578	266610
a00012579	266611
a00012580	266612
a00012581	266613
a00012582	266614
a00012583	266615
a00012584	266616
a00012585	266617
a00012586	266618
a00012587	266619
a00012588	266620
a00012589	266621
a00012590	266622
a00012591	266623
a00012592	266624
a00012593	266625
a00012594	266626
a00012595	266627
a00012596	266628
a00012597	266629
a00012598	266630
a00012599	266631
a00012600	266632
a00012601	266633
a00012602	266634
a00012603	266635
a00012604	266636
a00012605	266637
a00012606	266638
a00012607	266639
a00012608	266640
a00012609	266641
a00012610	266642
a00012611	266643
a00012612	266644
a00012613	266645
a00012614	266646
a00012615	266647
a00012616	266648
a00012617	266649
a00012618	266650
a00012619	266651
a00012620	266652
a00012621	266653
a00012622	266654
a00012623	266655
a00012624	266656
a00012625	266657
a00012626	266658
a00012627	266659
a00012628	266660
a00012629	266661
a00012630	266662
a00012631	266663
a00012632	266664
a00012633	266665
a00012634	266666
a00012635	266667
a00012636	266668
a00012637	266669
a00012638	266670
a00012639	266671
a00012640	266672
a00012641	266673
a00012642	266674
a00012643	266675
a00012644	266676
a00012645	266677
a00012646	266678
a00012647	266679
a00012648	266680
a00012649	266681
a00012650	266682
a00012651	266683
a00012652	266684
a00012653	266685
a00012654	266686
a00012655	266687
a00012656	266688
a00012657	266689
a00012658	266690
a00012659	266691
a00012660	266692
a00012661	266693
a00012662	266694
a00012663	266695
a00012664	266696
a00012665	266697
a00012666	266698
a00012667	266699
a00012668	266700
a00012669	266701
a00012670	266702
a00012671	266703
a00012672	266704
a00012673	266705
a00012674	266706
a00012675	266707
a00012676	266708
a00012677	266709
a00012678	266710
a00012679	266711
a00012680	266712
a00012681	266713
a00012682	266714
a00012683	266715
a00012684	266716
a00012685	266717
a00012686	266718
a00012687	266719
a00012688	266720
a00012689	266721
a00012690	266722
a00012691	266723
a00012692	266724
a00012693	266725
a00012694	266726
a00012695	266727
a00012696	266728
a00012697	266729
a00012698	266730
a00012699	266731
a00012700	266732
a00012701	266733
a00012702	266734
a00012703	266735
a00012704	266736
a00012705	266737
a00012706	266738
a00012707	266739
a00012708	266740
a00012709	266741
a00012710	266742
a00012711	266743
a00012712	266744
a00012713	266745
a00012714	266746
a00012715	266747
a00012716	266748
a00012717	266749
a00012718	266750
a00012719	266751
a00012720	266752
a00012721	266753
a00012722	266754
a00012723	266755
a00012724	266756
a00012725	266757
a00012726	266758
a00012727	266759
a00012728	266760
a00012729	266761
a00012730	266762
a00012731	266763
a00012732	266764
a00012733	266765
a00012734	266766
a00012735	266767
a00012736	266768
a00012737	266769
a00012738	266770
a00012739	266771
a00012740	266772
a00012741	266773
a00012742	266774
a00012743	266775
a00012744	266776
a00012745	266777
a00012746	266778
a00012747	266779
a00012748	266780
a00012749	266781
a00012750	266782
a00012751	266783
a00012752	266784
a00012753	266785
a00012754	266786
a00012755	266787
a00012756	266788
a00012757	266789
a00012758	266790
a00012759	266791
a00012760	266792
a00012761	266793
a00012762	266794
a00012763	266795
a00012764	266796
a00012765	266797
a00012766	266798
a00012767	266799
a00012768	266800
a00012769	266801
a00012770	266802
a00012771	266803
a00012772	266804
a00012773	266805
a00012774	266806
a00012775	266807
a00012776	266808
a00012777	266809
a00012778	266810
a00012779	266811
a00012780	266812
a00012781	266813
a00012782	266814
a00012783	266815
a00012784	266816
a00012785	266817
a00012786	266818
a00012787	266819
a00012788	266820
a00012789	266821
a00012790	266822
a00012791	266823
a00012792	266824
a00012793	266825
a00012794	266826
a00012795	266827
a00012796	266828
a00012797	266829
a00012798	266830
a00012799	266831
a00012800	266832
a00012801	266833
a00012802	266834
a00012803	266835
a00012804	266836
a00012805	266837
a00012806	266838
a00012807	266839
a00012808	266840
a00012809	266841
a00012810	266842
a00012811	266843
a00012812	266844
a00012813	266845
a00012814	266846
a00012815	266847
a00012816	266848
a00012817	266849
a00012818	266850
a00012819	266851
a00012820	266852
a00012821	266853
a00012822	266854
a00012823	266855
a00012824	266856
a00012825	266857
a00012826	266858
a00012827	266859
a00012828	266860
a00012829	266861
a00012830	266862
a00012831	266863
a00012832	266864
a00012833	266865
a00012834	266866
a00012835	266867
a00012836	266868
a00012837	266869
a00012838	266870
a00012839	266871
a00012840	266872
a00012841	266873
a00012842	266874
a00012843	266875
a00012844	266876
a00012845	266877
a00012846	266878
a00012847	266879
a00012848	266880
a00012849	266881
a00012850	266882
a00012851	266883
a00012852	266884
a00012853	266885
a00012854	266886
a00012855	266887
a00012856	266888
a00012857	266889
a00012858	266890
a00012859	266891
a00012860	266892
a00012861	266893
a00012862	266894
a00012863	266895
a00012864	266896
a00012865	266897
a00012866	266898
a00012867	266899
a00012868	266900
a00012869	266901
a00012870	266902
a00012871	266903
a00012872	266904
a00012873	266905
a00012874	266906
a00012875	266907
a00012876	266908
a00012877	266909
a00012878	266910
a00012879	266911
a00012880	266912
a00012881	266913
a00012882	266914
a00012883	266915
a00012884	266916
a00012885	266917
a00012886	266918
a00012887	266919
a00012888	266920
a00012889	266921
a00012890	266922
a00012891	266923
a00012892	266924
a00012893	266925
a00012894	266926
a00012895	266927
a00012896	266928
a00012897	266929
a00012898	266930
a00012899	266931
a00012900	266932
a00012901	266933
a00012902	266934
a00012903	266935
a00012904	266936
a00012905	266937
a00012906	266938
a00012907	266939
a00012908	266940
a00012909	266941
a00012910	266942
a00012911	266943
a00012912	266944
a00012913	266945
a00012914	266946
a00012915	266947
a00012916	266948
a00012917	266949
a00012918	266950
a00012919	266951
a00012920	266952
a00012921	266953
a00012922	266954
a00012923	266955
a00012924	266956
a00012925	266957
a00012926	266958
a00012927	266959
a00012928	266960
a00012929	266961
a00012930	266962
a00012931	266963
a00012932	266964
a00012933	266965
a00012934	266966
a00012935	266967
a00012936	266968
a00012937	266969
a00012938	266970
a00012939	266971
a00012940	266972
a00012941	266973
a00012942	266974
a00012943	266975
a00012944	266976
a00012945	266977
a00012946	266978
a00012947	266979
a00012948	266980
a00012949	266981
a00012950	266982
a00012951	266983
a00012952	266984
a00012953	266985
a00012954	266986
a00012955	266987
a00012956	266988
a00012957	266989
a00012958	266990
a00012959	266991
a00012960	266992
a00012961	266993
a00012962	266994
a00012963	266995
a00012964	266996
a00012965	266997
a00012966	266998
a00012967	266999
a00012968	267000
a00012969	267001
a00012970	267002
a00012971	267003
a00012972	267004
a00012973	267005
a00012974	267006
a00012975	267007
a00012976	267008
a00012977	267009
a00012978	267010
a00012979	267011
a00012980	267012
a00012981	267013
a00012982	267014
a00012983	267015
a00012984	267016
a00012985	267017
a00012986	267018
a00012987	267019
a00012988	267020
a00012989	267021
a00012990	267022
a00012991	267023
a00012992	267024
a00012993	267025
a00012994	267026
a00012995	267027
a00012996	267028
a00012997	267029
a00012998	267030
a00012999	267031
a00013000	267032
a00013001	267033
a00013002	267034
a00013003	267035
a00013004	267036
a00013005	267037
a00013006	267038
a00013007	267039
a00013008	267040
a00013009	267041
a00013010	267042
a00013011	267043
a00013012	267044
a00013013	267045
a00013014	267046
a00013015	267047
a00013016	267048
a00013017	267049
a00013018	267050
a00013019	267051
a00013020	267052
a00013021	267053
a00013022	267054
a00013023	267055
a00013024	267056
a00013025	267057
a00013026	267058
a00013027	267059
a00013028	267060
a00013029	267061
a00013030	267062
a00013031	267063
a00013032	267064
a00013033	267065
a00013034	267066
a00013035	267067
a00013036	267068
a00013037	267069
a00013038	267070
a00013039	267071
a00013040	267072
a00013041	267073
a00013042	267074
a00013043	267075
a00013044	267076
a00013045	267077
a00013046	267078
a00013047	267079
a00013048	267080
a00013049	267081
a00013050	267082
a00013051	267083
a00013052	267084
a00013053	267085
a00013054	267086
a00013055	267087
a00013056	267088
a00013057	267089
a00013058	267090
a00013059	267091
a00013060	267092
a00013061	267093
a00013062	267094
a00013063	267095
a00013064	267096
a00013065	267097
a00013066	267098
a00013067	267099
a00013068	267100
a00013069	267101
a00013070	267102
a00013071	267103
a00013072	267104
a00013073	267105
a00013074	267106
a00013075	267107
a00013076	267108
a00013077	267109
a00013078	267110
a00013079	267111
a00013080	267112
a00013081	267113
a00013082	267114
a00013083	267115
a00013084	267116
a00013085	267117
a00013086	267118
a00013087	267119
a00013088	267120
a00013089	267121
a00013090	267122
a00013091	267123
a00013092	267124
a00013093	267125
a00013094	267126
a00013095	267127
a00013096	267128
a00013097	267129
a00013098	267130
a00013099	267131
a00013100	267132
a00013101	267133
a00013102	267134
a00013103	267135
a00013104	267136
a00013105	267137
a00013106	267138
a00013107	267139
a00013108	267140
a00013109	267141
a00013110	267142
a00013111	267143
a00013112	267144
a00013113	267145
a00013114	267146
a00013115	267147
a00013116	267148
a00013117	267149
a00013118	267150
a00013119	267151
a00013120	267152
a00013121	267153
a00013122	267154
a00013123	267155
a00013124	267156
a00013125	267157
a00013126	267158
a00013127	267159
a00013128	267160
a00013129	267161
a00013130	267162
a00013131	267163
a00013132	267164
a00013133	267165
a00013134	267166
a00013135	267167
a00013136	267168
a00013137	267169
a00013138	267170
a00013139	267171
a00013140	267172
a00013141	267173
a00013142	267174
a00013143	267175
a00013144	267176
a00013145	267177
a00013146	267178
a00013147	267179
a00013148	267180
a00013149	267181
a00013150	267182
a00013151	267183
a00013152	267184
a00013153	267185
a00013154	267186
a00013155	267187
a00013156	267188
a00013157	267189
a00013158	267190
a00013159	267191
a00013160	267192
a00013161	267193
a00013162	267194
a00013163	267195
a00013164	267196
a00013165	267197
a00013166	267198
a00013167	267199
a00013168	267200
a00013169	267201
a00013170	267202
a00013171	267203
a00013172	267204
a00013173	267205
a00013174	267206
a00013175	267207
a00013176	267208
a00013177	267209
a00013178	267210
a00013179	267211
a00013180	267212
a00013181	267213
a00013182	267214
a00013183	267215
a00013184	267216
a00013185	267217
a00013186	267218
a00013187	267219
a00013188	267220
a00013189	267221
a00013190	267222
a00013191	267223
a00013192	267224
a00013193	267225
a00013194	267226
a00013195	267227
a00013196	267228
a00013197	267229
a00013198	267230
a00013199	267231
a00013200	267232
a00013201	267233
a00013202	267234
a00013203	267235
a00013204	267236
a00013205	267237
a00013206	267238
a00013207	267239
a00013208	267240
a00013209	267241
a00013210	267242
a00013211	267243
a00013212	267244
a00013213	267245
a00013214	267246
a00013215	267247
a00013216	267248
a00013217	267249
a00013218	267250
a00013219	267251
a00013220	267252
a00013221	267253
a00013222	267254
a00013223	267255
a00013224	267256
a00013225	267257
a00013226	267258
a00013227	267259
a00013228	267260
a00013229	267261
a00013230	267262
a00013231	267263
a00013232	267264
a00013233	267265
a00013234	267266
a00013235	267267
a00013236	267268
a00013237	267269
a00013238	267270
a00013239	267271
a00013240	267272
a00013241	267273
a00013242	267274
a00013243	267275
a00013244	267276
a00013245	267277
a00013246	267278
a00013247	267279
a00013248	267280
a00013249	267281
a00013250	267282
a00013251	267283
a00013252	267284
a00013253	267285
a00013254	267286
a00013255	267287
a00013256	267288
a00013257	267289
a00013258	267290
a00013259	267291
a00013260	267292
a00013261	267293
a00013262	267294
a00013263	267295
a00013264	267296
a00013265	267297
a00013266	267298
a00013267	267299
a00013268	267300
a00013269	267301
a00013270	267302
a00013271	267303
a00013272	267304
a00013273	267305
a00013274	267306
a00013275	267307
a00013276	267308
a00013277	267309
a00013278	267310
a00013279	267311
a00013280	267312
a00013281	267313
a00013282	267314
a00013283	267315
a00013284	267316
a00013285	267317
a00013286	267318
a00013287	267319
a00013288	267320
a00013289	267321
a00013290	267322
a00013291	267323
a00013292	267324
a00013293	267325
a00013294	267326
a00013295	267327
a00013296	267328
a00013297	267329
a00013298	267330
a00013299	267331
a00013300	267332
a00013301	267333
a00013302	267334
a00013303	267335
a00013304	267336
a00013305	267337
a00013306	267338
a00013307	267339
a00013308	267340
a00013309	267341
a00013310	267342
a00013311	267343
a00013312	267344
a00013313	267345
a00013314	267346
a00013315	267347
a00013316	267348
a00013317	267349
a00013318	267350
a00013319	267351
a00013320	267352
a00013321	267353
a00013322	267354
a00013323	267355
a00013324	267356
a00013325	267357
a00013326	267358
a00013327	267359
a00013328	267360
a00013329	267361
a00013330	267362
a00013331	267363
a00013332	267364
a00013333	267365
a00013334	267366
a00013335	267367
a00013336	267368
a00013337	267369
a00013338	267370
a00013339	267371
a00013340	267372
a00013341	267373
a00013342	267374
a00013343	267375
a00013344	267376
a00013345	267377
a00013346	267378
a00013347	267379
a00013348	267380
a00013349	267381
a00013350	267382
a00013351	267383
a00013352	267384
a00013353	267385
a00013354	267386
a00013355	267387
a00013356	267388
a00013357	267389
a00013358	267390
a00013359	267391
a00013360	267392
a00013361	267393
a00013362	267394
a00013363	267395
a00013364	267396
a00013365	267397
a00013366	267398
a00013367	267399
a00013368	267400
a00013369	267401
a00013370	267402
a00013371	267403
a00013372	267404
a00013373	267405
a00013374	267406
a00013375	267407
a00013376	267408
a00013377	267409
a00013378	267410
a00013379	267411
a00013380	267412
a00013381	267413
a00013382	267414
a00013383	267415
a00013384	267416
a00013385	267417
a00013386	267418
a00013387	267419
a00013388	267420
a00013389	267421
a00013390	267422
a00013391	267423
a00013392	267424
a00013393	267425
a00013394	267426
a00013395	267427
a00013396	267428
a00013397	267429
a00013398	267430
a00013399	267431
a00013400	267432
a00013401	267433
a00013402	267434
a00013403	267435
a00013404	267436
a00013405	267437
a00013406	267438
a00013407	267439
a00013408	267440
a00013409	267441
a00013410	267442
a00013411	267443
a00013412	267444
a00013413	267445
a00013414	267446
a00013415	267447
a00013416	267448
a00013417	267449
a00013418	267450
a00013419	267451
a00013420	267452
a00013421	267453
a00013422	267454
a00013423	267455
a00013424	267456
a00013425	267457
a00013426	267458
a00013427	267459
a00013428	267460
a00013429	267461
a00013430	267462
a00013431	267463
a00013432	267464
a00013433	267465
a00013434	267466
a00013435	267467
a00013436	267468
a00013437	267469
a00013438	267470
a00013439	267471
a00013440	267472
a00013441	267473
a00013442	267474
a00013443	267475
a00013444	267476
a00013445	267477
a00013446	267478
a00013447	267479
a00013448	267480
a00013449	267481
a00013450	267482
a00013451	267483
a00013452	267484
a00013453	267485
a00013454	267486
a00013455	267487
a00013456	267488
a00013457	267489
a00013458	267490
a00013459	267491
a00013460	267492
a00013461	267493
a00013462	267494
a00013463	267495
a00013464	267496
a00013465	267497
a00013466	267498
a00013467	267499
a00013468	267500
a00013469	267501
a00013470	267502
a00013471	267503
a00013472	267504
a00013473	267505
a00013474	267506
a00013475	267507
a00013476	267508
a00013477	267509
a00013478	267510
a00013479	267511
a00013480	267512
a00013481	267513
a00013482	267514
a00013483	267515
a00013484	267516
a00013485	267517
a00013486	267518
a00013487	267519
a00013488	267520
a00013489	267521
a00013490	267522
a00013491	267523
a00013492	267524
a00013493	267525
a00013494	267526
a00013495	267527
a00013496	267528
a00013497	267529
a00013498	267530
a00013499	267531
a00013500	267532
a00013501	267533
a00013502	267534
a00013503	267535
a00013504	267536
a00013505	267537
a00013506	267538
a00013507	267539
a00013508	267540
a00013509	267541
a00013510	267542
a00013511	267543
a00013512	267544
a00013513	267545
a00013514	267546
a00013515	267547
a00013516	267548
a00013517	267549
a00013518	267550
a00013519	267551
a00013520	267552
a00013521	267553
a00013522	267554
a00013523	267555
a00013524	267556
a00013525	267557
a00013526	267558
a00013527	267559
a00013528	267560
a00013529	267561
a00013530	267562
a00013531	267563
a00013532	267564
a00013533	267565
a00013534	267566
a00013535	267567
a00013536	267568
a00013537	267569
a00013538	267570
a00013539	267571
a00013540	267572
a00013541	267573
a00013542	267574
a00013543	267575
a00013544	267576
a00013545	267577
a00013546	267578
a00013547	267579
a00013548	267580
a00013549	267581
a00013550	267582
a00013551	267583
a00013552	267584
a00013553	267585
a00013554	267586
a00013555	267587
a00013556	267588
a00013557	267589
a00013558	267590
a00013559	267591
a00013560	267592
a00013561	267593
a00013562	267594
a00013563	267595
a00013564	267596
a00013565	267597
a00013566	267598
a00013567	267599
a00013568	267600
a00013569	267601
a00013570	267602
a00013571	267603
a00013572	267604
a00013573	267605
a00013574	267606
a00013575	267607
a00013576	267608
a00013577	267609
a00013578	267610
a00013579	267611
a00013580	267612
a00013581	267613
a00013582	267614
a00013583	267615
a00013584	267616
a00013585	267617
a00013586	267618
a00013587	267619
a00013588	267620
a00013589	267621
a00013590	267622
a00013591	267623
a00013592	267624
a00013593	267625
a00013594	267626
a00013595	267627
a00013596	267628
a00013597	267629
a00013598	267630
a00013599	267631
a00013600	267632
a00013601	267633
a00013602	267634
a00013603	267635
a00013604	267636
a00013605	267637
a00013606	267638
a00013607	267639
a00013608	267640
a00013609	267641
a00013610	267642
a00013611	267643
a00013612	267644
a00013613	267645
a00013614	267646
a00013615	267647
a00013616	267648
a00013617	267649
a00013618	267650
a00013619	267651
a00013620	267652
a00013621	267653
a00013622	267654
a00013623	267655
a00013624	267656
a00013625	267657
a00013626	267658
a00013627	267659
a00013628	267660
a00013629	267661
a00013630	267662
a00013631	267663
a00013632	267664
a00013633	267665
a00013634	267666
a00013635	267667
a00013636	267668
a00013637	267669
a00013638	267670
a00013639	267671
a00013640	267672
a00013641	267673
a00013642	267674
a00013643	267675
a00013644	267676
a00013645	267677
a00013646	267678
a00013647	267679
a00013648	267680
a00013649	267681
a00013650	267682
a00013651	267683
a00013652	267684
a00013653	267685
a00013654	267686
a00013655	267687
a00013656	267688
a00013657	267689
a00013658	267690
a00013659	267691
a00013660	267692
a00013661	267693
a00013662	267694
a00013663	267695
a00013664	267696
a00013665	267697
a00013666	267698
a00013667	267699
a00013668	267700
a00013669	267701
a00013670	267702
a00013671	267703
a00013672	267704
a00013673	267705
a00013674	267706
a00013675	267707
a00013676	267708
a00013677	267709
a00013678	267710
a00013679	267711
a00013680	267712
a00013681	267713
a00013682	267714
a00013683	267715
a00013684	267716
a00013685	267717
a00013686	267718
a00013687	267719
a00013688	267720
a00013689	267721
a00013690	267722
a00013691	267723
a00013692	267724
a00013693	267725
a00013694	267726
a00013695	267727
a00013696	267728
a00013697	267729
a00013698	267730
a00013699	267731
a00013700	267732
a00013701	267733
a00013702	267734
a00013703	267735
a00013704	267736
a00013705	267737
a00013706	267738
a00013707	267739
a00013708	267740
a00013709	267741
a00013710	267742
a00013711	267743
a00013712	267744
a00013713	267745
a00013714	267746
a00013715	267747
a00013716	267748
a00013717	267749
a00013718	267750
a00013719	267751
a00013720	267752
a00013721	267753
a00013722	267754
a00013723	267755
a00013724	267756
a00013725	267757
a00013726	267758
a00013727	267759
a00013728	267760
a00013729	267761
a00013730	267762
a00013731	267763
a00013732	267764
a00013733	267765
a00013734	267766
a00013735	267767
a00013736	267768
a00013737	267769
a00013738	267770
a00013739	267771
a00013740	267772
a00013741	267773
a00013742	267774
a00013743	267775
a00013744	267776
a00013745	267777
a00013746	267778
a00013747	267779
a00013748	267780
a00013749	267781
a00013750	267782
a00013751	267783
a00013752	267784
a00013753	267785
a00013754	267786
a00013755	267787
a00013756	267788
a00013757	267789
a00013758	267790
a00013759	267791
a00013760	267792
a00013761	267793
a00013762	267794
a00013763	267795
a00013764	267796
a00013765	267797
a00013766	267798
a00013767	267799
a00013768	267800
a00013769	267801
a00013770	267802
a00013771	267803
a00013772	267804
a00013773	267805
a00013774	267806
a00013775	267807
a00013776	267808
a00013777	267809
a00013778	267810
a00013779	267811
a00013780	267812
a00013781	267813
a00013782	267814
a00013783	267815
a00013784	267816
a00013785	267817
a00013786	267818
a00013787	267819
a00013788	267820
a00013789	267821
a00013790	267822
a00013791	267823
a00013792	267824
a00013793	267825
a00013794	267826
a00013795	267827
a00013796	267828
a00013797	267829
a00013798	267830
a00013799	267831
a00013800	267832
a00013801	267833
a00013802	267834
a00013803	267835
a00013804	267836
a00013805	267837
a00013806	267838
a00013807	267839
a00013808	267840
a00013809	267841
a00013810	267842
a00013811	267843
a00013812	267844
a00013813	267845
a00013814	267846
a00013815	267847
a00013816	267848
a00013817	267849
a00013818	267850
a00013819	267851
a00013820	267852
a00013821	267853
a00013822	267854
a00013823	267855
a00013824	267856
a00013825	267857
a00013826	267858
a00013827	267859
a00013828	267860
a00013829	267861
a00013830	267862
a00013831	267863
a00013832	267864
a00013833	267865
a00013834	267866
a00013835	267867
a00013836	267868
a00013837	267869
a00013838	267870
a00013839	267871
a00013840	267872
a00013841	267873
a00013842	267874
a00013843	267875
a00013844	267876
a00013845	267877
a00013846	267878
a00013847	267879
a00013848	267880
a00013849	267881
a00013850	267882
a00013851	267883
a00013852	267884
a00013853	267885
a00013854	267886
a00013855	267887
a00013856	267888
a00013857	267889
a00013858	267890
a00013859	267891
a00013860	267892
a00013861	267893
a00013862	267894
a00013863	267895
a00013864	267896
a00013865	267897
a00013866	267898
a00013867	267899
a00013868	267900
a00013869	267901
a00013870	267902
a00013871	267903
a00013872	267904
a00013873	267905
a00013874	267906
a00013875	267907
a00013876	267908
a00013877	267909
a00013878	267910
a00013879	267911
a00013880	267912
a00013881	267913
a00013882	267914
a00013883	267915
a00013884	267916
a00013885	267917
a00013886	267918
a00013887	267919
a00013888	267920
a00013889	267921
a00013890	267922
a00013891	267923
a00013892	267924
a00013893	267925
a00013894	267926
a00013895	267927
a00013896	267928
a00013897	267929
a00013898	267930
a00013899	267931
a00013900	267932
a00013901	267933
a00013902	267934
a00013903	267935
a00013904	267936
a00013905	267937
a00013906	267938
a00013907	267939
a00013908	267940
a00013909	267941
a00013910	267942
a00013911	267943
a00013912	267944
a00013913	267945
a00013914	267946
a00013915	267947
a00013916	267948
a00013917	267949
a00013918	267950
a00013919	267951
a00013920	267952
a00013921	267953
a00013922	267954
a00013923	267955
a00013924	267956
a00013925	267957
a00013926	267958
a00013927	267959
a00013928	267960
a00013929	267961
a00013930	267962
a00013931	267963
a00013932	267964
a00013933	267965
a00013934	267966
a00013935	267967
a00013936	267968
a00013937	267969
a00013938	267970
a00013939	267971
a00013940	267972
a00013941	267973
a00013942	267974
a00013943	267975
a00013944	267976
a00013945	267977
a00013946	267978
a00013947	267979
a00013948	267980
a00013949	267981
a00013950	267982
a00013951	267983
a00013952	267984
a00013953	267985
a00013954	267986
a00013955	267987
a00013956	267988
a00013957	267989
a00013958	267990
a00013959	267991
a00013960	267992
a00013961	267993
a00013962	267994
a00013963	267995
a00013964	267996
a00013965	267997
a00013966	267998
a00013967	267999
a00013968	268000
a00013969	268001
a00013970	268002
a00013971	268003
a00013972	268004
a00013973	268005
a00013974	268006
a00013975	268007
a00013976	268008
a00013977	268009
a00013978	268010
a00013979	268011
a00013980	268012
a00013981	268013
a00013982	268014
a00013983	268015
a00013984	268016
a00013985	268017
a00013986	268018
a00013987	268019
a00013988	268020
a00013989	268021
a00013990	268022
a00013991	268023
a00013992	268024
a00013993	268025
a00013994	268026
a00013995	268027
a00013996	268028
a00013997	268029
a00013998	268030
a00013999	268031
a00014000	268032
a00014001	268033
a00014002	268034
a00014003	268035
a00014004	268036
a00014005	268037
a00014006	268038
a00014007	268039
a00014008	268040
a00014009	268041
a00014010	268042
a00014011	268043
a00014012	268044
a00014013	268045
a00014014	268046
a00014015	268047
a00014016	268048
a00014017	268049
a00014018	268050
a00014019	268051
a00014020	268052
a00014021	268053
a00014022	268054
a00014023	268055
a00014024	268056
a00014025	268057
a00014026	268058
a00014027	268059
a00014028	268060
a00014029	268061
a00014030	268062
a00014031	268063
a00014032	268064
a00014033	268065
a00014034	268066
a00014035	268067
a00014036	268068
a00014037	268069
a00014038	268070
a00014039	268071
a00014040	268072
a00014041	268073
a00014042	268074
a00014043	268075
a00014044	268076
a00014045	268077
a00014046	268078
a00014047	268079
a00014048	268080
a00014049	268081
a00014050	268082
a00014051	268083
a00014052	268084
a00014053	268085
a00014054	268086
a00014055	268087
a00014056	268088
a00014057	268089
a00014058	268090
a00014059	268091
a00014060	268092
a00014061	268093
a00014062	268094
a00014063	268095
a00014064	268096
a00014065	268097
a00014066	268098
a00014067	268099
a00014068	268100
a00014069	268101
a00014070	268102
a00014071	268103
a00014072	268104
a00014073	268105
a00014074	268106
a00014075	268107
a00014076	268108
a00014077	268109
a00014078	268110
a00014079	268111
a00014080	268112
a00014081	268113
a00014082	268114
a00014083	268115
a00014084	268116
a00014085	268117
a00014086	268118
a00014087	268119
a00014088	268120
a00014089	268121
a00014090	268122
a00014091	268123
a00014092	268124
a00014093	268125
a00014094	268126
a00014095	268127
a00014096	268128
a00014097	268129
a00014098	268130
a00014099	268131
a00014100	268132
a00014101	268133
a00014102	268134
a00014103	268135
a00014104	268136
a00014105	268137
a00014106	268138
a00014107	268139
a00014108	268140
a00014109	268141
a00014110	268142
a00014111	268143
a00014112	268144
a00014113	268145
a00014114	268146
a00014115	268147
a00014116	268148
a00014117	268149
a00014118	268150
a00014119	268151
a00014120	268152
a00014121	268153
a00014122	268154
a00014123	268155
a00014124	268156
a00014125	268157
a00014126	268158
a00014127	268159
a00014128	268160
a00014129	268161
a00014130	268162
a00014131	268163
a00014132	268164
a00014133	268165
a00014134	268166
a00014135	268167
a00014136	268168
a00014137	268169
a00014138	268170
a00014139	268171
a00014140	268172
a00014141	268173
a00014142	268174
a00014143	268175
a00014144	268176
a00014145	268177
a00014146	268178
a00014147	268179
a00014148	268180
a00014149	268181
a00014150	268182
a00014151	268183
a00014152	268184
a00014153	268185
a00014154	268186
a00014155	268187
a00014156	268188
a00014157	268189
a00014158	268190
a00014159	268191
a00014160	268192
a00014161	268193
a00014162	268194
a00014163	268195
a00014164	268196
a00014165	268197
a00014166	268198
a00014167	268199
a00014168	268200
a00014169	268201
a00014170	268202
a00014171	268203
a00014172	268204
a00014173	268205
a00014174	268206
a00014175	268207
a00014176	268208
a00014177	268209
a00014178	268210
a00014179	268211
a00014180	268212
a00014181	268213
a00014182	268214
a00014183	268215
a00014184	268216
a00014185	268217
a00014186	268218
a00014187	268219
a00014188	268220
a00014189	268221
a00014190	268222
a00014191	268223
a00014192	268224
a00014193	268225
a00014194	268226
a00014195	268227
a00014196	268228
a00014197	268229
a00014198	268230
a00014199	268231
a00014200	268232
a00014201	268233
a00014202	268234
a00014203	268235
a00014204	268236
a00014205	268237
a00014206	268238
a00014207	268239
a00014208	268240
a00014209	268241
a00014210	268242
a00014211	268243
a00014212	268244
a00014213	268245
a00014214	268246
a00014215	268247
a00014216	268248
a00014217	268249
a00014218	268250
a00014219	268251
a00014220	268252
a00014221	268253
a00014222	268254
a00014223	268255
a00014224	268256
a00014225	268257
a00014226	268258
a00014227	268259
a00014228	268260
a00014229	268261
a00014230	268262
a00014231	268263
a00014232	268264
a00014233	268265
a00014234	268266
a00014235	268267
a00014236	268268
a00014237	268269
a00014238	268270
a00014239	268271
a00014240	268272
a00014241	268273
a00014242	268274
a00014243	268275
a00014244	268276
a00014245	268277
a00014246	268278
a00014247	268279
a00014248	268280
a00014249	268281
a00014250	268282
a00014251	268283
a00014252	268284
a00014253	268285
a00014254	268286
a00014255	268287
a00014256	268288
a00014257	268289
a00014258	268290
a00014259	268291
a00014260	268292
a00014261	268293
a00014262	268294
a00014263	268295
a00014264	268296
a00014265	268297
a00014266	268298
a00014267	268299
a00014268	268300
a00014269	268301
a00014270	268302
a00014271	268303
a00014272	268304
a00014273	268305
a00014274	268306
a00014275	268307
a00014276	268308
a00014277	268309
a00014278	268310
a00014279	268311
a00014280	268312
a00014281	268313
a00014282	268314
a00014283	268315
a00014284	268316
a00014285	268317
a00014286	268318
a00014287	268319
a00014288	268320
a00014289	268321
a00014290	268322
a00014291	268323
a00014292	268324
a00014293	268325
a00014294	268326
a00014295	268327
a00014296	268328
a00014297	268329
a00014298	268330
a00014299	268331
a00014300	268332
a00014301	268333
a00014302	268334
a00014303	268335
a00014304	268336
a00014305	268337
a00014306	268338
a00014307	268339
a00014308	268340
a00014309	268341
a00014310	268342
a00014311	268343
a00014312	268344
a00014313	268345
a00014314	268346
a00014315	268347
a00014316	268348
a00014317	268349
a00014318	268350
a00014319	268351
a00014320	268352
a00014321	268353
a00014322	268354
a00014323	268355
a00014324	268356
a00014325	268357
a00014326	268358
a00014327	268359
a00014328	268360
a00014329	268361
a00014330	268362
a00014331	268363
a00014332	268364
a00014333	268365
a00014334	268366
a00014335	268367
a00014336	268368
a00014337	268369
a00014338	268370
a00014339	268371
a00014340	268372
a00014341	268373
a00014342	268374
a00014343	268375
a00014344	268376
a00014345	268377
a00014346	268378
a00014347	268379
a00014348	268380
a00014349	268381
a00014350	268382
a00014351	268383
a00014352	268384
a00014353	268385
a00014354	268386
a00014355	268387
a00014356	268388
a00014357	268389
a00014358	268390
a00014359	268391
a00014360	268392
a00014361	268393
a00014362	268394
a00014363	268395
a00014364	268396
a00014365	268397
a00014366	268398
a00014367	268399
a00014368	268400
a00014369	268401
a00014370	268402
a00014371	268403
a00014372	268404
a00014373	268405
a00014374	268406
a00014375	268407
a00014376	268408
a00014377	268409
a00014378	268410
a00014379	268411
a00014380	268412
a00014381	268413
a00014382	268414
a00014383	268415
a00014384	268416
a00014385	268417
a00014386	268418
a00014387	268419
a00014388	268420
a00014389	268421
a00014390	268422
a00014391	268423
a00014392	268424
a00014393	268425
a00014394	268426
a00014395	268427
a00014396	268428
a00014397	268429
a00014398	268430
a00014399	268431
a00014400	268432
a00014401	268433
a00014402	268434
a00014403	268435
a00014404	268436
a00014405	268437
a00014406	268438
a00014407	268439
a00014408	268440
a00014409	268441
a00014410	268442
a00014411	268443
a00014412	268444
a00014413	268445
a00014414	268446
a00014415	268447
a00014416	268448
a00014417	268449
a00014418	268450
a00014419	268451
a00014420	268452
a00014421	268453
a00014422	268454
a00014423	268455
a00014424	268456
a00014425	268457
a00014426	268458
a00014427	268459
a00014428	268460
a00014429	268461
a00014430	268462
a00014431	268463
a00014432	268464
a00014433	268465
a00014434	268466
a00014435	268467
a00014436	268468
a00014437	268469
a00014438	268470
a00014439	268471
a00014440	268472
a00014441	268473
a00014442	268474
a00014443	268475
a00014444	268476
a00014445	268477
a00014446	268478
a00014447	268479
a00014448	268480
a00014449	268481
a00014450	268482
a00014451	268483
a00014452	268484
a00014453	268485
a00014454	268486
a00014455	268487
a00014456	268488
a00014457	268489
a00014458	268490
a00014459	268491
a00014460	268492
a00014461	268493
a00014462	268494
a00014463	268495
a00014464	268496
a00014465	268497
a00014466	268498
a00014467	268499
a00014468	268500
a00014469	268501
a00014470	268502
a00014471	268503
a00014472	268504
a00014473	268505
a00014474	268506
a00014475	268507
a00014476	268508
a00014477	268509
a00014478	268510
a00014479	268511
a00014480	268512
a00014481	268513
a00014482	268514
a00014483	268515
a00014484	268516
a00014485	268517
a00014486	268518
a00014487	268519
a00014488	268520
a00014489	268521
a00014490	268522
a00014491	268523
a00014492	268524
a00014493	268525
a00014494	268526
a00014495	268527
a00014496	268528
a00014497	268529
a00014498	268530
a00014499	268531
a00014500	268532
a00014501	268533
a00014502	268534
a00014503	268535
a00014504	268536
a00014505	268537
a00014506	268538
a00014507	268539
a00014508	268540
a00014509	268541
a00014510	268542
a00014511	268543
a00014512	268544
a00014513	268545
a00014514	268546
a00014515	268547
a00014516	268548
a00014517	268549
a00014518	268550
a00014519	268551
a00014520	268552
a00014521	268553
a00014522	268554
a00014523	268555
a00014524	268556
a00014525	268557
a00014526	268558
a00014527	268559
a00014528	268560
a00014529	268561
a00014530	268562
a00014531	268563
a00014532	268564
a00014533	268565
a00014534	268566
a00014535	268567
a00014536	268568
a00014537	268569
a00014538	268570
a00014539	268571
a00014540	268572
a00014541	268573
a00014542	268574
a00014543	268575
a00014544	268576
a00014545	268577
a00014546	268578
a00014547	268579
a00014548	268580
a00014549	268581
a00014550	268582
a00014551	268583
a00014552	268584
a00014553	268585
a00014554	268586
a00014555	268587
a00014556	268588
a00014557	268589
a00014558	268590
a00014559	268591
a00014560	268592
a00014561	268593
a00014562	268594
a00014563	268595
a00014564	268596
a00014565	268597
a00014566	268598
a00014567	268599
a00014568	268600
a00014569	268601
a00014570	268602
a00014571	268603
a00014572	268604
a00014573	268605
a00014574	268606
a00014575	268607
a00014576	268608
a00014577	268609
a00014578	268610
a00014579	268611
a00014580	268612
a00014581	268613
a00014582	268614
a00014583	268615
a00014584	268616
a00014585	268617
a00014586	268618
a00014587	268619
a00014588	268620
a00014589	268621
a00014590	268622
a00014591	268623
a00014592	268624
a00014593	268625
a00014594	268626
a00014595	268627
a00014596	268628
a00014597	268629
a00014598	268630
a00014599	268631
a00014600	268632
a00014601	268633
a00014602	268634
a00014603	268635
a00014604	268636
a00014605	268637
a00014606	268638
a00014607	268639
a00014608	268640
a00014609	268641
a00014610	268642
a00014611	268643
a00014612	268644
a00014613	268645
a00014614	268646
a00014615	268647
a00014616	268648
a00014617	268649
a00014618	268650
a00014619	268651
a00014620	268652
a00014621	268653
a00014622	268654
a00014623	268655
a00014624	268656
a00014625	268657
a00014626	268658
a00014627	268659
a00014628	268660
a00014629	268661
a00014630	268662
a00014631	268663
a00014632	268664
a00014633	268665
a00014634	268666
a00014635	268667
a00014636	268668
a00014637	268669
a00014638	268670
a00014639	268671
a00014640	268672
a00014641	268673
a00014642	268674
a00014643	268675
a00014644	268676
a00014645	268677
a00014646	268678
a00014647	268679
a00014648	268680
a00014649	268681
a00014650	268682
a00014651	268683
a00014652	268684
a00014653	268685
a00014654	268686
a00014655	268687
a00014656	268688
a00014657	268689
a00014658	268690
a00014659	268691
a00014660	268692
a00014661	268693
a00014662	268694
a00014663	268695
a00014664	268696
a00014665	268697
a00014666	268698
a00014667	268699
a00014668	268700
a00014669	268701
a00014670	268702
a00014671	268703
a00014672	268704
a00014673	268705
a00014674	268706
a00014675	268707
a00014676	268708
a00014677	268709
a00014678	268710
a00014679	268711
a00014680	268712
a00014681	268713
a00014682	268714
a00014683	268715
a00014684	268716
a00014685	268717
a00014686	268718
a00014687	268719
a00014688	268720
a00014689	268721
a00014690	268722
a00014691	268723
a00014692	268724
a00014693	268725
a00014694	268726
a00014695	268727
a00014696	268728
a00014697	268729
a00014698	268730
a00014699	268731
a00014700	268732
a00014701	268733
a00014702	268734
a00014703	268735
a00014704	268736
a00014705	268737
a00014706	268738
a00014707	268739
a00014708	268740
a00014709	268741
a00014710	268742
a00014711	268743
a00014712	268744
a00014713	268745
a00014714	268746
a00014715	268747
a00014716	268748
a00014717	268749
a00014718	268750
a00014719	268751
a00014720	268752
a00014721	268753
a00014722	268754
a00014723	268755
a00014724	268756
a00014725	268757
a00014726	268758
a00014727	268759
a00014728	268760
a00014729	268761
a00014730	268762
a00014731	268763
a00014732	268764
a00014733	268765
a00014734	268766
a00014735	268767
a00014736	268768
a00014737	268769
a00014738	268770
a00014739	268771
a00014740	268772
a00014741	268773
a00014742	268774
a00014743	268775
a00014744	268776
a00014745	268777
a00014746	268778
a00014747	268779
a00014748	268780
a00014749	268781
a00014750	268782
a00014751	268783
a00014752	268784
a00014753	268785
a00014754	268786
a00014755	268787
a00014756	268788
a00014757	268789
a00014758	268790
a00014759	268791
a00014760	268792
a00014761	268793
a00014762	268794
a00014763	268795
a00014764	268796
a00014765	268797
a00014766	268798
a00014767	268799
a00014768	268800
a00014769	268801
a00014770	268802
a00014771	268803
a00014772	268804
a00014773	268805
a00014774	268806
a00014775	268807
a00014776	268808
a00014777	268809
a00014778	268810
a00014779	268811
a00014780	268812
a00014781	268813
a00014782	268814
a00014783	268815
a00014784	268816
a00014785	268817
a00014786	268818
a00014787	268819
a00014788	268820
a00014789	268821
a00014790	268822
a00014791	268823
a00014792	268824
a00014793	268825
a00014794	268826
a00014795	268827
a00014796	268828
a00014797	268829
a00014798	268830
a00014799	268831
a00014800	268832
a00014801	268833
a00014802	268834
a00014803	268835
a00014804	268836
a00014805	268837
a00014806	268838
a00014807	268839
a00014808	268840
a00014809	268841
a00014810	268842
a00014811	268843
a00014812	268844
a00014813	268845
a00014814	268846
a00014815	268847
a00014816	268848
a00014817	268849
a00014818	268850
a00014819	268851
a00014820	268852
a00014821	268853
a00014822	268854
a00014823	268855
a00014824	268856
a00014825	268857
a00014826	268858
a00014827	268859
a00014828	268860
a00014829	268861
a00014830	268862
a00014831	268863
a00014832	268864
a00014833	268865
a00014834	268866
a00014835	268867
a00014836	268868
a00014837	268869
a00014838	268870
a00014839	268871
a00014840	268872
a00014841	268873
a00014842	268874
a00014843	268875
a00014844	268876
a00014845	268877
a00014846	268878
a00014847	268879
a00014848	268880
a00014849	268881
a00014850	268882
a00014851	268883
a00014852	268884
a00014853	268885
a00014854	268886
a00014855	268887
a00014856	268888
a00014857	268889
a00014858	268890
a00014859	268891
a00014860	268892
a00014861	268893
a00014862	268894
a00014863	268895
a00014864	268896
a00014865	268897
a00014866	268898
a00014867	268899
a00014868	268900
a00014869	268901
a00014870	268902
a00014871	268903
a00014872	268904
a00014873	268905
a00014874	268906
a00014875	268907
a00014876	268908
a00014877	268909
a00014878	268910
a00014879	268911
a00014880	268912
a00014881	268913
a00014882	268914
a00014883	268915
a00014884	268916
a00014885	268917
a00014886	268918
a00014887	268919
a00014888	268920
a00014889	268921
a00014890	268922
a00014891	268923
a00014892	268924
a00014893	268925
a00014894	268926
a00014895	268927
a00014896	268928
a00014897	268929
a00014898	268930
a00014899	268931
a00014900	268932
a00014901	268933
a00014902	268934
a00014903	268935
a00014904	268936
a00014905	268937
a00014906	268938
a00014907	268939
a00014908	268940
a00014909	268941
a00014910	268942
a00014911	268943
a00014912	268944
a00014913	268945
a00014914	268946
a00014915	268947
a00014916	268948
a00014917	268949
a00014918	268950
a00014919	268951
a00014920	268952
a00014921	268953
a00014922	268954
a00014923	268955
a00014924	268956
a00014925	268957
a00014926	268958
a00014927	268959
a00014928	268960
a00014929	268961
a00014930	268962
a00014931	268963
a00014932	268964
a00014933	268965
a00014934	268966
a00014935	268967
a00014936	268968
a00014937	268969
a00014938	268970
a00014939	268971
a00014940	268972
a00014941	268973
a00014942	268974
a00014943	268975
a00014944	268976
a00014945	268977
a00014946	268978
a00014947	268979
a00014948	268980
a00014949	268981
a00014950	268982
a00014951	268983
a00014952	268984
a00014953	268985
a00014954	268986
a00014955	268987
a00014956	268988
a00014957	268989
a00014958	268990
a00014959	268991
a00014960	268992
a00014961	268993
a00014962	268994
a00014963	268995
a00014964	268996
a00014965	268997
a00014966	268998
a00014967	268999
a00014968	269000
a00014969	269001
a00014970	269002
a00014971	269003
a00014972	269004
a00014973	269005
a00014974	269006
a00014975	269007
a00014976	269008
a00014977	269009
a00014978	269010
a00014979	269011
a00014980	269012
a00014981	269013
a00014982	269014
a00014983	269015
a00014984	269016
a00014985	269017
a00014986	269018
a00014987	269019
a00014988	269020
a00014989	269021
a00014990	269022
a00014991	269023
a00014992	269024
a00014993	269025
a00014994	269026
a00014995	269027
a00014996	269028
a00014997	269029
a00014998	269030
a00014999	269031
a00015000	269032
a00015001	269033
a00015002	269034
a00015003	269035
a00015004	269036
a00015005	269037
a00015006	269038
a00015007	269039
a00015008	269040
a00015009	269041
a00015010	269042
a00015011	269043
a00015012	269044
a00015013	269045
a00015014	269046
a00015015	269047
a00015016	269048
a00015017	269049
a00015018	269050
a00015019	269051
a00015020	269052
a00015021	269053
a00015022	269054
a00015023	269055
a00015024	269056
a00015025	269057
a00015026	269058
a00015027	269059
a00015028	269060
a00015029	269061
a00015030	269062
a00015031	269063
a00015032	269064
a00015033	269065
a00015034	269066
a00015035	269067
a00015036	269068
a00015037	269069
a00015038	269070
a00015039	269071
a00015040	269072
a00015041	269073
a00015042	269074
a00015043	269075
a00015044	269076
a00015045	269077
a00015046	269078
a00015047	269079
a00015048	269080
a00015049	269081
a00015050	269082
a00015051	269083
a00015052	269084
a00015053	269085
a00015054	269086
a00015055	269087
a00015056	269088
a00015057	269089
a00015058	269090
a00015059	269091
a00015060	269092
a00015061	269093
a00015062	269094
a00015063	269095
a00015064	269096
a00015065	269097
a00015066	269098
a00015067	269099
a00015068	269100
a00015069	269101
a00015070	269102
a00015071	269103
a00015072	269104
a00015073	269105
a00015074	269106
a00015075	269107
a00015076	269108
a00015077	269109
a00015078	269110
a00015079	269111
a00015080	269112
a00015081	269113
a00015082	269114
a00015083	269115
a00015084	269116
a00015085	269117
a00015086	269118
a00015087	269119
a00015088	269120
a00015089	269121
a00015090	269122
a00015091	269123
a00015092	269124
a00015093	269125
a00015094	269126
a00015095	269127
a00015096	269128
a00015097	269129
a00015098	269130
a00015099	269131
a00015100	269132
a00015101	269133
a00015102	269134
a00015103	269135
a00015104	269136
a00015105	269137
a00015106	269138
a00015107	269139
a00015108	269140
a00015109	269141
a00015110	269142
a00015111	269143
a00015112	269144
a00015113	269145
a00015114	269146
a00015115	269147
a00015116	269148
a00015117	269149
a00015118	269150
a00015119	269151
a00015120	269152
a00015121	269153
a00015122	269154
a00015123	269155
a00015124	269156
a00015125	269157
a00015126	269158
a00015127	269159
a00015128	269160
a00015129	269161
a00015130	269162
a00015131	269163
a00015132	269164
a00015133	269165
a00015134	269166
a00015135	269167
a00015136	269168
a00015137	269169
a00015138	269170
a00015139	269171
a00015140	269172
a00015141	269173
a00015142	269174
a00015143	269175
a00015144	269176
a00015145	269177
a00015146	269178
a00015147	269179
a00015148	269180
a00015149	269181
a00015150	269182
a00015151	269183
a00015152	269184
a00015153	269185
a00015154	269186
a00015155	269187
a00015156	269188
a00015157	269189
a00015158	269190
a00015159	269191
a00015160	269192
a00015161	269193
a00015162	269194
a00015163	269195
a00015164	269196
a00015165	269197
a00015166	269198
a00015167	269199
a00015168	269200
a00015169	269201
a00015170	269202
a00015171	269203
a00015172	269204
a00015173	269205
a00015174	269206
a00015175	269207
a00015176	269208
a00015177	269209
a00015178	269210
a00015179	269211
a00015180	269212
a00015181	269213
a00015182	269214
a00015183	269215
a00015184	269216
a00015185	269217
a00015186	269218
a00015187	269219
a00015188	269220
a00015189	269221
a00015190	269222
a00015191	269223
a00015192	269224
a00015193	269225
a00015194	269226
a00015195	269227
a00015196	269228
a00015197	269229
a00015198	269230
a00015199	269231
a00015200	269232
a00015201	269233
a00015202	269234
a00015203	269235
a00015204	269236
a00015205	269237
a00015206	269238
a00015207	269239
a00015208	269240
a00015209	269241
a00015210	269242
a00015211	269243
a00015212	269244
a00015213	269245
a00015214	269246
a00015215	269247
a00015216	269248
a00015217	269249
a00015218	269250
a00015219	269251
a00015220	269252
a00015221	269253
a00015222	269254
a00015223	269255
a00015224	269256
a00015225	269257
a00015226	269258
a00015227	269259
a00015228	269260
a00015229	269261
a00015230	269262
a00015231	269263
a00015232	269264
a00015233	269265
a00015234	269266
a00015235	269267
a00015236	269268
a00015237	269269
a00015238	269270
a00015239	269271
a00015240	269272
a00015241	269273
a00015242	269274
a00015243	269275
a00015244	269276
a00015245	269277
a00015246	269278
a00015247	269279
a00015248	269280
a00015249	269281
a00015250	269282
a00015251	269283
a00015252	269284
a00015253	269285
a00015254	269286
a00015255	269287
a00015256	269288
a00015257	269289
a00015258	269290
a00015259	269291
a00015260	269292
a00015261	269293
a00015262	269294
a00015263	269295
a00015264	269296
a00015265	269297
a00015266	269298
a00015267	269299
a00015268	269300
a00015269	269301
a00015270	269302
a00015271	269303
a00015272	269304
a00015273	269305
a00015274	269306
a00015275	269307
a00015276	269308
a00015277	269309
a00015278	269310
a00015279	269311
a00015280	269312
a00015281	269313
a00015282	269314
a00015283	269315
a00015284	269316
a00015285	269317
a00015286	269318
a00015287	269319
a00015288	269320
a00015289	269321
a00015290	269322
a00015291	269323
a00015292	269324
a00015293	269325
a00015294	269326
a00015295	269327
a00015296	269328
a00015297	269329
a00015298	269330
a00015299	269331
a00015300	269332
a00015301	269333
a00015302	269334
a00015303	269335
a00015304	269336
a00015305	269337
a00015306	269338
a00015307	269339
a00015308	269340
a00015309	269341
a00015310	269342
a00015311	269343
a00015312	269344
a00015313	269345
a00015314	269346
a00015315	269347
a00015316	269348
a00015317	269349
a00015318	269350
a00015319	269351
a00015320	269352
a00015321	269353
a00015322	269354
a00015323	269355
a00015324	269356
a00015325	269357
a00015326	269358
a00015327	269359
a00015328	269360
a00015329	269361
a00015330	269362
a00015331	269363
a00015332	269364
a00015333	269365
a00015334	269366
a00015335	269367
a00015336	269368
a00015337	269369
a00015338	269370
a00015339	269371
a00015340	269372
a00015341	269373
a00015342	269374
a00015343	269375
a00015344	269376
a00015345	269377
a00015346	269378
a00015347	269379
a00015348	269380
a00015349	269381
a00015350	269382
a00015351	269383
a00015352	269384
a00015353	269385
a00015354	269386
a00015355	269387
a00015356	269388
a00015357	269389
a00015358	269390
a00015359	269391
a00015360	269392
a00015361	269393
a00015362	269394
a00015363	269395
a00015364	269396
a00015365	269397
a00015366	269398
a00015367	269399
a00015368	269400
a00015369	269401
a00015370	269402
a00015371	269403
a00015372	269404
a00015373	269405
a00015374	269406
a00015375	269407
a00015376	269408
a00015377	269409
a00015378	269410
a00015379	269411
a00015380	269412
a00015381	269413
a00015382	269414
a00015383	269415
a00015384	269416
a00015385	269417
a00015386	269418
a00015387	269419
a00015388	269420
a00015389	269421
a00015390	269422
a00015391	269423
a00015392	269424
a00015393	269425
a00015394	269426
a00015395	269427
a00015396	269428
a00015397	269429
a00015398	269430
a00015399	269431
a00015400	269432
a00015401	269433
a00015402	269434
a00015403	269435
a00015404	269436
a00015405	269437
a00015406	269438
a00015407	269439
a00015408	269440
a00015409	269441
a00015410	269442
a00015411	269443
a00015412	269444
a00015413	269445
a00015414	269446
a00015415	269447
a00015416	269448
a00015417	269449
a00015418	269450
a00015419	269451
a00015420	269452
a00015421	269453
a00015422	269454
a00015423	269455
a00015424	269456
a00015425	269457
a00015426	269458
a00015427	269459
a00015428	269460
a00015429	269461
a00015430	269462
a00015431	269463
a00015432	269464
a00015433	269465
a00015434	269466
a00015435	269467
a00015436	269468
a00015437	269469
a00015438	269470
a00015439	269471
a00015440	269472
a00015441	269473
a00015442	269474
a00015443	269475
a00015444	269476
a00015445	269477
a00015446	269478
a00015447	269479
a00015448	269480
a00015449	269481
a00015450	269482
a00015451	269483
a00015452	269484
a00015453	269485
a00015454	269486
a00015455	269487
a00015456	269488
a00015457	269489
a00015458	269490
a00015459	269491
a00015460	269492
a00015461	269493
a00015462	269494
a00015463	269495
a00015464	269496
a00015465	269497
a00015466	269498
a00015467	269499
a00015468	269500
a00015469	269501
a00015470	269502
a00015471	269503
a00015472	269504
a00015473	269505
a00015474	269506
a00015475	269507
a00015476	269508
a00015477	269509
a00015478	269510
a00015479	269511
a00015480	269512
a00015481	269513
a00015482	269514
a00015483	269515
a00015484	269516
a00015485	269517
a00015486	269518
a00015487	269519
a00015488	269520
a00015489	269521
a00015490	269522
a00015491	269523
a00015492	269524
a00015493	269525
a00015494	269526
a00015495	269527
a00015496	269528
a00015497	269529
a00015498	269530
a00015499	269531
a00015500	269532
a00015501	269533
a00015502	269534
a00015503	269535
a00015504	269536
a00015505	269537
a00015506	269538
a00015507	269539
a00015508	269540
a00015509	269541
a00015510	269542
a00015511	269543
a00015512	269544
a00015513	269545
a00015514	269546
a00015515	269547
a00015516	269548
a00015517	269549
a00015518	269550
a00015519	269551
a00015520	269552
a00015521	269553
a00015522	269554
a00015523	269555
a00015524	269556
a00015525	269557
a00015526	269558
a00015527	269559
a00015528	269560
a00015529	269561
a00015530	269562
a00015531	269563
a00015532	269564
a00015533	269565
a00015534	269566
a00015535	269567
a00015536	269568
a00015537	269569
a00015538	269570
a00015539	269571
a00015540	269572
a00015541	269573
a00015542	269574
a00015543	269575
a00015544	269576
a00015545	269577
a00015546	269578
a00015547	269579
a00015548	269580
a00015549	269581
a00015550	269582
a00015551	269583
a00015552	269584
a00015553	269585
a00015554	269586
a00015555	269587
a00015556	269588
a00015557	269589
a00015558	269590
a00015559	269591
a00015560	269592
a00015561	269593
a00015562	269594
a00015563	269595
a00015564	269596
a00015565	269597
a00015566	269598
a00015567	269599
a00015568	269600
a00015569	269601
a00015570	269602
a00015571	269603
a00015572	269604
a00015573	269605
a00015574	269606
a00015575	269607
a00015576	269608
a00015577	269609
a00015578	269610
a00015579	269611
a00015580	269612
a00015581	269613
a00015582	269614
a00015583	269615
a00015584	269616
a00015585	269617
a00015586	269618
a00015587	269619
a00015588	269620
a00015589	269621
a00015590	269622
a00015591	269623
a00015592	269624
a00015593	269625
a00015594	269626
a00015595	269627
a00015596	269628
a00015597	269629
a00015598	269630
a00015599	269631
a00015600	269632
a00015601	269633
a00015602	269634
a00015603	269635
a00015604	269636
a00015605	269637
a00015606	269638
a00015607	269639
a00015608	269640
a00015609	269641
a00015610	269642
a00015611	269643
a00015612	269644
a00015613	269645
a00015614	269646
a00015615	269647
a00015616	269648
a00015617	269649
a00015618	269650
a00015619	269651
a00015620	269652
a00015621	269653
a00015622	269654
a00015623	269655
a00015624	269656
a00015625	269657
a00015626	269658
a00015627	269659
a00015628	269660
a00015629	269661
a00015630	269662
a00015631	269663
a00015632	269664
a00015633	269665
a00015634	269666
a00015635	269667
a00015636	269668
a00015637	269669
a00015638	269670
a00015639	269671
a00015640	269672
a00015641	269673
a00015642	269674
a00015643	269675
a00015644	269676
a00015645	269677
a00015646	269678
a00015647	269679
a00015648	269680
a00015649	269681
a00015650	269682
a00015651	269683
a00015652	269684
a00015653	269685
a00015654	269686
a00015655	269687
a00015656	269688
a00015657	269689
a00015658	269690
a00015659	269691
a00015660	269692
a00015661	269693
a00015662	269694
a00015663	269695
a00015664	269696
a00015665	269697
a00015666	269698
a00015667	269699
a00015668	269700
a00015669	269701
a00015670	269702
a00015671	269703
a00015672	269704
a00015673	269705
a00015674	269706
a00015675	269707
a00015676	269708
a00015677	269709
a00015678	269710
a00015679	269711
a00015680	269712
a00015681	269713
a00015682	269714
a00015683	269715
a00015684	269716
a00015685	269717
a00015686	269718
a00015687	269719
a00015688	269720
a00015689	269721
a00015690	269722
a00015691	269723
a00015692	269724
a00015693	269725
a00015694	269726
a00015695	269727
a00015696	269728
a00015697	269729
a00015698	269730
a00015699	269731
a00015700	269732
a00015701	269733
a00015702	269734
a00015703	269735
a00015704	269736
a00015705	269737
a00015706	269738
a00015707	269739
a00015708	269740
a00015709	269741
a00015710	269742
a00015711	269743
a00015712	269744
a00015713	269745
a00015714	269746
a00015715	269747
a00015716	269748
a00015717	269749
a00015718	269750
a00015719	269751
a00015720	269752
a00015721	269753
a00015722	269754
a00015723	269755
a00015724	269756
a00015725	269757
a00015726	269758
a00015727	269759
a00015728	269760
a00015729	269761
a00015730	269762
a00015731	269763
a00015732	269764
a00015733	269765
a00015734	269766
a00015735	269767
a00015736	269768
a00015737	269769
a00015738	269770
a00015739	269771
a00015740	269772
a00015741	269773
a00015742	269774
a00015743	269775
a00015744	269776
a00015745	269777
a00015746	269778
a00015747	269779
a00015748	269780
a00015749	269781
a00015750	269782
a00015751	269783
a00015752	269784
a00015753	269785
a00015754	269786
a00015755	269787
a00015756	269788
a00015757	269789
a00015758	269790
a00015759	269791
a00015760	269792
a00015761	269793
a00015762	269794
a00015763	269795
a00015764	269796
a00015765	269797
a00015766	269798
a00015767	269799
a00015768	269800
a00015769	269801
a00015770	269802
a00015771	269803
a00015772	269804
a00015773	269805
a00015774	269806
a00015775	269807
a00015776	269808
a00015777	269809
a00015778	269810
a00015779	269811
a00015780	269812
a00015781	269813
a00015782	269814
a00015783	269815
a00015784	269816
a00015785	269817
a00015786	269818
a00015787	269819
a00015788	269820
a00015789	269821
a00015790	269822
a00015791	269823
a00015792	269824
a00015793	269825
a00015794	269826
a00015795	269827
a00015796	269828
a00015797	269829
a00015798	269830
a00015799	269831
a00015800	269832
a00015801	269833
a00015802	269834
a00015803	269835
a00015804	269836
a00015805	269837
a00015806	269838
a00015807	269839
a00015808	269840
a00015809	269841
a00015810	269842
a00015811	269843
a00015812	269844
a00015813	269845
a00015814	269846
a00015815	269847
a00015816	269848
a00015817	269849
a00015818	269850
a00015819	269851
a00015820	269852
a00015821	269853
a00015822	269854
a00015823	269855
a00015824	269856
a00015825	269857
a00015826	269858
a00015827	269859
a00015828	269860
a00015829	269861
a00015830	269862
a00015831	269863
a00015832	269864
a00015833	269865
a00015834	269866
a00015835	269867
a00015836	269868
a00015837	269869
a00015838	269870
a00015839	269871
a00015840	269872
a00015841	269873
a00015842	269874
a00015843	269875
a00015844	269876
a00015845	269877
a00015846	269878
a00015847	269879
a00015848	269880
a00015849	269881
a00015850	269882
a00015851	269883
a00015852	269884
a00015853	269885
a00015854	269886
a00015855	269887
a00015856	269888
a00015857	269889
a00015858	269890
a00015859	269891
a00015860	269892
a00015861	269893
a00015862	269894
a00015863	269895
a00015864	269896
a00015865	269897
a00015866	269898
a00015867	269899
a00015868	269900
a00015869	269901
a00015870	269902
a00015871	269903
a00015872	269904
a00015873	269905
a00015874	269906
a00015875	269907
a00015876	269908
a00015877	269909
a00015878	269910
a00015879	269911
a00015880	269912
a00015881	269913
a00015882	269914
a00015883	269915
a00015884	269916
a00015885	269917
a00015886	269918
a00015887	269919
a00015888	269920
a00015889	269921
a00015890	269922
a00015891	269923
a00015892	269924
a00015893	269925
a00015894	269926
a00015895	269927
a00015896	269928
a00015897	269929
a00015898	269930
a00015899	269931
a00015900	269932
a00015901	269933
a00015902	269934
a00015903	269935
a00015904	269936
a00015905	269937
a00015906	269938
a00015907	269939
a00015908	269940
a00015909	269941
a00015910	269942
a00015911	269943
a00015912	269944
a00015913	269945
a00015914	269946
a00015915	269947
a00015916	269948
a00015917	269949
a00015918	269950
a00015919	269951
a00015920	269952
a00015921	269953
a00015922	269954
a00015923	269955
a00015924	269956
a00015925	269957
a00015926	269958
a00015927	269959
a00015928	269960
a00015929	269961
a00015930	269962
a00015931	269963
a00015932	269964
a00015933	269965
a00015934	269966
a00015935	269967
a00015936	269968
a00015937	269969
a00015938	269970
a00015939	269971
a00015940	269972
a00015941	269973
a00015942	269974
a00015943	269975
a00015944	269976
a00015945	269977
a00015946	269978
a00015947	269979
a00015948	269980
a00015949	269981
a00015950	269982
a00015951	269983
a00015952	269984
a00015953	269985
a00015954	269986
a00015955	269987
a00015956	269988
a00015957	269989
a00015958	269990
a00015959	269991
a00015960	269992
a00015961	269993
a00015962	269994
a00015963	269995
a00015964	269996
a00015965	269997
a00015966	269998
a00015967	269999
a00015968	270000
a00015969	270001
a00015970	270002
a00015971	270003
a00015972	270004
a00015973	270005
a00015974	270006
a00015975	270007
a00015976	270008
a00015977	270009
a00015978	270010
a00015979	270011
a00015980	270012
a00015981	270013
a00015982	270014
a00015983	270015
a00015984	270016
a00015985	270017
a00015986	270018
a00015987	270019
a00015988	270020
a00015989	270021
a00015990	270022
a00015991	270023
a00015992	270024
a00015993	270025
a00015994	270026
a00015995	270027
a00015996	270028
a00015997	270029
a00015998	270030
a00015999	270031
a00016000	270032
a00016001	270033
a00016002	270034
a00016003	270035
a00016004	270036
a00016005	270037
a00016006	270038
a00016007	270039
a00016008	270040
a00016009	270041
a00016010	270042
a00016011	270043
a00016012	270044
a00016013	270045
a00016014	270046
a00016015	270047
a00016016	270048
a00016017	270049
a00016018	270050
a00016019	270051
a00016020	270052
a00016021	270053
a00016022	270054
a00016023	270055
a00016024	270056
a00016025	270057
a00016026	270058
a00016027	270059
a00016028	270060
a00016029	270061
a00016030	270062
a00016031	270063
a00016032	270064
a00016033	270065
a00016034	270066
a00016035	270067
a00016036	270068
a00016037	270069
a00016038	270070
a00016039	270071
a00016040	270072
a00016041	270073
a00016042	270074
a00016043	270075
a00016044	270076
a00016045	270077
a00016046	270078
a00016047	270079
a00016048	270080
a00016049	270081
a00016050	270082
a00016051	270083
a00016052	270084
a00016053	270085
a00016054	270086
a00016055	270087
a00016056	270088
a00016057	270089
a00016058	270090
a00016059	270091
a00016060	270092
a00016061	270093
a00016062	270094
a00016063	270095
a00016064	270096
a00016065	270097
a00016066	270098
a00016067	270099
a00016068	270100
a00016069	270101
a00016070	270102
a00016071	270103
a00016072	270104
a00016073	270105
a00016074	270106
a00016075	270107
a00016076	270108
a00016077	270109
a00016078	270110
a00016079	270111
a00016080	270112
a00016081	270113
a00016082	270114
a00016083	270115
a00016084	270116
a00016085	270117
a00016086	270118
a00016087	270119
a00016088	270120
a00016089	270121
a00016090	270122
a00016091	270123
a00016092	270124
a00016093	270125
a00016094	270126
a00016095	270127
a00016096	270128
a00016097	270129
a00016098	270130
a00016099	270131
a00016100	270132
a00016101	270133
a00016102	270134
a00016103	270135
a00016104	270136
a00016105	270137
a00016106	270138
a00016107	270139
a00016108	270140
a00016109	270141
a00016110	270142
a00016111	270143
a00016112	270144
a00016113	270145
a00016114	270146
a00016115	270147
a00016116	270148
a00016117	270149
a00016118	270150
a00016119	270151
a00016120	270152
a00016121	270153
a00016122	270154
a00016123	270155
a00016124	270156
a00016125	270157
a00016126	270158
a00016127	270159
a00016128	270160
a00016129	270161
a00016130	270162
a00016131	270163
a00016132	270164
a00016133	270165
a00016134	270166
a00016135	270167
a00016136	270168
a00016137	270169
a00016138	270170
a00016139	270171
a00016140	270172
a00016141	270173
a00016142	270174
a00016143	270175
a00016144	270176
a00016145	270177
a00016146	270178
a00016147	270179
a00016148	270180
a00016149	270181
a00016150	270182
a00016151	270183
a00016152	270184
a00016153	270185
a00016154	270186
a00016155	270187
a00016156	270188
a00016157	270189
a00016158	270190
a00016159	270191
a00016160	270192
a00016161	270193
a00016162	270194
a00016163	270195
a00016164	270196
a00016165	270197
a00016166	270198
a00016167	270199
a00016168	270200
a00016169	270201
a00016170	270202
a00016171	270203
a00016172	270204
a00016173	270205
a00016174	270206
a00016175	270207
a00016176	270208
a00016177	270209
a00016178	270210
a00016179	270211
a00016180	270212
a00016181	270213
a00016182	270214
a00016183	270215
a00016184	270216
a00016185	270217
a00016186	270218
a00016187	270219
a00016188	270220
a00016189	270221
a00016190	270222
a00016191	270223
a00016192	270224
a00016193	270225
a00016194	270226
a00016195	270227
a00016196	270228
a00016197	270229
a00016198	270230
a00016199	270231
a00016200	270232
a00016201	270233
a00016202	270234
a00016203	270235
a00016204	270236
a00016205	270237
a00016206	270238
a00016207	270239
a00016208	270240
a00016209	270241
a00016210	270242
a00016211	270243
a00016212	270244
a00016213	270245
a00016214	270246
a00016215	270247
a00016216	270248
a00016217	270249
a00016218	270250
a00016219	270251
a00016220	270252
a00016221	270253
a00016222	270254
a00016223	270255
a00016224	270256
a00016225	270257
a00016226	270258
a00016227	270259
a00016228	270260
a00016229	270261
a00016230	270262
a00016231	270263
a00016232	270264
a00016233	270265
a00016234	270266
a00016235	270267
a00016236	270268
a00016237	270269
a00016238	270270
a00016239	270271
a00016240	270272
a00016241	270273
a00016242	270274
a00016243	270275
a00016244	270276
a00016245	270277
a00016246	270278
a00016247	270279
a00016248	270280
a00016249	270281
a00016250	270282
a00016251	270283
a00016252	270284
a00016253	270285
a00016254	270286
a00016255	270287
a00016256	270288
a00016257	270289
a00016258	270290
a00016259	270291
a00016260	270292
a00016261	270293
a00016262	270294
a00016263	270295
a00016264	270296
a00016265	270297
a00016266	270298
a00016267	270299
a00016268	270300
a00016269	270301
a00016270	270302
a00016271	270303
a00016272	270304
a00016273	270305
a00016274	270306
a00016275	270307
a00016276	270308
a00016277	270309
a00016278	270310
a00016279	270311
a00016280	270312
a00016281	270313
a00016282	270314
a00016283	270315
a00016284	270316
a00016285	270317
a00016286	270318
a00016287	270319
a00016288	270320
a00016289	270321
a00016290	270322
a00016291	270323
a00016292	270324
a00016293	270325
a00016294	270326
a00016295	270327
a00016296	270328
a00016297	270329
a00016298	270330
a00016299	270331
a00016300	270332
a00016301	270333
a00016302	270334
a00016303	270335
a00016304	270336
a00016305	270337
a00016306	270338
a00016307	270339
a00016308	270340
a00016309	270341
a00016310	270342
a00016311	270343
a00016312	270344
a00016313	270345
a00016314	270346
a00016315	270347
a00016316	270348
a00016317	270349
a00016318	270350
a00016319	270351
a00016320	270352
a00016321	270353
a00016322	270354
a00016323	270355
a00016324	270356
a00016325	270357
a00016326	270358
a00016327	270359
a00016328	270360
a00016329	270361
a00016330	270362
a00016331	270363
a00016332	270364
a00016333	270365
a00016334	270366
a00016335	270367
a00016336	270368
a00016337	270369
a00016338	270370
a00016339	270371
a00016340	270372
a00016341	270373
a00016342	270374
a00016343	270375
a00016344	270376
a00016345	270377
a00016346	270378
a00016347	270379
a00016348	270380
a00016349	270381
a00016350	270382
a00016351	270383
a00016352	270384
a00016353	270385
a00016354	270386
a00016355	270387
a00016356	270388
a00016357	270389
a00016358	270390
a00016359	270391
a00016360	270392
a00016361	270393
a00016362	270394
a00016363	270395
a00016364	270396
a00016365	270397
a00016366	270398
a00016367	270399
a00016368	270400
a00016369	270401
a00016370	270402
a00016371	270403
a00016372	270404
a00016373	270405
a00016374	270406
a00016375	270407
a00016376	270408
a00016377	270409
a00016378	270410
a00016379	270411
a00016380	270412
a00016381	270413
a00016382	270414
a00016383	270415
a00016384	270416
a00016385	270417
a00016386	270418
a00016387	270419
a00016388	270420
a00016389	270421
a00016390	270422
a00016391	270423
a00016392	270424
a00016393	270425
a00016394	270426
a00016395	270427
a00016396	270428
a00016397	270429
a00016398	270430
a00016399	270431
a00016400	270432
a00016401	270433
a00016402	270434
a00016403	270435
a00016404	270436
a00016405	270437
a00016406	270438
a00016407	270439
a00016408	270440
a00016409	270441
a00016410	270442
a00016411	270443
a00016412	270444
a00016413	270445
a00016414	270446
a00016415	270447
a00016416	270448
a00016417	270449
a00016418	270450
a00016419	270451
a00016420	270452
a00016421	270453
a00016422	270454
a00016423	270455
a00016424	270456
a00016425	270457
a00016426	270458
a00016427	270459
a00016428	270460
a00016429	270461
a00016430	270462
a00016431	270463
a00016432	270464
a00016433	270465
a00016434	270466
a00016435	270467
a00016436	270468
a00016437	270469
a00016438	270470
a00016439	270471
a00016440	270472
a00016441	270473
a00016442	270474
a00016443	270475
a00016444	270476
a00016445	270477
a00016446	270478
a00016447	270479
a00016448	270480
a00016449	270481
a00016450	270482
a00016451	270483
a00016452	270484
a00016453	270485
a00016454	270486
a00016455	270487
a00016456	270488
a00016457	270489
a00016458	270490
a00016459	270491
a00016460	270492
a00016461	270493
a00016462	270494
a00016463	270495
a00016464	270496
a00016465	270497
a00016466	270498
a00016467	270499
a00016468	270500
a00016469	270501
a00016470	270502
a00016471	270503
a00016472	270504
a00016473	270505
a00016474	270506
a00016475	270507
a00016476	270508
a00016477	270509
a00016478	270510
a00016479	270511
a00016480	270512
a00016481	270513
a00016482	270514
a00016483	270515
a00016484	270516
a00016485	270517
a00016486	270518
a00016487	270519
a00016488	270520
a00016489	270521
a00016490	270522
a00016491	270523
a00016492	270524
a00016493	270525
a00016494	270526
a00016495	270527
a00016496	270528
a00016497	270529
a00016498	270530
a00016499	270531
a00016500	270532
a00016501	270533
a00016502	270534
a00016503	270535
a00016504	270536
a00016505	270537
a00016506	270538
a00016507	270539
a00016508	270540
a00016509	270541
a00016510	270542
a00016511	270543
a00016512	270544
a00016513	270545
a00016514	270546
a00016515	270547
a00016516	270548
a00016517	270549
a00016518	270550
a00016519	270551
a00016520	270552
a00016521	270553
a00016522	270554
a00016523	270555
a00016524	270556
a00016525	270557
a00016526	270558
a00016527	270559
a00016528	270560
a00016529	270561
a00016530	270562
a00016531	270563
a00016532	270564
a00016533	270565
a00016534	270566
a00016535	270567
a00016536	270568
a00016537	270569
a00016538	270570
a00016539	270571
a00016540	270572
a00016541	270573
a00016542	270574
a00016543	270575
a00016544	270576
a00016545	270577
a00016546	270578
a00016547	270579
a00016548	270580
a00016549	270581
a00016550	270582
a00016551	270583
a00016552	270584
a00016553	270585
a00016554	270586
a00016555	270587
a00016556	270588
a00016557	270589
a00016558	270590
a00016559	270591
a00016560	270592
a00016561	270593
a00016562	270594
a00016563	270595
a00016564	270596
a00016565	270597
a00016566	270598
a00016567	270599
a00016568	270600
a00016569	270601
a00016570	270602
a00016571	270603
a00016572	270604
a00016573	270605
a00016574	270606
a00016575	270607
a00016576	270608
a00016577	270609
a00016578	270610
a00016579	270611
a00016580	270612
a00016581	270613
a00016582	270614
a00016583	270615
a00016584	270616
a00016585	270617
a00016586	270618
a00016587	270619
a00016588	270620
a00016589	270621
a00016590	270622
a00016591	270623
a00016592	270624
a00016593	270625
a00016594	270626
a00016595	270627
a00016596	270628
a00016597	270629
a00016598	270630
a00016599	270631
a00016600	270632
a00016601	270633
a00016602	270634
a00016603	270635
a00016604	270636
a00016605	270637
a00016606	270638
a00016607	270639
a00016608	270640
a00016609	270641
a00016610	270642
a00016611	270643
a00016612	270644
a00016613	270645
a00016614	270646
a00016615	270647
a00016616	270648
a00016617	270649
a00016618	270650
a00016619	270651
a00016620	270652
a00016621	270653
a00016622	270654
a00016623	270655
a00016624	270656
a00016625	270657
a00016626	270658
a00016627	270659
a00016628	270660
a00016629	270661
a00016630	270662
a00016631	270663
a00016632	270664
a00016633	270665
a00016634	270666
a00016635	270667
a00016636	270668
a00016637	270669
a00016638	270670
a00016639	270671
a00016640	270672
a00016641	270673
a00016642	270674
a00016643	270675
a00016644	270676
a00016645	270677
a00016646	270678
a00016647	270679
a00016648	270680
a00016649	270681
a00016650	270682
a00016651	270683
a00016652	270684
a00016653	270685
a00016654	270686
a00016655	270687
a00016656	270688
a00016657	270689
a00016658	270690
a00016659	270691
a00016660	270692
a00016661	270693
a00016662	270694
a00016663	270695
a00016664	270696
a00016665	270697
a00016666	270698
a00016667	270699
a00016668	270700
a00016669	270701
a00016670	270702
a00016671	270703
a00016672	270704
a00016673	270705
a00016674	270706
a00016675	270707
a00016676	270708
a00016677	270709
a00016678	270710
a00016679	270711
a00016680	270712
a00016681	270713
a00016682	270714
a00016683	270715
a00016684	270716
a00016685	270717
a00016686	270718
a00016687	270719
a00016688	270720
a00016689	270721
a00016690	270722
a00016691	270723
a00016692	270724
a00016693	270725
a00016694	270726
a00016695	270727
a00016696	270728
a00016697	270729
a00016698	270730
a00016699	270731
a00016700	270732
a00016701	270733
a00016702	270734
a00016703	270735
a00016704	270736
a00016705	270737
a00016706	270738
a00016707	270739
a00016708	270740
a00016709	270741
a00016710	270742
a00016711	270743
a00016712	270744
a00016713	270745
a00016714	270746
a00016715	270747
a00016716	270748
a00016717	270749
a00016718	270750
a00016719	270751
a00016720	270752
a00016721	270753
a00016722	270754
a00016723	270755
a00016724	270756
a00016725	270757
a00016726	270758
a00016727	270759
a00016728	270760
a00016729	270761
a00016730	270762
a00016731	270763
a00016732	270764
a00016733	270765
a00016734	270766
a00016735	270767
a00016736	270768
a00016737	270769
a00016738	270770
a00016739	270771
a00016740	270772
a00016741	270773
a00016742	270774
a00016743	270775
a00016744	270776
a00016745	270777
a00016746	270778
a00016747	270779
a00016748	270780
a00016749	270781
a00016750	270782
a00016751	270783
a00016752	270784
a00016753	270785
a00016754	270786
a00016755	270787
a00016756	270788
a00016757	270789
a00016758	270790
a00016759	270791
a00016760	270792
a00016761	270793
a00016762	270794
a00016763	270795
a00016764	270796
a00016765	270797
a00016766	270798
a00016767	270799
a00016768	270800
a00016769	270801
a00016770	270802
a00016771	270803
a00016772	270804
a00016773	270805
a00016774	270806
a00016775	270807
a00016776	270808
a00016777	270809
a00016778	270810
a00016779	270811
a00016780	270812
a00016781	270813
a00016782	270814
a00016783	270815
a00016784	270816
a00016785	270817
a00016786	270818
a00016787	270819
a00016788	270820
a00016789	270821
a00016790	270822
a00016791	270823
a00016792	270824
a00016793	270825
a00016794	270826
a00016795	270827
a00016796	270828
a00016797	270829
a00016798	270830
a00016799	270831
a00016800	270832
a00016801	270833
a00016802	270834
a00016803	270835
a00016804	270836
a00016805	270837
a00016806	270838
a00016807	270839
a00016808	270840
a00016809	270841
a00016810	270842
a00016811	270843
a00016812	270844
a00016813	270845
a00016814	270846
a00016815	270847
a00016816	270848
a00016817	270849
a00016818	270850
a00016819	270851
a00016820	270852
a00016821	270853
a00016822	270854
a00016823	270855
a00016824	270856
a00016825	270857
a00016826	270858
a00016827	270859
a00016828	270860
a00016829	270861
a00016830	270862
a00016831	270863
a00016832	270864
a00016833	270865
a00016834	270866
a00016835	270867
a00016836	270868
a00016837	270869
a00016838	270870
a00016839	270871
a00016840	270872
a00016841	270873
a00016842	270874
a00016843	270875
a00016844	270876
a00016845	270877
a00016846	270878
a00016847	270879
a00016848	270880
a00016849	270881
a00016850	270882
a00016851	270883
a00016852	270884
a00016853	270885
a00016854	270886
a00016855	270887
a00016856	270888
a00016857	270889
a00016858	270890
a00016859	270891
a00016860	270892
a00016861	270893
a00016862	270894
a00016863	270895
a00016864	270896
a00016865	270897
a00016866	270898
a00016867	270899
a00016868	270900
a00016869	270901
a00016870	270902
a00016871	270903
a00016872	270904
a00016873	270905
a00016874	270906
a00016875	270907
a00016876	270908
a00016877	270909
a00016878	270910
a00016879	270911
a00016880	270912
a00016881	270913
a00016882	270914
a00016883	270915
a00016884	270916
a00016885	270917
a00016886	270918
a00016887	270919
a00016888	270920
a00016889	270921
a00016890	270922
a00016891	270923
a00016892	270924
a00016893	270925
a00016894	270926
a00016895	270927
a00016896	270928
a00016897	270929
a00016898	270930
a00016899	270931
a00016900	270932
a00016901	270933
a00016902	270934
a00016903	270935
a00016904	270936
a00016905	270937
a00016906	270938
a00016907	270939
a00016908	270940
a00016909	270941
a00016910	270942
a00016911	270943
a00016912	270944
a00016913	270945
a00016914	270946
a00016915	270947
a00016916	270948
a00016917	270949
a00016918	270950
a00016919	270951
a00016920	270952
a00016921	270953
a00016922	270954
a00016923	270955
a00016924	270956
a00016925	270957
a00016926	270958
a00016927	270959
a00016928	270960
a00016929	270961
a00016930	270962
a00016931	270963
a00016932	270964
a00016933	270965
a00016934	270966
a00016935	270967
a00016936	270968
a00016937	270969
a00016938	270970
a00016939	270971
a00016940	270972
a00016941	270973
a00016942	270974
a00016943	270975
a00016944	270976
a00016945	270977
a00016946	270978
a00016947	270979
a00016948	270980
a00016949	270981
a00016950	270982
a00016951	270983
a00016952	270984
a00016953	270985
a00016954	270986
a00016955	270987
a00016956	270988
a00016957	270989
a00016958	270990
a00016959	270991
a00016960	270992
a00016961	270993
a00016962	270994
a00016963	270995
a00016964	270996
a00016965	270997
a00016966	270998
a00016967	270999
a00016968	271000
a00016969	271001
a00016970	271002
a00016971	271003
a00016972	271004
a00016973	271005
a00016974	271006
a00016975	271007
a00016976	271008
a00016977	271009
a00016978	271010
a00016979	271011
a00016980	271012
a00016981	271013
a00016982	271014
a00016983	271015
a00016984	271016
a00016985	271017
a00016986	271018
a00016987	271019
a00016988	271020
a00016989	271021
a00016990	271022
a00016991	271023
a00016992	271024
a00016993	271025
a00016994	271026
a00016995	271027
a00016996	271028
a00016997	271029
a00016998	271030
a00016999	271031
a00017000	271032
a00017001	271033
a00017002	271034
a00017003	271035
a00017004	271036
a00017005	271037
a00017006	271038
a00017007	271039
a00017008	271040
a00017009	271041
a00017010	271042
a00017011	271043
a00017012	271044
a00017013	271045
a00017014	271046
a00017015	271047
a00017016	271048
a00017017	271049
a00017018	271050
a00017019	271051
a00017020	271052
a00017021	271053
a00017022	271054
a00017023	271055
a00017024	271056
a00017025	271057
a00017026	271058
a00017027	271059
a00017028	271060
a00017029	271061
a00017030	271062
a00017031	271063
a00017032	271064
a00017033	271065
a00017034	271066
a00017035	271067
a00017036	271068
a00017037	271069
a00017038	271070
a00017039	271071
a00017040	271072
a00017041	271073
a00017042	271074
a00017043	271075
a00017044	271076
a00017045	271077
a00017046	271078
a00017047	271079
a00017048	271080
a00017049	271081
a00017050	271082
a00017051	271083
a00017052	271084
a00017053	271085
a00017054	271086
a00017055	271087
a00017056	271088
a00017057	271089
a00017058	271090
a00017059	271091
a00017060	271092
a00017061	271093
a00017062	271094
a00017063	271095
a00017064	271096
a00017065	271097
a00017066	271098
a00017067	271099
a00017068	271100
a00017069	271101
a00017070	271102
a00017071	271103
a00017072	271104
a00017073	271105
a00017074	271106
a00017075	271107
a00017076	271108
a00017077	271109
a00017078	271110
a00017079	271111
a00017080	271112
a00017081	271113
a00017082	271114
a00017083	271115
a00017084	271116
a00017085	271117
a00017086	271118
a00017087	271119
a00017088	271120
a00017089	271121
a00017090	271122
a00017091	271123
a00017092	271124
a00017093	271125
a00017094	271126
a00017095	271127
a00017096	271128
a00017097	271129
a00017098	271130
a00017099	271131
a00017100	271132
a00017101	271133
a00017102	271134
a00017103	271135
a00017104	271136
a00017105	271137
a00017106	271138
a00017107	271139
a00017108	271140
a00017109	271141
a00017110	271142
a00017111	271143
a00017112	271144
a00017113	271145
a00017114	271146
a00017115	271147
a00017116	271148
a00017117	271149
a00017118	271150
a00017119	271151
a00017120	271152
a00017121	271153
a00017122	271154
a00017123	271155
a00017124	271156
a00017125	271157
a00017126	271158
a00017127	271159
a00017128	271160
a00017129	271161
a00017130	271162
a00017131	271163
a00017132	271164
a00017133	271165
a00017134	271166
a00017135	271167
a00017136	271168
a00017137	271169
a00017138	271170
a00017139	271171
a00017140	271172
a00017141	271173
a00017142	271174
a00017143	271175
a00017144	271176
a00017145	271177
a00017146	271178
a00017147	271179
a00017148	271180
a00017149	271181
a00017150	271182
a00017151	271183
a00017152	271184
a00017153	271185
a00017154	271186
a00017155	271187
a00017156	271188
a00017157	271189
a00017158	271190
a00017159	271191
a00017160	271192
a00017161	271193
a00017162	271194
a00017163	271195
a00017164	271196
a00017165	271197
a00017166	271198
a00017167	271199
a00017168	271200
a00017169	271201
a00017170	271202
a00017171	271203
a00017172	271204
a00017173	271205
a00017174	271206
a00017175	271207
a00017176	271208
a00017177	271209
a00017178	271210
a00017179	271211
a00017180	271212
a00017181	271213
a00017182	271214
a00017183	271215
a00017184	271216
a00017185	271217
a00017186	271218
a00017187	271219
a00017188	271220
a00017189	271221
a00017190	271222
a00017191	271223
a00017192	271224
a00017193	271225
a00017194	271226
a00017195	271227
a00017196	271228
a00017197	271229
a00017198	271230
a00017199	271231
a00017200	271232
a00017201	271233
a00017202	271234
a00017203	271235
a00017204	271236
a00017205	271237
a00017206	271238
a00017207	271239
a00017208	271240
a00017209	271241
a00017210	271242
a00017211	271243
a00017212	271244
a00017213	271245
a00017214	271246
a00017215	271247
a00017216	271248
a00017217	271249
a00017218	271250
a00017219	271251
a00017220	271252
a00017221	271253
a00017222	271254
a00017223	271255
a00017224	271256
a00017225	271257
a00017226	271258
a00017227	271259
a00017228	271260
a00017229	271261
a00017230	271262
a00017231	271263
a00017232	271264
a00017233	271265
a00017234	271266
a00017235	271267
a00017236	271268
a00017237	271269
a00017238	271270
a00017239	271271
a00017240	271272
a00017241	271273
a00017242	271274
a00017243	271275
a00017244	271276
a00017245	271277
a00017246	271278
a00017247	271279
a00017248	271280
a00017249	271281
a00017250	271282
a00017251	271283
a00017252	271284
a00017253	271285
a00017254	271286
a00017255	271287
a00017256	271288
a00017257	271289
a00017258	271290
a00017259	271291
a00017260	271292
a00017261	271293
a00017262	271294
a00017263	271295
a00017264	271296
a00017265	271297
a00017266	271298
a00017267	271299
a00017268	271300
a00017269	271301
a00017270	271302
a00017271	271303
a00017272	271304
a00017273	271305
a00017274	271306
a00017275	271307
a00017276	271308
a00017277	271309
a00017278	271310
a00017279	271311
a00017280	271312
a00017281	271313
a00017282	271314
a00017283	271315
a00017284	271316
a00017285	271317
a00017286	271318
a00017287	271319
a00017288	271320
a00017289	271321
a00017290	271322
a00017291	271323
a00017292	271324
a00017293	271325
a00017294	271326
a00017295	271327
a00017296	271328
a00017297	271329
a00017298	271330
a00017299	271331
a00017300	271332
a00017301	271333
a00017302	271334
a00017303	271335
a00017304	271336
a00017305	271337
a00017306	271338
a00017307	271339
a00017308	271340
a00017309	271341
a00017310	271342
a00017311	271343
a00017312	271344
a00017313	271345
a00017314	271346
a00017315	271347
a00017316	271348
a00017317	271349
a00017318	271350
a00017319	271351
a00017320	271352
a00017321	271353
a00017322	271354
a00017323	271355
a00017324	271356
a00017325	271357
a00017326	271358
a00017327	271359
a00017328	271360
a00017329	271361
a00017330	271362
a00017331	271363
a00017332	271364
a00017333	271365
a00017334	271366
a00017335	271367
a00017336	271368
a00017337	271369
a00017338	271370
a00017339	271371
a00017340	271372
a00017341	271373
a00017342	271374
a00017343	271375
a00017344	271376
a00017345	271377
a00017346	271378
a00017347	271379
a00017348	271380
a00017349	271381
a00017350	271382
a00017351	271383
a00017352	271384
a00017353	271385
a00017354	271386
a00017355	271387
a00017356	271388
a00017357	271389
a00017358	271390
a00017359	271391
a00017360	271392
a00017361	271393
a00017362	271394
a00017363	271395
a00017364	271396
a00017365	271397
a00017366	271398
a00017367	271399
a00017368	271400
a00017369	271401
a00017370	271402
a00017371	271403
a00017372	271404
a00017373	271405
a00017374	271406
a00017375	271407
a00017376	271408
a00017377	271409
a00017378	271410
a00017379	271411
a00017380	271412
a00017381	271413
a00017382	271414
a00017383	271415
a00017384	271416
a00017385	271417
a00017386	271418
a00017387	271419
a00017388	271420
a00017389	271421
a00017390	271422
a00017391	271423
a00017392	271424
a00017393	271425
a00017394	271426
a00017395	271427
a00017396	271428
a00017397	271429
a00017398	271430
a00017399	271431
a00017400	271432
a00017401	271433
a00017402	271434
a00017403	271435
a00017404	271436
a00017405	271437
a00017406	271438
a00017407	271439
a00017408	271440
a00017409	271441
a00017410	271442
a00017411	271443
a00017412	271444
a00017413	271445
a00017414	271446
a00017415	271447
a00017416	271448
a00017417	271449
a00017418	271450
a00017419	271451
a00017420	271452
a00017421	271453
a00017422	271454
a00017423	271455
a00017424	271456
a00017425	271457
a00017426	271458
a00017427	271459
a00017428	271460
a00017429	271461
a00017430	271462
a00017431	271463
a00017432	271464
a00017433	271465
a00017434	271466
a00017435	271467
a00017436	271468
a00017437	271469
a00017438	271470
a00017439	271471
a00017440	271472
a00017441	271473
a00017442	271474
a00017443	271475
a00017444	271476
a00017445	271477
a00017446	271478
a00017447	271479
a00017448	271480
a00017449	271481
a00017450	271482
a00017451	271483
a00017452	271484
a00017453	271485
a00017454	271486
a00017455	271487
a00017456	271488
a00017457	271489
a00017458	271490
a00017459	271491
a00017460	271492
a00017461	271493
a00017462	271494
a00017463	271495
a00017464	271496
a00017465	271497
a00017466	271498
a00017467	271499
a00017468	271500
a00017469	271501
a00017470	271502
a00017471	271503
a00017472	271504
a00017473	271505
a00017474	271506
a00017475	271507
a00017476	271508
a00017477	271509
a00017478	271510
a00017479	271511
a00017480	271512
a00017481	271513
a00017482	271514
a00017483	271515
a00017484	271516
a00017485	271517
a00017486	271518
a00017487	271519
a00017488	271520
a00017489	271521
a00017490	271522
a00017491	271523
a00017492	271524
a00017493	271525
a00017494	271526
a00017495	271527
a00017496	271528
a00017497	271529
a00017498	271530
a00017499	271531
a00017500	271532
a00017501	271533
a00017502	271534
a00017503	271535
a00017504	271536
a00017505	271537
a00017506	271538
a00017507	271539
a00017508	271540
a00017509	271541
a00017510	271542
a00017511	271543
a00017512	271544
a00017513	271545
a00017514	271546
a00017515	271547
a00017516	271548
a00017517	271549
a00017518	271550
a00017519	271551
a00017520	271552
a00017521	271553
a00017522	271554
a00017523	271555
a00017524	271556
a00017525	271557
a00017526	271558
a00017527	271559
a00017528	271560
a00017529	271561
a00017530	271562
a00017531	271563
a00017532	271564
a00017533	271565
a00017534	271566
a00017535	271567
a00017536	271568
a00017537	271569
a00017538	271570
a00017539	271571
a00017540	271572
a00017541	271573
a00017542	271574
a00017543	271575
a00017544	271576
a00017545	271577
a00017546	271578
a00017547	271579
a00017548	271580
a00017549	271581
a00017550	271582
a00017551	271583
a00017552	271584
a00017553	271585
a00017554	271586
a00017555	271587
a00017556	271588
a00017557	271589
a00017558	271590
a00017559	271591
a00017560	271592
a00017561	271593
a00017562	271594
a00017563	271595
a00017564	271596
a00017565	271597
a00017566	271598
a00017567	271599
a00017568	271600
a00017569	271601
a00017570	271602
a00017571	271603
a00017572	271604
a00017573	271605
a00017574	271606
a00017575	271607
a00017576	271608
a00017577	271609
a00017578	271610
a00017579	271611
a00017580	271612
a00017581	271613
a00017582	271614
a00017583	271615
a00017584	271616
a00017585	271617
a00017586	271618
a00017587	271619
a00017588	271620
a00017589	271621
a00017590	271622
a00017591	271623
a00017592	271624
a00017593	271625
a00017594	271626
a00017595	271627
a00017596	271628
a00017597	271629
a00017598	271630
a00017599	271631
a00017600	271632
a00017601	271633
a00017602	271634
a00017603	271635
a00017604	271636
a00017605	271637
a00017606	271638
a00017607	271639
a00017608	271640
a00017609	271641
a00017610	271642
a00017611	271643
a00017612	271644
a00017613	271645
a00017614	271646
a00017615	271647
a00017616	271648
a00017617	271649
a00017618	271650
a00017619	271651
a00017620	271652
a00017621	271653
a00017622	271654
a00017623	271655
a00017624	271656
a00017625	271657
a00017626	271658
a00017627	271659
a00017628	271660
a00017629	271661
a00017630	271662
a00017631	271663
a00017632	271664
a00017633	271665
a00017634	271666
a00017635	271667
a00017636	271668
a00017637	271669
a00017638	271670
a00017639	271671
a00017640	271672
a00017641	271673
a00017642	271674
a00017643	271675
a00017644	271676
a00017645	271677
a00017646	271678
a00017647	271679
a00017648	271680
a00017649	271681
a00017650	271682
a00017651	271683
a00017652	271684
a00017653	271685
a00017654	271686
a00017655	271687
a00017656	271688
a00017657	271689
a00017658	271690
a00017659	271691
a00017660	271692
a00017661	271693
a00017662	271694
a00017663	271695
a00017664	271696
a00017665	271697
a00017666	271698
a00017667	271699
a00017668	271700
a00017669	271701
a00017670	271702
a00017671	271703
a00017672	271704
a00017673	271705
a00017674	271706
a00017675	271707
a00017676	271708
a00017677	271709
a00017678	271710
a00017679	271711
a00017680	271712
a00017681	271713
a00017682	271714
a00017683	271715
a00017684	271716
a00017685	271717
a00017686	271718
a00017687	271719
a00017688	271720
a00017689	271721
a00017690	271722
a00017691	271723
a00017692	271724
a00017693	271725
a00017694	271726
a00017695	271727
a00017696	271728
a00017697	271729
a00017698	271730
a00017699	271731
a00017700	271732
a00017701	271733
a00017702	271734
a00017703	271735
a00017704	271736
a00017705	271737
a00017706	271738
a00017707	271739
a00017708	271740
a00017709	271741
a00017710	271742
a00017711	271743
a00017712	271744
a00017713	271745
a00017714	271746
a00017715	271747
a00017716	271748
a00017717	271749
a00017718	271750
a00017719	271751
a00017720	271752
a00017721	271753
a00017722	271754
a00017723	271755
a00017724	271756
a00017725	271757
a00017726	271758
a00017727	271759
a00017728	271760
a00017729	271761
a00017730	271762
a00017731	271763
a00017732	271764
a00017733	271765
a00017734	271766
a00017735	271767
a00017736	271768
a00017737	271769
a00017738	271770
a00017739	271771
a00017740	271772
a00017741	271773
a00017742	271774
a00017743	271775
a00017744	271776
a00017745	271777
a00017746	271778
a00017747	271779
a00017748	271780
a00017749	271781
a00017750	271782
a00017751	271783
a00017752	271784
a00017753	271785
a00017754	271786
a00017755	271787
a00017756	271788
a00017757	271789
a00017758	271790
a00017759	271791
a00017760	271792
a00017761	271793
a00017762	271794
a00017763	271795
a00017764	271796
a00017765	271797
a00017766	271798
a00017767	271799
a00017768	271800
a00017769	271801
a00017770	271802
a00017771	271803
a00017772	271804
a00017773	271805
a00017774	271806
a00017775	271807
a00017776	271808
a00017777	271809
a00017778	271810
a00017779	271811
a00017780	271812
a00017781	271813
a00017782	271814
a00017783	271815
a00017784	271816
a00017785	271817
a00017786	271818
a00017787	271819
a00017788	271820
a00017789	271821
a00017790	271822
a00017791	271823
a00017792	271824
a00017793	271825
a00017794	271826
a00017795	271827
a00017796	271828
a00017797	271829
a00017798	271830
a00017799	271831
a00017800	271832
a00017801	271833
a00017802	271834
a00017803	271835
a00017804	271836
a00017805	271837
a00017806	271838
a00017807	271839
a00017808	271840
a00017809	271841
a00017810	271842
a00017811	271843
a00017812	271844
a00017813	271845
a00017814	271846
a00017815	271847
a00017816	271848
a00017817	271849
a00017818	271850
a00017819	271851
a00017820	271852
a00017821	271853
a00017822	271854
a00017823	271855
a00017824	271856
a00017825	271857
a00017826	271858
a00017827	271859
a00017828	271860
a00017829	271861
a00017830	271862
a00017831	271863
a00017832	271864
a00017833	271865
a00017834	271866
a00017835	271867
a00017836	271868
a00017837	271869
a00017838	271870
a00017839	271871
a00017840	271872
a00017841	271873
a00017842	271874
a00017843	271875
a00017844	271876
a00017845	271877
a00017846	271878
a00017847	271879
a00017848	271880
a00017849	271881
a00017850	271882
a00017851	271883
a00017852	271884
a00017853	271885
a00017854	271886
a00017855	271887
a00017856	271888
a00017857	271889
a00017858	271890
a00017859	271891
a00017860	271892
a00017861	271893
a00017862	271894
a00017863	271895
a00017864	271896
a00017865	271897
a00017866	271898
a00017867	271899
a00017868	271900
a00017869	271901
a00017870	271902
a00017871	271903
a00017872	271904
a00017873	271905
a00017874	271906
a00017875	271907
a00017876	271908
a00017877	271909
a00017878	271910
a00017879	271911
a00017880	271912
a00017881	271913
a00017882	271914
a00017883	271915
a00017884	271916
a00017885	271917
a00017886	271918
a00017887	271919
a00017888	271920
a00017889	271921
a00017890	271922
a00017891	271923
a00017892	271924
a00017893	271925
a00017894	271926
a00017895	271927
a00017896	271928
a00017897	271929
a00017898	271930
a00017899	271931
a00017900	271932
a00017901	271933
a00017902	271934
a00017903	271935
a00017904	271936
a00017905	271937
a00017906	271938
a00017907	271939
a00017908	271940
a00017909	271941
a00017910	271942
a00017911	271943
a00017912	271944
a00017913	271945
a00017914	271946
a00017915	271947
a00017916	271948
a00017917	271949
a00017918	271950
a00017919	271951
a00017920	271952
a00017921	271953
a00017922	271954
a00017923	271955
a00017924	271956
a00017925	271957
a00017926	271958
a00017927	271959
a00017928	271960
a00017929	271961
a00017930	271962
a00017931	271963
a00017932	271964
a00017933	271965
a00017934	271966
a00017935	271967
a00017936	271968
a00017937	271969
a00017938	271970
a00017939	271971
a00017940	271972
a00017941	271973
a00017942	271974
a00017943	271975
a00017944	271976
a00017945	271977
a00017946	271978
a00017947	271979
a00017948	271980
a00017949	271981
a00017950	271982
a00017951	271983
a00017952	271984
a00017953	271985
a00017954	271986
a00017955	271987
a00017956	271988
a00017957	271989
a00017958	271990
a00017959	271991
a00017960	271992
a00017961	271993
a00017962	271994
a00017963	271995
a00017964	271996
a00017965	271997
a00017966	271998
a00017967	271999
a00017968	272000
a00017969	272001
a00017970	272002
a00017971	272003
a00017972	272004
a00017973	272005
a00017974	272006
a00017975	272007
a00017976	272008
a00017977	272009
a00017978	272010
a00017979	272011
a00017980	272012
a00017981	272013
a00017982	272014
a00017983	272015
a00017984	272016
a00017985	272017
a00017986	272018
a00017987	272019
a00017988	272020
a00017989	272021
a00017990	272022
a00017991	272023
a00017992	272024
a00017993	272025
a00017994	272026
a00017995	272027
a00017996	272028
a00017997	272029
a00017998	272030
a00017999	272031
a00018000	272032
a00018001	272033
a00018002	272034
a00018003	272035
a00018004	272036
a00018005	272037
a00018006	272038
a00018007	272039
a00018008	272040
a00018009	272041
a00018010	272042
a00018011	272043
a00018012	272044
a00018013	272045
a00018014	272046
a00018015	272047
a00018016	272048
a00018017	272049
a00018018	272050
a00018019	272051
a00018020	272052
a00018021	272053
a00018022	272054
a00018023	272055
a00018024	272056
a00018025	272057
a00018026	272058
a00018027	272059
a00018028	272060
a00018029	272061
a00018030	272062
a00018031	272063
a00018032	272064
a00018033	272065
a00018034	272066
a00018035	272067
a00018036	272068
a00018037	272069
a00018038	272070
a00018039	272071
a00018040	272072
a00018041	272073
a00018042	272074
a00018043	272075
a00018044	272076
a00018045	272077
a00018046	272078
a00018047	272079
a00018048	272080
a00018049	272081
a00018050	272082
a00018051	272083
a00018052	272084
a00018053	272085
a00018054	272086
a00018055	272087
a00018056	272088
a00018057	272089
a00018058	272090
a00018059	272091
a00018060	272092
a00018061	272093
a00018062	272094
a00018063	272095
a00018064	272096
a00018065	272097
a00018066	272098
a00018067	272099
a00018068	272100
a00018069	272101
a00018070	272102
a00018071	272103
a00018072	272104
a00018073	272105
a00018074	272106
a00018075	272107
a00018076	272108
a00018077	272109
a00018078	272110
a00018079	272111
a00018080	272112
a00018081	272113
a00018082	272114
a00018083	272115
a00018084	272116
a00018085	272117
a00018086	272118
a00018087	272119
a00018088	272120
a00018089	272121
a00018090	272122
a00018091	272123
a00018092	272124
a00018093	272125
a00018094	272126
a00018095	272127
a00018096	272128
a00018097	272129
a00018098	272130
a00018099	272131
a00018100	272132
a00018101	272133
a00018102	272134
a00018103	272135
a00018104	272136
a00018105	272137
a00018106	272138
a00018107	272139
a00018108	272140
a00018109	272141
a00018110	272142
a00018111	272143
a00018112	272144
a00018113	272145
a00018114	272146
a00018115	272147
a00018116	272148
a00018117	272149
a00018118	272150
a00018119	272151
a00018120	272152
a00018121	272153
a00018122	272154
a00018123	272155
a00018124	272156
a00018125	272157
a00018126	272158
a00018127	272159
a00018128	272160
a00018129	272161
a00018130	272162
a00018131	272163
a00018132	272164
a00018133	272165
a00018134	272166
a00018135	272167
a00018136	272168
a00018137	272169
a00018138	272170
a00018139	272171
a00018140	272172
a00018141	272173
a00018142	272174
a00018143	272175
a00018144	272176
a00018145	272177
a00018146	272178
a00018147	272179
a00018148	272180
a00018149	272181
a00018150	272182
a00018151	272183
a00018152	272184
a00018153	272185
a00018154	272186
a00018155	272187
a00018156	272188
a00018157	272189
a00018158	272190
a00018159	272191
a00018160	272192
a00018161	272193
a00018162	272194
a00018163	272195
a00018164	272196
a00018165	272197
a00018166	272198
a00018167	272199
a00018168	272200
a00018169	272201
a00018170	272202
a00018171	272203
a00018172	272204
a00018173	272205
a00018174	272206
a00018175	272207
a00018176	272208
a00018177	272209
a00018178	272210
a00018179	272211
a00018180	272212
a00018181	272213
a00018182	272214
a00018183	272215
a00018184	272216
a00018185	272217
a00018186	272218
a00018187	272219
a00018188	272220
a00018189	272221
a00018190	272222
a00018191	272223
a00018192	272224
a00018193	272225
a00018194	272226
a00018195	272227
a00018196	272228
a00018197	272229
a00018198	272230
a00018199	272231
a00018200	272232
a00018201	272233
a00018202	272234
a00018203	272235
a00018204	272236
a00018205	272237
a00018206	272238
a00018207	272239
a00018208	272240
a00018209	272241
a00018210	272242
a00018211	272243
a00018212	272244
a00018213	272245
a00018214	272246
a00018215	272247
a00018216	272248
a00018217	272249
a00018218	272250
a00018219	272251
a00018220	272252
a00018221	272253
a00018222	272254
a00018223	272255
a00018224	272256
a00018225	272257
a00018226	272258
a00018227	272259
a00018228	272260
a00018229	272261
a00018230	272262
a00018231	272263
a00018232	272264
a00018233	272265
a00018234	272266
a00018235	272267
a00018236	272268
a00018237	272269
a00018238	272270
a00018239	272271
a00018240	272272
a00018241	272273
a00018242	272274
a00018243	272275
a00018244	272276
a00018245	272277
a00018246	272278
a00018247	272279
a00018248	272280
a00018249	272281
a00018250	272282
a00018251	272283
a00018252	272284
a00018253	272285
a00018254	272286
a00018255	272287
a00018256	272288
a00018257	272289
a00018258	272290
a00018259	272291
a00018260	272292
a00018261	272293
a00018262	272294
a00018263	272295
a00018264	272296
a00018265	272297
a00018266	272298
a00018267	272299
a00018268	272300
a00018269	272301
a00018270	272302
a00018271	272303
a00018272	272304
a00018273	272305
a00018274	272306
a00018275	272307
a00018276	272308
a00018277	272309
a00018278	272310
a00018279	272311
a00018280	272312
a00018281	272313
a00018282	272314
a00018283	272315
a00018284	272316
a00018285	272317
a00018286	272318
a00018287	272319
a00018288	272320
a00018289	272321
a00018290	272322
a00018291	272323
a00018292	272324
a00018293	272325
a00018294	272326
a00018295	272327
a00018296	272328
a00018297	272329
a00018298	272330
a00018299	272331
a00018300	272332
a00018301	272333
a00018302	272334
a00018303	272335
a00018304	272336
a00018305	272337
a00018306	272338
a00018307	272339
a00018308	272340
a00018309	272341
a00018310	272342
a00018311	272343
a00018312	272344
a00018313	272345
a00018314	272346
a00018315	272347
a00018316	272348
a00018317	272349
a00018318	272350
a00018319	272351
a00018320	272352
a00018321	272353
a00018322	272354
a00018323	272355
a00018324	272356
a00018325	272357
a00018326	272358
a00018327	272359
a00018328	272360
a00018329	272361
a00018330	272362
a00018331	272363
a00018332	272364
a00018333	272365
a00018334	272366
a00018335	272367
a00018336	272368
a00018337	272369
a00018338	272370
a00018339	272371
a00018340	272372
a00018341	272373
a00018342	272374
a00018343	272375
a00018344	272376
a00018345	272377
a00018346	272378
a00018347	272379
a00018348	272380
a00018349	272381
a00018350	272382
a00018351	272383
a00018352	272384
a00018353	272385
a00018354	272386
a00018355	272387
a00018356	272388
a00018357	272389
a00018358	272390
a00018359	272391
a00018360	272392
a00018361	272393
a00018362	272394
a00018363	272395
a00018364	272396
a00018365	272397
a00018366	272398
a00018367	272399
a00018368	272400
a00018369	272401
a00018370	272402
a00018371	272403
a00018372	272404
a00018373	272405
a00018374	272406
a00018375	272407
a00018376	272408
a00018377	272409
a00018378	272410
a00018379	272411
a00018380	272412
a00018381	272413
a00018382	272414
a00018383	272415
a00018384	272416
a00018385	272417
a00018386	272418
a00018387	272419
a00018388	272420
a00018389	272421
a00018390	272422
a00018391	272423
a00018392	272424
a00018393	272425
a00018394	272426
a00018395	272427
a00018396	272428
a00018397	272429
a00018398	272430
a00018399	272431
a00018400	272432
a00018401	272433
a00018402	272434
a00018403	272435
a00018404	272436
a00018405	272437
a00018406	272438
a00018407	272439
a00018408	272440
a00018409	272441
a00018410	272442
a00018411	272443
a00018412	272444
a00018413	272445
a00018414	272446
a00018415	272447
a00018416	272448
a00018417	272449
a00018418	272450
a00018419	272451
a00018420	272452
a00018421	272453
a00018422	272454
a00018423	272455
a00018424	272456
a00018425	272457
a00018426	272458
a00018427	272459
a00018428	272460
a00018429	272461
a00018430	272462
a00018431	272463
a00018432	272464
a00018433	272465
a00018434	272466
a00018435	272467
a00018436	272468
a00018437	272469
a00018438	272470
a00018439	272471
a00018440	272472
a00018441	272473
a00018442	272474
a00018443	272475
a00018444	272476
a00018445	272477
a00018446	272478
a00018447	272479
a00018448	272480
a00018449	272481
a00018450	272482
a00018451	272483
a00018452	272484
a00018453	272485
a00018454	272486
a00018455	272487
a00018456	272488
a00018457	272489
a00018458	272490
a00018459	272491
a00018460	272492
a00018461	272493
a00018462	272494
a00018463	272495
a00018464	272496
a00018465	272497
a00018466	272498
a00018467	272499
a00018468	272500
a00018469	272501
a00018470	272502
a00018471	272503
a00018472	272504
a00018473	272505
a00018474	272506
a00018475	272507
a00018476	272508
a00018477	272509
a00018478	272510
a00018479	272511
a00018480	272512
a00018481	272513
a00018482	272514
a00018483	272515
a00018484	272516
a00018485	272517
a00018486	272518
a00018487	272519
a00018488	272520
a00018489	272521
a00018490	272522
a00018491	272523
a00018492	272524
a00018493	272525
a00018494	272526
a00018495	272527
a00018496	272528
a00018497	272529
a00018498	272530
a00018499	272531
a00018500	272532
a00018501	272533
a00018502	272534
a00018503	272535
a00018504	272536
a00018505	272537
a00018506	272538
a00018507	272539
a00018508	272540
a00018509	272541
a00018510	272542
a00018511	272543
a00018512	272544
a00018513	272545
a00018514	272546
a00018515	272547
a00018516	272548
a00018517	272549
a00018518	272550
a00018519	272551
a00018520	272552
a00018521	272553
a00018522	272554
a00018523	272555
a00018524	272556
a00018525	272557
a00018526	272558
a00018527	272559
a00018528	272560
a00018529	272561
a00018530	272562
a00018531	272563
a00018532	272564
a00018533	272565
a00018534	272566
a00018535	272567
a00018536	272568
a00018537	272569
a00018538	272570
a00018539	272571
a00018540	272572
a00018541	272573
a00018542	272574
a00018543	272575
a00018544	272576
a00018545	272577
a00018546	272578
a00018547	272579
a00018548	272580
a00018549	272581
a00018550	272582
a00018551	272583
a00018552	272584
a00018553	272585
a00018554	272586
a00018555	272587
a00018556	272588
a00018557	272589
a00018558	272590
a00018559	272591
a00018560	272592
a00018561	272593
a00018562	272594
a00018563	272595
a00018564	272596
a00018565	272597
a00018566	272598
a00018567	272599
a00018568	272600
a00018569	272601
a00018570	272602
a00018571	272603
a00018572	272604
a00018573	272605
a00018574	272606
a00018575	272607
a00018576	272608
a00018577	272609
a00018578	272610
a00018579	272611
a00018580	272612
a00018581	272613
a00018582	272614
a00018583	272615
a00018584	272616
a00018585	272617
a00018586	272618
a00018587	272619
a00018588	272620
a00018589	272621
a00018590	272622
a00018591	272623
a00018592	272624
a00018593	272625
a00018594	272626
a00018595	272627
a00018596	272628
a00018597	272629
a00018598	272630
a00018599	272631
a00018600	272632
a00018601	272633
a00018602	272634
a00018603	272635
a00018604	272636
a00018605	272637
a00018606	272638
a00018607	272639
a00018608	272640
a00018609	272641
a00018610	272642
a00018611	272643
a00018612	272644
a00018613	272645
a00018614	272646
a00018615	272647
a00018616	272648
a00018617	272649
a00018618	272650
a00018619	272651
a00018620	272652
a00018621	272653
a00018622	272654
a00018623	272655
a00018624	272656
a00018625	272657
a00018626	272658
a00018627	272659
a00018628	272660
a00018629	272661
a00018630	272662
a00018631	272663
a00018632	272664
a00018633	272665
a00018634	272666
a00018635	272667
a00018636	272668
a00018637	272669
a00018638	272670
a00018639	272671
a00018640	272672
a00018641	272673
a00018642	272674
a00018643	272675
a00018644	272676
a00018645	272677
a00018646	272678
a00018647	272679
a00018648	272680
a00018649	272681
a00018650	272682
a00018651	272683
a00018652	272684
a00018653	272685
a00018654	272686
a00018655	272687
a00018656	272688
a00018657	272689
a00018658	272690
a00018659	272691
a00018660	272692
a00018661	272693
a00018662	272694
a00018663	272695
a00018664	272696
a00018665	272697
a00018666	272698
a00018667	272699
a00018668	272700
a00018669	272701
a00018670	272702
a00018671	272703
a00018672	272704
a00018673	272705
a00018674	272706
a00018675	272707
a00018676	272708
a00018677	272709
a00018678	272710
a00018679	272711
a00018680	272712
a00018681	272713
a00018682	272714
a00018683	272715
a00018684	272716
a00018685	272717
a00018686	272718
a00018687	272719
a00018688	272720
a00018689	272721
a00018690	272722
a00018691	272723
a00018692	272724
a00018693	272725
a00018694	272726
a00018695	272727
a00018696	272728
a00018697	272729
a00018698	272730
a00018699	272731
a00018700	272732
a00018701	272733
a00018702	272734
a00018703	272735
a00018704	272736
a00018705	272737
a00018706	272738
a00018707	272739
a00018708	272740
a00018709	272741
a00018710	272742
a00018711	272743
a00018712	272744
a00018713	272745
a00018714	272746
a00018715	272747
a00018716	272748
a00018717	272749
a00018718	272750
a00018719	272751
a00018720	272752
a00018721	272753
a00018722	272754
a00018723	272755
a00018724	272756
a00018725	272757
a00018726	272758
a00018727	272759
a00018728	272760
a00018729	272761
a00018730	272762
a00018731	272763
a00018732	272764
a00018733	272765
a00018734	272766
a00018735	272767
a00018736	272768
a00018737	272769
a00018738	272770
a00018739	272771
a00018740	272772
a00018741	272773
a00018742	272774
a00018743	272775
a00018744	272776
a00018745	272777
a00018746	272778
a00018747	272779
a00018748	272780
a00018749	272781
a00018750	272782
a00018751	272783
a00018752	272784
a00018753	272785
a00018754	272786
a00018755	272787
a00018756	272788
a00018757	272789
a00018758	272790
a00018759	272791
a00018760	272792
a00018761	272793
a00018762	272794
a00018763	272795
a00018764	272796
a00018765	272797
a00018766	272798
a00018767	272799
a00018768	272800
a00018769	272801
a00018770	272802
a00018771	272803
a00018772	272804
a00018773	272805
a00018774	272806
a00018775	272807
a00018776	272808
a00018777	272809
a00018778	272810
a00018779	272811
a00018780	272812
a00018781	272813
a00018782	272814
a00018783	272815
a00018784	272816
a00018785	272817
a00018786	272818
a00018787	272819
a00018788	272820
a00018789	272821
a00018790	272822
a00018791	272823
a00018792	272824
a00018793	272825
a00018794	272826
a00018795	272827
a00018796	272828
a00018797	272829
a00018798	272830
a00018799	272831
a00018800	272832
a00018801	272833
a00018802	272834
a00018803	272835
a00018804	272836
a00018805	272837
a00018806	272838
a00018807	272839
a00018808	272840
a00018809	272841
a00018810	272842
a00018811	272843
a00018812	272844
a00018813	272845
a00018814	272846
a00018815	272847
a00018816	272848
a00018817	272849
a00018818	272850
a00018819	272851
a00018820	272852
a00018821	272853
a00018822	272854
a00018823	272855
a00018824	272856
a00018825	272857
a00018826	272858
a00018827	272859
a00018828	272860
a00018829	272861
a00018830	272862
a00018831	272863
a00018832	272864
a00018833	272865
a00018834	272866
a00018835	272867
a00018836	272868
a00018837	272869
a00018838	272870
a00018839	272871
a00018840	272872
a00018841	272873
a00018842	272874
a00018843	272875
a00018844	272876
a00018845	272877
a00018846	272878
a00018847	272879
a00018848	272880
a00018849	272881
a00018850	272882
a00018851	272883
a00018852	272884
a00018853	272885
a00018854	272886
a00018855	272887
a00018856	272888
a00018857	272889
a00018858	272890
a00018859	272891
a00018860	272892
a00018861	272893
a00018862	272894
a00018863	272895
a00018864	272896
a00018865	272897
a00018866	272898
a00018867	272899
a00018868	272900
a00018869	272901
a00018870	272902
a00018871	272903
a00018872	272904
a00018873	272905
a00018874	272906
a00018875	272907
a00018876	272908
a00018877	272909
a00018878	272910
a00018879	272911
a00018880	272912
a00018881	272913
a00018882	272914
a00018883	272915
a00018884	272916
a00018885	272917
a00018886	272918
a00018887	272919
a00018888	272920
a00018889	272921
a00018890	272922
a00018891	272923
a00018892	272924
a00018893	272925
a00018894	272926
a00018895	272927
a00018896	272928
a00018897	272929
a00018898	272930
a00018899	272931
a00018900	272932
a00018901	272933
a00018902	272934
a00018903	272935
a00018904	272936
a00018905	272937
a00018906	272938
a00018907	272939
a00018908	272940
a00018909	272941
a00018910	272942
a00018911	272943
a00018912	272944
a00018913	272945
a00018914	272946
a00018915	272947
a00018916	272948
a00018917	272949
a00018918	272950
a00018919	272951
a00018920	272952
a00018921	272953
a00018922	272954
a00018923	272955
a00018924	272956
a00018925	272957
a00018926	272958
a00018927	272959
a00018928	272960
a00018929	272961
a00018930	272962
a00018931	272963
a00018932	272964
a00018933	272965
a00018934	272966
a00018935	272967
a00018936	272968
a00018937	272969
a00018938	272970
a00018939	272971
a00018940	272972
a00018941	272973
a00018942	272974
a00018943	272975
a00018944	272976
a00018945	272977
a00018946	272978
a00018947	272979
a00018948	272980
a00018949	272981
a00018950	272982
a00018951	272983
a00018952	272984
a00018953	272985
a00018954	272986
a00018955	272987
a00018956	272988
a00018957	272989
a00018958	272990
a00018959	272991
a00018960	272992
a00018961	272993
a00018962	272994
a00018963	272995
a00018964	272996
a00018965	272997
a00018966	272998
a00018967	272999
a00018968	273000
a00018969	273001
a00018970	273002
a00018971	273003
a00018972	273004
a00018973	273005
a00018974	273006
a00018975	273007
a00018976	273008
a00018977	273009
a00018978	273010
a00018979	273011
a00018980	273012
a00018981	273013
a00018982	273014
a00018983	273015
a00018984	273016
a00018985	273017
a00018986	273018
a00018987	273019
a00018988	273020
a00018989	273021
a00018990	273022
a00018991	273023
a00018992	273024
a00018993	273025
a00018994	273026
a00018995	273027
a00018996	273028
a00018997	273029
a00018998	273030
a00018999	273031
a00019000	273032
a00019001	273033
a00019002	273034
a00019003	273035
a00019004	273036
a00019005	273037
a00019006	273038
a00019007	273039
a00019008	273040
a00019009	273041
a00019010	273042
a00019011	273043
a00019012	273044
a00019013	273045
a00019014	273046
a00019015	273047
a00019016	273048
a00019017	273049
a00019018	273050
a00019019	273051
a00019020	273052
a00019021	273053
a00019022	273054
a00019023	273055
a00019024	273056
a00019025	273057
a00019026	273058
a00019027	273059
a00019028	273060
a00019029	273061
a00019030	273062
a00019031	273063
a00019032	273064
a00019033	273065
a00019034	273066
a00019035	273067
a00019036	273068
a00019037	273069
a00019038	273070
a00019039	273071
a00019040	273072
a00019041	273073
a00019042	273074
a00019043	273075
a00019044	273076
a00019045	273077
a00019046	273078
a00019047	273079
a00019048	273080
a00019049	273081
a00019050	273082
a00019051	273083
a00019052	273084
a00019053	273085
a00019054	273086
a00019055	273087
a00019056	273088
a00019057	273089
a00019058	273090
a00019059	273091
a00019060	273092
a00019061	273093
a00019062	273094
a00019063	273095
a00019064	273096
a00019065	273097
a00019066	273098
a00019067	273099
a00019068	273100
a00019069	273101
a00019070	273102
a00019071	273103
a00019072	273104
a00019073	273105
a00019074	273106
a00019075	273107
a00019076	273108
a00019077	273109
a00019078	273110
a00019079	273111
a00019080	273112
a00019081	273113
a00019082	273114
a00019083	273115
a00019084	273116
a00019085	273117
a00019086	273118
a00019087	273119
a00019088	273120
a00019089	273121
a00019090	273122
a00019091	273123
a00019092	273124
a00019093	273125
a00019094	273126
a00019095	273127
a00019096	273128
a00019097	273129
a00019098	273130
a00019099	273131
a00019100	273132
a00019101	273133
a00019102	273134
a00019103	273135
a00019104	273136
a00019105	273137
a00019106	273138
a00019107	273139
a00019108	273140
a00019109	273141
a00019110	273142
a00019111	273143
a00019112	273144
a00019113	273145
a00019114	273146
a00019115	273147
a00019116	273148
a00019117	273149
a00019118	273150
a00019119	273151
a00019120	273152
a00019121	273153
a00019122	273154
a00019123	273155
a00019124	273156
a00019125	273157
a00019126	273158
a00019127	273159
a00019128	273160
a00019129	273161
a00019130	273162
a00019131	273163
a00019132	273164
a00019133	273165
a00019134	273166
a00019135	273167
a00019136	273168
a00019137	273169
a00019138	273170
a00019139	273171
a00019140	273172
a00019141	273173
a00019142	273174
a00019143	273175
a00019144	273176
a00019145	273177
a00019146	273178
a00019147	273179
a00019148	273180
a00019149	273181
a00019150	273182
a00019151	273183
a00019152	273184
a00019153	273185
a00019154	273186
a00019155	273187
a00019156	273188
a00019157	273189
a00019158	273190
a00019159	273191
a00019160	273192
a00019161	273193
a00019162	273194
a00019163	273195
a00019164	273196
a00019165	273197
a00019166	273198
a00019167	273199
a00019168	273200
a00019169	273201
a00019170	273202
a00019171	273203
a00019172	273204
a00019173	273205
a00019174	273206
a00019175	273207
a00019176	273208
a00019177	273209
a00019178	273210
a00019179	273211
a00019180	273212
a00019181	273213
a00019182	273214
a00019183	273215
a00019184	273216
a00019185	273217
a00019186	273218
a00019187	273219
a00019188	273220
a00019189	273221
a00019190	273222
a00019191	273223
a00019192	273224
a00019193	273225
a00019194	273226
a00019195	273227
a00019196	273228
a00019197	273229
a00019198	273230
a00019199	273231
a00019200	273232
a00019201	273233
a00019202	273234
a00019203	273235
a00019204	273236
a00019205	273237
a00019206	273238
a00019207	273239
a00019208	273240
a00019209	273241
a00019210	273242
a00019211	273243
a00019212	273244
a00019213	273245
a00019214	273246
a00019215	273247
a00019216	273248
a00019217	273249
a00019218	273250
a00019219	273251
a00019220	273252
a00019221	273253
a00019222	273254
a00019223	273255
a00019224	273256
a00019225	273257
a00019226	273258
a00019227	273259
a00019228	273260
a00019229	273261
a00019230	273262
a00019231	273263
a00019232	273264
a00019233	273265
a00019234	273266
a00019235	273267
a00019236	273268
a00019237	273269
a00019238	273270
a00019239	273271
a00019240	273272
a00019241	273273
a00019242	273274
a00019243	273275
a00019244	273276
a00019245	273277
a00019246	273278
a00019247	273279
a00019248	273280
a00019249	273281
a00019250	273282
a00019251	273283
a00019252	273284
a00019253	273285
a00019254	273286
a00019255	273287
a00019256	273288
a00019257	273289
a00019258	273290
a00019259	273291
a00019260	273292
a00019261	273293
a00019262	273294
a00019263	273295
a00019264	273296
a00019265	273297
a00019266	273298
a00019267	273299
a00019268	273300
a00019269	273301
a00019270	273302
a00019271	273303
a00019272	273304
a00019273	273305
a00019274	273306
a00019275	273307
a00019276	273308
a00019277	273309
a00019278	273310
a00019279	273311
a00019280	273312
a00019281	273313
a00019282	273314
a00019283	273315
a00019284	273316
a00019285	273317
a00019286	273318
a00019287	273319
a00019288	273320
a00019289	273321
a00019290	273322
a00019291	273323
a00019292	273324
a00019293	273325
a00019294	273326
a00019295	273327
a00019296	273328
a00019297	273329
a00019298	273330
a00019299	273331
a00019300	273332
a00019301	273333
a00019302	273334
a00019303	273335
a00019304	273336
a00019305	273337
a00019306	273338
a00019307	273339
a00019308	273340
a00019309	273341
a00019310	273342
a00019311	273343
a00019312	273344
a00019313	273345
a00019314	273346
a00019315	273347
a00019316	273348
a00019317	273349
a00019318	273350
a00019319	273351
a00019320	273352
a00019321	273353
a00019322	273354
a00019323	273355
a00019324	273356
a00019325	273357
a00019326	273358
a00019327	273359
a00019328	273360
a00019329	273361
a00019330	273362
a00019331	273363
a00019332	273364
a00019333	273365
a00019334	273366
a00019335	273367
a00019336	273368
a00019337	273369
a00019338	273370
a00019339	273371
a00019340	273372
a00019341	273373
a00019342	273374
a00019343	273375
a00019344	273376
a00019345	273377
a00019346	273378
a00019347	273379
a00019348	273380
a00019349	273381
a00019350	273382
a00019351	273383
a00019352	273384
a00019353	273385
a00019354	273386
a00019355	273387
a00019356	273388
a00019357	273389
a00019358	273390
a00019359	273391
a00019360	273392
a00019361	273393
a00019362	273394
a00019363	273395
a00019364	273396
a00019365	273397
a00019366	273398
a00019367	273399
a00019368	273400
a00019369	273401
a00019370	273402
a00019371	273403
a00019372	273404
a00019373	273405
a00019374	273406
a00019375	273407
a00019376	273408
a00019377	273409
a00019378	273410
a00019379	273411
a00019380	273412
a00019381	273413
a00019382	273414
a00019383	273415
a00019384	273416
a00019385	273417
a00019386	273418
a00019387	273419
a00019388	273420
a00019389	273421
a00019390	273422
a00019391	273423
a00019392	273424
a00019393	273425
a00019394	273426
a00019395	273427
a00019396	273428
a00019397	273429
a00019398	273430
a00019399	273431
a00019400	273432
a00019401	273433
a00019402	273434
a00019403	273435
a00019404	273436
a00019405	273437
a00019406	273438
a00019407	273439
a00019408	273440
a00019409	273441
a00019410	273442
a00019411	273443
a00019412	273444
a00019413	273445
a00019414	273446
a00019415	273447
a00019416	273448
a00019417	273449
a00019418	273450
a00019419	273451
a00019420	273452
a00019421	273453
a00019422	273454
a00019423	273455
a00019424	273456
a00019425	273457
a00019426	273458
a00019427	273459
a00019428	273460
a00019429	273461
a00019430	273462
a00019431	273463
a00019432	273464
a00019433	273465
a00019434	273466
a00019435	273467
a00019436	273468
a00019437	273469
a00019438	273470
a00019439	273471
a00019440	273472
a00019441	273473
a00019442	273474
a00019443	273475
a00019444	273476
a00019445	273477
a00019446	273478
a00019447	273479
a00019448	273480
a00019449	273481
a00019450	273482
a00019451	273483
a00019452	273484
a00019453	273485
a00019454	273486
a00019455	273487
a00019456	273488
a00019457	273489
a00019458	273490
a00019459	273491
a00019460	273492
a00019461	273493
a00019462	273494
a00019463	273495
a00019464	273496
a00019465	273497
a00019466	273498
a00019467	273499
a00019468	273500
a00019469	273501
a00019470	273502
a00019471	273503
a00019472	273504
a00019473	273505
a00019474	273506
a00019475	273507
a00019476	273508
a00019477	273509
a00019478	273510
a00019479	273511
a00019480	273512
a00019481	273513
a00019482	273514
a00019483	273515
a00019484	273516
a00019485	273517
a00019486	273518
a00019487	273519
a00019488	273520
a00019489	273521
a00019490	273522
a00019491	273523
a00019492	273524
a00019493	273525
a00019494	273526
a00019495	273527
a00019496	273528
a00019497	273529
a00019498	273530
a00019499	273531
a00019500	273532
a00019501	273533
a00019502	273534
a00019503	273535
a00019504	273536
a00019505	273537
a00019506	273538
a00019507	273539
a00019508	273540
a00019509	273541
a00019510	273542
a00019511	273543
a00019512	273544
a00019513	273545
a00019514	273546
a00019515	273547
a00019516	273548
a00019517	273549
a00019518	273550
a00019519	273551
a00019520	273552
a00019521	273553
a00019522	273554
a00019523	273555
a00019524	273556
a00019525	273557
a00019526	273558
a00019527	273559
a00019528	273560
a00019529	273561
a00019530	273562
a00019531	273563
a00019532	273564
a00019533	273565
a00019534	273566
a00019535	273567
a00019536	273568
a00019537	273569
a00019538	273570
a00019539	273571
a00019540	273572
a00019541	273573
a00019542	273574
a00019543	273575
a00019544	273576
a00019545	273577
a00019546	273578
a00019547	273579
a00019548	273580
a00019549	273581
a00019550	273582
a00019551	273583
a00019552	273584
a00019553	273585
a00019554	273586
a00019555	273587
a00019556	273588
a00019557	273589
a00019558	273590
a00019559	273591
a00019560	273592
a00019561	273593
a00019562	273594
a00019563	273595
a00019564	273596
a00019565	273597
a00019566	273598
a00019567	273599
a00019568	273600
a00019569	273601
a00019570	273602
a00019571	273603
a00019572	273604
a00019573	273605
a00019574	273606
a00019575	273607
a00019576	273608
a00019577	273609
a00019578	273610
a00019579	273611
a00019580	273612
a00019581	273613
a00019582	273614
a00019583	273615
a00019584	273616
a00019585	273617
a00019586	273618
a00019587	273619
a00019588	273620
a00019589	273621
a00019590	273622
a00019591	273623
a00019592	273624
a00019593	273625
a00019594	273626
a00019595	273627
a00019596	273628
a00019597	273629
a00019598	273630
a00019599	273631
a00019600	273632
a00019601	273633
a00019602	273634
a00019603	273635
a00019604	273636
a00019605	273637
a00019606	273638
a00019607	273639
a00019608	273640
a00019609	273641
a00019610	273642
a00019611	273643
a00019612	273644
a00019613	273645
a00019614	273646
a00019615	273647
a00019616	273648
a00019617	273649
a00019618	273650
a00019619	273651
a00019620	273652
a00019621	273653
a00019622	273654
a00019623	273655
a00019624	273656
a00019625	273657
a00019626	273658
a00019627	273659
a00019628	273660
a00019629	273661
a00019630	273662
a00019631	273663
a00019632	273664
a00019633	273665
a00019634	273666
a00019635	273667
a00019636	273668
a00019637	273669
a00019638	273670
a00019639	273671
a00019640	273672
a00019641	273673
a00019642	273674
a00019643	273675
a00019644	273676
a00019645	273677
a00019646	273678
a00019647	273679
a00019648	273680
a00019649	273681
a00019650	273682
a00019651	273683
a00019652	273684
a00019653	273685
a00019654	273686
a00019655	273687
a00019656	273688
a00019657	273689
a00019658	273690
a00019659	273691
a00019660	273692
a00019661	273693
a00019662	273694
a00019663	273695
a00019664	273696
a00019665	273697
a00019666	273698
a00019667	273699
a00019668	273700
a00019669	273701
a00019670	273702
a00019671	273703
a00019672	273704
a00019673	273705
a00019674	273706
a00019675	273707
a00019676	273708
a00019677	273709
a00019678	273710
a00019679	273711
a00019680	273712
a00019681	273713
a00019682	273714
a00019683	273715
a00019684	273716
a00019685	273717
a00019686	273718
a00019687	273719
a00019688	273720
a00019689	273721
a00019690	273722
a00019691	273723
a00019692	273724
a00019693	273725
a00019694	273726
a00019695	273727
a00019696	273728
a00019697	273729
a00019698	273730
a00019699	273731
a00019700	273732
a00019701	273733
a00019702	273734
a00019703	273735
a00019704	273736
a00019705	273737
a00019706	273738
a00019707	273739
a00019708	273740
a00019709	273741
a00019710	273742
a00019711	273743
a00019712	273744
a00019713	273745
a00019714	273746
a00019715	273747
a00019716	273748
a00019717	273749
a00019718	273750
a00019719	273751
a00019720	273752
a00019721	273753
a00019722	273754
a00019723	273755
a00019724	273756
a00019725	273757
a00019726	273758
a00019727	273759
a00019728	273760
a00019729	273761
a00019730	273762
a00019731	273763
a00019732	273764
a00019733	273765
a00019734	273766
a00019735	273767
a00019736	273768
a00019737	273769
a00019738	273770
a00019739	273771
a00019740	273772
a00019741	273773
a00019742	273774
a00019743	273775
a00019744	273776
a00019745	273777
a00019746	273778
a00019747	273779
a00019748	273780
a00019749	273781
a00019750	273782
a00019751	273783
a00019752	273784
a00019753	273785
a00019754	273786
a00019755	273787
a00019756	273788
a00019757	273789
a00019758	273790
a00019759	273791
a00019760	273792
a00019761	273793
a00019762	273794
a00019763	273795
a00019764	273796
a00019765	273797
a00019766	273798
a00019767	273799
a00019768	273800
a00019769	273801
a00019770	273802
a00019771	273803
a00019772	273804
a00019773	273805
a00019774	273806
a00019775	273807
a00019776	273808
a00019777	273809
a00019778	273810
a00019779	273811
a00019780	273812
a00019781	273813
a00019782	273814
a00019783	273815
a00019784	273816
a00019785	273817
a00019786	273818
a00019787	273819
a00019788	273820
a00019789	273821
a00019790	273822
a00019791	273823
a00019792	273824
a00019793	273825
a00019794	273826
a00019795	273827
a00019796	273828
a00019797	273829
a00019798	273830
a00019799	273831
a00019800	273832
a00019801	273833
a00019802	273834
a00019803	273835
a00019804	273836
a00019805	273837
a00019806	273838
a00019807	273839
a00019808	273840
a00019809	273841
a00019810	273842
a00019811	273843
a00019812	273844
a00019813	273845
a00019814	273846
a00019815	273847
a00019816	273848
a00019817	273849
a00019818	273850
a00019819	273851
a00019820	273852
a00019821	273853
a00019822	273854
a00019823	273855
a00019824	273856
a00019825	273857
a00019826	273858
a00019827	273859
a00019828	273860
a00019829	273861
a00019830	273862
a00019831	273863
a00019832	273864
a00019833	273865
a00019834	273866
a00019835	273867
a00019836	273868
a00019837	273869
a00019838	273870
a00019839	273871
a00019840	273872
a00019841	273873
a00019842	273874
a00019843	273875
a00019844	273876
a00019845	273877
a00019846	273878
a00019847	273879
a00019848	273880
a00019849	273881
a00019850	273882
a00019851	273883
a00019852	273884
a00019853	273885
a00019854	273886
a00019855	273887
a00019856	273888
a00019857	273889
a00019858	273890
a00019859	273891
a00019860	273892
a00019861	273893
a00019862	273894
a00019863	273895
a00019864	273896
a00019865	273897
a00019866	273898
a00019867	273899
a00019868	273900
a00019869	273901
a00019870	273902
a00019871	273903
a00019872	273904
a00019873	273905
a00019874	273906
a00019875	273907
a00019876	273908
a00019877	273909
a00019878	273910
a00019879	273911
a00019880	273912
a00019881	273913
a00019882	273914
a00019883	273915
a00019884	273916
a00019885	273917
a00019886	273918
a00019887	273919
a00019888	273920
a00019889	273921
a00019890	273922
a00019891	273923
a00019892	273924
a00019893	273925
a00019894	273926
a00019895	273927
a00019896	273928
a00019897	273929
a00019898	273930
a00019899	273931
a00019900	273932
a00019901	273933
a00019902	273934
a00019903	273935
a00019904	273936
a00019905	273937
a00019906	273938
a00019907	273939
a00019908	273940
a00019909	273941
a00019910	273942
a00019911	273943
a00019912	273944
a00019913	273945
a00019914	273946
a00019915	273947
a00019916	273948
a00019917	273949
a00019918	273950
a00019919	273951
a00019920	273952
a00019921	273953
a00019922	273954
a00019923	273955
a00019924	273956
a00019925	273957
a00019926	273958
a00019927	273959
a00019928	273960
a00019929	273961
a00019930	273962
a00019931	273963
a00019932	273964
a00019933	273965
a00019934	273966
a00019935	273967
a00019936	273968
a00019937	273969
a00019938	273970
a00019939	273971
a00019940	273972
a00019941	273973
a00019942	273974
a00019943	273975
a00019944	273976
a00019945	273977
a00019946	273978
a00019947	273979
a00019948	273980
a00019949	273981
a00019950	273982
a00019951	273983
a00019952	273984
a00019953	273985
a00019954	273986
a00019955	273987
a00019956	273988
a00019957	273989
a00019958	273990
a00019959	273991
a00019960	273992
a00019961	273993
a00019962	273994
a00019963	273995
a00019964	273996
a00019965	273997
a00019966	273998
a00019967	273999
a00019968	274000
a00019969	274001
a00019970	274002
a00019971	274003
a00019972	274004
a00019973	274005
a00019974	274006
a00019975	274007
a00019976	274008
a00019977	274009
a00019978	274010
a00019979	274011
a00019980	274012
a00019981	274013
a00019982	274014
a00019983	274015
a00019984	274016
a00019985	274017
a00019986	274018
a00019987	274019
a00019988	274020
a00019989	274021
a00019990	274022
a00019991	274023
a00019992	274024
a00019993	274025
a00019994	274026
a00019995	274027
a00019996	274028
a00019997	274029
a00019998	274030
a00019999	274031
a00020000	274032
a00020001	274033
a00020002	274034
a00020003	274035
a00020004	274036
a00020005	274037
a00020006	274038
a00020007	274039
a00020008	274040
a00020009	274041
a00020010	274042
a00020011	274043
a00020012	274044
a00020013	274045
a00020014	274046
a00020015	274047
a00020016	274048
a00020017	274049
a00020018	274050
a00020019	274051
a00020020	274052
a00020021	274053
a00020022	274054
a00020023	274055
a00020024	274056
a00020025	274057
a00020026	274058
a00020027	274059
a00020028	274060
a00020029	274061
a00020030	274062
a00020031	274063
a00020032	274064
a00020033	274065
a00020034	274066
a00020035	274067
a00020036	274068
a00020037	274069
a00020038	274070
a00020039	274071
a00020040	274072
a00020041	274073
a00020042	274074
a00020043	274075
a00020044	274076
a00020045	274077
a00020046	274078
a00020047	274079
a00020048	274080
a00020049	274081
a00020050	274082
a00020051	274083
a00020052	274084
a00020053	274085
a00020054	274086
a00020055	274087
a00020056	274088
a00020057	274089
a00020058	274090
a00020059	274091
a00020060	274092
a00020061	274093
a00020062	274094
a00020063	274095
a00020064	274096
a00020065	274097
a00020066	274098
a00020067	274099
a00020068	274100
a00020069	274101
a00020070	274102
a00020071	274103
a00020072	274104
a00020073	274105
a00020074	274106
a00020075	274107
a00020076	274108
a00020077	274109
a00020078	274110
a00020079	274111
a00020080	274112
a00020081	274113
a00020082	274114
a00020083	274115
a00020084	274116
a00020085	274117
a00020086	274118
a00020087	274119
a00020088	274120
a00020089	274121
a00020090	274122
a00020091	274123
a00020092	274124
a00020093	274125
a00020094	274126
a00020095	274127
a00020096	274128
a00020097	274129
a00020098	274130
a00020099	274131
a00020100	274132
a00020101	274133
a00020102	274134
a00020103	274135
a00020104	274136
a00020105	274137
a00020106	274138
a00020107	274139
a00020108	274140
a00020109	274141
a00020110	274142
a00020111	274143
a00020112	274144
a00020113	274145
a00020114	274146
a00020115	274147
a00020116	274148
a00020117	274149
a00020118	274150
a00020119	274151
a00020120	274152
a00020121	274153
a00020122	274154
a00020123	274155
a00020124	274156
a00020125	274157
a00020126	274158
a00020127	274159
a00020128	274160
a00020129	274161
a00020130	274162
a00020131	274163
a00020132	274164
a00020133	274165
a00020134	274166
a00020135	274167
a00020136	274168
a00020137	274169
a00020138	274170
a00020139	274171
a00020140	274172
a00020141	274173
a00020142	274174
a00020143	274175
a00020144	274176
a00020145	274177
a00020146	274178
a00020147	274179
a00020148	274180
a00020149	274181
a00020150	274182
a00020151	274183
a00020152	274184
a00020153	274185
a00020154	274186
a00020155	274187
a00020156	274188
a00020157	274189
a00020158	274190
a00020159	274191
a00020160	274192
a00020161	274193
a00020162	274194
a00020163	274195
a00020164	274196
a00020165	274197
a00020166	274198
a00020167	274199
a00020168	274200
a00020169	274201
a00020170	274202
a00020171	274203
a00020172	274204
a00020173	274205
a00020174	274206
a00020175	274207
a00020176	274208
a00020177	274209
a00020178	274210
a00020179	274211
a00020180	274212
a00020181	274213
a00020182	274214
a00020183	274215
a00020184	274216
a00020185	274217
a00020186	274218
a00020187	274219
a00020188	274220
a00020189	274221
a00020190	274222
a00020191	274223
a00020192	274224
a00020193	274225
a00020194	274226
a00020195	274227
a00020196	274228
a00020197	274229
a00020198	274230
a00020199	274231
a00020200	274232
a00020201	274233
a00020202	274234
a00020203	274235
a00020204	274236
a00020205	274237
a00020206	274238
a00020207	274239
a00020208	274240
a00020209	274241
a00020210	274242
a00020211	274243
a00020212	274244
a00020213	274245
a00020214	274246
a00020215	274247
a00020216	274248
a00020217	274249
a00020218	274250
a00020219	274251
a00020220	274252
a00020221	274253
a00020222	274254
a00020223	274255
a00020224	274256
a00020225	274257
a00020226	274258
a00020227	274259
a00020228	274260
a00020229	274261
a00020230	274262
a00020231	274263
a00020232	274264
a00020233	274265
a00020234	274266
a00020235	274267
a00020236	274268
a00020237	274269
a00020238	274270
a00020239	274271
a00020240	274272
a00020241	274273
a00020242	274274
a00020243	274275
a00020244	274276
a00020245	274277
a00020246	274278
a00020247	274279
a00020248	274280
a00020249	274281
a00020250	274282
a00020251	274283
a00020252	274284
a00020253	274285
a00020254	274286
a00020255	274287
a00020256	274288
a00020257	274289
a00020258	274290
a00020259	274291
a00020260	274292
a00020261	274293
a00020262	274294
a00020263	274295
a00020264	274296
a00020265	274297
a00020266	274298
a00020267	274299
a00020268	274300
a00020269	274301
a00020270	274302
a00020271	274303
a00020272	274304
a00020273	274305
a00020274	274306
a00020275	274307
a00020276	274308
a00020277	274309
a00020278	274310
a00020279	274311
a00020280	274312
a00020281	274313
a00020282	274314
a00020283	274315
a00020284	274316
a00020285	274317
a00020286	274318
a00020287	274319
a00020288	274320
a00020289	274321
a00020290	274322
a00020291	274323
a00020292	274324
a00020293	274325
a00020294	274326
a00020295	274327
a00020296	274328
a00020297	274329
a00020298	274330
a00020299	274331
a00020300	274332
a00020301	274333
a00020302	274334
a00020303	274335
a00020304	274336
a00020305	274337
a00020306	274338
a00020307	274339
a00020308	274340
a00020309	274341
a00020310	274342
a00020311	274343
a00020312	274344
a00020313	274345
a00020314	274346
a00020315	274347
a00020316	274348
a00020317	274349
a00020318	274350
a00020319	274351
a00020320	274352
a00020321	274353
a00020322	274354
a00020323	274355
a00020324	274356
a00020325	274357
a00020326	274358
a00020327	274359
a00020328	274360
a00020329	274361
a00020330	274362
a00020331	274363
a00020332	274364
a00020333	274365
a00020334	274366
a00020335	274367
a00020336	274368
a00020337	274369
a00020338	274370
a00020339	274371
a00020340	274372
a00020341	274373
a00020342	274374
a00020343	274375
a00020344	274376
a00020345	274377
a00020346	274378
a00020347	274379
a00020348	274380
a00020349	274381
a00020350	274382
a00020351	274383
a00020352	274384
a00020353	274385
a00020354	274386
a00020355	274387
a00020356	274388
a00020357	274389
a00020358	274390
a00020359	274391
a00020360	274392
a00020361	274393
a00020362	274394
a00020363	274395
a00020364	274396
a00020365	274397
a00020366	274398
a00020367	274399
a00020368	274400
a00020369	274401
a00020370	274402
a00020371	274403
a00020372	274404
a00020373	274405
a00020374	274406
a00020375	274407
a00020376	274408
a00020377	274409
a00020378	274410
a00020379	274411
a00020380	274412
a00020381	274413
a00020382	274414
a00020383	274415
a00020384	274416
a00020385	274417
a00020386	274418
a00020387	274419
a00020388	274420
a00020389	274421
a00020390	274422
a00020391	274423
a00020392	274424
a00020393	274425
a00020394	274426
a00020395	274427
a00020396	274428
a00020397	274429
a00020398	274430
a00020399	274431
a00020400	274432
a00020401	274433
a00020402	274434
a00020403	274435
a00020404	274436
a00020405	274437
a00020406	274438
a00020407	274439
a00020408	274440
a00020409	274441
a00020410	274442
a00020411	274443
a00020412	274444
a00020413	274445
a00020414	274446
a00020415	274447
a00020416	274448
a00020417	274449
a00020418	274450
a00020419	274451
a00020420	274452
a00020421	274453
a00020422	274454
a00020423	274455
a00020424	274456
a00020425	274457
a00020426	274458
a00020427	274459
a00020428	274460
a00020429	274461
a00020430	274462
a00020431	274463
a00020432	274464
a00020433	274465
a00020434	274466
a00020435	274467
a00020436	274468
a00020437	274469
a00020438	274470
a00020439	274471
a00020440	274472
a00020441	274473
a00020442	274474
a00020443	274475
a00020444	274476
a00020445	274477
a00020446	274478
a00020447	274479
a00020448	274480
a00020449	274481
a00020450	274482
a00020451	274483
a00020452	274484
a00020453	274485
a00020454	274486
a00020455	274487
a00020456	274488
a00020457	274489
a00020458	274490
a00020459	274491
a00020460	274492
a00020461	274493
a00020462	274494
a00020463	274495
a00020464	274496
a00020465	274497
a00020466	274498
a00020467	274499
a00020468	274500
a00020469	274501
a00020470	274502
a00020471	274503
a00020472	274504
a00020473	274505
a00020474	274506
a00020475	274507
a00020476	274508
a00020477	274509
a00020478	274510
a00020479	274511
a00020480	274512
a00020481	274513
a00020482	274514
a00020483	274515
a00020484	274516
a00020485	274517
a00020486	274518
a00020487	274519
a00020488	274520
a00020489	274521
a00020490	274522
a00020491	274523
a00020492	274524
a00020493	274525
a00020494	274526
a00020495	274527
a00020496	274528
a00020497	274529
a00020498	274530
a00020499	274531
a00020500	274532
a00020501	274533
a00020502	274534
a00020503	274535
a00020504	274536
a00020505	274537
a00020506	274538
a00020507	274539
a00020508	274540
a00020509	274541
a00020510	274542
a00020511	274543
a00020512	274544
a00020513	274545
a00020514	274546
a00020515	274547
a00020516	274548
a00020517	274549
a00020518	274550
a00020519	274551
a00020520	274552
a00020521	274553
a00020522	274554
a00020523	274555
a00020524	274556
a00020525	274557
a00020526	274558
a00020527	274559
a00020528	274560
a00020529	274561
a00020530	274562
a00020531	274563
a00020532	274564
a00020533	274565
a00020534	274566
a00020535	274567
a00020536	274568
a00020537	274569
a00020538	274570
a00020539	274571
a00020540	274572
a00020541	274573
a00020542	274574
a00020543	274575
a00020544	274576
a00020545	274577
a00020546	274578
a00020547	274579
a00020548	274580
a00020549	274581
a00020550	274582
a00020551	274583
a00020552	274584
a00020553	274585
a00020554	274586
a00020555	274587
a00020556	274588
a00020557	274589
a00020558	274590
a00020559	274591
a00020560	274592
a00020561	274593
a00020562	274594
a00020563	274595
a00020564	274596
a00020565	274597
a00020566	274598
a00020567	274599
a00020568	274600
a00020569	274601
a00020570	274602
a00020571	274603
a00020572	274604
a00020573	274605
a00020574	274606
a00020575	274607
a00020576	274608
a00020577	274609
a00020578	274610
a00020579	274611
a00020580	274612
a00020581	274613
a00020582	274614
a00020583	274615
a00020584	274616
a00020585	274617
a00020586	274618
a00020587	274619
a00020588	274620
a00020589	274621
a00020590	274622
a00020591	274623
a00020592	274624
a00020593	274625
a00020594	274626
a00020595	274627
a00020596	274628
a00020597	274629
a00020598	274630
a00020599	274631
a00020600	274632
a00020601	274633
a00020602	274634
a00020603	274635
a00020604	274636
a00020605	274637
a00020606	274638
a00020607	274639
a00020608	274640
a00020609	274641
a00020610	274642
a00020611	274643
a00020612	274644
a00020613	274645
a00020614	274646
a00020615	274647
a00020616	274648
a00020617	274649
a00020618	274650
a00020619	274651
a00020620	274652
a00020621	274653
a00020622	274654
a00020623	274655
a00020624	274656
a00020625	274657
a00020626	274658
a00020627	274659
a00020628	274660
a00020629	274661
a00020630	274662
a00020631	274663
a00020632	274664
a00020633	274665
a00020634	274666
a00020635	274667
a00020636	274668
a00020637	274669
a00020638	274670
a00020639	274671
a00020640	274672
a00020641	274673
a00020642	274674
a00020643	274675
a00020644	274676
a00020645	274677
a00020646	274678
a00020647	274679
a00020648	274680
a00020649	274681
a00020650	274682
a00020651	274683
a00020652	274684
a00020653	274685
a00020654	274686
a00020655	274687
a00020656	274688
a00020657	274689
a00020658	274690
a00020659	274691
a00020660	274692
a00020661	274693
a00020662	274694
a00020663	274695
a00020664	274696
a00020665	274697
a00020666	274698
a00020667	274699
a00020668	274700
a00020669	274701
a00020670	274702
a00020671	274703
a00020672	274704
a00020673	274705
a00020674	274706
a00020675	274707
a00020676	274708
a00020677	274709
a00020678	274710
a00020679	274711
a00020680	274712
a00020681	274713
a00020682	274714
a00020683	274715
a00020684	274716
a00020685	274717
a00020686	274718
a00020687	274719
a00020688	274720
a00020689	274721
a00020690	274722
a00020691	274723
a00020692	274724
a00020693	274725
a00020694	274726
a00020695	274727
a00020696	274728
a00020697	274729
a00020698	274730
a00020699	274731
a00020700	274732
a00020701	274733
a00020702	274734
a00020703	274735
a00020704	274736
a00020705	274737
a00020706	274738
a00020707	274739
a00020708	274740
a00020709	274741
a00020710	274742
a00020711	274743
a00020712	274744
a00020713	274745
a00020714	274746
a00020715	274747
a00020716	274748
a00020717	274749
a00020718	274750
a00020719	274751
a00020720	274752
a00020721	274753
a00020722	274754
a00020723	274755
a00020724	274756
a00020725	274757
a00020726	274758
a00020727	274759
a00020728	274760
a00020729	274761
a00020730	274762
a00020731	274763
a00020732	274764
a00020733	274765
a00020734	274766
a00020735	274767
a00020736	274768
a00020737	274769
a00020738	274770
a00020739	274771
a00020740	274772
a00020741	274773
a00020742	274774
a00020743	274775
a00020744	274776
a00020745	274777
a00020746	274778
a00020747	274779
a00020748	274780
a00020749	274781
a00020750	274782
a00020751	274783
a00020752	274784
a00020753	274785
a00020754	274786
a00020755	274787
a00020756	274788
a00020757	274789
a00020758	274790
a00020759	274791
a00020760	274792
a00020761	274793
a00020762	274794
a00020763	274795
a00020764	274796
a00020765	274797
a00020766	274798
a00020767	274799
a00020768	274800
a00020769	274801
a00020770	274802
a00020771	274803
a00020772	274804
a00020773	274805
a00020774	274806
a00020775	274807
a00020776	274808
a00020777	274809
a00020778	274810
a00020779	274811
a00020780	274812
a00020781	274813
a00020782	274814
a00020783	274815
a00020784	274816
a00020785	274817
a00020786	274818
a00020787	274819
a00020788	274820
a00020789	274821
a00020790	274822
a00020791	274823
a00020792	274824
a00020793	274825
a00020794	274826
a00020795	274827
a00020796	274828
a00020797	274829
a00020798	274830
a00020799	274831
a00020800	274832
a00020801	274833
a00020802	274834
a00020803	274835
a00020804	274836
a00020805	274837
a00020806	274838
a00020807	274839
a00020808	274840
a00020809	274841
a00020810	274842
a00020811	274843
a00020812	274844
a00020813	274845
a00020814	274846
a00020815	274847
a00020816	274848
a00020817	274849
a00020818	274850
a00020819	274851
a00020820	274852
a00020821	274853
a00020822	274854
a00020823	274855
a00020824	274856
a00020825	274857
a00020826	274858
a00020827	274859
a00020828	274860
a00020829	274861
a00020830	274862
a00020831	274863
a00020832	274864
a00020833	274865
a00020834	274866
a00020835	274867
a00020836	274868
a00020837	274869
a00020838	274870
a00020839	274871
a00020840	274872
a00020841	274873
a00020842	274874
a00020843	274875
a00020844	274876
a00020845	274877
a00020846	274878
a00020847	274879
a00020848	274880
a00020849	274881
a00020850	274882
a00020851	274883
a00020852	274884
a00020853	274885
a00020854	274886
a00020855	274887
a00020856	274888
a00020857	274889
a00020858	274890
a00020859	274891
a00020860	274892
a00020861	274893
a00020862	274894
a00020863	274895
a00020864	274896
a00020865	274897
a00020866	274898
a00020867	274899
a00020868	274900
a00020869	274901
a00020870	274902
a00020871	274903
a00020872	274904
a00020873	274905
a00020874	274906
a00020875	274907
a00020876	274908
a00020877	274909
a00020878	274910
a00020879	274911
a00020880	274912
a00020881	274913
a00020882	274914
a00020883	274915
a00020884	274916
a00020885	274917
a00020886	274918
a00020887	274919
a00020888	274920
a00020889	274921
a00020890	274922
a00020891	274923
a00020892	274924
a00020893	274925
a00020894	274926
a00020895	274927
a00020896	274928
a00020897	274929
a00020898	274930
a00020899	274931
a00020900	274932
a00020901	274933
a00020902	274934
a00020903	274935
a00020904	274936
a00020905	274937
a00020906	274938
a00020907	274939
a00020908	274940
a00020909	274941
a00020910	274942
a00020911	274943
a00020912	274944
a00020913	274945
a00020914	274946
a00020915	274947
a00020916	274948
a00020917	274949
a00020918	274950
a00020919	274951
a00020920	274952
a00020921	274953
a00020922	274954
a00020923	274955
a00020924	274956
a00020925	274957
a00020926	274958
a00020927	274959
a00020928	274960
a00020929	274961
a00020930	274962
a00020931	274963
a00020932	274964
a00020933	274965
a00020934	274966
a00020935	274967
a00020936	274968
a00020937	274969
a00020938	274970
a00020939	274971
a00020940	274972
a00020941	274973
a00020942	274974
a00020943	274975
a00020944	274976
a00020945	274977
a00020946	274978
a00020947	274979
a00020948	274980
a00020949	274981
a00020950	274982
a00020951	274983
a00020952	274984
a00020953	274985
a00020954	274986
a00020955	274987
a00020956	274988
a00020957	274989
a00020958	274990
a00020959	274991
a00020960	274992
a00020961	274993
a00020962	274994
a00020963	274995
a00020964	274996
a00020965	274997
a00020966	274998
a00020967	274999
a00020968	275000
a00020969	275001
a00020970	275002
a00020971	275003
a00020972	275004
a00020973	275005
a00020974	275006
a00020975	275007
a00020976	275008
a00020977	275009
a00020978	275010
a00020979	275011
a00020980	275012
a00020981	275013
a00020982	275014
a00020983	275015
a00020984	275016
a00020985	275017
a00020986	275018
a00020987	275019
a00020988	275020
a00020989	275021
a00020990	275022
a00020991	275023
a00020992	275024
a00020993	275025
a00020994	275026
a00020995	275027
a00020996	275028
a00020997	275029
a00020998	275030
a00020999	275031
a00021000	275032
a00021001	275033
a00021002	275034
a00021003	275035
a00021004	275036
a00021005	275037
a00021006	275038
a00021007	275039
a00021008	275040
a00021009	275041
a00021010	275042
a00021011	275043
a00021012	275044
a00021013	275045
a00021014	275046
a00021015	275047
a00021016	275048
a00021017	275049
a00021018	275050
a00021019	275051
a00021020	275052
a00021021	275053
a00021022	275054
a00021023	275055
a00021024	275056
a00021025	275057
a00021026	275058
a00021027	275059
a00021028	275060
a00021029	275061
a00021030	275062
a00021031	275063
a00021032	275064
a00021033	275065
a00021034	275066
a00021035	275067
a00021036	275068
a00021037	275069
a00021038	275070
a00021039	275071
a00021040	275072
a00021041	275073
a00021042	275074
a00021043	275075
a00021044	275076
a00021045	275077
a00021046	275078
a00021047	275079
a00021048	275080
a00021049	275081
a00021050	275082
a00021051	275083
a00021052	275084
a00021053	275085
a00021054	275086
a00021055	275087
a00021056	275088
a00021057	275089
a00021058	275090
a00021059	275091
a00021060	275092
a00021061	275093
a00021062	275094
a00021063	275095
a00021064	275096
a00021065	275097
a00021066	275098
a00021067	275099
a00021068	275100
a00021069	275101
a00021070	275102
a00021071	275103
a00021072	275104
a00021073	275105
a00021074	275106
a00021075	275107
a00021076	275108
a00021077	275109
a00021078	275110
a00021079	275111
a00021080	275112
a00021081	275113
a00021082	275114
a00021083	275115
a00021084	275116
a00021085	275117
a00021086	275118
a00021087	275119
a00021088	275120
a00021089	275121
a00021090	275122
a00021091	275123
a00021092	275124
a00021093	275125
a00021094	275126
a00021095	275127
a00021096	275128
a00021097	275129
a00021098	275130
a00021099	275131
a00021100	275132
a00021101	275133
a00021102	275134
a00021103	275135
a00021104	275136
a00021105	275137
a00021106	275138
a00021107	275139
a00021108	275140
a00021109	275141
a00021110	275142
a00021111	275143
a00021112	275144
a00021113	275145
a00021114	275146
a00021115	275147
a00021116	275148
a00021117	275149
a00021118	275150
a00021119	275151
a00021120	275152
a00021121	275153
a00021122	275154
a00021123	275155
a00021124	275156
a00021125	275157
a00021126	275158
a00021127	275159
a00021128	275160
a00021129	275161
a00021130	275162
a00021131	275163
a00021132	275164
a00021133	275165
a00021134	275166
a00021135	275167
a00021136	275168
a00021137	275169
a00021138	275170
a00021139	275171
a00021140	275172
a00021141	275173
a00021142	275174
a00021143	275175
a00021144	275176
a00021145	275177
a00021146	275178
a00021147	275179
a00021148	275180
a00021149	275181
a00021150	275182
a00021151	275183
a00021152	275184
a00021153	275185
a00021154	275186
a00021155	275187
a00021156	275188
a00021157	275189
a00021158	275190
a00021159	275191
a00021160	275192
a00021161	275193
a00021162	275194
a00021163	275195
a00021164	275196
a00021165	275197
a00021166	275198
a00021167	275199
a00021168	275200
a00021169	275201
a00021170	275202
a00021171	275203
a00021172	275204
a00021173	275205
a00021174	275206
a00021175	275207
a00021176	275208
a00021177	275209
a00021178	275210
a00021179	275211
a00021180	275212
a00021181	275213
a00021182	275214
a00021183	275215
a00021184	275216
a00021185	275217
a00021186	275218
a00021187	275219
a00021188	275220
a00021189	275221
a00021190	275222
a00021191	275223
a00021192	275224
a00021193	275225
a00021194	275226
a00021195	275227
a00021196	275228
a00021197	275229
a00021198	275230
a00021199	275231
a00021200	275232
a00021201	275233
a00021202	275234
a00021203	275235
a00021204	275236
a00021205	275237
a00021206	275238
a00021207	275239
a00021208	275240
a00021209	275241
a00021210	275242
a00021211	275243
a00021212	275244
a00021213	275245
a00021214	275246
a00021215	275247
a00021216	275248
a00021217	275249
a00021218	275250
a00021219	275251
a00021220	275252
a00021221	275253
a00021222	275254
a00021223	275255
a00021224	275256
a00021225	275257
a00021226	275258
a00021227	275259
a00021228	275260
a00021229	275261
a00021230	275262
a00021231	275263
a00021232	275264
a00021233	275265
a00021234	275266
a00021235	275267
a00021236	275268
a00021237	275269
a00021238	275270
a00021239	275271
a00021240	275272
a00021241	275273
a00021242	275274
a00021243	275275
a00021244	275276
a00021245	275277
a00021246	275278
a00021247	275279
a00021248	275280
a00021249	275281
a00021250	275282
a00021251	275283
a00021252	275284
a00021253	275285
a00021254	275286
a00021255	275287
a00021256	275288
a00021257	275289
a00021258	275290
a00021259	275291
a00021260	275292
a00021261	275293
a00021262	275294
a00021263	275295
a00021264	275296
a00021265	275297
a00021266	275298
a00021267	275299
a00021268	275300
a00021269	275301
a00021270	275302
a00021271	275303
a00021272	275304
a00021273	275305
a00021274	275306
a00021275	275307
a00021276	275308
a00021277	275309
a00021278	275310
a00021279	275311
a00021280	275312
a00021281	275313
a00021282	275314
a00021283	275315
a00021284	275316
a00021285	275317
a00021286	275318
a00021287	275319
a00021288	275320
a00021289	275321
a00021290	275322
a00021291	275323
a00021292	275324
a00021293	275325
a00021294	275326
a00021295	275327
a00021296	275328
a00021297	275329
a00021298	275330
a00021299	275331
a00021300	275332
a00021301	275333
a00021302	275334
a00021303	275335
a00021304	275336
a00021305	275337
a00021306	275338
a00021307	275339
a00021308	275340
a00021309	275341
a00021310	275342
a00021311	275343
a00021312	275344
a00021313	275345
a00021314	275346
a00021315	275347
a00021316	275348
a00021317	275349
a00021318	275350
a00021319	275351
a00021320	275352
a00021321	275353
a00021322	275354
a00021323	275355
a00021324	275356
a00021325	275357
a00021326	275358
a00021327	275359
a00021328	275360
a00021329	275361
a00021330	275362
a00021331	275363
a00021332	275364
a00021333	275365
a00021334	275366
a00021335	275367
a00021336	275368
a00021337	275369
a00021338	275370
a00021339	275371
a00021340	275372
a00021341	275373
a00021342	275374
a00021343	275375
a00021344	275376
a00021345	275377
a00021346	275378
a00021347	275379
a00021348	275380
a00021349	275381
a00021350	275382
a00021351	275383
a00021352	275384
a00021353	275385
a00021354	275386
a00021355	275387
a00021356	275388
a00021357	275389
a00021358	275390
a00021359	275391
a00021360	275392
a00021361	275393
a00021362	275394
a00021363	275395
a00021364	275396
a00021365	275397
a00021366	275398
a00021367	275399
a00021368	275400
a00021369	275401
a00021370	275402
a00021371	275403
a00021372	275404
a00021373	275405
a00021374	275406
a00021375	275407
a00021376	275408
a00021377	275409
a00021378	275410
a00021379	275411
a00021380	275412
a00021381	275413
a00021382	275414
a00021383	275415
a00021384	275416
a00021385	275417
a00021386	275418
a00021387	275419
a00021388	275420
a00021389	275421
a00021390	275422
a00021391	275423
a00021392	275424
a00021393	275425
a00021394	275426
a00021395	275427
a00021396	275428
a00021397	275429
a00021398	275430
a00021399	275431
a00021400	275432
a00021401	275433
a00021402	275434
a00021403	275435
a00021404	275436
a00021405	275437
a00021406	275438
a00021407	275439
a00021408	275440
a00021409	275441
a00021410	275442
a00021411	275443
a00021412	275444
a00021413	275445
a00021414	275446
a00021415	275447
a00021416	275448
a00021417	275449
a00021418	275450
a00021419	275451
a00021420	275452
a00021421	275453
a00021422	275454
a00021423	275455
a00021424	275456
a00021425	275457
a00021426	275458
a00021427	275459
a00021428	275460
a00021429	275461
a00021430	275462
a00021431	275463
a00021432	275464
a00021433	275465
a00021434	275466
a00021435	275467
a00021436	275468
a00021437	275469
a00021438	275470
a00021439	275471
a00021440	275472
a00021441	275473
a00021442	275474
a00021443	275475
a00021444	275476
a00021445	275477
a00021446	275478
a00021447	275479
a00021448	275480
a00021449	275481
a00021450	275482
a00021451	275483
a00021452	275484
a00021453	275485
a00021454	275486
a00021455	275487
a00021456	275488
a00021457	275489
a00021458	275490
a00021459	275491
a00021460	275492
a00021461	275493
a00021462	275494
a00021463	275495
a00021464	275496
a00021465	275497
a00021466	275498
a00021467	275499
a00021468	275500
a00021469	275501
a00021470	275502
a00021471	275503
a00021472	275504
a00021473	275505
a00021474	275506
a00021475	275507
a00021476	275508
a00021477	275509
a00021478	275510
a00021479	275511
a00021480	275512
a00021481	275513
a00021482	275514
a00021483	275515
a00021484	275516
a00021485	275517
a00021486	275518
a00021487	275519
a00021488	275520
a00021489	275521
a00021490	275522
a00021491	275523
a00021492	275524
a00021493	275525
a00021494	275526
a00021495	275527
a00021496	275528
a00021497	275529
a00021498	275530
a00021499	275531
a00021500	275532
a00021501	275533
a00021502	275534
a00021503	275535
a00021504	275536
a00021505	275537
a00021506	275538
a00021507	275539
a00021508	275540
a00021509	275541
a00021510	275542
a00021511	275543
a00021512	275544
a00021513	275545
a00021514	275546
a00021515	275547
a00021516	275548
a00021517	275549
a00021518	275550
a00021519	275551
a00021520	275552
a00021521	275553
a00021522	275554
a00021523	275555
a00021524	275556
a00021525	275557
a00021526	275558
a00021527	275559
a00021528	275560
a00021529	275561
a00021530	275562
a00021531	275563
a00021532	275564
a00021533	275565
a00021534	275566
a00021535	275567
a00021536	275568
a00021537	275569
a00021538	275570
a00021539	275571
a00021540	275572
a00021541	275573
a00021542	275574
a00021543	275575
a00021544	275576
a00021545	275577
a00021546	275578
a00021547	275579
a00021548	275580
a00021549	275581
a00021550	275582
a00021551	275583
a00021552	275584
a00021553	275585
a00021554	275586
a00021555	275587
a00021556	275588
a00021557	275589
a00021558	275590
a00021559	275591
a00021560	275592
a00021561	275593
a00021562	275594
a00021563	275595
a00021564	275596
a00021565	275597
a00021566	275598
a00021567	275599
a00021568	275600
a00021569	275601
a00021570	275602
a00021571	275603
a00021572	275604
a00021573	275605
a00021574	275606
a00021575	275607
a00021576	275608
a00021577	275609
a00021578	275610
a00021579	275611
a00021580	275612
a00021581	275613
a00021582	275614
a00021583	275615
a00021584	275616
a00021585	275617
a00021586	275618
a00021587	275619
a00021588	275620
a00021589	275621
a00021590	275622
a00021591	275623
a00021592	275624
a00021593	275625
a00021594	275626
a00021595	275627
a00021596	275628
a00021597	275629
a00021598	275630
a00021599	275631
a00021600	275632
a00021601	275633
a00021602	275634
a00021603	275635
a00021604	275636
a00021605	275637
a00021606	275638
a00021607	275639
a00021608	275640
a00021609	275641
a00021610	275642
a00021611	275643
a00021612	275644
a00021613	275645
a00021614	275646
a00021615	275647
a00021616	275648
a00021617	275649
a00021618	275650
a00021619	275651
a00021620	275652
a00021621	275653
a00021622	275654
a00021623	275655
a00021624	275656
a00021625	275657
a00021626	275658
a00021627	275659
a00021628	275660
a00021629	275661
a00021630	275662
a00021631	275663
a00021632	275664
a00021633	275665
a00021634	275666
a00021635	275667
a00021636	275668
a00021637	275669
a00021638	275670
a00021639	275671
a00021640	275672
a00021641	275673
a00021642	275674
a00021643	275675
a00021644	275676
a00021645	275677
a00021646	275678
a00021647	275679
a00021648	275680
a00021649	275681
a00021650	275682
a00021651	275683
a00021652	275684
a00021653	275685
a00021654	275686
a00021655	275687
a00021656	275688
a00021657	275689
a00021658	275690
a00021659	275691
a00021660	275692
a00021661	275693
a00021662	275694
a00021663	275695
a00021664	275696
a00021665	275697
a00021666	275698
a00021667	275699
a00021668	275700
a00021669	275701
a00021670	275702
a00021671	275703
a00021672	275704
a00021673	275705
a00021674	275706
a00021675	275707
a00021676	275708
a00021677	275709
a00021678	275710
a00021679	275711
a00021680	275712
a00021681	275713
a00021682	275714
a00021683	275715
a00021684	275716
a00021685	275717
a00021686	275718
a00021687	275719
a00021688	275720
a00021689	275721
a00021690	275722
a00021691	275723
a00021692	275724
a00021693	275725
a00021694	275726
a00021695	275727
a00021696	275728
a00021697	275729
a00021698	275730
a00021699	275731
a00021700	275732
a00021701	275733
a00021702	275734
a00021703	275735
a00021704	275736
a00021705	275737
a00021706	275738
a00021707	275739
a00021708	275740
a00021709	275741
a00021710	275742
a00021711	275743
a00021712	275744
a00021713	275745
a00021714	275746
a00021715	275747
a00021716	275748
a00021717	275749
a00021718	275750
a00021719	275751
a00021720	275752
a00021721	275753
a00021722	275754
a00021723	275755
a00021724	275756
a00021725	275757
a00021726	275758
a00021727	275759
a00021728	275760
a00021729	275761
a00021730	275762
a00021731	275763
a00021732	275764
a00021733	275765
a00021734	275766
a00021735	275767
a00021736	275768
a00021737	275769
a00021738	275770
a00021739	275771
a00021740	275772
a00021741	275773
a00021742	275774
a00021743	275775
a00021744	275776
a00021745	275777
a00021746	275778
a00021747	275779
a00021748	275780
a00021749	275781
a00021750	275782
a00021751	275783
a00021752	275784
a00021753	275785
a00021754	275786
a00021755	275787
a00021756	275788
a00021757	275789
a00021758	275790
a00021759	275791
a00021760	275792
a00021761	275793
a00021762	275794
a00021763	275795
a00021764	275796
a00021765	275797
a00021766	275798
a00021767	275799
a00021768	275800
a00021769	275801
a00021770	275802
a00021771	275803
a00021772	275804
a00021773	275805
a00021774	275806
a00021775	275807
a00021776	275808
a00021777	275809
a00021778	275810
a00021779	275811
a00021780	275812
a00021781	275813
a00021782	275814
a00021783	275815
a00021784	275816
a00021785	275817
a00021786	275818
a00021787	275819
a00021788	275820
a00021789	275821
a00021790	275822
a00021791	275823
a00021792	275824
a00021793	275825
a00021794	275826
a00021795	275827
a00021796	275828
a00021797	275829
a00021798	275830
a00021799	275831
a00021800	275832
a00021801	275833
a00021802	275834
a00021803	275835
a00021804	275836
a00021805	275837
a00021806	275838
a00021807	275839
a00021808	275840
a00021809	275841
a00021810	275842
a00021811	275843
a00021812	275844
a00021813	275845
a00021814	275846
a00021815	275847
a00021816	275848
a00021817	275849
a00021818	275850
a00021819	275851
a00021820	275852
a00021821	275853
a00021822	275854
a00021823	275855
a00021824	275856
a00021825	275857
a00021826	275858
a00021827	275859
a00021828	275860
a00021829	275861
a00021830	275862
a00021831	275863
a00021832	275864
a00021833	275865
a00021834	275866
a00021835	275867
a00021836	275868
a00021837	275869
a00021838	275870
a00021839	275871
a00021840	275872
a00021841	275873
a00021842	275874
a00021843	275875
a00021844	275876
a00021845	275877
a00021846	275878
a00021847	275879
a00021848	275880
a00021849	275881
a00021850	275882
a00021851	275883
a00021852	275884
a00021853	275885
a00021854	275886
a00021855	275887
a00021856	275888
a00021857	275889
a00021858	275890
a00021859	275891
a00021860	275892
a00021861	275893
a00021862	275894
a00021863	275895
a00021864	275896
a00021865	275897
a00021866	275898
a00021867	275899
a00021868	275900
a00021869	275901
a00021870	275902
a00021871	275903
a00021872	275904
a00021873	275905
a00021874	275906
a00021875	275907
a00021876	275908
a00021877	275909
a00021878	275910
a00021879	275911
a00021880	275912
a00021881	275913
a00021882	275914
a00021883	275915
a00021884	275916
a00021885	275917
a00021886	275918
a00021887	275919
a00021888	275920
a00021889	275921
a00021890	275922
a00021891	275923
a00021892	275924
a00021893	275925
a00021894	275926
a00021895	275927
a00021896	275928
a00021897	275929
a00021898	275930
a00021899	275931
a00021900	275932
a00021901	275933
a00021902	275934
a00021903	275935
a00021904	275936
a00021905	275937
a00021906	275938
a00021907	275939
a00021908	275940
a00021909	275941
a00021910	275942
a00021911	275943
a00021912	275944
a00021913	275945
a00021914	275946
a00021915	275947
a00021916	275948
a00021917	275949
a00021918	275950
a00021919	275951
a00021920	275952
a00021921	275953
a00021922	275954
a00021923	275955
a00021924	275956
a00021925	275957
a00021926	275958
a00021927	275959
a00021928	275960
a00021929	275961
a00021930	275962
a00021931	275963
a00021932	275964
a00021933	275965
a00021934	275966
a00021935	275967
a00021936	275968
a00021937	275969
a00021938	275970
a00021939	275971
a00021940	275972
a00021941	275973
a00021942	275974
a00021943	275975
a00021944	275976
a00021945	275977
a00021946	275978
a00021947	275979
a00021948	275980
a00021949	275981
a00021950	275982
a00021951	275983
a00021952	275984
a00021953	275985
a00021954	275986
a00021955	275987
a00021956	275988
a00021957	275989
a00021958	275990
a00021959	275991
a00021960	275992
a00021961	275993
a00021962	275994
a00021963	275995
a00021964	275996
a00021965	275997
a00021966	275998
a00021967	275999
a00021968	276000
a00021969	276001
a00021970	276002
a00021971	276003
a00021972	276004
a00021973	276005
a00021974	276006
a00021975	276007
a00021976	276008
a00021977	276009
a00021978	276010
a00021979	276011
a00021980	276012
a00021981	276013
a00021982	276014
a00021983	276015
a00021984	276016
a00021985	276017
a00021986	276018
a00021987	276019
a00021988	276020
a00021989	276021
a00021990	276022
a00021991	276023
a00021992	276024
a00021993	276025
a00021994	276026
a00021995	276027
a00021996	276028
a00021997	276029
a00021998	276030
a00021999	276031
a00022000	276032
a00022001	276033
a00022002	276034
a00022003	276035
a00022004	276036
a00022005	276037
a00022006	276038
a00022007	276039
a00022008	276040
a00022009	276041
a00022010	276042
a00022011	276043
a00022012	276044
a00022013	276045
a00022014	276046
a00022015	276047
a00022016	276048
a00022017	276049
a00022018	276050
a00022019	276051
a00022020	276052
a00022021	276053
a00022022	276054
a00022023	276055
a00022024	276056
a00022025	276057
a00022026	276058
a00022027	276059
a00022028	276060
a00022029	276061
a00022030	276062
a00022031	276063
a00022032	276064
a00022033	276065
a00022034	276066
a00022035	276067
a00022036	276068
a00022037	276069
a00022038	276070
a00022039	276071
a00022040	276072
a00022041	276073
a00022042	276074
a00022043	276075
a00022044	276076
a00022045	276077
a00022046	276078
a00022047	276079
a00022048	276080
a00022049	276081
a00022050	276082
a00022051	276083
a00022052	276084
a00022053	276085
a00022054	276086
a00022055	276087
a00022056	276088
a00022057	276089
a00022058	276090
a00022059	276091
a00022060	276092
a00022061	276093
a00022062	276094
a00022063	276095
a00022064	276096
a00022065	276097
a00022066	276098
a00022067	276099
a00022068	276100
a00022069	276101
a00022070	276102
a00022071	276103
a00022072	276104
a00022073	276105
a00022074	276106
a00022075	276107
a00022076	276108
a00022077	276109
a00022078	276110
a00022079	276111
a00022080	276112
a00022081	276113
a00022082	276114
a00022083	276115
a00022084	276116
a00022085	276117
a00022086	276118
a00022087	276119
a00022088	276120
a00022089	276121
a00022090	276122
a00022091	276123
a00022092	276124
a00022093	276125
a00022094	276126
a00022095	276127
a00022096	276128
a00022097	276129
a00022098	276130
a00022099	276131
a00022100	276132
a00022101	276133
a00022102	276134
a00022103	276135
a00022104	276136
a00022105	276137
a00022106	276138
a00022107	276139
a00022108	276140
a00022109	276141
a00022110	276142
a00022111	276143
a00022112	276144
a00022113	276145
a00022114	276146
a00022115	276147
a00022116	276148
a00022117	276149
a00022118	276150
a00022119	276151
a00022120	276152
a00022121	276153
a00022122	276154
a00022123	276155
a00022124	276156
a00022125	276157
a00022126	276158
a00022127	276159
a00022128	276160
a00022129	276161
a00022130	276162
a00022131	276163
a00022132	276164
a00022133	276165
a00022134	276166
a00022135	276167
a00022136	276168
a00022137	276169
a00022138	276170
a00022139	276171
a00022140	276172
a00022141	276173
a00022142	276174
a00022143	276175
a00022144	276176
a00022145	276177
a00022146	276178
a00022147	276179
a00022148	276180
a00022149	276181
a00022150	276182
a00022151	276183
a00022152	276184
a00022153	276185
a00022154	276186
a00022155	276187
a00022156	276188
a00022157	276189
a00022158	276190
a00022159	276191
a00022160	276192
a00022161	276193
a00022162	276194
a00022163	276195
a00022164	276196
a00022165	276197
a00022166	276198
a00022167	276199
a00022168	276200
a00022169	276201
a00022170	276202
a00022171	276203
a00022172	276204
a00022173	276205
a00022174	276206
a00022175	276207
a00022176	276208
a00022177	276209
a00022178	276210
a00022179	276211
a00022180	276212
a00022181	276213
a00022182	276214
a00022183	276215
a00022184	276216
a00022185	276217
a00022186	276218
a00022187	276219
a00022188	276220
a00022189	276221
a00022190	276222
a00022191	276223
a00022192	276224
a00022193	276225
a00022194	276226
a00022195	276227
a00022196	276228
a00022197	276229
a00022198	276230
a00022199	276231
a00022200	276232
a00022201	276233
a00022202	276234
a00022203	276235
a00022204	276236
a00022205	276237
a00022206	276238
a00022207	276239
a00022208	276240
a00022209	276241
a00022210	276242
a00022211	276243
a00022212	276244
a00022213	276245
a00022214	276246
a00022215	276247
a00022216	276248
a00022217	276249
a00022218	276250
a00022219	276251
a00022220	276252
a00022221	276253
a00022222	276254
a00022223	276255
a00022224	276256
a00022225	276257
a00022226	276258
a00022227	276259
a00022228	276260
a00022229	276261
a00022230	276262
a00022231	276263
a00022232	276264
a00022233	276265
a00022234	276266
a00022235	276267
a00022236	276268
a00022237	276269
a00022238	276270
a00022239	276271
a00022240	276272
a00022241	276273
a00022242	276274
a00022243	276275
a00022244	276276
a00022245	276277
a00022246	276278
a00022247	276279
a00022248	276280
a00022249	276281
a00022250	276282
a00022251	276283
a00022252	276284
a00022253	276285
a00022254	276286
a00022255	276287
a00022256	276288
a00022257	276289
a00022258	276290
a00022259	276291
a00022260	276292
a00022261	276293
a00022262	276294
a00022263	276295
a00022264	276296
a00022265	276297
a00022266	276298
a00022267	276299
a00022268	276300
a00022269	276301
a00022270	276302
a00022271	276303
a00022272	276304
a00022273	276305
a00022274	276306
a00022275	276307
a00022276	276308
a00022277	276309
a00022278	276310
a00022279	276311
a00022280	276312
a00022281	276313
a00022282	276314
a00022283	276315
a00022284	276316
a00022285	276317
a00022286	276318
a00022287	276319
a00022288	276320
a00022289	276321
a00022290	276322
a00022291	276323
a00022292	276324
a00022293	276325
a00022294	276326
a00022295	276327
a00022296	276328
a00022297	276329
a00022298	276330
a00022299	276331
a00022300	276332
a00022301	276333
a00022302	276334
a00022303	276335
a00022304	276336
a00022305	276337
a00022306	276338
a00022307	276339
a00022308	276340
a00022309	276341
a00022310	276342
a00022311	276343
a00022312	276344
a00022313	276345
a00022314	276346
a00022315	276347
a00022316	276348
a00022317	276349
a00022318	276350
a00022319	276351
a00022320	276352
a00022321	276353
a00022322	276354
a00022323	276355
a00022324	276356
a00022325	276357
a00022326	276358
a00022327	276359
a00022328	276360
a00022329	276361
a00022330	276362
a00022331	276363
a00022332	276364
a00022333	276365
a00022334	276366
a00022335	276367
a00022336	276368
a00022337	276369
a00022338	276370
a00022339	276371
a00022340	276372
a00022341	276373
a00022342	276374
a00022343	276375
a00022344	276376
a00022345	276377
a00022346	276378
a00022347	276379
a00022348	276380
a00022349	276381
a00022350	276382
a00022351	276383
a00022352	276384
a00022353	276385
a00022354	276386
a00022355	276387
a00022356	276388
a00022357	276389
a00022358	276390
a00022359	276391
a00022360	276392
a00022361	276393
a00022362	276394
a00022363	276395
a00022364	276396
a00022365	276397
a00022366	276398
a00022367	276399
a00022368	276400
a00022369	276401
a00022370	276402
a00022371	276403
a00022372	276404
a00022373	276405
a00022374	276406
a00022375	276407
a00022376	276408
a00022377	276409
a00022378	276410
a00022379	276411
a00022380	276412
a00022381	276413
a00022382	276414
a00022383	276415
a00022384	276416
a00022385	276417
a00022386	276418
a00022387	276419
a00022388	276420
a00022389	276421
a00022390	276422
a00022391	276423
a00022392	276424
a00022393	276425
a00022394	276426
a00022395	276427
a00022396	276428
a00022397	276429
a00022398	276430
a00022399	276431
a00022400	276432
a00022401	276433
a00022402	276434
a00022403	276435
a00022404	276436
a00022405	276437
a00022406	276438
a00022407	276439
a00022408	276440
a00022409	276441
a00022410	276442
a00022411	276443
a00022412	276444
a00022413	276445
a00022414	276446
a00022415	276447
a00022416	276448
a00022417	276449
a00022418	276450
a00022419	276451
a00022420	276452
a00022421	276453
a00022422	276454
a00022423	276455
a00022424	276456
a00022425	276457
a00022426	276458
a00022427	276459
a00022428	276460
a00022429	276461
a00022430	276462
a00022431	276463
a00022432	276464
a00022433	276465
a00022434	276466
a00022435	276467
a00022436	276468
a00022437	276469
a00022438	276470
a00022439	276471
a00022440	276472
a00022441	276473
a00022442	276474
a00022443	276475
a00022444	276476
a00022445	276477
a00022446	276478
a00022447	276479
a00022448	276480
a00022449	276481
a00022450	276482
a00022451	276483
a00022452	276484
a00022453	276485
a00022454	276486
a00022455	276487
a00022456	276488
a00022457	276489
a00022458	276490
a00022459	276491
a00022460	276492
a00022461	276493
a00022462	276494
a00022463	276495
a00022464	276496
a00022465	276497
a00022466	276498
a00022467	276499
a00022468	276500
a00022469	276501
a00022470	276502
a00022471	276503
a00022472	276504
a00022473	276505
a00022474	276506
a00022475	276507
a00022476	276508
a00022477	276509
a00022478	276510
a00022479	276511
a00022480	276512
a00022481	276513
a00022482	276514
a00022483	276515
a00022484	276516
a00022485	276517
a00022486	276518
a00022487	276519
a00022488	276520
a00022489	276521
a00022490	276522
a00022491	276523
a00022492	276524
a00022493	276525
a00022494	276526
a00022495	276527
a00022496	276528
a00022497	276529
a00022498	276530
a00022499	276531
a00022500	276532
a00022501	276533
a00022502	276534
a00022503	276535
a00022504	276536
a00022505	276537
a00022506	276538
a00022507	276539
a00022508	276540
a00022509	276541
a00022510	276542
a00022511	276543
a00022512	276544
a00022513	276545
a00022514	276546
a00022515	276547
a00022516	276548
a00022517	276549
a00022518	276550
a00022519	276551
a00022520	276552
a00022521	276553
a00022522	276554
a00022523	276555
a00022524	276556
a00022525	276557
a00022526	276558
a00022527	276559
a00022528	276560
a00022529	276561
a00022530	276562
a00022531	276563
a00022532	276564
a00022533	276565
a00022534	276566
a00022535	276567
a00022536	276568
a00022537	276569
a00022538	276570
a00022539	276571
a00022540	276572
a00022541	276573
a00022542	276574
a00022543	276575
a00022544	276576
a00022545	276577
a00022546	276578
a00022547	276579
a00022548	276580
a00022549	276581
a00022550	276582
a00022551	276583
a00022552	276584
a00022553	276585
a00022554	276586
a00022555	276587
a00022556	276588
a00022557	276589
a00022558	276590
a00022559	276591
a00022560	276592
a00022561	276593
a00022562	276594
a00022563	276595
a00022564	276596
a00022565	276597
a00022566	276598
a00022567	276599
a00022568	276600
a00022569	276601
a00022570	276602
a00022571	276603
a00022572	276604
a00022573	276605
a00022574	276606
a00022575	276607
a00022576	276608
a00022577	276609
a00022578	276610
a00022579	276611
a00022580	276612
a00022581	276613
a00022582	276614
a00022583	276615
a00022584	276616
a00022585	276617
a00022586	276618
a00022587	276619
a00022588	276620
a00022589	276621
a00022590	276622
a00022591	276623
a00022592	276624
a00022593	276625
a00022594	276626
a00022595	276627
a00022596	276628
a00022597	276629
a00022598	276630
a00022599	276631
a00022600	276632
a00022601	276633
a00022602	276634
a00022603	276635
a00022604	276636
a00022605	276637
a00022606	276638
a00022607	276639
a00022608	276640
a00022609	276641
a00022610	276642
a00022611	276643
a00022612	276644
a00022613	276645
a00022614	276646
a00022615	276647
a00022616	276648
a00022617	276649
a00022618	276650
a00022619	276651
a00022620	276652
a00022621	276653
a00022622	276654
a00022623	276655
a00022624	276656
a00022625	276657
a00022626	276658
a00022627	276659
a00022628	276660
a00022629	276661
a00022630	276662
a00022631	276663
a00022632	276664
a00022633	276665
a00022634	276666
a00022635	276667
a00022636	276668
a00022637	276669
a00022638	276670
a00022639	276671
a00022640	276672
a00022641	276673
a00022642	276674
a00022643	276675
a00022644	276676
a00022645	276677
a00022646	276678
a00022647	276679
a00022648	276680
a00022649	276681
a00022650	276682
a00022651	276683
a00022652	276684
a00022653	276685
a00022654	276686
a00022655	276687
a00022656	276688
a00022657	276689
a00022658	276690
a00022659	276691
a00022660	276692
a00022661	276693
a00022662	276694
a00022663	276695
a00022664	276696
a00022665	276697
a00022666	276698
a00022667	276699
a00022668	276700
a00022669	276701
a00022670	276702
a00022671	276703
a00022672	276704
a00022673	276705
a00022674	276706
a00022675	276707
a00022676	276708
a00022677	276709
a00022678	276710
a00022679	276711
a00022680	276712
a00022681	276713
a00022682	276714
a00022683	276715
a00022684	276716
a00022685	276717
a00022686	276718
a00022687	276719
a00022688	276720
a00022689	276721
a00022690	276722
a00022691	276723
a00022692	276724
a00022693	276725
a00022694	276726
a00022695	276727
a00022696	276728
a00022697	276729
a00022698	276730
a00022699	276731
a00022700	276732
a00022701	276733
a00022702	276734
a00022703	276735
a00022704	276736
a00022705	276737
a00022706	276738
a00022707	276739
a00022708	276740
a00022709	276741
a00022710	276742
a00022711	276743
a00022712	276744
a00022713	276745
a00022714	276746
a00022715	276747
a00022716	276748
a00022717	276749
a00022718	276750
a00022719	276751
a00022720	276752
a00022721	276753
a00022722	276754
a00022723	276755
a00022724	276756
a00022725	276757
a00022726	276758
a00022727	276759
a00022728	276760
a00022729	276761
a00022730	276762
a00022731	276763
a00022732	276764
a00022733	276765
a00022734	276766
a00022735	276767
a00022736	276768
a00022737	276769
a00022738	276770
a00022739	276771
a00022740	276772
a00022741	276773
a00022742	276774
a00022743	276775
a00022744	276776
a00022745	276777
a00022746	276778
a00022747	276779
a00022748	276780
a00022749	276781
a00022750	276782
a00022751	276783
a00022752	276784
a00022753	276785
a00022754	276786
a00022755	276787
a00022756	276788
a00022757	276789
a00022758	276790
a00022759	276791
a00022760	276792
a00022761	276793
a00022762	276794
a00022763	276795
a00022764	276796
a00022765	276797
a00022766	276798
a00022767	276799
a00022768	276800
a00022769	276801
a00022770	276802
a00022771	276803
a00022772	276804
a00022773	276805
a00022774	276806
a00022775	276807
a00022776	276808
a00022777	276809
a00022778	276810
a00022779	276811
a00022780	276812
a00022781	276813
a00022782	276814
a00022783	276815
a00022784	276816
a00022785	276817
a00022786	276818
a00022787	276819
a00022788	276820
a00022789	276821
a00022790	276822
a00022791	276823
a00022792	276824
a00022793	276825
a00022794	276826
a00022795	276827
a00022796	276828
a00022797	276829
a00022798	276830
a00022799	276831
a00022800	276832
a00022801	276833
a00022802	276834
a00022803	276835
a00022804	276836
a00022805	276837
a00022806	276838
a00022807	276839
a00022808	276840
a00022809	276841
a00022810	276842
a00022811	276843
a00022812	276844
a00022813	276845
a00022814	276846
a00022815	276847
a00022816	276848
a00022817	276849
a00022818	276850
a00022819	276851
a00022820	276852
a00022821	276853
a00022822	276854
a00022823	276855
a00022824	276856
a00022825	276857
a00022826	276858
a00022827	276859
a00022828	276860
a00022829	276861
a00022830	276862
a00022831	276863
a00022832	276864
a00022833	276865
a00022834	276866
a00022835	276867
a00022836	276868
a00022837	276869
a00022838	276870
a00022839	276871
a00022840	276872
a00022841	276873
a00022842	276874
a00022843	276875
a00022844	276876
a00022845	276877
a00022846	276878
a00022847	276879
a00022848	276880
a00022849	276881
a00022850	276882
a00022851	276883
a00022852	276884
a00022853	276885
a00022854	276886
a00022855	276887
a00022856	276888
a00022857	276889
a00022858	276890
a00022859	276891
a00022860	276892
a00022861	276893
a00022862	276894
a00022863	276895
a00022864	276896
a00022865	276897
a00022866	276898
a00022867	276899
a00022868	276900
a00022869	276901
a00022870	276902
a00022871	276903
a00022872	276904
a00022873	276905
a00022874	276906
a00022875	276907
a00022876	276908
a00022877	276909
a00022878	276910
a00022879	276911
a00022880	276912
a00022881	276913
a00022882	276914
a00022883	276915
a00022884	276916
a00022885	276917
a00022886	276918
a00022887	276919
a00022888	276920
a00022889	276921
a00022890	276922
a00022891	276923
a00022892	276924
a00022893	276925
a00022894	276926
a00022895	276927
a00022896	276928
a00022897	276929
a00022898	276930
a00022899	276931
a00022900	276932
a00022901	276933
a00022902	276934
a00022903	276935
a00022904	276936
a00022905	276937
a00022906	276938
a00022907	276939
a00022908	276940
a00022909	276941
a00022910	276942
a00022911	276943
a00022912	276944
a00022913	276945
a00022914	276946
a00022915	276947
a00022916	276948
a00022917	276949
a00022918	276950
a00022919	276951
a00022920	276952
a00022921	276953
a00022922	276954
a00022923	276955
a00022924	276956
a00022925	276957
a00022926	276958
a00022927	276959
a00022928	276960
a00022929	276961
a00022930	276962
a00022931	276963
a00022932	276964
a00022933	276965
a00022934	276966
a00022935	276967
a00022936	276968
a00022937	276969
a00022938	276970
a00022939	276971
a00022940	276972
a00022941	276973
a00022942	276974
a00022943	276975
a00022944	276976
a00022945	276977
a00022946	276978
a00022947	276979
a00022948	276980
a00022949	276981
a00022950	276982
a00022951	276983
a00022952	276984
a00022953	276985
a00022954	276986
a00022955	276987
a00022956	276988
a00022957	276989
a00022958	276990
a00022959	276991
a00022960	276992
a00022961	276993
a00022962	276994
a00022963	276995
a00022964	276996
a00022965	276997
a00022966	276998
a00022967	276999
a00022968	277000
a00022969	277001
a00022970	277002
a00022971	277003
a00022972	277004
a00022973	277005
a00022974	277006
a00022975	277007
a00022976	277008
a00022977	277009
a00022978	277010
a00022979	277011
a00022980	277012
a00022981	277013
a00022982	277014
a00022983	277015
a00022984	277016
a00022985	277017
a00022986	277018
a00022987	277019
a00022988	277020
a00022989	277021
a00022990	277022
a00022991	277023
a00022992	277024
a00022993	277025
a00022994	277026
a00022995	277027
a00022996	277028
a00022997	277029
a00022998	277030
a00022999	277031
a00023000	277032
a00023001	277033
a00023002	277034
a00023003	277035
a00023004	277036
a00023005	277037
a00023006	277038
a00023007	277039
a00023008	277040
a00023009	277041
a00023010	277042
a00023011	277043
a00023012	277044
a00023013	277045
a00023014	277046
a00023015	277047
a00023016	277048
a00023017	277049
a00023018	277050
a00023019	277051
a00023020	277052
a00023021	277053
a00023022	277054
a00023023	277055
a00023024	277056
a00023025	277057
a00023026	277058
a00023027	277059
a00023028	277060
a00023029	277061
a00023030	277062
a00023031	277063
a00023032	277064
a00023033	277065
a00023034	277066
a00023035	277067
a00023036	277068
a00023037	277069
a00023038	277070
a00023039	277071
a00023040	277072
a00023041	277073
a00023042	277074
a00023043	277075
a00023044	277076
a00023045	277077
a00023046	277078
a00023047	277079
a00023048	277080
a00023049	277081
a00023050	277082
a00023051	277083
a00023052	277084
a00023053	277085
a00023054	277086
a00023055	277087
a00023056	277088
a00023057	277089
a00023058	277090
a00023059	277091
a00023060	277092
a00023061	277093
a00023062	277094
a00023063	277095
a00023064	277096
a00023065	277097
a00023066	277098
a00023067	277099
a00023068	277100
a00023069	277101
a00023070	277102
a00023071	277103
a00023072	277104
a00023073	277105
a00023074	277106
a00023075	277107
a00023076	277108
a00023077	277109
a00023078	277110
a00023079	277111
a00023080	277112
a00023081	277113
a00023082	277114
a00023083	277115
a00023084	277116
a00023085	277117
a00023086	277118
a00023087	277119
a00023088	277120
a00023089	277121
a00023090	277122
a00023091	277123
a00023092	277124
a00023093	277125
a00023094	277126
a00023095	277127
a00023096	277128
a00023097	277129
a00023098	277130
a00023099	277131
a00023100	277132
a00023101	277133
a00023102	277134
a00023103	277135
a00023104	277136
a00023105	277137
a00023106	277138
a00023107	277139
a00023108	277140
a00023109	277141
a00023110	277142
a00023111	277143
a00023112	277144
a00023113	277145
a00023114	277146
a00023115	277147
a00023116	277148
a00023117	277149
a00023118	277150
a00023119	277151
a00023120	277152
a00023121	277153
a00023122	277154
a00023123	277155
a00023124	277156
a00023125	277157
a00023126	277158
a00023127	277159
a00023128	277160
a00023129	277161
a00023130	277162
a00023131	277163
a00023132	277164
a00023133	277165
a00023134	277166
a00023135	277167
a00023136	277168
a00023137	277169
a00023138	277170
a00023139	277171
a00023140	277172
a00023141	277173
a00023142	277174
a00023143	277175
a00023144	277176
a00023145	277177
a00023146	277178
a00023147	277179
a00023148	277180
a00023149	277181
a00023150	277182
a00023151	277183
a00023152	277184
a00023153	277185
a00023154	277186
a00023155	277187
a00023156	277188
a00023157	277189
a00023158	277190
a00023159	277191
a00023160	277192
a00023161	277193
a00023162	277194
a00023163	277195
a00023164	277196
a00023165	277197
a00023166	277198
a00023167	277199
a00023168	277200
a00023169	277201
a00023170	277202
a00023171	277203
a00023172	277204
a00023173	277205
a00023174	277206
a00023175	277207
a00023176	277208
a00023177	277209
a00023178	277210
a00023179	277211
a00023180	277212
a00023181	277213
a00023182	277214
a00023183	277215
a00023184	277216
a00023185	277217
a00023186	277218
a00023187	277219
a00023188	277220
a00023189	277221
a00023190	277222
a00023191	277223
a00023192	277224
a00023193	277225
a00023194	277226
a00023195	277227
a00023196	277228
a00023197	277229
a00023198	277230
a00023199	277231
a00023200	277232
a00023201	277233
a00023202	277234
a00023203	277235
a00023204	277236
a00023205	277237
a00023206	277238
a00023207	277239
a00023208	277240
a00023209	277241
a00023210	277242
a00023211	277243
a00023212	277244
a00023213	277245
a00023214	277246
a00023215	277247
a00023216	277248
a00023217	277249
a00023218	277250
a00023219	277251
a00023220	277252
a00023221	277253
a00023222	277254
a00023223	277255
a00023224	277256
a00023225	277257
a00023226	277258
a00023227	277259
a00023228	277260
a00023229	277261
a00023230	277262
a00023231	277263
a00023232	277264
a00023233	277265
a00023234	277266
a00023235	277267
a00023236	277268
a00023237	277269
a00023238	277270
a00023239	277271
a00023240	277272
a00023241	277273
a00023242	277274
a00023243	277275
a00023244	277276
a00023245	277277
a00023246	277278
a00023247	277279
a00023248	277280
a00023249	277281
a00023250	277282
a00023251	277283
a00023252	277284
a00023253	277285
a00023254	277286
a00023255	277287
a00023256	277288
a00023257	277289
a00023258	277290
a00023259	277291
a00023260	277292
a00023261	277293
a00023262	277294
a00023263	277295
a00023264	277296
a00023265	277297
a00023266	277298
a00023267	277299
a00023268	277300
a00023269	277301
a00023270	277302
a00023271	277303
a00023272	277304
a00023273	277305
a00023274	277306
a00023275	277307
a00023276	277308
a00023277	277309
a00023278	277310
a00023279	277311
a00023280	277312
a00023281	277313
a00023282	277314
a00023283	277315
a00023284	277316
a00023285	277317
a00023286	277318
a00023287	277319
a00023288	277320
a00023289	277321
a00023290	277322
a00023291	277323
a00023292	277324
a00023293	277325
a00023294	277326
a00023295	277327
a00023296	277328
a00023297	277329
a00023298	277330
a00023299	277331
a00023300	277332
a00023301	277333
a00023302	277334
a00023303	277335
a00023304	277336
a00023305	277337
a00023306	277338
a00023307	277339
a00023308	277340
a00023309	277341
a00023310	277342
a00023311	277343
a00023312	277344
a00023313	277345
a00023314	277346
a00023315	277347
a00023316	277348
a00023317	277349
a00023318	277350
a00023319	277351
a00023320	277352
a00023321	277353
a00023322	277354
a00023323	277355
a00023324	277356
a00023325	277357
a00023326	277358
a00023327	277359
a00023328	277360
a00023329	277361
a00023330	277362
a00023331	277363
a00023332	277364
a00023333	277365
a00023334	277366
a00023335	277367
a00023336	277368
a00023337	277369
a00023338	277370
a00023339	277371
a00023340	277372
a00023341	277373
a00023342	277374
a00023343	277375
a00023344	277376
a00023345	277377
a00023346	277378
a00023347	277379
a00023348	277380
a00023349	277381
a00023350	277382
a00023351	277383
a00023352	277384
a00023353	277385
a00023354	277386
a00023355	277387
a00023356	277388
a00023357	277389
a00023358	277390
a00023359	277391
a00023360	277392
a00023361	277393
a00023362	277394
a00023363	277395
a00023364	277396
a00023365	277397
a00023366	277398
a00023367	277399
a00023368	277400
a00023369	277401
a00023370	277402
a00023371	277403
a00023372	277404
a00023373	277405
a00023374	277406
a00023375	277407
a00023376	277408
a00023377	277409
a00023378	277410
a00023379	277411
a00023380	277412
a00023381	277413
a00023382	277414
a00023383	277415
a00023384	277416
a00023385	277417
a00023386	277418
a00023387	277419
a00023388	277420
a00023389	277421
a00023390	277422
a00023391	277423
a00023392	277424
a00023393	277425
a00023394	277426
a00023395	277427
a00023396	277428
a00023397	277429
a00023398	277430
a00023399	277431
a00023400	277432
a00023401	277433
a00023402	277434
a00023403	277435
a00023404	277436
a00023405	277437
a00023406	277438
a00023407	277439
a00023408	277440
a00023409	277441
a00023410	277442
a00023411	277443
a00023412	277444
a00023413	277445
a00023414	277446
a00023415	277447
a00023416	277448
a00023417	277449
a00023418	277450
a00023419	277451
a00023420	277452
a00023421	277453
a00023422	277454
a00023423	277455
a00023424	277456
a00023425	277457
a00023426	277458
a00023427	277459
a00023428	277460
a00023429	277461
a00023430	277462
a00023431	277463
a00023432	277464
a00023433	277465
a00023434	277466
a00023435	277467
a00023436	277468
a00023437	277469
a00023438	277470
a00023439	277471
a00023440	277472
a00023441	277473
a00023442	277474
a00023443	277475
a00023444	277476
a00023445	277477
a00023446	277478
a00023447	277479
a00023448	277480
a00023449	277481
a00023450	277482
a00023451	277483
a00023452	277484
a00023453	277485
a00023454	277486
a00023455	277487
a00023456	277488
a00023457	277489
a00023458	277490
a00023459	277491
a00023460	277492
a00023461	277493
a00023462	277494
a00023463	277495
a00023464	277496
a00023465	277497
a00023466	277498
a00023467	277499
a00023468	277500
a00023469	277501
a00023470	277502
a00023471	277503
a00023472	277504
a00023473	277505
a00023474	277506
a00023475	277507
a00023476	277508
a00023477	277509
a00023478	277510
a00023479	277511
a00023480	277512
a00023481	277513
a00023482	277514
a00023483	277515
a00023484	277516
a00023485	277517
a00023486	277518
a00023487	277519
a00023488	277520
a00023489	277521
a00023490	277522
a00023491	277523
a00023492	277524
a00023493	277525
a00023494	277526
a00023495	277527
a00023496	277528
a00023497	277529
a00023498	277530
a00023499	277531
a00023500	277532
a00023501	277533
a00023502	277534
a00023503	277535
a00023504	277536
a00023505	277537
a00023506	277538
a00023507	277539
a00023508	277540
a00023509	277541
a00023510	277542
a00023511	277543
a00023512	277544
a00023513	277545
a00023514	277546
a00023515	277547
a00023516	277548
a00023517	277549
a00023518	277550
a00023519	277551
a00023520	277552
a00023521	277553
a00023522	277554
a00023523	277555
a00023524	277556
a00023525	277557
a00023526	277558
a00023527	277559
a00023528	277560
a00023529	277561
a00023530	277562
a00023531	277563
a00023532	277564
a00023533	277565
a00023534	277566
a00023535	277567
a00023536	277568
a00023537	277569
a00023538	277570
a00023539	277571
a00023540	277572
a00023541	277573
a00023542	277574
a00023543	277575
a00023544	277576
a00023545	277577
a00023546	277578
a00023547	277579
a00023548	277580
a00023549	277581
a00023550	277582
a00023551	277583
a00023552	277584
a00023553	277585
a00023554	277586
a00023555	277587
a00023556	277588
a00023557	277589
a00023558	277590
a00023559	277591
a00023560	277592
a00023561	277593
a00023562	277594
a00023563	277595
a00023564	277596
a00023565	277597
a00023566	277598
a00023567	277599
a00023568	277600
a00023569	277601
a00023570	277602
a00023571	277603
a00023572	277604
a00023573	277605
a00023574	277606
a00023575	277607
a00023576	277608
a00023577	277609
a00023578	277610
a00023579	277611
a00023580	277612
a00023581	277613
a00023582	277614
a00023583	277615
a00023584	277616
a00023585	277617
a00023586	277618
a00023587	277619
a00023588	277620
a00023589	277621
a00023590	277622
a00023591	277623
a00023592	277624
a00023593	277625
a00023594	277626
a00023595	277627
a00023596	277628
a00023597	277629
a00023598	277630
a00023599	277631
a00023600	277632
a00023601	277633
a00023602	277634
a00023603	277635
a00023604	277636
a00023605	277637
a00023606	277638
a00023607	277639
a00023608	277640
a00023609	277641
a00023610	277642
a00023611	277643
a00023612	277644
a00023613	277645
a00023614	277646
a00023615	277647
a00023616	277648
a00023617	277649
a00023618	277650
a00023619	277651
a00023620	277652
a00023621	277653
a00023622	277654
a00023623	277655
a00023624	277656
a00023625	277657
a00023626	277658
a00023627	277659
a00023628	277660
a00023629	277661
a00023630	277662
a00023631	277663
a00023632	277664
a00023633	277665
a00023634	277666
a00023635	277667
a00023636	277668
a00023637	277669
a00023638	277670
a00023639	277671
a00023640	277672
a00023641	277673
a00023642	277674
a00023643	277675
a00023644	277676
a00023645	277677
a00023646	277678
a00023647	277679
a00023648	277680
a00023649	277681
a00023650	277682
a00023651	277683
a00023652	277684
a00023653	277685
a00023654	277686
a00023655	277687
a00023656	277688
a00023657	277689
a00023658	277690
a00023659	277691
a00023660	277692
a00023661	277693
a00023662	277694
a00023663	277695
a00023664	277696
a00023665	277697
a00023666	277698
a00023667	277699
a00023668	277700
a00023669	277701
a00023670	277702
a00023671	277703
a00023672	277704
a00023673	277705
a00023674	277706
a00023675	277707
a00023676	277708
a00023677	277709
a00023678	277710
a00023679	277711
a00023680	277712
a00023681	277713
a00023682	277714
a00023683	277715
a00023684	277716
a00023685	277717
a00023686	277718
a00023687	277719
a00023688	277720
a00023689	277721
a00023690	277722
a00023691	277723
a00023692	277724
a00023693	277725
a00023694	277726
a00023695	277727
a00023696	277728
a00023697	277729
a00023698	277730
a00023699	277731
a00023700	277732
a00023701	277733
a00023702	277734
a00023703	277735
a00023704	277736
a00023705	277737
a00023706	277738
a00023707	277739
a00023708	277740
a00023709	277741
a00023710	277742
a00023711	277743
a00023712	277744
a00023713	277745
a00023714	277746
a00023715	277747
a00023716	277748
a00023717	277749
a00023718	277750
a00023719	277751
a00023720	277752
a00023721	277753
a00023722	277754
a00023723	277755
a00023724	277756
a00023725	277757
a00023726	277758
a00023727	277759
a00023728	277760
a00023729	277761
a00023730	277762
a00023731	277763
a00023732	277764
a00023733	277765
a00023734	277766
a00023735	277767
a00023736	277768
a00023737	277769
a00023738	277770
a00023739	277771
a00023740	277772
a00023741	277773
a00023742	277774
a00023743	277775
a00023744	277776
a00023745	277777
a00023746	277778
a00023747	277779
a00023748	277780
a00023749	277781
a00023750	277782
a00023751	277783
a00023752	277784
a00023753	277785
a00023754	277786
a00023755	277787
a00023756	277788
a00023757	277789
a00023758	277790
a00023759	277791
a00023760	277792
a00023761	277793
a00023762	277794
a00023763	277795
a00023764	277796
a00023765	277797
a00023766	277798
a00023767	277799
a00023768	277800
a00023769	277801
a00023770	277802
a00023771	277803
a00023772	277804
a00023773	277805
a00023774	277806
a00023775	277807
a00023776	277808
a00023777	277809
a00023778	277810
a00023779	277811
a00023780	277812
a00023781	277813
a00023782	277814
a00023783	277815
a00023784	277816
a00023785	277817
a00023786	277818
a00023787	277819
a00023788	277820
a00023789	277821
a00023790	277822
a00023791	277823
a00023792	277824
a00023793	277825
a00023794	277826
a00023795	277827
a00023796	277828
a00023797	277829
a00023798	277830
a00023799	277831
a00023800	277832
a00023801	277833
a00023802	277834
a00023803	277835
a00023804	277836
a00023805	277837
a00023806	277838
a00023807	277839
a00023808	277840
a00023809	277841
a00023810	277842
a00023811	277843
a00023812	277844
a00023813	277845
a00023814	277846
a00023815	277847
a00023816	277848
a00023817	277849
a00023818	277850
a00023819	277851
a00023820	277852
a00023821	277853
a00023822	277854
a00023823	277855
a00023824	277856
a00023825	277857
a00023826	277858
a00023827	277859
a00023828	277860
a00023829	277861
a00023830	277862
a00023831	277863
a00023832	277864
a00023833	277865
a00023834	277866
a00023835	277867
a00023836	277868
a00023837	277869
a00023838	277870
a00023839	277871
a00023840	277872
a00023841	277873
a00023842	277874
a00023843	277875
a00023844	277876
a00023845	277877
a00023846	277878
a00023847	277879
a00023848	277880
a00023849	277881
a00023850	277882
a00023851	277883
a00023852	277884
a00023853	277885
a00023854	277886
a00023855	277887
a00023856	277888
a00023857	277889
a00023858	277890
a00023859	277891
a00023860	277892
a00023861	277893
a00023862	277894
a00023863	277895
a00023864	277896
a00023865	277897
a00023866	277898
a00023867	277899
a00023868	277900
a00023869	277901
a00023870	277902
a00023871	277903
a00023872	277904
a00023873	277905
a00023874	277906
a00023875	277907
a00023876	277908
a00023877	277909
a00023878	277910
a00023879	277911
a00023880	277912
a00023881	277913
a00023882	277914
a00023883	277915
a00023884	277916
a00023885	277917
a00023886	277918
a00023887	277919
a00023888	277920
a00023889	277921
a00023890	277922
a00023891	277923
a00023892	277924
a00023893	277925
a00023894	277926
a00023895	277927
a00023896	277928
a00023897	277929
a00023898	277930
a00023899	277931
a00023900	277932
a00023901	277933
a00023902	277934
a00023903	277935
a00023904	277936
a00023905	277937
a00023906	277938
a00023907	277939
a00023908	277940
a00023909	277941
a00023910	277942
a00023911	277943
a00023912	277944
a00023913	277945
a00023914	277946
a00023915	277947
a00023916	277948
a00023917	277949
a00023918	277950
a00023919	277951
a00023920	277952
a00023921	277953
a00023922	277954
a00023923	277955
a00023924	277956
a00023925	277957
a00023926	277958
a00023927	277959
a00023928	277960
a00023929	277961
a00023930	277962
a00023931	277963
a00023932	277964
a00023933	277965
a00023934	277966
a00023935	277967
a00023936	277968
a00023937	277969
a00023938	277970
a00023939	277971
a00023940	277972
a00023941	277973
a00023942	277974
a00023943	277975
a00023944	277976
a00023945	277977
a00023946	277978
a00023947	277979
a00023948	277980
a00023949	277981
a00023950	277982
a00023951	277983
a00023952	277984
a00023953	277985
a00023954	277986
a00023955	277987
a00023956	277988
a00023957	277989
a00023958	277990
a00023959	277991
a00023960	277992
a00023961	277993
a00023962	277994
a00023963	277995
a00023964	277996
a00023965	277997
a00023966	277998
a00023967	277999
a00023968	278000
a00023969	278001
a00023970	278002
a00023971	278003
a00023972	278004
a00023973	278005
a00023974	278006
a00023975	278007
a00023976	278008
a00023977	278009
a00023978	278010
a00023979	278011
a00023980	278012
a00023981	278013
a00023982	278014
a00023983	278015
a00023984	278016
a00023985	278017
a00023986	278018
a00023987	278019
a00023988	278020
a00023989	278021
a00023990	278022
a00023991	278023
a00023992	278024
a00023993	278025
a00023994	278026
a00023995	278027
a00023996	278028
a00023997	278029
a00023998	278030
a00023999	278031
a00024000	278032
a00024001	278033
a00024002	278034
a00024003	278035
a00024004	278036
a00024005	278037
a00024006	278038
a00024007	278039
a00024008	278040
a00024009	278041
a00024010	278042
a00024011	278043
a00024012	278044
a00024013	278045
a00024014	278046
a00024015	278047
a00024016	278048
a00024017	278049
a00024018	278050
a00024019	278051
a00024020	278052
a00024021	278053
a00024022	278054
a00024023	278055
a00024024	278056
a00024025	278057
a00024026	278058
a00024027	278059
a00024028	278060
a00024029	278061
a00024030	278062
a00024031	278063
a00024032	278064
a00024033	278065
a00024034	278066
a00024035	278067
a00024036	278068
a00024037	278069
a00024038	278070
a00024039	278071
a00024040	278072
a00024041	278073
a00024042	278074
a00024043	278075
a00024044	278076
a00024045	278077
a00024046	278078
a00024047	278079
a00024048	278080
a00024049	278081
a00024050	278082
a00024051	278083
a00024052	278084
a00024053	278085
a00024054	278086
a00024055	278087
a00024056	278088
a00024057	278089
a00024058	278090
a00024059	278091
a00024060	278092
a00024061	278093
a00024062	278094
a00024063	278095
a00024064	278096
a00024065	278097
a00024066	278098
a00024067	278099
a00024068	278100
a00024069	278101
a00024070	278102
a00024071	278103
a00024072	278104
a00024073	278105
a00024074	278106
a00024075	278107
a00024076	278108
a00024077	278109
a00024078	278110
a00024079	278111
a00024080	278112
a00024081	278113
a00024082	278114
a00024083	278115
a00024084	278116
a00024085	278117
a00024086	278118
a00024087	278119
a00024088	278120
a00024089	278121
a00024090	278122
a00024091	278123
a00024092	278124
a00024093	278125
a00024094	278126
a00024095	278127
a00024096	278128
a00024097	278129
a00024098	278130
a00024099	278131
a00024100	278132
a00024101	278133
a00024102	278134
a00024103	278135
a00024104	278136
a00024105	278137
a00024106	278138
a00024107	278139
a00024108	278140
a00024109	278141
a00024110	278142
a00024111	278143
a00024112	278144
a00024113	278145
a00024114	278146
a00024115	278147
a00024116	278148
a00024117	278149
a00024118	278150
a00024119	278151
a00024120	278152
a00024121	278153
a00024122	278154
a00024123	278155
a00024124	278156
a00024125	278157
a00024126	278158
a00024127	278159
a00024128	278160
a00024129	278161
a00024130	278162
a00024131	278163
a00024132	278164
a00024133	278165
a00024134	278166
a00024135	278167
a00024136	278168
a00024137	278169
a00024138	278170
a00024139	278171
a00024140	278172
a00024141	278173
a00024142	278174
a00024143	278175
a00024144	278176
a00024145	278177
a00024146	278178
a00024147	278179
a00024148	278180
a00024149	278181
a00024150	278182
a00024151	278183
a00024152	278184
a00024153	278185
a00024154	278186
a00024155	278187
a00024156	278188
a00024157	278189
a00024158	278190
a00024159	278191
a00024160	278192
a00024161	278193
a00024162	278194
a00024163	278195
a00024164	278196
a00024165	278197
a00024166	278198
a00024167	278199
a00024168	278200
a00024169	278201
a00024170	278202
a00024171	278203
a00024172	278204
a00024173	278205
a00024174	278206
a00024175	278207
a00024176	278208
a00024177	278209
a00024178	278210
a00024179	278211
a00024180	278212
a00024181	278213
a00024182	278214
a00024183	278215
a00024184	278216
a00024185	278217
a00024186	278218
a00024187	278219
a00024188	278220
a00024189	278221
a00024190	278222
a00024191	278223
a00024192	278224
a00024193	278225
a00024194	278226
a00024195	278227
a00024196	278228
a00024197	278229
a00024198	278230
a00024199	278231
a00024200	278232
a00024201	278233
a00024202	278234
a00024203	278235
a00024204	278236
a00024205	278237
a00024206	278238
a00024207	278239
a00024208	278240
a00024209	278241
a00024210	278242
a00024211	278243
a00024212	278244
a00024213	278245
a00024214	278246
a00024215	278247
a00024216	278248
a00024217	278249
a00024218	278250
a00024219	278251
a00024220	278252
a00024221	278253
a00024222	278254
a00024223	278255
a00024224	278256
a00024225	278257
a00024226	278258
a00024227	278259
a00024228	278260
a00024229	278261
a00024230	278262
a00024231	278263
a00024232	278264
a00024233	278265
a00024234	278266
a00024235	278267
a00024236	278268
a00024237	278269
a00024238	278270
a00024239	278271
a00024240	278272
a00024241	278273
a00024242	278274
a00024243	278275
a00024244	278276
a00024245	278277
a00024246	278278
a00024247	278279
a00024248	278280
a00024249	278281
a00024250	278282
a00024251	278283
a00024252	278284
a00024253	278285
a00024254	278286
a00024255	278287
a00024256	278288
a00024257	278289
a00024258	278290
a00024259	278291
a00024260	278292
a00024261	278293
a00024262	278294
a00024263	278295
a00024264	278296
a00024265	278297
a00024266	278298
a00024267	278299
a00024268	278300
a00024269	278301
a00024270	278302
a00024271	278303
a00024272	278304
a00024273	278305
a00024274	278306
a00024275	278307
a00024276	278308
a00024277	278309
a00024278	278310
a00024279	278311
a00024280	278312
a00024281	278313
a00024282	278314
a00024283	278315
a00024284	278316
a00024285	278317
a00024286	278318
a00024287	278319
a00024288	278320
a00024289	278321
a00024290	278322
a00024291	278323
a00024292	278324
a00024293	278325
a00024294	278326
a00024295	278327
a00024296	278328
a00024297	278329
a00024298	278330
a00024299	278331
a00024300	278332
a00024301	278333
a00024302	278334
a00024303	278335
a00024304	278336
a00024305	278337
a00024306	278338
a00024307	278339
a00024308	278340
a00024309	278341
a00024310	278342
a00024311	278343
a00024312	278344
a00024313	278345
a00024314	278346
a00024315	278347
a00024316	278348
a00024317	278349
a00024318	278350
a00024319	278351
a00024320	278352
a00024321	278353
a00024322	278354
a00024323	278355
a00024324	278356
a00024325	278357
a00024326	278358
a00024327	278359
a00024328	278360
a00024329	278361
a00024330	278362
a00024331	278363
a00024332	278364
a00024333	278365
a00024334	278366
a00024335	278367
a00024336	278368
a00024337	278369
a00024338	278370
a00024339	278371
a00024340	278372
a00024341	278373
a00024342	278374
a00024343	278375
a00024344	278376
a00024345	278377
a00024346	278378
a00024347	278379
a00024348	278380
a00024349	278381
a00024350	278382
a00024351	278383
a00024352	278384
a00024353	278385
a00024354	278386
a00024355	278387
a00024356	278388
a00024357	278389
a00024358	278390
a00024359	278391
a00024360	278392
a00024361	278393
a00024362	278394
a00024363	278395
a00024364	278396
a00024365	278397
a00024366	278398
a00024367	278399
a00024368	278400
a00024369	278401
a00024370	278402
a00024371	278403
a00024372	278404
a00024373	278405
a00024374	278406
a00024375	278407
a00024376	278408
a00024377	278409
a00024378	278410
a00024379	278411
a00024380	278412
a00024381	278413
a00024382	278414
a00024383	278415
a00024384	278416
a00024385	278417
a00024386	278418
a00024387	278419
a00024388	278420
a00024389	278421
a00024390	278422
a00024391	278423
a00024392	278424
a00024393	278425
a00024394	278426
a00024395	278427
a00024396	278428
a00024397	278429
a00024398	278430
a00024399	278431
a00024400	278432
a00024401	278433
a00024402	278434
a00024403	278435
a00024404	278436
a00024405	278437
a00024406	278438
a00024407	278439
a00024408	278440
a00024409	278441
a00024410	278442
a00024411	278443
a00024412	278444
a00024413	278445
a00024414	278446
a00024415	278447
a00024416	278448
a00024417	278449
a00024418	278450
a00024419	278451
a00024420	278452
a00024421	278453
a00024422	278454
a00024423	278455
a00024424	278456
a00024425	278457
a00024426	278458
a00024427	278459
a00024428	278460
a00024429	278461
a00024430	278462
a00024431	278463
a00024432	278464
a00024433	278465
a00024434	278466
a00024435	278467
a00024436	278468
a00024437	278469
a00024438	278470
a00024439	278471
a00024440	278472
a00024441	278473
a00024442	278474
a00024443	278475
a00024444	278476
a00024445	278477
a00024446	278478
a00024447	278479
a00024448	278480
a00024449	278481
a00024450	278482
a00024451	278483
a00024452	278484
a00024453	278485
a00024454	278486
a00024455	278487
a00024456	278488
a00024457	278489
a00024458	278490
a00024459	278491
a00024460	278492
a00024461	278493
a00024462	278494
a00024463	278495
a00024464	278496
a00024465	278497
a00024466	278498
a00024467	278499
a00024468	278500
a00024469	278501
a00024470	278502
a00024471	278503
a00024472	278504
a00024473	278505
a00024474	278506
a00024475	278507
a00024476	278508
a00024477	278509
a00024478	278510
a00024479	278511
a00024480	278512
a00024481	278513
a00024482	278514
a00024483	278515
a00024484	278516
a00024485	278517
a00024486	278518
a00024487	278519
a00024488	278520
a00024489	278521
a00024490	278522
a00024491	278523
a00024492	278524
a00024493	278525
a00024494	278526
a00024495	278527
a00024496	278528
a00024497	278529
a00024498	278530
a00024499	278531
a00024500	278532
a00024501	278533
a00024502	278534
a00024503	278535
a00024504	278536
a00024505	278537
a00024506	278538
a00024507	278539
a00024508	278540
a00024509	278541
a00024510	278542
a00024511	278543
a00024512	278544
a00024513	278545
a00024514	278546
a00024515	278547
a00024516	278548
a00024517	278549
a00024518	278550
a00024519	278551
a00024520	278552
a00024521	278553
a00024522	278554
a00024523	278555
a00024524	278556
a00024525	278557
a00024526	278558
a00024527	278559
a00024528	278560
a00024529	278561
a00024530	278562
a00024531	278563
a00024532	278564
a00024533	278565
a00024534	278566
a00024535	278567
a00024536	278568
a00024537	278569
a00024538	278570
a00024539	278571
a00024540	278572
a00024541	278573
a00024542	278574
a00024543	278575
a00024544	278576
a00024545	278577
a00024546	278578
a00024547	278579
a00024548	278580
a00024549	278581
a00024550	278582
a00024551	278583
a00024552	278584
a00024553	278585
a00024554	278586
a00024555	278587
a00024556	278588
a00024557	278589
a00024558	278590
a00024559	278591
a00024560	278592
a00024561	278593
a00024562	278594
a00024563	278595
a00024564	278596
a00024565	278597
a00024566	278598
a00024567	278599
a00024568	278600
a00024569	278601
a00024570	278602
a00024571	278603
a00024572	278604
a00024573	278605
a00024574	278606
a00024575	278607
a00024576	278608
a00024577	278609
a00024578	278610
a00024579	278611
a00024580	278612
a00024581	278613
a00024582	278614
a00024583	278615
a00024584	278616
a00024585	278617
a00024586	278618
a00024587	278619
a00024588	278620
a00024589	278621
a00024590	278622
a00024591	278623
a00024592	278624
a00024593	278625
a00024594	278626
a00024595	278627
a00024596	278628
a00024597	278629
a00024598	278630
a00024599	278631
a00024600	278632
a00024601	278633
a00024602	278634
a00024603	278635
a00024604	278636
a00024605	278637
a00024606	278638
a00024607	278639
a00024608	278640
a00024609	278641
a00024610	278642
a00024611	278643
a00024612	278644
a00024613	278645
a00024614	278646
a00024615	278647
a00024616	278648
a00024617	278649
a00024618	278650
a00024619	278651
a00024620	278652
a00024621	278653
a00024622	278654
a00024623	278655
a00024624	278656
a00024625	278657
a00024626	278658
a00024627	278659
a00024628	278660
a00024629	278661
a00024630	278662
a00024631	278663
a00024632	278664
a00024633	278665
a00024634	278666
a00024635	278667
a00024636	278668
a00024637	278669
a00024638	278670
a00024639	278671
a00024640	278672
a00024641	278673
a00024642	278674
a00024643	278675
a00024644	278676
a00024645	278677
a00024646	278678
a00024647	278679
a00024648	278680
a00024649	278681
a00024650	278682
a00024651	278683
a00024652	278684
a00024653	278685
a00024654	278686
a00024655	278687
a00024656	278688
a00024657	278689
a00024658	278690
a00024659	278691
a00024660	278692
a00024661	278693
a00024662	278694
a00024663	278695
a00024664	278696
a00024665	278697
a00024666	278698
a00024667	278699
a00024668	278700
a00024669	278701
a00024670	278702
a00024671	278703
a00024672	278704
a00024673	278705
a00024674	278706
a00024675	278707
a00024676	278708
a00024677	278709
a00024678	278710
a00024679	278711
a00024680	278712
a00024681	278713
a00024682	278714
a00024683	278715
a00024684	278716
a00024685	278717
a00024686	278718
a00024687	278719
a00024688	278720
a00024689	278721
a00024690	278722
a00024691	278723
a00024692	278724
a00024693	278725
a00024694	278726
a00024695	278727
a00024696	278728
a00024697	278729
a00024698	278730
a00024699	278731
a00024700	278732
a00024701	278733
a00024702	278734
a00024703	278735
a00024704	278736
a00024705	278737
a00024706	278738
a00024707	278739
a00024708	278740
a00024709	278741
a00024710	278742
a00024711	278743
a00024712	278744
a00024713	278745
a00024714	278746
a00024715	278747
a00024716	278748
a00024717	278749
a00024718	278750
a00024719	278751
a00024720	278752
a00024721	278753
a00024722	278754
a00024723	278755
a00024724	278756
a00024725	278757
a00024726	278758
a00024727	278759
a00024728	278760
a00024729	278761
a00024730	278762
a00024731	278763
a00024732	278764
a00024733	278765
a00024734	278766
a00024735	278767
a00024736	278768
a00024737	278769
a00024738	278770
a00024739	278771
a00024740	278772
a00024741	278773
a00024742	278774
a00024743	278775
a00024744	278776
a00024745	278777
a00024746	278778
a00024747	278779
a00024748	278780
a00024749	278781
a00024750	278782
a00024751	278783
a00024752	278784
a00024753	278785
a00024754	278786
a00024755	278787
a00024756	278788
a00024757	278789
a00024758	278790
a00024759	278791
a00024760	278792
a00024761	278793
a00024762	278794
a00024763	278795
a00024764	278796
a00024765	278797
a00024766	278798
a00024767	278799
a00024768	278800
a00024769	278801
a00024770	278802
a00024771	278803
a00024772	278804
a00024773	278805
a00024774	278806
a00024775	278807
a00024776	278808
a00024777	278809
a00024778	278810
a00024779	278811
a00024780	278812
a00024781	278813
a00024782	278814
a00024783	278815
a00024784	278816
a00024785	278817
a00024786	278818
a00024787	278819
a00024788	278820
a00024789	278821
a00024790	278822
a00024791	278823
a00024792	278824
a00024793	278825
a00024794	278826
a00024795	278827
a00024796	278828
a00024797	278829
a00024798	278830
a00024799	278831
a00024800	278832
a00024801	278833
a00024802	278834
a00024803	278835
a00024804	278836
a00024805	278837
a00024806	278838
a00024807	278839
a00024808	278840
a00024809	278841
a00024810	278842
a00024811	278843
a00024812	278844
a00024813	278845
a00024814	278846
a00024815	278847
a00024816	278848
a00024817	278849
a00024818	278850
a00024819	278851
a00024820	278852
a00024821	278853
a00024822	278854
a00024823	278855
a00024824	278856
a00024825	278857
a00024826	278858
a00024827	278859
a00024828	278860
a00024829	278861
a00024830	278862
a00024831	278863
a00024832	278864
a00024833	278865
a00024834	278866
a00024835	278867
a00024836	278868
a00024837	278869
a00024838	278870
a00024839	278871
a00024840	278872
a00024841	278873
a00024842	278874
a00024843	278875
a00024844	278876
a00024845	278877
a00024846	278878
a00024847	278879
a00024848	278880
a00024849	278881
a00024850	278882
a00024851	278883
a00024852	278884
a00024853	278885
a00024854	278886
a00024855	278887
a00024856	278888
a00024857	278889
a00024858	278890
a00024859	278891
a00024860	278892
a00024861	278893
a00024862	278894
a00024863	278895
a00024864	278896
a00024865	278897
a00024866	278898
a00024867	278899
a00024868	278900
a00024869	278901
a00024870	278902
a00024871	278903
a00024872	278904
a00024873	278905
a00024874	278906
a00024875	278907
a00024876	278908
a00024877	278909
a00024878	278910
a00024879	278911
a00024880	278912
a00024881	278913
a00024882	278914
a00024883	278915
a00024884	278916
a00024885	278917
a00024886	278918
a00024887	278919
a00024888	278920
a00024889	278921
a00024890	278922
a00024891	278923
a00024892	278924
a00024893	278925
a00024894	278926
a00024895	278927
a00024896	278928
a00024897	278929
a00024898	278930
a00024899	278931
a00024900	278932
a00024901	278933
a00024902	278934
a00024903	278935
a00024904	278936
a00024905	278937
a00024906	278938
a00024907	278939
a00024908	278940
a00024909	278941
a00024910	278942
a00024911	278943
a00024912	278944
a00024913	278945
a00024914	278946
a00024915	278947
a00024916	278948
a00024917	278949
a00024918	278950
a00024919	278951
a00024920	278952
a00024921	278953
a00024922	278954
a00024923	278955
a00024924	278956
a00024925	278957
a00024926	278958
a00024927	278959
a00024928	278960
a00024929	278961
a00024930	278962
a00024931	278963
a00024932	278964
a00024933	278965
a00024934	278966
a00024935	278967
a00024936	278968
a00024937	278969
a00024938	278970
a00024939	278971
a00024940	278972
a00024941	278973
a00024942	278974
a00024943	278975
a00024944	278976
a00024945	278977
a00024946	278978
a00024947	278979
a00024948	278980
a00024949	278981
a00024950	278982
a00024951	278983
a00024952	278984
a00024953	278985
a00024954	278986
a00024955	278987
a00024956	278988
a00024957	278989
a00024958	278990
a00024959	278991
a00024960	278992
a00024961	278993
a00024962	278994
a00024963	278995
a00024964	278996
a00024965	278997
a00024966	278998
a00024967	278999
a00024968	279000
a00024969	279001
a00024970	279002
a00024971	279003
a00024972	279004
a00024973	279005
a00024974	279006
a00024975	279007
a00024976	279008
a00024977	279009
a00024978	279010
a00024979	279011
a00024980	279012
a00024981	279013
a00024982	279014
a00024983	279015
a00024984	279016
a00024985	279017
a00024986	279018
a00024987	279019
a00024988	279020
a00024989	279021
a00024990	279022
a00024991	279023
a00024992	279024
a00024993	279025
a00024994	279026
a00024995	279027
a00024996	279028
a00024997	279029
a00024998	279030
a00024999	279031
a00025000	279032
a00025001	279033
a00025002	279034
a00025003	279035
a00025004	279036
a00025005	279037
a00025006	279038
a00025007	279039
a00025008	279040
a00025009	279041
a00025010	279042
a00025011	279043
a00025012	279044
a00025013	279045
a00025014	279046
a00025015	279047
a00025016	279048
a00025017	279049
a00025018	279050
a00025019	279051
a00025020	279052
a00025021	279053
a00025022	279054
a00025023	279055
a00025024	279056
a00025025	279057
a00025026	279058
a00025027	279059
a00025028	279060
a00025029	279061
a00025030	279062
a00025031	279063
a00025032	279064
a00025033	279065
a00025034	279066
a00025035	279067
a00025036	279068
a00025037	279069
a00025038	279070
a00025039	279071
a00025040	279072
a00025041	279073
a00025042	279074
a00025043	279075
a00025044	279076
a00025045	279077
a00025046	279078
a00025047	279079
a00025048	279080
a00025049	279081
a00025050	279082
a00025051	279083
a00025052	279084
a00025053	279085
a00025054	279086
a00025055	279087
a00025056	279088
a00025057	279089
a00025058	279090
a00025059	279091
a00025060	279092
a00025061	279093
a00025062	279094
a00025063	279095
a00025064	279096
a00025065	279097
a00025066	279098
a00025067	279099
a00025068	279100
a00025069	279101
a00025070	279102
a00025071	279103
a00025072	279104
a00025073	279105
a00025074	279106
a00025075	279107
a00025076	279108
a00025077	279109
a00025078	279110
a00025079	279111
a00025080	279112
a00025081	279113
a00025082	279114
a00025083	279115
a00025084	279116
a00025085	279117
a00025086	279118
a00025087	279119
a00025088	279120
a00025089	279121
a00025090	279122
a00025091	279123
a00025092	279124
a00025093	279125
a00025094	279126
a00025095	279127
a00025096	279128
a00025097	279129
a00025098	279130
a00025099	279131
a00025100	279132
a00025101	279133
a00025102	279134
a00025103	279135
a00025104	279136
a00025105	279137
a00025106	279138
a00025107	279139
a00025108	279140
a00025109	279141
a00025110	279142
a00025111	279143
a00025112	279144
a00025113	279145
a00025114	279146
a00025115	279147
a00025116	279148
a00025117	279149
a00025118	279150
a00025119	279151
a00025120	279152
a00025121	279153
a00025122	279154
a00025123	279155
a00025124	279156
a00025125	279157
a00025126	279158
a00025127	279159
a00025128	279160
a00025129	279161
a00025130	279162
a00025131	279163
a00025132	279164
a00025133	279165
a00025134	279166
a00025135	279167
a00025136	279168
a00025137	279169
a00025138	279170
a00025139	279171
a00025140	279172
a00025141	279173
a00025142	279174
a00025143	279175
a00025144	279176
a00025145	279177
a00025146	279178
a00025147	279179
a00025148	279180
a00025149	279181
a00025150	279182
a00025151	279183
a00025152	279184
a00025153	279185
a00025154	279186
a00025155	279187
a00025156	279188
a00025157	279189
a00025158	279190
a00025159	279191
a00025160	279192
a00025161	279193
a00025162	279194
a00025163	279195
a00025164	279196
a00025165	279197
a00025166	279198
a00025167	279199
a00025168	279200
a00025169	279201
a00025170	279202
a00025171	279203
a00025172	279204
a00025173	279205
a00025174	279206
a00025175	279207
a00025176	279208
a00025177	279209
a00025178	279210
a00025179	279211
a00025180	279212
a00025181	279213
a00025182	279214
a00025183	279215
a00025184	279216
a00025185	279217
a00025186	279218
a00025187	279219
a00025188	279220
a00025189	279221
a00025190	279222
a00025191	279223
a00025192	279224
a00025193	279225
a00025194	279226
a00025195	279227
a00025196	279228
a00025197	279229
a00025198	279230
a00025199	279231
a00025200	279232
a00025201	279233
a00025202	279234
a00025203	279235
a00025204	279236
a00025205	279237
a00025206	279238
a00025207	279239
a00025208	279240
a00025209	279241
a00025210	279242
a00025211	279243
a00025212	279244
a00025213	279245
a00025214	279246
a00025215	279247
a00025216	279248
a00025217	279249
a00025218	279250
a00025219	279251
a00025220	279252
a00025221	279253
a00025222	279254
a00025223	279255
a00025224	279256
a00025225	279257
a00025226	279258
a00025227	279259
a00025228	279260
a00025229	279261
a00025230	279262
a00025231	279263
a00025232	279264
a00025233	279265
a00025234	279266
a00025235	279267
a00025236	279268
a00025237	279269
a00025238	279270
a00025239	279271
a00025240	279272
a00025241	279273
a00025242	279274
a00025243	279275
a00025244	279276
a00025245	279277
a00025246	279278
a00025247	279279
a00025248	279280
a00025249	279281
a00025250	279282
a00025251	279283
a00025252	279284
a00025253	279285
a00025254	279286
a00025255	279287
a00025256	279288
a00025257	279289
a00025258	279290
a00025259	279291
a00025260	279292
a00025261	279293
a00025262	279294
a00025263	279295
a00025264	279296
a00025265	279297
a00025266	279298
a00025267	279299
a00025268	279300
a00025269	279301
a00025270	279302
a00025271	279303
a00025272	279304
a00025273	279305
a00025274	279306
a00025275	279307
a00025276	279308
a00025277	279309
a00025278	279310
a00025279	279311
a00025280	279312
a00025281	279313
a00025282	279314
a00025283	279315
a00025284	279316
a00025285	279317
a00025286	279318
a00025287	279319
a00025288	279320
a00025289	279321
a00025290	279322
a00025291	279323
a00025292	279324
a00025293	279325
a00025294	279326
a00025295	279327
a00025296	279328
a00025297	279329
a00025298	279330
a00025299	279331
a00025300	279332
a00025301	279333
a00025302	279334
a00025303	279335
a00025304	279336
a00025305	279337
a00025306	279338
a00025307	279339
a00025308	279340
a00025309	279341
a00025310	279342
a00025311	279343
a00025312	279344
a00025313	279345
a00025314	279346
a00025315	279347
a00025316	279348
a00025317	279349
a00025318	279350
a00025319	279351
a00025320	279352
a00025321	279353
a00025322	279354
a00025323	279355
a00025324	279356
a00025325	279357
a00025326	279358
a00025327	279359
a00025328	279360
a00025329	279361
a00025330	279362
a00025331	279363
a00025332	279364
a00025333	279365
a00025334	279366
a00025335	279367
a00025336	279368
a00025337	279369
a00025338	279370
a00025339	279371
a00025340	279372
a00025341	279373
a00025342	279374
a00025343	279375
a00025344	279376
a00025345	279377
a00025346	279378
a00025347	279379
a00025348	279380
a00025349	279381
a00025350	279382
a00025351	279383
a00025352	279384
a00025353	279385
a00025354	279386
a00025355	279387
a00025356	279388
a00025357	279389
a00025358	279390
a00025359	279391
a00025360	279392
a00025361	279393
a00025362	279394
a00025363	279395
a00025364	279396
a00025365	279397
a00025366	279398
a00025367	279399
a00025368	279400
a00025369	279401
a00025370	279402
a00025371	279403
a00025372	279404
a00025373	279405
a00025374	279406
a00025375	279407
a00025376	279408
a00025377	279409
a00025378	279410
a00025379	279411
a00025380	279412
a00025381	279413
a00025382	279414
a00025383	279415
a00025384	279416
a00025385	279417
a00025386	279418
a00025387	279419
a00025388	279420
a00025389	279421
a00025390	279422
a00025391	279423
a00025392	279424
a00025393	279425
a00025394	279426
a00025395	279427
a00025396	279428
a00025397	279429
a00025398	279430
a00025399	279431
a00025400	279432
a00025401	279433
a00025402	279434
a00025403	279435
a00025404	279436
a00025405	279437
a00025406	279438
a00025407	279439
a00025408	279440
a00025409	279441
a00025410	279442
a00025411	279443
a00025412	279444
a00025413	279445
a00025414	279446
a00025415	279447
a00025416	279448
a00025417	279449
a00025418	279450
a00025419	279451
a00025420	279452
a00025421	279453
a00025422	279454
a00025423	279455
a00025424	279456
a00025425	279457
a00025426	279458
a00025427	279459
a00025428	279460
a00025429	279461
a00025430	279462
a00025431	279463
a00025432	279464
a00025433	279465
a00025434	279466
a00025435	279467
a00025436	279468
a00025437	279469
a00025438	279470
a00025439	279471
a00025440	279472
a00025441	279473
a00025442	279474
a00025443	279475
a00025444	279476
a00025445	279477
a00025446	279478
a00025447	279479
a00025448	279480
a00025449	279481
a00025450	279482
a00025451	279483
a00025452	279484
a00025453	279485
a00025454	279486
a00025455	279487
a00025456	279488
a00025457	279489
a00025458	279490
a00025459	279491
a00025460	279492
a00025461	279493
a00025462	279494
a00025463	279495
a00025464	279496
a00025465	279497
a00025466	279498
a00025467	279499
a00025468	279500
a00025469	279501
a00025470	279502
a00025471	279503
a00025472	279504
a00025473	279505
a00025474	279506
a00025475	279507
a00025476	279508
a00025477	279509
a00025478	279510
a00025479	279511
a00025480	279512
a00025481	279513
a00025482	279514
a00025483	279515
a00025484	279516
a00025485	279517
a00025486	279518
a00025487	279519
a00025488	279520
a00025489	279521
a00025490	279522
a00025491	279523
a00025492	279524
a00025493	279525
a00025494	279526
a00025495	279527
a00025496	279528
a00025497	279529
a00025498	279530
a00025499	279531
a00025500	279532
a00025501	279533
a00025502	279534
a00025503	279535
a00025504	279536
a00025505	279537
a00025506	279538
a00025507	279539
a00025508	279540
a00025509	279541
a00025510	279542
a00025511	279543
a00025512	279544
a00025513	279545
a00025514	279546
a00025515	279547
a00025516	279548
a00025517	279549
a00025518	279550
a00025519	279551
a00025520	279552
a00025521	279553
a00025522	279554
a00025523	279555
a00025524	279556
a00025525	279557
a00025526	279558
a00025527	279559
a00025528	279560
a00025529	279561
a00025530	279562
a00025531	279563
a00025532	279564
a00025533	279565
a00025534	279566
a00025535	279567
a00025536	279568
a00025537	279569
a00025538	279570
a00025539	279571
a00025540	279572
a00025541	279573
a00025542	279574
a00025543	279575
a00025544	279576
a00025545	279577
a00025546	279578
a00025547	279579
a00025548	279580
a00025549	279581
a00025550	279582
a00025551	279583
a00025552	279584
a00025553	279585
a00025554	279586
a00025555	279587
a00025556	279588
a00025557	279589
a00025558	279590
a00025559	279591
a00025560	279592
a00025561	279593
a00025562	279594
a00025563	279595
a00025564	279596
a00025565	279597
a00025566	279598
a00025567	279599
a00025568	279600
a00025569	279601
a00025570	279602
a00025571	279603
a00025572	279604
a00025573	279605
a00025574	279606
a00025575	279607
a00025576	279608
a00025577	279609
a00025578	279610
a00025579	279611
a00025580	279612
a00025581	279613
a00025582	279614
a00025583	279615
a00025584	279616
a00025585	279617
a00025586	279618
a00025587	279619
a00025588	279620
a00025589	279621
a00025590	279622
a00025591	279623
a00025592	279624
a00025593	279625
a00025594	279626
a00025595	279627
a00025596	279628
a00025597	279629
a00025598	279630
a00025599	279631
a00025600	279632
a00025601	279633
a00025602	279634
a00025603	279635
a00025604	279636
a00025605	279637
a00025606	279638
a00025607	279639
a00025608	279640
a00025609	279641
a00025610	279642
a00025611	279643
a00025612	279644
a00025613	279645
a00025614	279646
a00025615	279647
a00025616	279648
a00025617	279649
a00025618	279650
a00025619	279651
a00025620	279652
a00025621	279653
a00025622	279654
a00025623	279655
a00025624	279656
a00025625	279657
a00025626	279658
a00025627	279659
a00025628	279660
a00025629	279661
a00025630	279662
a00025631	279663
a00025632	279664
a00025633	279665
a00025634	279666
a00025635	279667
a00025636	279668
a00025637	279669
a00025638	279670
a00025639	279671
a00025640	279672
a00025641	279673
a00025642	279674
a00025643	279675
a00025644	279676
a00025645	279677
a00025646	279678
a00025647	279679
a00025648	279680
a00025649	279681
a00025650	279682
a00025651	279683
a00025652	279684
a00025653	279685
a00025654	279686
a00025655	279687
a00025656	279688
a00025657	279689
a00025658	279690
a00025659	279691
a00025660	279692
a00025661	279693
a00025662	279694
a00025663	279695
a00025664	279696
a00025665	279697
a00025666	279698
a00025667	279699
a00025668	279700
a00025669	279701
a00025670	279702
a00025671	279703
a00025672	279704
a00025673	279705
a00025674	279706
a00025675	279707
a00025676	279708
a00025677	279709
a00025678	279710
a00025679	279711
a00025680	279712
a00025681	279713
a00025682	279714
a00025683	279715
a00025684	279716
a00025685	279717
a00025686	279718
a00025687	279719
a00025688	279720
a00025689	279721
a00025690	279722
a00025691	279723
a00025692	279724
a00025693	279725
a00025694	279726
a00025695	279727
a00025696	279728
a00025697	279729
a00025698	279730
a00025699	279731
a00025700	279732
a00025701	279733
a00025702	279734
a00025703	279735
a00025704	279736
a00025705	279737
a00025706	279738
a00025707	279739
a00025708	279740
a00025709	279741
a00025710	279742
a00025711	279743
a00025712	279744
a00025713	279745
a00025714	279746
a00025715	279747
a00025716	279748
a00025717	279749
a00025718	279750
a00025719	279751
a00025720	279752
a00025721	279753
a00025722	279754
a00025723	279755
a00025724	279756
a00025725	279757
a00025726	279758
a00025727	279759
a00025728	279760
a00025729	279761
a00025730	279762
a00025731	279763
a00025732	279764
a00025733	279765
a00025734	279766
a00025735	279767
a00025736	279768
a00025737	279769
a00025738	279770
a00025739	279771
a00025740	279772
a00025741	279773
a00025742	279774
a00025743	279775
a00025744	279776
a00025745	279777
a00025746	279778
a00025747	279779
a00025748	279780
a00025749	279781
a00025750	279782
a00025751	279783
a00025752	279784
a00025753	279785
a00025754	279786
a00025755	279787
a00025756	279788
a00025757	279789
a00025758	279790
a00025759	279791
a00025760	279792
a00025761	279793
a00025762	279794
a00025763	279795
a00025764	279796
a00025765	279797
a00025766	279798
a00025767	279799
a00025768	279800
a00025769	279801
a00025770	279802
a00025771	279803
a00025772	279804
a00025773	279805
a00025774	279806
a00025775	279807
a00025776	279808
a00025777	279809
a00025778	279810
a00025779	279811
a00025780	279812
a00025781	279813
a00025782	279814
a00025783	279815
a00025784	279816
a00025785	279817
a00025786	279818
a00025787	279819
a00025788	279820
a00025789	279821
a00025790	279822
a00025791	279823
a00025792	279824
a00025793	279825
a00025794	279826
a00025795	279827
a00025796	279828
a00025797	279829
a00025798	279830
a00025799	279831
a00025800	279832
a00025801	279833
a00025802	279834
a00025803	279835
a00025804	279836
a00025805	279837
a00025806	279838
a00025807	279839
a00025808	279840
a00025809	279841
a00025810	279842
a00025811	279843
a00025812	279844
a00025813	279845
a00025814	279846
a00025815	279847
a00025816	279848
a00025817	279849
a00025818	279850
a00025819	279851
a00025820	279852
a00025821	279853
a00025822	279854
a00025823	279855
a00025824	279856
a00025825	279857
a00025826	279858
a00025827	279859
a00025828	279860
a00025829	279861
a00025830	279862
a00025831	279863
a00025832	279864
a00025833	279865
a00025834	279866
a00025835	279867
a00025836	279868
a00025837	279869
a00025838	279870
a00025839	279871
a00025840	279872
a00025841	279873
a00025842	279874
a00025843	279875
a00025844	279876
a00025845	279877
a00025846	279878
a00025847	279879
a00025848	279880
a00025849	279881
a00025850	279882
a00025851	279883
a00025852	279884
a00025853	279885
a00025854	279886
a00025855	279887
a00025856	279888
a00025857	279889
a00025858	279890
a00025859	279891
a00025860	279892
a00025861	279893
a00025862	279894
a00025863	279895
a00025864	279896
a00025865	279897
a00025866	279898
a00025867	279899
a00025868	279900
a00025869	279901
a00025870	279902
a00025871	279903
a00025872	279904
a00025873	279905
a00025874	279906
a00025875	279907
a00025876	279908
a00025877	279909
a00025878	279910
a00025879	279911
a00025880	279912
a00025881	279913
a00025882	279914
a00025883	279915
a00025884	279916
a00025885	279917
a00025886	279918
a00025887	279919
a00025888	279920
a00025889	279921
a00025890	279922
a00025891	279923
a00025892	279924
a00025893	279925
a00025894	279926
a00025895	279927
a00025896	279928
a00025897	279929
a00025898	279930
a00025899	279931
a00025900	279932
a00025901	279933
a00025902	279934
a00025903	279935
a00025904	279936
a00025905	279937
a00025906	279938
a00025907	279939
a00025908	279940
a00025909	279941
a00025910	279942
a00025911	279943
a00025912	279944
a00025913	279945
a00025914	279946
a00025915	279947
a00025916	279948
a00025917	279949
a00025918	279950
a00025919	279951
a00025920	279952
a00025921	279953
a00025922	279954
a00025923	279955
a00025924	279956
a00025925	279957
a00025926	279958
a00025927	279959
a00025928	279960
a00025929	279961
a00025930	279962
a00025931	279963
a00025932	279964
a00025933	279965
a00025934	279966
a00025935	279967
a00025936	279968
a00025937	279969
a00025938	279970
a00025939	279971
a00025940	279972
a00025941	279973
a00025942	279974
a00025943	279975
a00025944	279976
a00025945	279977
a00025946	279978
a00025947	279979
a00025948	279980
a00025949	279981
a00025950	279982
a00025951	279983
a00025952	279984
a00025953	279985
a00025954	279986
a00025955	279987
a00025956	279988
a00025957	279989
a00025958	279990
a00025959	279991
a00025960	279992
a00025961	279993
a00025962	279994
a00025963	279995
a00025964	279996
a00025965	279997
a00025966	279998
a00025967	279999
a00025968	280000
a00025969	280001
a00025970	280002
a00025971	280003
a00025972	280004
a00025973	280005
a00025974	280006
a00025975	280007
a00025976	280008
a00025977	280009
a00025978	280010
a00025979	280011
a00025980	280012
a00025981	280013
a00025982	280014
a00025983	280015
a00025984	280016
a00025985	280017
a00025986	280018
a00025987	280019
a00025988	280020
a00025989	280021
a00025990	280022
a00025991	280023
a00025992	280024
a00025993	280025
a00025994	280026
a00025995	280027
a00025996	280028
a00025997	280029
a00025998	280030
a00025999	280031
a00026000	280032
a00026001	280033
a00026002	280034
a00026003	280035
a00026004	280036
a00026005	280037
a00026006	280038
a00026007	280039
a00026008	280040
a00026009	280041
a00026010	280042
a00026011	280043
a00026012	280044
a00026013	280045
a00026014	280046
a00026015	280047
a00026016	280048
a00026017	280049
a00026018	280050
a00026019	280051
a00026020	280052
a00026021	280053
a00026022	280054
a00026023	280055
a00026024	280056
a00026025	280057
a00026026	280058
a00026027	280059
a00026028	280060
a00026029	280061
a00026030	280062
a00026031	280063
a00026032	280064
a00026033	280065
a00026034	280066
a00026035	280067
a00026036	280068
a00026037	280069
a00026038	280070
a00026039	280071
a00026040	280072
a00026041	280073
a00026042	280074
a00026043	280075
a00026044	280076
a00026045	280077
a00026046	280078
a00026047	280079
a00026048	280080
a00026049	280081
a00026050	280082
a00026051	280083
a00026052	280084
a00026053	280085
a00026054	280086
a00026055	280087
a00026056	280088
a00026057	280089
a00026058	280090
a00026059	280091
a00026060	280092
a00026061	280093
a00026062	280094
a00026063	280095
a00026064	280096
a00026065	280097
a00026066	280098
a00026067	280099
a00026068	280100
a00026069	280101
a00026070	280102
a00026071	280103
a00026072	280104
a00026073	280105
a00026074	280106
a00026075	280107
a00026076	280108
a00026077	280109
a00026078	280110
a00026079	280111
a00026080	280112
a00026081	280113
a00026082	280114
a00026083	280115
a00026084	280116
a00026085	280117
a00026086	280118
a00026087	280119
a00026088	280120
a00026089	280121
a00026090	280122
a00026091	280123
a00026092	280124
a00026093	280125
a00026094	280126
a00026095	280127
a00026096	280128
a00026097	280129
a00026098	280130
a00026099	280131
a00026100	280132
a00026101	280133
a00026102	280134
a00026103	280135
a00026104	280136
a00026105	280137
a00026106	280138
a00026107	280139
a00026108	280140
a00026109	280141
a00026110	280142
a00026111	280143
a00026112	280144
a00026113	280145
a00026114	280146
a00026115	280147
a00026116	280148
a00026117	280149
a00026118	280150
a00026119	280151
a00026120	280152
a00026121	280153
a00026122	280154
a00026123	280155
a00026124	280156
a00026125	280157
a00026126	280158
a00026127	280159
a00026128	280160
a00026129	280161
a00026130	280162
a00026131	280163
a00026132	280164
a00026133	280165
a00026134	280166
a00026135	280167
a00026136	280168
a00026137	280169
a00026138	280170
a00026139	280171
a00026140	280172
a00026141	280173
a00026142	280174
a00026143	280175
a00026144	280176
a00026145	280177
a00026146	280178
a00026147	280179
a00026148	280180
a00026149	280181
a00026150	280182
a00026151	280183
a00026152	280184
a00026153	280185
a00026154	280186
a00026155	280187
a00026156	280188
a00026157	280189
a00026158	280190
a00026159	280191
a00026160	280192
a00026161	280193
a00026162	280194
a00026163	280195
a00026164	280196
a00026165	280197
a00026166	280198
a00026167	280199
a00026168	280200
a00026169	280201
a00026170	280202
a00026171	280203
a00026172	280204
a00026173	280205
a00026174	280206
a00026175	280207
a00026176	280208
a00026177	280209
a00026178	280210
a00026179	280211
a00026180	280212
a00026181	280213
a00026182	280214
a00026183	280215
a00026184	280216
a00026185	280217
a00026186	280218
a00026187	280219
a00026188	280220
a00026189	280221
a00026190	280222
a00026191	280223
a00026192	280224
a00026193	280225
a00026194	280226
a00026195	280227
a00026196	280228
a00026197	280229
a00026198	280230
a00026199	280231
a00026200	280232
a00026201	280233
a00026202	280234
a00026203	280235
a00026204	280236
a00026205	280237
a00026206	280238
a00026207	280239
a00026208	280240
a00026209	280241
a00026210	280242
a00026211	280243
a00026212	280244
a00026213	280245
a00026214	280246
a00026215	280247
a00026216	280248
a00026217	280249
a00026218	280250
a00026219	280251
a00026220	280252
a00026221	280253
a00026222	280254
a00026223	280255
a00026224	280256
a00026225	280257
a00026226	280258
a00026227	280259
a00026228	280260
a00026229	280261
a00026230	280262
a00026231	280263
a00026232	280264
a00026233	280265
a00026234	280266
a00026235	280267
a00026236	280268
a00026237	280269
a00026238	280270
a00026239	280271
a00026240	280272
a00026241	280273
a00026242	280274
a00026243	280275
a00026244	280276
a00026245	280277
a00026246	280278
a00026247	280279
a00026248	280280
a00026249	280281
a00026250	280282
a00026251	280283
a00026252	280284
a00026253	280285
a00026254	280286
a00026255	280287
a00026256	280288
a00026257	280289
a00026258	280290
a00026259	280291
a00026260	280292
a00026261	280293
a00026262	280294
a00026263	280295
a00026264	280296
a00026265	280297
a00026266	280298
a00026267	280299
a00026268	280300
a00026269	280301
a00026270	280302
a00026271	280303
a00026272	280304
a00026273	280305
a00026274	280306
a00026275	280307
a00026276	280308
a00026277	280309
a00026278	280310
a00026279	280311
a00026280	280312
a00026281	280313
a00026282	280314
a00026283	280315
a00026284	280316
a00026285	280317
a00026286	280318
a00026287	280319
a00026288	280320
a00026289	280321
a00026290	280322
a00026291	280323
a00026292	280324
a00026293	280325
a00026294	280326
a00026295	280327
a00026296	280328
a00026297	280329
a00026298	280330
a00026299	280331
a00026300	280332
a00026301	280333
a00026302	280334
a00026303	280335
a00026304	280336
a00026305	280337
a00026306	280338
a00026307	280339
a00026308	280340
a00026309	280341
a00026310	280342
a00026311	280343
a00026312	280344
a00026313	280345
a00026314	280346
a00026315	280347
a00026316	280348
a00026317	280349
a00026318	280350
a00026319	280351
a00026320	280352
a00026321	280353
a00026322	280354
a00026323	280355
a00026324	280356
a00026325	280357
a00026326	280358
a00026327	280359
a00026328	280360
a00026329	280361
a00026330	280362
a00026331	280363
a00026332	280364
a00026333	280365
a00026334	280366
a00026335	280367
a00026336	280368
a00026337	280369
a00026338	280370
a00026339	280371
a00026340	280372
a00026341	280373
a00026342	280374
a00026343	280375
a00026344	280376
a00026345	280377
a00026346	280378
a00026347	280379
a00026348	280380
a00026349	280381
a00026350	280382
a00026351	280383
a00026352	280384
a00026353	280385
a00026354	280386
a00026355	280387
a00026356	280388
a00026357	280389
a00026358	280390
a00026359	280391
a00026360	280392
a00026361	280393
a00026362	280394
a00026363	280395
a00026364	280396
a00026365	280397
a00026366	280398
a00026367	280399
a00026368	280400
a00026369	280401
a00026370	280402
a00026371	280403
a00026372	280404
a00026373	280405
a00026374	280406
a00026375	280407
a00026376	280408
a00026377	280409
a00026378	280410
a00026379	280411
a00026380	280412
a00026381	280413
a00026382	280414
a00026383	280415
a00026384	280416
a00026385	280417
a00026386	280418
a00026387	280419
a00026388	280420
a00026389	280421
a00026390	280422
a00026391	280423
a00026392	280424
a00026393	280425
a00026394	280426
a00026395	280427
a00026396	280428
a00026397	280429
a00026398	280430
a00026399	280431
a00026400	280432
a00026401	280433
a00026402	280434
a00026403	280435
a00026404	280436
a00026405	280437
a00026406	280438
a00026407	280439
a00026408	280440
a00026409	280441
a00026410	280442
a00026411	280443
a00026412	280444
a00026413	280445
a00026414	280446
a00026415	280447
a00026416	280448
a00026417	280449
a00026418	280450
a00026419	280451
a00026420	280452
a00026421	280453
a00026422	280454
a00026423	280455
a00026424	280456
a00026425	280457
a00026426	280458
a00026427	280459
a00026428	280460
a00026429	280461
a00026430	280462
a00026431	280463
a00026432	280464
a00026433	280465
a00026434	280466
a00026435	280467
a00026436	280468
a00026437	280469
a00026438	280470
a00026439	280471
a00026440	280472
a00026441	280473
a00026442	280474
a00026443	280475
a00026444	280476
a00026445	280477
a00026446	280478
a00026447	280479
a00026448	280480
a00026449	280481
a00026450	280482
a00026451	280483
a00026452	280484
a00026453	280485
a00026454	280486
a00026455	280487
a00026456	280488
a00026457	280489
a00026458	280490
a00026459	280491
a00026460	280492
a00026461	280493
a00026462	280494
a00026463	280495
a00026464	280496
a00026465	280497
a00026466	280498
a00026467	280499
a00026468	280500
a00026469	280501
a00026470	280502
a00026471	280503
a00026472	280504
a00026473	280505
a00026474	280506
a00026475	280507
a00026476	280508
a00026477	280509
a00026478	280510
a00026479	280511
a00026480	280512
a00026481	280513
a00026482	280514
a00026483	280515
a00026484	280516
a00026485	280517
a00026486	280518
a00026487	280519
a00026488	280520
a00026489	280521
a00026490	280522
a00026491	280523
a00026492	280524
a00026493	280525
a00026494	280526
a00026495	280527
a00026496	280528
a00026497	280529
a00026498	280530
a00026499	280531
a00026500	280532
a00026501	280533
a00026502	280534
a00026503	280535
a00026504	280536
a00026505	280537
a00026506	280538
a00026507	280539
a00026508	280540
a00026509	280541
a00026510	280542
a00026511	280543
a00026512	280544
a00026513	280545
a00026514	280546
a00026515	280547
a00026516	280548
a00026517	280549
a00026518	280550
a00026519	280551
a00026520	280552
a00026521	280553
a00026522	280554
a00026523	280555
a00026524	280556
a00026525	280557
a00026526	280558
a00026527	280559
a00026528	280560
a00026529	280561
a00026530	280562
a00026531	280563
a00026532	280564
a00026533	280565
a00026534	280566
a00026535	280567
a00026536	280568
a00026537	280569
a00026538	280570
a00026539	280571
a00026540	280572
a00026541	280573
a00026542	280574
a00026543	280575
a00026544	280576
a00026545	280577
a00026546	280578
a00026547	280579
a00026548	280580
a00026549	280581
a00026550	280582
a00026551	280583
a00026552	280584
a00026553	280585
a00026554	280586
a00026555	280587
a00026556	280588
a00026557	280589
a00026558	280590
a00026559	280591
a00026560	280592
a00026561	280593
a00026562	280594
a00026563	280595
a00026564	280596
a00026565	280597
a00026566	280598
a00026567	280599
a00026568	280600
a00026569	280601
a00026570	280602
a00026571	280603
a00026572	280604
a00026573	280605
a00026574	280606
a00026575	280607
a00026576	280608
a00026577	280609
a00026578	280610
a00026579	280611
a00026580	280612
a00026581	280613
a00026582	280614
a00026583	280615
a00026584	280616
a00026585	280617
a00026586	280618
a00026587	280619
a00026588	280620
a00026589	280621
a00026590	280622
a00026591	280623
a00026592	280624
a00026593	280625
a00026594	280626
a00026595	280627
a00026596	280628
a00026597	280629
a00026598	280630
a00026599	280631
a00026600	280632
a00026601	280633
a00026602	280634
a00026603	280635
a00026604	280636
a00026605	280637
a00026606	280638
a00026607	280639
a00026608	280640
a00026609	280641
a00026610	280642
a00026611	280643
a00026612	280644
a00026613	280645
a00026614	280646
a00026615	280647
a00026616	280648
a00026617	280649
a00026618	280650
a00026619	280651
a00026620	280652
a00026621	280653
a00026622	280654
a00026623	280655
a00026624	280656
a00026625	280657
a00026626	280658
a00026627	280659
a00026628	280660
a00026629	280661
a00026630	280662
a00026631	280663
a00026632	280664
a00026633	280665
a00026634	280666
a00026635	280667
a00026636	280668
a00026637	280669
a00026638	280670
a00026639	280671
a00026640	280672
a00026641	280673
a00026642	280674
a00026643	280675
a00026644	280676
a00026645	280677
a00026646	280678
a00026647	280679
a00026648	280680
a00026649	280681
a00026650	280682
a00026651	280683
a00026652	280684
a00026653	280685
a00026654	280686
a00026655	280687
a00026656	280688
a00026657	280689
a00026658	280690
a00026659	280691
a00026660	280692
a00026661	280693
a00026662	280694
a00026663	280695
a00026664	280696
a00026665	280697
a00026666	280698
a00026667	280699
a00026668	280700
a00026669	280701
a00026670	280702
a00026671	280703
a00026672	280704
a00026673	280705
a00026674	280706
a00026675	280707
a00026676	280708
a00026677	280709
a00026678	280710
a00026679	280711
a00026680	280712
a00026681	280713
a00026682	280714
a00026683	280715
a00026684	280716
a00026685	280717
a00026686	280718
a00026687	280719
a00026688	280720
a00026689	280721
a00026690	280722
a00026691	280723
a00026692	280724
a00026693	280725
a00026694	280726
a00026695	280727
a00026696	280728
a00026697	280729
a00026698	280730
a00026699	280731
a00026700	280732
a00026701	280733
a00026702	280734
a00026703	280735
a00026704	280736
a00026705	280737
a00026706	280738
a00026707	280739
a00026708	280740
a00026709	280741
a00026710	280742
a00026711	280743
a00026712	280744
a00026713	280745
a00026714	280746
a00026715	280747
a00026716	280748
a00026717	280749
a00026718	280750
a00026719	280751
a00026720	280752
a00026721	280753
a00026722	280754
a00026723	280755
a00026724	280756
a00026725	280757
a00026726	280758
a00026727	280759
a00026728	280760
a00026729	280761
a00026730	280762
a00026731	280763
a00026732	280764
a00026733	280765
a00026734	280766
a00026735	280767
a00026736	280768
a00026737	280769
a00026738	280770
a00026739	280771
a00026740	280772
a00026741	280773
a00026742	280774
a00026743	280775
a00026744	280776
a00026745	280777
a00026746	280778
a00026747	280779
a00026748	280780
a00026749	280781
a00026750	280782
a00026751	280783
a00026752	280784
a00026753	280785
a00026754	280786
a00026755	280787
a00026756	280788
a00026757	280789
a00026758	280790
a00026759	280791
a00026760	280792
a00026761	280793
a00026762	280794
a00026763	280795
a00026764	280796
a00026765	280797
a00026766	280798
a00026767	280799
a00026768	280800
a00026769	280801
a00026770	280802
a00026771	280803
a00026772	280804
a00026773	280805
a00026774	280806
a00026775	280807
a00026776	280808
a00026777	280809
a00026778	280810
a00026779	280811
a00026780	280812
a00026781	280813
a00026782	280814
a00026783	280815
a00026784	280816
a00026785	280817
a00026786	280818
a00026787	280819
a00026788	280820
a00026789	280821
a00026790	280822
a00026791	280823
a00026792	280824
a00026793	280825
a00026794	280826
a00026795	280827
a00026796	280828
a00026797	280829
a00026798	280830
a00026799	280831
a00026800	280832
a00026801	280833
a00026802	280834
a00026803	280835
a00026804	280836
a00026805	280837
a00026806	280838
a00026807	280839
a00026808	280840
a00026809	280841
a00026810	280842
a00026811	280843
a00026812	280844
a00026813	280845
a00026814	280846
a00026815	280847
a00026816	280848
a00026817	280849
a00026818	280850
a00026819	280851
a00026820	280852
a00026821	280853
a00026822	280854
a00026823	280855
a00026824	280856
a00026825	280857
a00026826	280858
a00026827	280859
a00026828	280860
a00026829	280861
a00026830	280862
a00026831	280863
a00026832	280864
a00026833	280865
a00026834	280866
a00026835	280867
a00026836	280868
a00026837	280869
a00026838	280870
a00026839	280871
a00026840	280872
a00026841	280873
a00026842	280874
a00026843	280875
a00026844	280876
a00026845	280877
a00026846	280878
a00026847	280879
a00026848	280880
a00026849	280881
a00026850	280882
a00026851	280883
a00026852	280884
a00026853	280885
a00026854	280886
a00026855	280887
a00026856	280888
a00026857	280889
a00026858	280890
a00026859	280891
a00026860	280892
a00026861	280893
a00026862	280894
a00026863	280895
a00026864	280896
a00026865	280897
a00026866	280898
a00026867	280899
a00026868	280900
a00026869	280901
a00026870	280902
a00026871	280903
a00026872	280904
a00026873	280905
a00026874	280906
a00026875	280907
a00026876	280908
a00026877	280909
a00026878	280910
a00026879	280911
a00026880	280912
a00026881	280913
a00026882	280914
a00026883	280915
a00026884	280916
a00026885	280917
a00026886	280918
a00026887	280919
a00026888	280920
a00026889	280921
a00026890	280922
a00026891	280923
a00026892	280924
a00026893	280925
a00026894	280926
a00026895	280927
a00026896	280928
a00026897	280929
a00026898	280930
a00026899	280931
a00026900	280932
a00026901	280933
a00026902	280934
a00026903	280935
a00026904	280936
a00026905	280937
a00026906	280938
a00026907	280939
a00026908	280940
a00026909	280941
a00026910	280942
a00026911	280943
a00026912	280944
a00026913	280945
a00026914	280946
a00026915	280947
a00026916	280948
a00026917	280949
a00026918	280950
a00026919	280951
a00026920	280952
a00026921	280953
a00026922	280954
a00026923	280955
a00026924	280956
a00026925	280957
a00026926	280958
a00026927	280959
a00026928	280960
a00026929	280961
a00026930	280962
a00026931	280963
a00026932	280964
a00026933	280965
a00026934	280966
a00026935	280967
a00026936	280968
a00026937	280969
a00026938	280970
a00026939	280971
a00026940	280972
a00026941	280973
a00026942	280974
a00026943	280975
a00026944	280976
a00026945	280977
a00026946	280978
a00026947	280979
a00026948	280980
a00026949	280981
a00026950	280982
a00026951	280983
a00026952	280984
a00026953	280985
a00026954	280986
a00026955	280987
a00026956	280988
a00026957	280989
a00026958	280990
a00026959	280991
a00026960	280992
a00026961	280993
a00026962	280994
a00026963	280995
a00026964	280996
a00026965	280997
a00026966	280998
a00026967	280999
a00026968	281000
a00026969	281001
a00026970	281002
a00026971	281003
a00026972	281004
a00026973	281005
a00026974	281006
a00026975	281007
a00026976	281008
a00026977	281009
a00026978	281010
a00026979	281011
a00026980	281012
a00026981	281013
a00026982	281014
a00026983	281015
a00026984	281016
a00026985	281017
a00026986	281018
a00026987	281019
a00026988	281020
a00026989	281021
a00026990	281022
a00026991	281023
a00026992	281024
a00026993	281025
a00026994	281026
a00026995	281027
a00026996	281028
a00026997	281029
a00026998	281030
a00026999	281031
a00027000	281032
a00027001	281033
a00027002	281034
a00027003	281035
a00027004	281036
a00027005	281037
a00027006	281038
a00027007	281039
a00027008	281040
a00027009	281041
a00027010	281042
a00027011	281043
a00027012	281044
a00027013	281045
a00027014	281046
a00027015	281047
a00027016	281048
a00027017	281049
a00027018	281050
a00027019	281051
a00027020	281052
a00027021	281053
a00027022	281054
a00027023	281055
a00027024	281056
a00027025	281057
a00027026	281058
a00027027	281059
a00027028	281060
a00027029	281061
a00027030	281062
a00027031	281063
a00027032	281064
a00027033	281065
a00027034	281066
a00027035	281067
a00027036	281068
a00027037	281069
a00027038	281070
a00027039	281071
a00027040	281072
a00027041	281073
a00027042	281074
a00027043	281075
a00027044	281076
a00027045	281077
a00027046	281078
a00027047	281079
a00027048	281080
a00027049	281081
a00027050	281082
a00027051	281083
a00027052	281084
a00027053	281085
a00027054	281086
a00027055	281087
a00027056	281088
a00027057	281089
a00027058	281090
a00027059	281091
a00027060	281092
a00027061	281093
a00027062	281094
a00027063	281095
a00027064	281096
a00027065	281097
a00027066	281098
a00027067	281099
a00027068	281100
a00027069	281101
a00027070	281102
a00027071	281103
a00027072	281104
a00027073	281105
a00027074	281106
a00027075	281107
a00027076	281108
a00027077	281109
a00027078	281110
a00027079	281111
a00027080	281112
a00027081	281113
a00027082	281114
a00027083	281115
a00027084	281116
a00027085	281117
a00027086	281118
a00027087	281119
a00027088	281120
a00027089	281121
a00027090	281122
a00027091	281123
a00027092	281124
a00027093	281125
a00027094	281126
a00027095	281127
a00027096	281128
a00027097	281129
a00027098	281130
a00027099	281131
a00027100	281132
a00027101	281133
a00027102	281134
a00027103	281135
a00027104	281136
a00027105	281137
a00027106	281138
a00027107	281139
a00027108	281140
a00027109	281141
a00027110	281142
a00027111	281143
a00027112	281144
a00027113	281145
a00027114	281146
a00027115	281147
a00027116	281148
a00027117	281149
a00027118	281150
a00027119	281151
a00027120	281152
a00027121	281153
a00027122	281154
a00027123	281155
a00027124	281156
a00027125	281157
a00027126	281158
a00027127	281159
a00027128	281160
a00027129	281161
a00027130	281162
a00027131	281163
a00027132	281164
a00027133	281165
a00027134	281166
a00027135	281167
a00027136	281168
a00027137	281169
a00027138	281170
a00027139	281171
a00027140	281172
a00027141	281173
a00027142	281174
a00027143	281175
a00027144	281176
a00027145	281177
a00027146	281178
a00027147	281179
a00027148	281180
a00027149	281181
a00027150	281182
a00027151	281183
a00027152	281184
a00027153	281185
a00027154	281186
a00027155	281187
a00027156	281188
a00027157	281189
a00027158	281190
a00027159	281191
a00027160	281192
a00027161	281193
a00027162	281194
a00027163	281195
a00027164	281196
a00027165	281197
a00027166	281198
a00027167	281199
a00027168	281200
a00027169	281201
a00027170	281202
a00027171	281203
a00027172	281204
a00027173	281205
a00027174	281206
a00027175	281207
a00027176	281208
a00027177	281209
a00027178	281210
a00027179	281211
a00027180	281212
a00027181	281213
a00027182	281214
a00027183	281215
a00027184	281216
a00027185	281217
a00027186	281218
a00027187	281219
a00027188	281220
a00027189	281221
a00027190	281222
a00027191	281223
a00027192	281224
a00027193	281225
a00027194	281226
a00027195	281227
a00027196	281228
a00027197	281229
a00027198	281230
a00027199	281231
a00027200	281232
a00027201	281233
a00027202	281234
a00027203	281235
a00027204	281236
a00027205	281237
a00027206	281238
a00027207	281239
a00027208	281240
a00027209	281241
a00027210	281242
a00027211	281243
a00027212	281244
a00027213	281245
a00027214	281246
a00027215	281247
a00027216	281248
a00027217	281249
a00027218	281250
a00027219	281251
a00027220	281252
a00027221	281253
a00027222	281254
a00027223	281255
a00027224	281256
a00027225	281257
a00027226	281258
a00027227	281259
a00027228	281260
a00027229	281261
a00027230	281262
a00027231	281263
a00027232	281264
a00027233	281265
a00027234	281266
a00027235	281267
a00027236	281268
a00027237	281269
a00027238	281270
a00027239	281271
a00027240	281272
a00027241	281273
a00027242	281274
a00027243	281275
a00027244	281276
a00027245	281277
a00027246	281278
a00027247	281279
a00027248	281280
a00027249	281281
a00027250	281282
a00027251	281283
a00027252	281284
a00027253	281285
a00027254	281286
a00027255	281287
a00027256	281288
a00027257	281289
a00027258	281290
a00027259	281291
a00027260	281292
a00027261	281293
a00027262	281294
a00027263	281295
a00027264	281296
a00027265	281297
a00027266	281298
a00027267	281299
a00027268	281300
a00027269	281301
a00027270	281302
a00027271	281303
a00027272	281304
a00027273	281305
a00027274	281306
a00027275	281307
a00027276	281308
a00027277	281309
a00027278	281310
a00027279	281311
a00027280	281312
a00027281	281313
a00027282	281314
a00027283	281315
a00027284	281316
a00027285	281317
a00027286	281318
a00027287	281319
a00027288	281320
a00027289	281321
a00027290	281322
a00027291	281323
a00027292	281324
a00027293	281325
a00027294	281326
a00027295	281327
a00027296	281328
a00027297	281329
a00027298	281330
a00027299	281331
a00027300	281332
a00027301	281333
a00027302	281334
a00027303	281335
a00027304	281336
a00027305	281337
a00027306	281338
a00027307	281339
a00027308	281340
a00027309	281341
a00027310	281342
a00027311	281343
a00027312	281344
a00027313	281345
a00027314	281346
a00027315	281347
a00027316	281348
a00027317	281349
a00027318	281350
a00027319	281351
a00027320	281352
a00027321	281353
a00027322	281354
a00027323	281355
a00027324	281356
a00027325	281357
a00027326	281358
a00027327	281359
a00027328	281360
a00027329	281361
a00027330	281362
a00027331	281363
a00027332	281364
a00027333	281365
a00027334	281366
a00027335	281367
a00027336	281368
a00027337	281369
a00027338	281370
a00027339	281371
a00027340	281372
a00027341	281373
a00027342	281374
a00027343	281375
a00027344	281376
a00027345	281377
a00027346	281378
a00027347	281379
a00027348	281380
a00027349	281381
a00027350	281382
a00027351	281383
a00027352	281384
a00027353	281385
a00027354	281386
a00027355	281387
a00027356	281388
a00027357	281389
a00027358	281390
a00027359	281391
a00027360	281392
a00027361	281393
a00027362	281394
a00027363	281395
a00027364	281396
a00027365	281397
a00027366	281398
a00027367	281399
a00027368	281400
a00027369	281401
a00027370	281402
a00027371	281403
a00027372	281404
a00027373	281405
a00027374	281406
a00027375	281407
a00027376	281408
a00027377	281409
a00027378	281410
a00027379	281411
a00027380	281412
a00027381	281413
a00027382	281414
a00027383	281415
a00027384	281416
a00027385	281417
a00027386	281418
a00027387	281419
a00027388	281420
a00027389	281421
a00027390	281422
a00027391	281423
a00027392	281424
a00027393	281425
a00027394	281426
a00027395	281427
a00027396	281428
a00027397	281429
a00027398	281430
a00027399	281431
a00027400	281432
a00027401	281433
a00027402	281434
a00027403	281435
a00027404	281436
a00027405	281437
a00027406	281438
a00027407	281439
a00027408	281440
a00027409	281441
a00027410	281442
a00027411	281443
a00027412	281444
a00027413	281445
a00027414	281446
a00027415	281447
a00027416	281448
a00027417	281449
a00027418	281450
a00027419	281451
a00027420	281452
a00027421	281453
a00027422	281454
a00027423	281455
a00027424	281456
a00027425	281457
a00027426	281458
a00027427	281459
a00027428	281460
a00027429	281461
a00027430	281462
a00027431	281463
a00027432	281464
a00027433	281465
a00027434	281466
a00027435	281467
a00027436	281468
a00027437	281469
a00027438	281470
a00027439	281471
a00027440	281472
a00027441	281473
a00027442	281474
a00027443	281475
a00027444	281476
a00027445	281477
a00027446	281478
a00027447	281479
a00027448	281480
a00027449	281481
a00027450	281482
a00027451	281483
a00027452	281484
a00027453	281485
a00027454	281486
a00027455	281487
a00027456	281488
a00027457	281489
a00027458	281490
a00027459	281491
a00027460	281492
a00027461	281493
a00027462	281494
a00027463	281495
a00027464	281496
a00027465	281497
a00027466	281498
a00027467	281499
a00027468	281500
a00027469	281501
a00027470	281502
a00027471	281503
a00027472	281504
a00027473	281505
a00027474	281506
a00027475	281507
a00027476	281508
a00027477	281509
a00027478	281510
a00027479	281511
a00027480	281512
a00027481	281513
a00027482	281514
a00027483	281515
a00027484	281516
a00027485	281517
a00027486	281518
a00027487	281519
a00027488	281520
a00027489	281521
a00027490	281522
a00027491	281523
a00027492	281524
a00027493	281525
a00027494	281526
a00027495	281527
a00027496	281528
a00027497	281529
a00027498	281530
a00027499	281531
a00027500	281532
a00027501	281533
a00027502	281534
a00027503	281535
a00027504	281536
a00027505	281537
a00027506	281538
a00027507	281539
a00027508	281540
a00027509	281541
a00027510	281542
a00027511	281543
a00027512	281544
a00027513	281545
a00027514	281546
a00027515	281547
a00027516	281548
a00027517	281549
a00027518	281550
a00027519	281551
a00027520	281552
a00027521	281553
a00027522	281554
a00027523	281555
a00027524	281556
a00027525	281557
a00027526	281558
a00027527	281559
a00027528	281560
a00027529	281561
a00027530	281562
a00027531	281563
a00027532	281564
a00027533	281565
a00027534	281566
a00027535	281567
a00027536	281568
a00027537	281569
a00027538	281570
a00027539	281571
a00027540	281572
a00027541	281573
a00027542	281574
a00027543	281575
a00027544	281576
a00027545	281577
a00027546	281578
a00027547	281579
a00027548	281580
a00027549	281581
a00027550	281582
a00027551	281583
a00027552	281584
a00027553	281585
a00027554	281586
a00027555	281587
a00027556	281588
a00027557	281589
a00027558	281590
a00027559	281591
a00027560	281592
a00027561	281593
a00027562	281594
a00027563	281595
a00027564	281596
a00027565	281597
a00027566	281598
a00027567	281599
a00027568	281600
a00027569	281601
a00027570	281602
a00027571	281603
a00027572	281604
a00027573	281605
a00027574	281606
a00027575	281607
a00027576	281608
a00027577	281609
a00027578	281610
a00027579	281611
a00027580	281612
a00027581	281613
a00027582	281614
a00027583	281615
a00027584	281616
a00027585	281617
a00027586	281618
a00027587	281619
a00027588	281620
a00027589	281621
a00027590	281622
a00027591	281623
a00027592	281624
a00027593	281625
a00027594	281626
a00027595	281627
a00027596	281628
a00027597	281629
a00027598	281630
a00027599	281631
a00027600	281632
a00027601	281633
a00027602	281634
a00027603	281635
a00027604	281636
a00027605	281637
a00027606	281638
a00027607	281639
a00027608	281640
a00027609	281641
a00027610	281642
a00027611	281643
a00027612	281644
a00027613	281645
a00027614	281646
a00027615	281647
a00027616	281648
a00027617	281649
a00027618	281650
a00027619	281651
a00027620	281652
a00027621	281653
a00027622	281654
a00027623	281655
a00027624	281656
a00027625	281657
a00027626	281658
a00027627	281659
a00027628	281660
a00027629	281661
a00027630	281662
a00027631	281663
a00027632	281664
a00027633	281665
a00027634	281666
a00027635	281667
a00027636	281668
a00027637	281669
a00027638	281670
a00027639	281671
a00027640	281672
a00027641	281673
a00027642	281674
a00027643	281675
a00027644	281676
a00027645	281677
a00027646	281678
a00027647	281679
a00027648	281680
a00027649	281681
a00027650	281682
a00027651	281683
a00027652	281684
a00027653	281685
a00027654	281686
a00027655	281687
a00027656	281688
a00027657	281689
a00027658	281690
a00027659	281691
a00027660	281692
a00027661	281693
a00027662	281694
a00027663	281695
a00027664	281696
a00027665	281697
a00027666	281698
a00027667	281699
a00027668	281700
a00027669	281701
a00027670	281702
a00027671	281703
a00027672	281704
a00027673	281705
a00027674	281706
a00027675	281707
a00027676	281708
a00027677	281709
a00027678	281710
a00027679	281711
a00027680	281712
a00027681	281713
a00027682	281714
a00027683	281715
a00027684	281716
a00027685	281717
a00027686	281718
a00027687	281719
a00027688	281720
a00027689	281721
a00027690	281722
a00027691	281723
a00027692	281724
a00027693	281725
a00027694	281726
a00027695	281727
a00027696	281728
a00027697	281729
a00027698	281730
a00027699	281731
a00027700	281732
a00027701	281733
a00027702	281734
a00027703	281735
a00027704	281736
a00027705	281737
a00027706	281738
a00027707	281739
a00027708	281740
a00027709	281741
a00027710	281742
a00027711	281743
a00027712	281744
a00027713	281745
a00027714	281746
a00027715	281747
a00027716	281748
a00027717	281749
a00027718	281750
a00027719	281751
a00027720	281752
a00027721	281753
a00027722	281754
a00027723	281755
a00027724	281756
a00027725	281757
a00027726	281758
a00027727	281759
a00027728	281760
a00027729	281761
a00027730	281762
a00027731	281763
a00027732	281764
a00027733	281765
a00027734	281766
a00027735	281767
a00027736	281768
a00027737	281769
a00027738	281770
a00027739	281771
a00027740	281772
a00027741	281773
a00027742	281774
a00027743	281775
a00027744	281776
a00027745	281777
a00027746	281778
a00027747	281779
a00027748	281780
a00027749	281781
a00027750	281782
a00027751	281783
a00027752	281784
a00027753	281785
a00027754	281786
a00027755	281787
a00027756	281788
a00027757	281789
a00027758	281790
a00027759	281791
a00027760	281792
a00027761	281793
a00027762	281794
a00027763	281795
a00027764	281796
a00027765	281797
a00027766	281798
a00027767	281799
a00027768	281800
a00027769	281801
a00027770	281802
a00027771	281803
a00027772	281804
a00027773	281805
a00027774	281806
a00027775	281807
a00027776	281808
a00027777	281809
a00027778	281810
a00027779	281811
a00027780	281812
a00027781	281813
a00027782	281814
a00027783	281815
a00027784	281816
a00027785	281817
a00027786	281818
a00027787	281819
a00027788	281820
a00027789	281821
a00027790	281822
a00027791	281823
a00027792	281824
a00027793	281825
a00027794	281826
a00027795	281827
a00027796	281828
a00027797	281829
a00027798	281830
a00027799	281831
a00027800	281832
a00027801	281833
a00027802	281834
a00027803	281835
a00027804	281836
a00027805	281837
a00027806	281838
a00027807	281839
a00027808	281840
a00027809	281841
a00027810	281842
a00027811	281843
a00027812	281844
a00027813	281845
a00027814	281846
a00027815	281847
a00027816	281848
a00027817	281849
a00027818	281850
a00027819	281851
a00027820	281852
a00027821	281853
a00027822	281854
a00027823	281855
a00027824	281856
a00027825	281857
a00027826	281858
a00027827	281859
a00027828	281860
a00027829	281861
a00027830	281862
a00027831	281863
a00027832	281864
a00027833	281865
a00027834	281866
a00027835	281867
a00027836	281868
a00027837	281869
a00027838	281870
a00027839	281871
a00027840	281872
a00027841	281873
a00027842	281874
a00027843	281875
a00027844	281876
a00027845	281877
a00027846	281878
a00027847	281879
a00027848	281880
a00027849	281881
a00027850	281882
a00027851	281883
a00027852	281884
a00027853	281885
a00027854	281886
a00027855	281887
a00027856	281888
a00027857	281889
a00027858	281890
a00027859	281891
a00027860	281892
a00027861	281893
a00027862	281894
a00027863	281895
a00027864	281896
a00027865	281897
a00027866	281898
a00027867	281899
a00027868	281900
a00027869	281901
a00027870	281902
a00027871	281903
a00027872	281904
a00027873	281905
a00027874	281906
a00027875	281907
a00027876	281908
a00027877	281909
a00027878	281910
a00027879	281911
a00027880	281912
a00027881	281913
a00027882	281914
a00027883	281915
a00027884	281916
a00027885	281917
a00027886	281918
a00027887	281919
a00027888	281920
a00027889	281921
a00027890	281922
a00027891	281923
a00027892	281924
a00027893	281925
a00027894	281926
a00027895	281927
a00027896	281928
a00027897	281929
a00027898	281930
a00027899	281931
a00027900	281932
a00027901	281933
a00027902	281934
a00027903	281935
a00027904	281936
a00027905	281937
a00027906	281938
a00027907	281939
a00027908	281940
a00027909	281941
a00027910	281942
a00027911	281943
a00027912	281944
a00027913	281945
a00027914	281946
a00027915	281947
a00027916	281948
a00027917	281949
a00027918	281950
a00027919	281951
a00027920	281952
a00027921	281953
a00027922	281954
a00027923	281955
a00027924	281956
a00027925	281957
a00027926	281958
a00027927	281959
a00027928	281960
a00027929	281961
a00027930	281962
a00027931	281963
a00027932	281964
a00027933	281965
a00027934	281966
a00027935	281967
a00027936	281968
a00027937	281969
a00027938	281970
a00027939	281971
a00027940	281972
a00027941	281973
a00027942	281974
a00027943	281975
a00027944	281976
a00027945	281977
a00027946	281978
a00027947	281979
a00027948	281980
a00027949	281981
a00027950	281982
a00027951	281983
a00027952	281984
a00027953	281985
a00027954	281986
a00027955	281987
a00027956	281988
a00027957	281989
a00027958	281990
a00027959	281991
a00027960	281992
a00027961	281993
a00027962	281994
a00027963	281995
a00027964	281996
a00027965	281997
a00027966	281998
a00027967	281999
a00027968	282000
a00027969	282001
a00027970	282002
a00027971	282003
a00027972	282004
a00027973	282005
a00027974	282006
a00027975	282007
a00027976	282008
a00027977	282009
a00027978	282010
a00027979	282011
a00027980	282012
a00027981	282013
a00027982	282014
a00027983	282015
a00027984	282016
a00027985	282017
a00027986	282018
a00027987	282019
a00027988	282020
a00027989	282021
a00027990	282022
a00027991	282023
a00027992	282024
a00027993	282025
a00027994	282026
a00027995	282027
a00027996	282028
a00027997	282029
a00027998	282030
a00027999	282031
a00028000	282032
a00028001	282033
a00028002	282034
a00028003	282035
a00028004	282036
a00028005	282037
a00028006	282038
a00028007	282039
a00028008	282040
a00028009	282041
a00028010	282042
a00028011	282043
a00028012	282044
a00028013	282045
a00028014	282046
a00028015	282047
a00028016	282048
a00028017	282049
a00028018	282050
a00028019	282051
a00028020	282052
a00028021	282053
a00028022	282054
a00028023	282055
a00028024	282056
a00028025	282057
a00028026	282058
a00028027	282059
a00028028	282060
a00028029	282061
a00028030	282062
a00028031	282063
a00028032	282064
a00028033	282065
a00028034	282066
a00028035	282067
a00028036	282068
a00028037	282069
a00028038	282070
a00028039	282071
a00028040	282072
a00028041	282073
a00028042	282074
a00028043	282075
a00028044	282076
a00028045	282077
a00028046	282078
a00028047	282079
a00028048	282080
a00028049	282081
a00028050	282082
a00028051	282083
a00028052	282084
a00028053	282085
a00028054	282086
a00028055	282087
a00028056	282088
a00028057	282089
a00028058	282090
a00028059	282091
a00028060	282092
a00028061	282093
a00028062	282094
a00028063	282095
a00028064	282096
a00028065	282097
a00028066	282098
a00028067	282099
a00028068	282100
a00028069	282101
a00028070	282102
a00028071	282103
a00028072	282104
a00028073	282105
a00028074	282106
a00028075	282107
a00028076	282108
a00028077	282109
a00028078	282110
a00028079	282111
a00028080	282112
a00028081	282113
a00028082	282114
a00028083	282115
a00028084	282116
a00028085	282117
a00028086	282118
a00028087	282119
a00028088	282120
a00028089	282121
a00028090	282122
a00028091	282123
a00028092	282124
a00028093	282125
a00028094	282126
a00028095	282127
a00028096	282128
a00028097	282129
a00028098	282130
a00028099	282131
a00028100	282132
a00028101	282133
a00028102	282134
a00028103	282135
a00028104	282136
a00028105	282137
a00028106	282138
a00028107	282139
a00028108	282140
a00028109	282141
a00028110	282142
a00028111	282143
a00028112	282144
a00028113	282145
a00028114	282146
a00028115	282147
a00028116	282148
a00028117	282149
a00028118	282150
a00028119	282151
a00028120	282152
a00028121	282153
a00028122	282154
a00028123	282155
a00028124	282156
a00028125	282157
a00028126	282158
a00028127	282159
a00028128	282160
a00028129	282161
a00028130	282162
a00028131	282163
a00028132	282164
a00028133	282165
a00028134	282166
a00028135	282167
a00028136	282168
a00028137	282169
a00028138	282170
a00028139	282171
a00028140	282172
a00028141	282173
a00028142	282174
a00028143	282175
a00028144	282176
a00028145	282177
a00028146	282178
a00028147	282179
a00028148	282180
a00028149	282181
a00028150	282182
a00028151	282183
a00028152	282184
a00028153	282185
a00028154	282186
a00028155	282187
a00028156	282188
a00028157	282189
a00028158	282190
a00028159	282191
a00028160	282192
a00028161	282193
a00028162	282194
a00028163	282195
a00028164	282196
a00028165	282197
a00028166	282198
a00028167	282199
a00028168	282200
a00028169	282201
a00028170	282202
a00028171	282203
a00028172	282204
a00028173	282205
a00028174	282206
a00028175	282207
a00028176	282208
a00028177	282209
a00028178	282210
a00028179	282211
a00028180	282212
a00028181	282213
a00028182	282214
a00028183	282215
a00028184	282216
a00028185	282217
a00028186	282218
a00028187	282219
a00028188	282220
a00028189	282221
a00028190	282222
a00028191	282223
a00028192	282224
a00028193	282225
a00028194	282226
a00028195	282227
a00028196	282228
a00028197	282229
a00028198	282230
a00028199	282231
a00028200	282232
a00028201	282233
a00028202	282234
a00028203	282235
a00028204	282236
a00028205	282237
a00028206	282238
a00028207	282239
a00028208	282240
a00028209	282241
a00028210	282242
a00028211	282243
a00028212	282244
a00028213	282245
a00028214	282246
a00028215	282247
a00028216	282248
a00028217	282249
a00028218	282250
a00028219	282251
a00028220	282252
a00028221	282253
a00028222	282254
a00028223	282255
a00028224	282256
a00028225	282257
a00028226	282258
a00028227	282259
a00028228	282260
a00028229	282261
a00028230	282262
a00028231	282263
a00028232	282264
a00028233	282265
a00028234	282266
a00028235	282267
a00028236	282268
a00028237	282269
a00028238	282270
a00028239	282271
a00028240	282272
a00028241	282273
a00028242	282274
a00028243	282275
a00028244	282276
a00028245	282277
a00028246	282278
a00028247	282279
a00028248	282280
a00028249	282281
a00028250	282282
a00028251	282283
a00028252	282284
a00028253	282285
a00028254	282286
a00028255	282287
a00028256	282288
a00028257	282289
a00028258	282290
a00028259	282291
a00028260	282292
a00028261	282293
a00028262	282294
a00028263	282295
a00028264	282296
a00028265	282297
a00028266	282298
a00028267	282299
a00028268	282300
a00028269	282301
a00028270	282302
a00028271	282303
a00028272	282304
a00028273	282305
a00028274	282306
a00028275	282307
a00028276	282308
a00028277	282309
a00028278	282310
a00028279	282311
a00028280	282312
a00028281	282313
a00028282	282314
a00028283	282315
a00028284	282316
a00028285	282317
a00028286	282318
a00028287	282319
a00028288	282320
a00028289	282321
a00028290	282322
a00028291	282323
a00028292	282324
a00028293	282325
a00028294	282326
a00028295	282327
a00028296	282328
a00028297	282329
a00028298	282330
a00028299	282331
a00028300	282332
a00028301	282333
a00028302	282334
a00028303	282335
a00028304	282336
a00028305	282337
a00028306	282338
a00028307	282339
a00028308	282340
a00028309	282341
a00028310	282342
a00028311	282343
a00028312	282344
a00028313	282345
a00028314	282346
a00028315	282347
a00028316	282348
a00028317	282349
a00028318	282350
a00028319	282351
a00028320	282352
a00028321	282353
a00028322	282354
a00028323	282355
a00028324	282356
a00028325	282357
a00028326	282358
a00028327	282359
a00028328	282360
a00028329	282361
a00028330	282362
a00028331	282363
a00028332	282364
a00028333	282365
a00028334	282366
a00028335	282367
a00028336	282368
a00028337	282369
a00028338	282370
a00028339	282371
a00028340	282372
a00028341	282373
a00028342	282374
a00028343	282375
a00028344	282376
a00028345	282377
a00028346	282378
a00028347	282379
a00028348	282380
a00028349	282381
a00028350	282382
a00028351	282383
a00028352	282384
a00028353	282385
a00028354	282386
a00028355	282387
a00028356	282388
a00028357	282389
a00028358	282390
a00028359	282391
a00028360	282392
a00028361	282393
a00028362	282394
a00028363	282395
a00028364	282396
a00028365	282397
a00028366	282398
a00028367	282399
a00028368	282400
a00028369	282401
a00028370	282402
a00028371	282403
a00028372	282404
a00028373	282405
a00028374	282406
a00028375	282407
a00028376	282408
a00028377	282409
a00028378	282410
a00028379	282411
a00028380	282412
a00028381	282413
a00028382	282414
a00028383	282415
a00028384	282416
a00028385	282417
a00028386	282418
a00028387	282419
a00028388	282420
a00028389	282421
a00028390	282422
a00028391	282423
a00028392	282424
a00028393	282425
a00028394	282426
a00028395	282427
a00028396	282428
a00028397	282429
a00028398	282430
a00028399	282431
a00028400	282432
a00028401	282433
a00028402	282434
a00028403	282435
a00028404	282436
a00028405	282437
a00028406	282438
a00028407	282439
a00028408	282440
a00028409	282441
a00028410	282442
a00028411	282443
a00028412	282444
a00028413	282445
a00028414	282446
a00028415	282447
a00028416	282448
a00028417	282449
a00028418	282450
a00028419	282451
a00028420	282452
a00028421	282453
a00028422	282454
a00028423	282455
a00028424	282456
a00028425	282457
a00028426	282458
a00028427	282459
a00028428	282460
a00028429	282461
a00028430	282462
a00028431	282463
a00028432	282464
a00028433	282465
a00028434	282466
a00028435	282467
a00028436	282468
a00028437	282469
a00028438	282470
a00028439	282471
a00028440	282472
a00028441	282473
a00028442	282474
a00028443	282475
a00028444	282476
a00028445	282477
a00028446	282478
a00028447	282479
a00028448	282480
a00028449	282481
a00028450	282482
a00028451	282483
a00028452	282484
a00028453	282485
a00028454	282486
a00028455	282487
a00028456	282488
a00028457	282489
a00028458	282490
a00028459	282491
a00028460	282492
a00028461	282493
a00028462	282494
a00028463	282495
a00028464	282496
a00028465	282497
a00028466	282498
a00028467	282499
a00028468	282500
a00028469	282501
a00028470	282502
a00028471	282503
a00028472	282504
a00028473	282505
a00028474	282506
a00028475	282507
a00028476	282508
a00028477	282509
a00028478	282510
a00028479	282511
a00028480	282512
a00028481	282513
a00028482	282514
a00028483	282515
a00028484	282516
a00028485	282517
a00028486	282518
a00028487	282519
a00028488	282520
a00028489	282521
a00028490	282522
a00028491	282523
a00028492	282524
a00028493	282525
a00028494	282526
a00028495	282527
a00028496	282528
a00028497	282529
a00028498	282530
a00028499	282531
a00028500	282532
a00028501	282533
a00028502	282534
a00028503	282535
a00028504	282536
a00028505	282537
a00028506	282538
a00028507	282539
a00028508	282540
a00028509	282541
a00028510	282542
a00028511	282543
a00028512	282544
a00028513	282545
a00028514	282546
a00028515	282547
a00028516	282548
a00028517	282549
a00028518	282550
a00028519	282551
a00028520	282552
a00028521	282553
a00028522	282554
a00028523	282555
a00028524	282556
a00028525	282557
a00028526	282558
a00028527	282559
a00028528	282560
a00028529	282561
a00028530	282562
a00028531	282563
a00028532	282564
a00028533	282565
a00028534	282566
a00028535	282567
a00028536	282568
a00028537	282569
a00028538	282570
a00028539	282571
a00028540	282572
a00028541	282573
a00028542	282574
a00028543	282575
a00028544	282576
a00028545	282577
a00028546	282578
a00028547	282579
a00028548	282580
a00028549	282581
a00028550	282582
a00028551	282583
a00028552	282584
a00028553	282585
a00028554	282586
a00028555	282587
a00028556	282588
a00028557	282589
a00028558	282590
a00028559	282591
a00028560	282592
a00028561	282593
a00028562	282594
a00028563	282595
a00028564	282596
a00028565	282597
a00028566	282598
a00028567	282599
a00028568	282600
a00028569	282601
a00028570	282602
a00028571	282603
a00028572	282604
a00028573	282605
a00028574	282606
a00028575	282607
a00028576	282608
a00028577	282609
a00028578	282610
a00028579	282611
a00028580	282612
a00028581	282613
a00028582	282614
a00028583	282615
a00028584	282616
a00028585	282617
a00028586	282618
a00028587	282619
a00028588	282620
a00028589	282621
a00028590	282622
a00028591	282623
a00028592	282624
a00028593	282625
a00028594	282626
a00028595	282627
a00028596	282628
a00028597	282629
a00028598	282630
a00028599	282631
a00028600	282632
a00028601	282633
a00028602	282634
a00028603	282635
a00028604	282636
a00028605	282637
a00028606	282638
a00028607	282639
a00028608	282640
a00028609	282641
a00028610	282642
a00028611	282643
a00028612	282644
a00028613	282645
a00028614	282646
a00028615	282647
a00028616	282648
a00028617	282649
a00028618	282650
a00028619	282651
a00028620	282652
a00028621	282653
a00028622	282654
a00028623	282655
a00028624	282656
a00028625	282657
a00028626	282658
a00028627	282659
a00028628	282660
a00028629	282661
a00028630	282662
a00028631	282663
a00028632	282664
a00028633	282665
a00028634	282666
a00028635	282667
a00028636	282668
a00028637	282669
a00028638	282670
a00028639	282671
a00028640	282672
a00028641	282673
a00028642	282674
a00028643	282675
a00028644	282676
a00028645	282677
a00028646	282678
a00028647	282679
a00028648	282680
a00028649	282681
a00028650	282682
a00028651	282683
a00028652	282684
a00028653	282685
a00028654	282686
a00028655	282687
a00028656	282688
a00028657	282689
a00028658	282690
a00028659	282691
a00028660	282692
a00028661	282693
a00028662	282694
a00028663	282695
a00028664	282696
a00028665	282697
a00028666	282698
a00028667	282699
a00028668	282700
a00028669	282701
a00028670	282702
a00028671	282703
a00028672	282704
a00028673	282705
a00028674	282706
a00028675	282707
a00028676	282708
a00028677	282709
a00028678	282710
a00028679	282711
a00028680	282712
a00028681	282713
a00028682	282714
a00028683	282715
a00028684	282716
a00028685	282717
a00028686	282718
a00028687	282719
a00028688	282720
a00028689	282721
a00028690	282722
a00028691	282723
a00028692	282724
a00028693	282725
a00028694	282726
a00028695	282727
a00028696	282728
a00028697	282729
a00028698	282730
a00028699	282731
a00028700	282732
a00028701	282733
a00028702	282734
a00028703	282735
a00028704	282736
a00028705	282737
a00028706	282738
a00028707	282739
a00028708	282740
a00028709	282741
a00028710	282742
a00028711	282743
a00028712	282744
a00028713	282745
a00028714	282746
a00028715	282747
a00028716	282748
a00028717	282749
a00028718	282750
a00028719	282751
a00028720	282752
a00028721	282753
a00028722	282754
a00028723	282755
a00028724	282756
a00028725	282757
a00028726	282758
a00028727	282759
a00028728	282760
a00028729	282761
a00028730	282762
a00028731	282763
a00028732	282764
a00028733	282765
a00028734	282766
a00028735	282767
a00028736	282768
a00028737	282769
a00028738	282770
a00028739	282771
a00028740	282772
a00028741	282773
a00028742	282774
a00028743	282775
a00028744	282776
a00028745	282777
a00028746	282778
a00028747	282779
a00028748	282780
a00028749	282781
a00028750	282782
a00028751	282783
a00028752	282784
a00028753	282785
a00028754	282786
a00028755	282787
a00028756	282788
a00028757	282789
a00028758	282790
a00028759	282791
a00028760	282792
a00028761	282793
a00028762	282794
a00028763	282795
a00028764	282796
a00028765	282797
a00028766	282798
a00028767	282799
a00028768	282800
a00028769	282801
a00028770	282802
a00028771	282803
a00028772	282804
a00028773	282805
a00028774	282806
a00028775	282807
a00028776	282808
a00028777	282809
a00028778	282810
a00028779	282811
a00028780	282812
a00028781	282813
a00028782	282814
a00028783	282815
a00028784	282816
a00028785	282817
a00028786	282818
a00028787	282819
a00028788	282820
a00028789	282821
a00028790	282822
a00028791	282823
a00028792	282824
a00028793	282825
a00028794	282826
a00028795	282827
a00028796	282828
a00028797	282829
a00028798	282830
a00028799	282831
a00028800	282832
a00028801	282833
a00028802	282834
a00028803	282835
a00028804	282836
a00028805	282837
a00028806	282838
a00028807	282839
a00028808	282840
a00028809	282841
a00028810	282842
a00028811	282843
a00028812	282844
a00028813	282845
a00028814	282846
a00028815	282847
a00028816	282848
a00028817	282849
a00028818	282850
a00028819	282851
a00028820	282852
a00028821	282853
a00028822	282854
a00028823	282855
a00028824	282856
a00028825	282857
a00028826	282858
a00028827	282859
a00028828	282860
a00028829	282861
a00028830	282862
a00028831	282863
a00028832	282864
a00028833	282865
a00028834	282866
a00028835	282867
a00028836	282868
a00028837	282869
a00028838	282870
a00028839	282871
a00028840	282872
a00028841	282873
a00028842	282874
a00028843	282875
a00028844	282876
a00028845	282877
a00028846	282878
a00028847	282879
a00028848	282880
a00028849	282881
a00028850	282882
a00028851	282883
a00028852	282884
a00028853	282885
a00028854	282886
a00028855	282887
a00028856	282888
a00028857	282889
a00028858	282890
a00028859	282891
a00028860	282892
a00028861	282893
a00028862	282894
a00028863	282895
a00028864	282896
a00028865	282897
a00028866	282898
a00028867	282899
a00028868	282900
a00028869	282901
a00028870	282902
a00028871	282903
a00028872	282904
a00028873	282905
a00028874	282906
a00028875	282907
a00028876	282908
a00028877	282909
a00028878	282910
a00028879	282911
a00028880	282912
a00028881	282913
a00028882	282914
a00028883	282915
a00028884	282916
a00028885	282917
a00028886	282918
a00028887	282919
a00028888	282920
a00028889	282921
a00028890	282922
a00028891	282923
a00028892	282924
a00028893	282925
a00028894	282926
a00028895	282927
a00028896	282928
a00028897	282929
a00028898	282930
a00028899	282931
a00028900	282932
a00028901	282933
a00028902	282934
a00028903	282935
a00028904	282936
a00028905	282937
a00028906	282938
a00028907	282939
a00028908	282940
a00028909	282941
a00028910	282942
a00028911	282943
a00028912	282944
a00028913	282945
a00028914	282946
a00028915	282947
a00028916	282948
a00028917	282949
a00028918	282950
a00028919	282951
a00028920	282952
a00028921	282953
a00028922	282954
a00028923	282955
a00028924	282956
a00028925	282957
a00028926	282958
a00028927	282959
a00028928	282960
a00028929	282961
a00028930	282962
a00028931	282963
a00028932	282964
a00028933	282965
a00028934	282966
a00028935	282967
a00028936	282968
a00028937	282969
a00028938	282970
a00028939	282971
a00028940	282972
a00028941	282973
a00028942	282974
a00028943	282975
a00028944	282976
a00028945	282977
a00028946	282978
a00028947	282979
a00028948	282980
a00028949	282981
a00028950	282982
a00028951	282983
a00028952	282984
a00028953	282985
a00028954	282986
a00028955	282987
a00028956	282988
a00028957	282989
a00028958	282990
a00028959	282991
a00028960	282992
a00028961	282993
a00028962	282994
a00028963	282995
a00028964	282996
a00028965	282997
a00028966	282998
a00028967	282999
a00028968	283000
a00028969	283001
a00028970	283002
a00028971	283003
a00028972	283004
a00028973	283005
a00028974	283006
a00028975	283007
a00028976	283008
a00028977	283009
a00028978	283010
a00028979	283011
a00028980	283012
a00028981	283013
a00028982	283014
a00028983	283015
a00028984	283016
a00028985	283017
a00028986	283018
a00028987	283019
a00028988	283020
a00028989	283021
a00028990	283022
a00028991	283023
a00028992	283024
a00028993	283025
a00028994	283026
a00028995	283027
a00028996	283028
a00028997	283029
a00028998	283030
a00028999	283031
a00029000	283032
a00029001	283033
a00029002	283034
a00029003	283035
a00029004	283036
a00029005	283037
a00029006	283038
a00029007	283039
a00029008	283040
a00029009	283041
a00029010	283042
a00029011	283043
a00029012	283044
a00029013	283045
a00029014	283046
a00029015	283047
a00029016	283048
a00029017	283049
a00029018	283050
a00029019	283051
a00029020	283052
a00029021	283053
a00029022	283054
a00029023	283055
a00029024	283056
a00029025	283057
a00029026	283058
a00029027	283059
a00029028	283060
a00029029	283061
a00029030	283062
a00029031	283063
a00029032	283064
a00029033	283065
a00029034	283066
a00029035	283067
a00029036	283068
a00029037	283069
a00029038	283070
a00029039	283071
a00029040	283072
a00029041	283073
a00029042	283074
a00029043	283075
a00029044	283076
a00029045	283077
a00029046	283078
a00029047	283079
a00029048	283080
a00029049	283081
a00029050	283082
a00029051	283083
a00029052	283084
a00029053	283085
a00029054	283086
a00029055	283087
a00029056	283088
a00029057	283089
a00029058	283090
a00029059	283091
a00029060	283092
a00029061	283093
a00029062	283094
a00029063	283095
a00029064	283096
a00029065	283097
a00029066	283098
a00029067	283099
a00029068	283100
a00029069	283101
a00029070	283102
a00029071	283103
a00029072	283104
a00029073	283105
a00029074	283106
a00029075	283107
a00029076	283108
a00029077	283109
a00029078	283110
a00029079	283111
a00029080	283112
a00029081	283113
a00029082	283114
a00029083	283115
a00029084	283116
a00029085	283117
a00029086	283118
a00029087	283119
a00029088	283120
a00029089	283121
a00029090	283122
a00029091	283123
a00029092	283124
a00029093	283125
a00029094	283126
a00029095	283127
a00029096	283128
a00029097	283129
a00029098	283130
a00029099	283131
a00029100	283132
a00029101	283133
a00029102	283134
a00029103	283135
a00029104	283136
a00029105	283137
a00029106	283138
a00029107	283139
a00029108	283140
a00029109	283141
a00029110	283142
a00029111	283143
a00029112	283144
a00029113	283145
a00029114	283146
a00029115	283147
a00029116	283148
a00029117	283149
a00029118	283150
a00029119	283151
a00029120	283152
a00029121	283153
a00029122	283154
a00029123	283155
a00029124	283156
a00029125	283157
a00029126	283158
a00029127	283159
a00029128	283160
a00029129	283161
a00029130	283162
a00029131	283163
a00029132	283164
a00029133	283165
a00029134	283166
a00029135	283167
a00029136	283168
a00029137	283169
a00029138	283170
a00029139	283171
a00029140	283172
a00029141	283173
a00029142	283174
a00029143	283175
a00029144	283176
a00029145	283177
a00029146	283178
a00029147	283179
a00029148	283180
a00029149	283181
a00029150	283182
a00029151	283183
a00029152	283184
a00029153	283185
a00029154	283186
a00029155	283187
a00029156	283188
a00029157	283189
a00029158	283190
a00029159	283191
a00029160	283192
a00029161	283193
a00029162	283194
a00029163	283195
a00029164	283196
a00029165	283197
a00029166	283198
a00029167	283199
a00029168	283200
a00029169	283201
a00029170	283202
a00029171	283203
a00029172	283204
a00029173	283205
a00029174	283206
a00029175	283207
a00029176	283208
a00029177	283209
a00029178	283210
a00029179	283211
a00029180	283212
a00029181	283213
a00029182	283214
a00029183	283215
a00029184	283216
a00029185	283217
a00029186	283218
a00029187	283219
a00029188	283220
a00029189	283221
a00029190	283222
a00029191	283223
a00029192	283224
a00029193	283225
a00029194	283226
a00029195	283227
a00029196	283228
a00029197	283229
a00029198	283230
a00029199	283231
a00029200	283232
a00029201	283233
a00029202	283234
a00029203	283235
a00029204	283236
a00029205	283237
a00029206	283238
a00029207	283239
a00029208	283240
a00029209	283241
a00029210	283242
a00029211	283243
a00029212	283244
a00029213	283245
a00029214	283246
a00029215	283247
a00029216	283248
a00029217	283249
a00029218	283250
a00029219	283251
a00029220	283252
a00029221	283253
a00029222	283254
a00029223	283255
a00029224	283256
a00029225	283257
a00029226	283258
a00029227	283259
a00029228	283260
a00029229	283261
a00029230	283262
a00029231	283263
a00029232	283264
a00029233	283265
a00029234	283266
a00029235	283267
a00029236	283268
a00029237	283269
a00029238	283270
a00029239	283271
a00029240	283272
a00029241	283273
a00029242	283274
a00029243	283275
a00029244	283276
a00029245	283277
a00029246	283278
a00029247	283279
a00029248	283280
a00029249	283281
a00029250	283282
a00029251	283283
a00029252	283284
a00029253	283285
a00029254	283286
a00029255	283287
a00029256	283288
a00029257	283289
a00029258	283290
a00029259	283291
a00029260	283292
a00029261	283293
a00029262	283294
a00029263	283295
a00029264	283296
a00029265	283297
a00029266	283298
a00029267	283299
a00029268	283300
a00029269	283301
a00029270	283302
a00029271	283303
a00029272	283304
a00029273	283305
a00029274	283306
a00029275	283307
a00029276	283308
a00029277	283309
a00029278	283310
a00029279	283311
a00029280	283312
a00029281	283313
a00029282	283314
a00029283	283315
a00029284	283316
a00029285	283317
a00029286	283318
a00029287	283319
a00029288	283320
a00029289	283321
a00029290	283322
a00029291	283323
a00029292	283324
a00029293	283325
a00029294	283326
a00029295	283327
a00029296	283328
a00029297	283329
a00029298	283330
a00029299	283331
a00029300	283332
a00029301	283333
a00029302	283334
a00029303	283335
a00029304	283336
a00029305	283337
a00029306	283338
a00029307	283339
a00029308	283340
a00029309	283341
a00029310	283342
a00029311	283343
a00029312	283344
a00029313	283345
a00029314	283346
a00029315	283347
a00029316	283348
a00029317	283349
a00029318	283350
a00029319	283351
a00029320	283352
a00029321	283353
a00029322	283354
a00029323	283355
a00029324	283356
a00029325	283357
a00029326	283358
a00029327	283359
a00029328	283360
a00029329	283361
a00029330	283362
a00029331	283363
a00029332	283364
a00029333	283365
a00029334	283366
a00029335	283367
a00029336	283368
a00029337	283369
a00029338	283370
a00029339	283371
a00029340	283372
a00029341	283373
a00029342	283374
a00029343	283375
a00029344	283376
a00029345	283377
a00029346	283378
a00029347	283379
a00029348	283380
a00029349	283381
a00029350	283382
a00029351	283383
a00029352	283384
a00029353	283385
a00029354	283386
a00029355	283387
a00029356	283388
a00029357	283389
a00029358	283390
a00029359	283391
a00029360	283392
a00029361	283393
a00029362	283394
a00029363	283395
a00029364	283396
a00029365	283397
a00029366	283398
a00029367	283399
a00029368	283400
a00029369	283401
a00029370	283402
a00029371	283403
a00029372	283404
a00029373	283405
a00029374	283406
a00029375	283407
a00029376	283408
a00029377	283409
a00029378	283410
a00029379	283411
a00029380	283412
a00029381	283413
a00029382	283414
a00029383	283415
a00029384	283416
a00029385	283417
a00029386	283418
a00029387	283419
a00029388	283420
a00029389	283421
a00029390	283422
a00029391	283423
a00029392	283424
a00029393	283425
a00029394	283426
a00029395	283427
a00029396	283428
a00029397	283429
a00029398	283430
a00029399	283431
a00029400	283432
a00029401	283433
a00029402	283434
a00029403	283435
a00029404	283436
a00029405	283437
a00029406	283438
a00029407	283439
a00029408	283440
a00029409	283441
a00029410	283442
a00029411	283443
a00029412	283444
a00029413	283445
a00029414	283446
a00029415	283447
a00029416	283448
a00029417	283449
a00029418	283450
a00029419	283451
a00029420	283452
a00029421	283453
a00029422	283454
a00029423	283455
a00029424	283456
a00029425	283457
a00029426	283458
a00029427	283459
a00029428	283460
a00029429	283461
a00029430	283462
a00029431	283463
a00029432	283464
a00029433	283465
a00029434	283466
a00029435	283467
a00029436	283468
a00029437	283469
a00029438	283470
a00029439	283471
a00029440	283472
a00029441	283473
a00029442	283474
a00029443	283475
a00029444	283476
a00029445	283477
a00029446	283478
a00029447	283479
a00029448	283480
a00029449	283481
a00029450	283482
a00029451	283483
a00029452	283484
a00029453	283485
a00029454	283486
a00029455	283487
a00029456	283488
a00029457	283489
a00029458	283490
a00029459	283491
a00029460	283492
a00029461	283493
a00029462	283494
a00029463	283495
a00029464	283496
a00029465	283497
a00029466	283498
a00029467	283499
a00029468	283500
a00029469	283501
a00029470	283502
a00029471	283503
a00029472	283504
a00029473	283505
a00029474	283506
a00029475	283507
a00029476	283508
a00029477	283509
a00029478	283510
a00029479	283511
a00029480	283512
a00029481	283513
a00029482	283514
a00029483	283515
a00029484	283516
a00029485	283517
a00029486	283518
a00029487	283519
a00029488	283520
a00029489	283521
a00029490	283522
a00029491	283523
a00029492	283524
a00029493	283525
a00029494	283526
a00029495	283527
a00029496	283528
a00029497	283529
a00029498	283530
a00029499	283531
a00029500	283532
a00029501	283533
a00029502	283534
a00029503	283535
a00029504	283536
a00029505	283537
a00029506	283538
a00029507	283539
a00029508	283540
a00029509	283541
a00029510	283542
a00029511	283543
a00029512	283544
a00029513	283545
a00029514	283546
a00029515	283547
a00029516	283548
a00029517	283549
a00029518	283550
a00029519	283551
a00029520	283552
a00029521	283553
a00029522	283554
a00029523	283555
a00029524	283556
a00029525	283557
a00029526	283558
a00029527	283559
a00029528	283560
a00029529	283561
a00029530	283562
a00029531	283563
a00029532	283564
a00029533	283565
a00029534	283566
a00029535	283567
a00029536	283568
a00029537	283569
a00029538	283570
a00029539	283571
a00029540	283572
a00029541	283573
a00029542	283574
a00029543	283575
a00029544	283576
a00029545	283577
a00029546	283578
a00029547	283579
a00029548	283580
a00029549	283581
a00029550	283582
a00029551	283583
a00029552	283584
a00029553	283585
a00029554	283586
a00029555	283587
a00029556	283588
a00029557	283589
a00029558	283590
a00029559	283591
a00029560	283592
a00029561	283593
a00029562	283594
a00029563	283595
a00029564	283596
a00029565	283597
a00029566	283598
a00029567	283599
a00029568	283600
a00029569	283601
a00029570	283602
a00029571	283603
a00029572	283604
a00029573	283605
a00029574	283606
a00029575	283607
a00029576	283608
a00029577	283609
a00029578	283610
a00029579	283611
a00029580	283612
a00029581	283613
a00029582	283614
a00029583	283615
a00029584	283616
a00029585	283617
a00029586	283618
a00029587	283619
a00029588	283620
a00029589	283621
a00029590	283622
a00029591	283623
a00029592	283624
a00029593	283625
a00029594	283626
a00029595	283627
a00029596	283628
a00029597	283629
a00029598	283630
a00029599	283631
a00029600	283632
a00029601	283633
a00029602	283634
a00029603	283635
a00029604	283636
a00029605	283637
a00029606	283638
a00029607	283639
a00029608	283640
a00029609	283641
a00029610	283642
a00029611	283643
a00029612	283644
a00029613	283645
a00029614	283646
a00029615	283647
a00029616	283648
a00029617	283649
a00029618	283650
a00029619	283651
a00029620	283652
a00029621	283653
a00029622	283654
a00029623	283655
a00029624	283656
a00029625	283657
a00029626	283658
a00029627	283659
a00029628	283660
a00029629	283661
a00029630	283662
a00029631	283663
a00029632	283664
a00029633	283665
a00029634	283666
a00029635	283667
a00029636	283668
a00029637	283669
a00029638	283670
a00029639	283671
a00029640	283672
a00029641	283673
a00029642	283674
a00029643	283675
a00029644	283676
a00029645	283677
a00029646	283678
a00029647	283679
a00029648	283680
a00029649	283681
a00029650	283682
a00029651	283683
a00029652	283684
a00029653	283685
a00029654	283686
a00029655	283687
a00029656	283688
a00029657	283689
a00029658	283690
a00029659	283691
a00029660	283692
a00029661	283693
a00029662	283694
a00029663	283695
a00029664	283696
a00029665	283697
a00029666	283698
a00029667	283699
a00029668	283700
a00029669	283701
a00029670	283702
a00029671	283703
a00029672	283704
a00029673	283705
a00029674	283706
a00029675	283707
a00029676	283708
a00029677	283709
a00029678	283710
a00029679	283711
a00029680	283712
a00029681	283713
a00029682	283714
a00029683	283715
a00029684	283716
a00029685	283717
a00029686	283718
a00029687	283719
a00029688	283720
a00029689	283721
a00029690	283722
a00029691	283723
a00029692	283724
a00029693	283725
a00029694	283726
a00029695	283727
a00029696	283728
a00029697	283729
a00029698	283730
a00029699	283731
a00029700	283732
a00029701	283733
a00029702	283734
a00029703	283735
a00029704	283736
a00029705	283737
a00029706	283738
a00029707	283739
a00029708	283740
a00029709	283741
a00029710	283742
a00029711	283743
a00029712	283744
a00029713	283745
a00029714	283746
a00029715	283747
a00029716	283748
a00029717	283749
a00029718	283750
a00029719	283751
a00029720	283752
a00029721	283753
a00029722	283754
a00029723	283755
a00029724	283756
a00029725	283757
a00029726	283758
a00029727	283759
a00029728	283760
a00029729	283761
a00029730	283762
a00029731	283763
a00029732	283764
a00029733	283765
a00029734	283766
a00029735	283767
a00029736	283768
a00029737	283769
a00029738	283770
a00029739	283771
a00029740	283772
a00029741	283773
a00029742	283774
a00029743	283775
a00029744	283776
a00029745	283777
a00029746	283778
a00029747	283779
a00029748	283780
a00029749	283781
a00029750	283782
a00029751	283783
a00029752	283784
a00029753	283785
a00029754	283786
a00029755	283787
a00029756	283788
a00029757	283789
a00029758	283790
a00029759	283791
a00029760	283792
a00029761	283793
a00029762	283794
a00029763	283795
a00029764	283796
a00029765	283797
a00029766	283798
a00029767	283799
a00029768	283800
a00029769	283801
a00029770	283802
a00029771	283803
a00029772	283804
a00029773	283805
a00029774	283806
a00029775	283807
a00029776	283808
a00029777	283809
a00029778	283810
a00029779	283811
a00029780	283812
a00029781	283813
a00029782	283814
a00029783	283815
a00029784	283816
a00029785	283817
a00029786	283818
a00029787	283819
a00029788	283820
a00029789	283821
a00029790	283822
a00029791	283823
a00029792	283824
a00029793	283825
a00029794	283826
a00029795	283827
a00029796	283828
a00029797	283829
a00029798	283830
a00029799	283831
a00029800	283832
a00029801	283833
a00029802	283834
a00029803	283835
a00029804	283836
a00029805	283837
a00029806	283838
a00029807	283839
a00029808	283840
a00029809	283841
a00029810	283842
a00029811	283843
a00029812	283844
a00029813	283845
a00029814	283846
a00029815	283847
a00029816	283848
a00029817	283849
a00029818	283850
a00029819	283851
a00029820	283852
a00029821	283853
a00029822	283854
a00029823	283855
a00029824	283856
a00029825	283857
a00029826	283858
a00029827	283859
a00029828	283860
a00029829	283861
a00029830	283862
a00029831	283863
a00029832	283864
a00029833	283865
a00029834	283866
a00029835	283867
a00029836	283868
a00029837	283869
a00029838	283870
a00029839	283871
a00029840	283872
a00029841	283873
a00029842	283874
a00029843	283875
a00029844	283876
a00029845	283877
a00029846	283878
a00029847	283879
a00029848	283880
a00029849	283881
a00029850	283882
a00029851	283883
a00029852	283884
a00029853	283885
a00029854	283886
a00029855	283887
a00029856	283888
a00029857	283889
a00029858	283890
a00029859	283891
a00029860	283892
a00029861	283893
a00029862	283894
a00029863	283895
a00029864	283896
a00029865	283897
a00029866	283898
a00029867	283899
a00029868	283900
a00029869	283901
a00029870	283902
a00029871	283903
a00029872	283904
a00029873	283905
a00029874	283906
a00029875	283907
a00029876	283908
a00029877	283909
a00029878	283910
a00029879	283911
a00029880	283912
a00029881	283913
a00029882	283914
a00029883	283915
a00029884	283916
a00029885	283917
a00029886	283918
a00029887	283919
a00029888	283920
a00029889	283921
a00029890	283922
a00029891	283923
a00029892	283924
a00029893	283925
a00029894	283926
a00029895	283927
a00029896	283928
a00029897	283929
a00029898	283930
a00029899	283931
a00029900	283932
a00029901	283933
a00029902	283934
a00029903	283935
a00029904	283936
a00029905	283937
a00029906	283938
a00029907	283939
a00029908	283940
a00029909	283941
a00029910	283942
a00029911	283943
a00029912	283944
a00029913	283945
a00029914	283946
a00029915	283947
a00029916	283948
a00029917	283949
a00029918	283950
a00029919	283951
a00029920	283952
a00029921	283953
a00029922	283954
a00029923	283955
a00029924	283956
a00029925	283957
a00029926	283958
a00029927	283959
a00029928	283960
a00029929	283961
a00029930	283962
a00029931	283963
a00029932	283964
a00029933	283965
a00029934	283966
a00029935	283967
a00029936	283968
a00029937	283969
a00029938	283970
a00029939	283971
a00029940	283972
a00029941	283973
a00029942	283974
a00029943	283975
a00029944	283976
a00029945	283977
a00029946	283978
a00029947	283979
a00029948	283980
a00029949	283981
a00029950	283982
a00029951	283983
a00029952	283984
a00029953	283985
a00029954	283986
a00029955	283987
a00029956	283988
a00029957	283989
a00029958	283990
a00029959	283991
a00029960	283992
a00029961	283993
a00029962	283994
a00029963	283995
a00029964	283996
a00029965	283997
a00029966	283998
a00029967	283999
a00029968	284000
a00029969	284001
a00029970	284002
a00029971	284003
a00029972	284004
a00029973	284005
a00029974	284006
a00029975	284007
a00029976	284008
a00029977	284009
a00029978	284010
a00029979	284011
a00029980	284012
a00029981	284013
a00029982	284014
a00029983	284015
a00029984	284016
a00029985	284017
a00029986	284018
a00029987	284019
a00029988	284020
a00029989	284021
a00029990	284022
a00029991	284023
a00029992	284024
a00029993	284025
a00029994	284026
a00029995	284027
a00029996	284028
a00029997	284029
a00029998	284030
a00029999	284031
a00030000	284032
a00030001	284033
a00030002	284034
a00030003	284035
a00030004	284036
a00030005	284037
a00030006	284038
a00030007	284039
a00030008	284040
a00030009	284041
a00030010	284042
a00030011	284043
a00030012	284044
a00030013	284045
a00030014	284046
a00030015	284047
a00030016	284048
a00030017	284049
a00030018	284050
a00030019	284051
a00030020	284052
a00030021	284053
a00030022	284054
a00030023	284055
a00030024	284056
a00030025	284057
a00030026	284058
a00030027	284059
a00030028	284060
a00030029	284061
a00030030	284062
a00030031	284063
a00030032	284064
a00030033	284065
a00030034	284066
a00030035	284067
a00030036	284068
a00030037	284069
a00030038	284070
a00030039	284071
a00030040	284072
a00030041	284073
a00030042	284074
a00030043	284075
a00030044	284076
a00030045	284077
a00030046	284078
a00030047	284079
a00030048	284080
a00030049	284081
a00030050	284082
a00030051	284083
a00030052	284084
a00030053	284085
a00030054	284086
a00030055	284087
a00030056	284088
a00030057	284089
a00030058	284090
a00030059	284091
a00030060	284092
a00030061	284093
a00030062	284094
a00030063	284095
a00030064	284096
a00030065	284097
a00030066	284098
a00030067	284099
a00030068	284100
a00030069	284101
a00030070	284102
a00030071	284103
a00030072	284104
a00030073	284105
a00030074	284106
a00030075	284107
a00030076	284108
a00030077	284109
a00030078	284110
a00030079	284111
a00030080	284112
a00030081	284113
a00030082	284114
a00030083	284115
a00030084	284116
a00030085	284117
a00030086	284118
a00030087	284119
a00030088	284120
a00030089	284121
a00030090	284122
a00030091	284123
a00030092	284124
a00030093	284125
a00030094	284126
a00030095	284127
a00030096	284128
a00030097	284129
a00030098	284130
a00030099	284131
a00030100	284132
a00030101	284133
a00030102	284134
a00030103	284135
a00030104	284136
a00030105	284137
a00030106	284138
a00030107	284139
a00030108	284140
a00030109	284141
a00030110	284142
a00030111	284143
a00030112	284144
a00030113	284145
a00030114	284146
a00030115	284147
a00030116	284148
a00030117	284149
a00030118	284150
a00030119	284151
a00030120	284152
a00030121	284153
a00030122	284154
a00030123	284155
a00030124	284156
a00030125	284157
a00030126	284158
a00030127	284159
a00030128	284160
a00030129	284161
a00030130	284162
a00030131	284163
a00030132	284164
a00030133	284165
a00030134	284166
a00030135	284167
a00030136	284168
a00030137	284169
a00030138	284170
a00030139	284171
a00030140	284172
a00030141	284173
a00030142	284174
a00030143	284175
a00030144	284176
a00030145	284177
a00030146	284178
a00030147	284179
a00030148	284180
a00030149	284181
a00030150	284182
a00030151	284183
a00030152	284184
a00030153	284185
a00030154	284186
a00030155	284187
a00030156	284188
a00030157	284189
a00030158	284190
a00030159	284191
a00030160	284192
a00030161	284193
a00030162	284194
a00030163	284195
a00030164	284196
a00030165	284197
a00030166	284198
a00030167	284199
a00030168	284200
a00030169	284201
a00030170	284202
a00030171	284203
a00030172	284204
a00030173	284205
a00030174	284206
a00030175	284207
a00030176	284208
a00030177	284209
a00030178	284210
a00030179	284211
a00030180	284212
a00030181	284213
a00030182	284214
a00030183	284215
a00030184	284216
a00030185	284217
a00030186	284218
a00030187	284219
a00030188	284220
a00030189	284221
a00030190	284222
a00030191	284223
a00030192	284224
a00030193	284225
a00030194	284226
a00030195	284227
a00030196	284228
a00030197	284229
a00030198	284230
a00030199	284231
a00030200	284232
a00030201	284233
a00030202	284234
a00030203	284235
a00030204	284236
a00030205	284237
a00030206	284238
a00030207	284239
a00030208	284240
a00030209	284241
a00030210	284242
a00030211	284243
a00030212	284244
a00030213	284245
a00030214	284246
a00030215	284247
a00030216	284248
a00030217	284249
a00030218	284250
a00030219	284251
a00030220	284252
a00030221	284253
a00030222	284254
a00030223	284255
a00030224	284256
a00030225	284257
a00030226	284258
a00030227	284259
a00030228	284260
a00030229	284261
a00030230	284262
a00030231	284263
a00030232	284264
a00030233	284265
a00030234	284266
a00030235	284267
a00030236	284268
a00030237	284269
a00030238	284270
a00030239	284271
a00030240	284272
a00030241	284273
a00030242	284274
a00030243	284275
a00030244	284276
a00030245	284277
a00030246	284278
a00030247	284279
a00030248	284280
a00030249	284281
a00030250	284282
a00030251	284283
a00030252	284284
a00030253	284285
a00030254	284286
a00030255	284287
a00030256	284288
a00030257	284289
a00030258	284290
a00030259	284291
a00030260	284292
a00030261	284293
a00030262	284294
a00030263	284295
a00030264	284296
a00030265	284297
a00030266	284298
a00030267	284299
a00030268	284300
a00030269	284301
a00030270	284302
a00030271	284303
a00030272	284304
a00030273	284305
a00030274	284306
a00030275	284307
a00030276	284308
a00030277	284309
a00030278	284310
a00030279	284311
a00030280	284312
a00030281	284313
a00030282	284314
a00030283	284315
a00030284	284316
a00030285	284317
a00030286	284318
a00030287	284319
a00030288	284320
a00030289	284321
a00030290	284322
a00030291	284323
a00030292	284324
a00030293	284325
a00030294	284326
a00030295	284327
a00030296	284328
a00030297	284329
a00030298	284330
a00030299	284331
a00030300	284332
a00030301	284333
a00030302	284334
a00030303	284335
a00030304	284336
a00030305	284337
a00030306	284338
a00030307	284339
a00030308	284340
a00030309	284341
a00030310	284342
a00030311	284343
a00030312	284344
a00030313	284345
a00030314	284346
a00030315	284347
a00030316	284348
a00030317	284349
a00030318	284350
a00030319	284351
a00030320	284352
a00030321	284353
a00030322	284354
a00030323	284355
a00030324	284356
a00030325	284357
a00030326	284358
a00030327	284359
a00030328	284360
a00030329	284361
a00030330	284362
a00030331	284363
a00030332	284364
a00030333	284365
a00030334	284366
a00030335	284367
a00030336	284368
a00030337	284369
a00030338	284370
a00030339	284371
a00030340	284372
a00030341	284373
a00030342	284374
a00030343	284375
a00030344	284376
a00030345	284377
a00030346	284378
a00030347	284379
a00030348	284380
a00030349	284381
a00030350	284382
a00030351	284383
a00030352	284384
a00030353	284385
a00030354	284386
a00030355	284387
a00030356	284388
a00030357	284389
a00030358	284390
a00030359	284391
a00030360	284392
a00030361	284393
a00030362	284394
a00030363	284395
a00030364	284396
a00030365	284397
a00030366	284398
a00030367	284399
a00030368	284400
a00030369	284401
a00030370	284402
a00030371	284403
a00030372	284404
a00030373	284405
a00030374	284406
a00030375	284407
a00030376	284408
a00030377	284409
a00030378	284410
a00030379	284411
a00030380	284412
a00030381	284413
a00030382	284414
a00030383	284415
a00030384	284416
a00030385	284417
a00030386	284418
a00030387	284419
a00030388	284420
a00030389	284421
a00030390	284422
a00030391	284423
a00030392	284424
a00030393	284425
a00030394	284426
a00030395	284427
a00030396	284428
a00030397	284429
a00030398	284430
a00030399	284431
a00030400	284432
a00030401	284433
a00030402	284434
a00030403	284435
a00030404	284436
a00030405	284437
a00030406	284438
a00030407	284439
a00030408	284440
a00030409	284441
a00030410	284442
a00030411	284443
a00030412	284444
a00030413	284445
a00030414	284446
a00030415	284447
a00030416	284448
a00030417	284449
a00030418	284450
a00030419	284451
a00030420	284452
a00030421	284453
a00030422	284454
a00030423	284455
a00030424	284456
a00030425	284457
a00030426	284458
a00030427	284459
a00030428	284460
a00030429	284461
a00030430	284462
a00030431	284463
a00030432	284464
a00030433	284465
a00030434	284466
a00030435	284467
a00030436	284468
a00030437	284469
a00030438	284470
a00030439	284471
a00030440	284472
a00030441	284473
a00030442	284474
a00030443	284475
a00030444	284476
a00030445	284477
a00030446	284478
a00030447	284479
a00030448	284480
a00030449	284481
a00030450	284482
a00030451	284483
a00030452	284484
a00030453	284485
a00030454	284486
a00030455	284487
a00030456	284488
a00030457	284489
a00030458	284490
a00030459	284491
a00030460	284492
a00030461	284493
a00030462	284494
a00030463	284495
a00030464	284496
a00030465	284497
a00030466	284498
a00030467	284499
a00030468	284500
a00030469	284501
a00030470	284502
a00030471	284503
a00030472	284504
a00030473	284505
a00030474	284506
a00030475	284507
a00030476	284508
a00030477	284509
a00030478	284510
a00030479	284511
a00030480	284512
a00030481	284513
a00030482	284514
a00030483	284515
a00030484	284516
a00030485	284517
a00030486	284518
a00030487	284519
a00030488	284520
a00030489	284521
a00030490	284522
a00030491	284523
a00030492	284524
a00030493	284525
a00030494	284526
a00030495	284527
a00030496	284528
a00030497	284529
a00030498	284530
a00030499	284531
a00030500	284532
a00030501	284533
a00030502	284534
a00030503	284535
a00030504	284536
a00030505	284537
a00030506	284538
a00030507	284539
a00030508	284540
a00030509	284541
a00030510	284542
a00030511	284543
a00030512	284544
a00030513	284545
a00030514	284546
a00030515	284547
a00030516	284548
a00030517	284549
a00030518	284550
a00030519	284551
a00030520	284552
a00030521	284553
a00030522	284554
a00030523	284555
a00030524	284556
a00030525	284557
a00030526	284558
a00030527	284559
a00030528	284560
a00030529	284561
a00030530	284562
a00030531	284563
a00030532	284564
a00030533	284565
a00030534	284566
a00030535	284567
a00030536	284568
a00030537	284569
a00030538	284570
a00030539	284571
a00030540	284572
a00030541	284573
a00030542	284574
a00030543	284575
a00030544	284576
a00030545	284577
a00030546	284578
a00030547	284579
a00030548	284580
a00030549	284581
a00030550	284582
a00030551	284583
a00030552	284584
a00030553	284585
a00030554	284586
a00030555	284587
a00030556	284588
a00030557	284589
a00030558	284590
a00030559	284591
a00030560	284592
a00030561	284593
a00030562	284594
a00030563	284595
a00030564	284596
a00030565	284597
a00030566	284598
a00030567	284599
a00030568	284600
a00030569	284601
a00030570	284602
a00030571	284603
a00030572	284604
a00030573	284605
a00030574	284606
a00030575	284607
a00030576	284608
a00030577	284609
a00030578	284610
a00030579	284611
a00030580	284612
a00030581	284613
a00030582	284614
a00030583	284615
a00030584	284616
a00030585	284617
a00030586	284618
a00030587	284619
a00030588	284620
a00030589	284621
a00030590	284622
a00030591	284623
a00030592	284624
a00030593	284625
a00030594	284626
a00030595	284627
a00030596	284628
a00030597	284629
a00030598	284630
a00030599	284631
a00030600	284632
a00030601	284633
a00030602	284634
a00030603	284635
a00030604	284636
a00030605	284637
a00030606	284638
a00030607	284639
a00030608	284640
a00030609	284641
a00030610	284642
a00030611	284643
a00030612	284644
a00030613	284645
a00030614	284646
a00030615	284647
a00030616	284648
a00030617	284649
a00030618	284650
a00030619	284651
a00030620	284652
a00030621	284653
a00030622	284654
a00030623	284655
a00030624	284656
a00030625	284657
a00030626	284658
a00030627	284659
a00030628	284660
a00030629	284661
a00030630	284662
a00030631	284663
a00030632	284664
a00030633	284665
a00030634	284666
a00030635	284667
a00030636	284668
a00030637	284669
a00030638	284670
a00030639	284671
a00030640	284672
a00030641	284673
a00030642	284674
a00030643	284675
a00030644	284676
a00030645	284677
a00030646	284678
a00030647	284679
a00030648	284680
a00030649	284681
a00030650	284682
a00030651	284683
a00030652	284684
a00030653	284685
a00030654	284686
a00030655	284687
a00030656	284688
a00030657	284689
a00030658	284690
a00030659	284691
a00030660	284692
a00030661	284693
a00030662	284694
a00030663	284695
a00030664	284696
a00030665	284697
a00030666	284698
a00030667	284699
a00030668	284700
a00030669	284701
a00030670	284702
a00030671	284703
a00030672	284704
a00030673	284705
a00030674	284706
a00030675	284707
a00030676	284708
a00030677	284709
a00030678	284710
a00030679	284711
a00030680	284712
a00030681	284713
a00030682	284714
a00030683	284715
a00030684	284716
a00030685	284717
a00030686	284718
a00030687	284719
a00030688	284720
a00030689	284721
a00030690	284722
a00030691	284723
a00030692	284724
a00030693	284725
a00030694	284726
a00030695	284727
a00030696	284728
a00030697	284729
a00030698	284730
a00030699	284731
a00030700	284732
a00030701	284733
a00030702	284734
a00030703	284735
a00030704	284736
a00030705	284737
a00030706	284738
a00030707	284739
a00030708	284740
a00030709	284741
a00030710	284742
a00030711	284743
a00030712	284744
a00030713	284745
a00030714	284746
a00030715	284747
a00030716	284748
a00030717	284749
a00030718	284750
a00030719	284751
a00030720	284752
a00030721	284753
a00030722	284754
a00030723	284755
a00030724	284756
a00030725	284757
a00030726	284758
a00030727	284759
a00030728	284760
a00030729	284761
a00030730	284762
a00030731	284763
a00030732	284764
a00030733	284765
a00030734	284766
a00030735	284767
a00030736	284768
a00030737	284769
a00030738	284770
a00030739	284771
a00030740	284772
a00030741	284773
a00030742	284774
a00030743	284775
a00030744	284776
a00030745	284777
a00030746	284778
a00030747	284779
a00030748	284780
a00030749	284781
a00030750	284782
a00030751	284783
a00030752	284784
a00030753	284785
a00030754	284786
a00030755	284787
a00030756	284788
a00030757	284789
a00030758	284790
a00030759	284791
a00030760	284792
a00030761	284793
a00030762	284794
a00030763	284795
a00030764	284796
a00030765	284797
a00030766	284798
a00030767	284799
a00030768	284800
a00030769	284801
a00030770	284802
a00030771	284803
a00030772	284804
a00030773	284805
a00030774	284806
a00030775	284807
a00030776	284808
a00030777	284809
a00030778	284810
a00030779	284811
a00030780	284812
a00030781	284813
a00030782	284814
a00030783	284815
a00030784	284816
a00030785	284817
a00030786	284818
a00030787	284819
a00030788	284820
a00030789	284821
a00030790	284822
a00030791	284823
a00030792	284824
a00030793	284825
a00030794	284826
a00030795	284827
a00030796	284828
a00030797	284829
a00030798	284830
a00030799	284831
a00030800	284832
a00030801	284833
a00030802	284834
a00030803	284835
a00030804	284836
a00030805	284837
a00030806	284838
a00030807	284839
a00030808	284840
a00030809	284841
a00030810	284842
a00030811	284843
a00030812	284844
a00030813	284845
a00030814	284846
a00030815	284847
a00030816	284848
a00030817	284849
a00030818	284850
a00030819	284851
a00030820	284852
a00030821	284853
a00030822	284854
a00030823	284855
a00030824	284856
a00030825	284857
a00030826	284858
a00030827	284859
a00030828	284860
a00030829	284861
a00030830	284862
a00030831	284863
a00030832	284864
a00030833	284865
a00030834	284866
a00030835	284867
a00030836	284868
a00030837	284869
a00030838	284870
a00030839	284871
a00030840	284872
a00030841	284873
a00030842	284874
a00030843	284875
a00030844	284876
a00030845	284877
a00030846	284878
a00030847	284879
a00030848	284880
a00030849	284881
a00030850	284882
a00030851	284883
a00030852	284884
a00030853	284885
a00030854	284886
a00030855	284887
a00030856	284888
a00030857	284889
a00030858	284890
a00030859	284891
a00030860	284892
a00030861	284893
a00030862	284894
a00030863	284895
a00030864	284896
a00030865	284897
a00030866	284898
a00030867	284899
a00030868	284900
a00030869	284901
a00030870	284902
a00030871	284903
a00030872	284904
a00030873	284905
a00030874	284906
a00030875	284907
a00030876	284908
a00030877	284909
a00030878	284910
a00030879	284911
a00030880	284912
a00030881	284913
a00030882	284914
a00030883	284915
a00030884	284916
a00030885	284917
a00030886	284918
a00030887	284919
a00030888	284920
a00030889	284921
a00030890	284922
a00030891	284923
a00030892	284924
a00030893	284925
a00030894	284926
a00030895	284927
a00030896	284928
a00030897	284929
a00030898	284930
a00030899	284931
a00030900	284932
a00030901	284933
a00030902	284934
a00030903	284935
a00030904	284936
a00030905	284937
a00030906	284938
a00030907	284939
a00030908	284940
a00030909	284941
a00030910	284942
a00030911	284943
a00030912	284944
a00030913	284945
a00030914	284946
a00030915	284947
a00030916	284948
a00030917	284949
a00030918	284950
a00030919	284951
a00030920	284952
a00030921	284953
a00030922	284954
a00030923	284955
a00030924	284956
a00030925	284957
a00030926	284958
a00030927	284959
a00030928	284960
a00030929	284961
a00030930	284962
a00030931	284963
a00030932	284964
a00030933	284965
a00030934	284966
a00030935	284967
a00030936	284968
a00030937	284969
a00030938	284970
a00030939	284971
a00030940	284972
a00030941	284973
a00030942	284974
a00030943	284975
a00030944	284976
a00030945	284977
a00030946	284978
a00030947	284979
a00030948	284980
a00030949	284981
a00030950	284982
a00030951	284983
a00030952	284984
a00030953	284985
a00030954	284986
a00030955	284987
a00030956	284988
a00030957	284989
a00030958	284990
a00030959	284991
a00030960	284992
a00030961	284993
a00030962	284994
a00030963	284995
a00030964	284996
a00030965	284997
a00030966	284998
a00030967	284999
a00030968	285000
a00030969	285001
a00030970	285002
a00030971	285003
a00030972	285004
a00030973	285005
a00030974	285006
a00030975	285007
a00030976	285008
a00030977	285009
a00030978	285010
a00030979	285011
a00030980	285012
a00030981	285013
a00030982	285014
a00030983	285015
a00030984	285016
a00030985	285017
a00030986	285018
a00030987	285019
a00030988	285020
a00030989	285021
a00030990	285022
a00030991	285023
a00030992	285024
a00030993	285025
a00030994	285026
a00030995	285027
a00030996	285028
a00030997	285029
a00030998	285030
a00030999	285031
a00031000	285032
a00031001	285033
a00031002	285034
a00031003	285035
a00031004	285036
a00031005	285037
a00031006	285038
a00031007	285039
a00031008	285040
a00031009	285041
a00031010	285042
a00031011	285043
a00031012	285044
a00031013	285045
a00031014	285046
a00031015	285047
a00031016	285048
a00031017	285049
a00031018	285050
a00031019	285051
a00031020	285052
a00031021	285053
a00031022	285054
a00031023	285055
a00031024	285056
a00031025	285057
a00031026	285058
a00031027	285059
a00031028	285060
a00031029	285061
a00031030	285062
a00031031	285063
a00031032	285064
a00031033	285065
a00031034	285066
a00031035	285067
a00031036	285068
a00031037	285069
a00031038	285070
a00031039	285071
a00031040	285072
a00031041	285073
a00031042	285074
a00031043	285075
a00031044	285076
a00031045	285077
a00031046	285078
a00031047	285079
a00031048	285080
a00031049	285081
a00031050	285082
a00031051	285083
a00031052	285084
a00031053	285085
a00031054	285086
a00031055	285087
a00031056	285088
a00031057	285089
a00031058	285090
a00031059	285091
a00031060	285092
a00031061	285093
a00031062	285094
a00031063	285095
a00031064	285096
a00031065	285097
a00031066	285098
a00031067	285099
a00031068	285100
a00031069	285101
a00031070	285102
a00031071	285103
a00031072	285104
a00031073	285105
a00031074	285106
a00031075	285107
a00031076	285108
a00031077	285109
a00031078	285110
a00031079	285111
a00031080	285112
a00031081	285113
a00031082	285114
a00031083	285115
a00031084	285116
a00031085	285117
a00031086	285118
a00031087	285119
a00031088	285120
a00031089	285121
a00031090	285122
a00031091	285123
a00031092	285124
a00031093	285125
a00031094	285126
a00031095	285127
a00031096	285128
a00031097	285129
a00031098	285130
a00031099	285131
a00031100	285132
a00031101	285133
a00031102	285134
a00031103	285135
a00031104	285136
a00031105	285137
a00031106	285138
a00031107	285139
a00031108	285140
a00031109	285141
a00031110	285142
a00031111	285143
a00031112	285144
a00031113	285145
a00031114	285146
a00031115	285147
a00031116	285148
a00031117	285149
a00031118	285150
a00031119	285151
a00031120	285152
a00031121	285153
a00031122	285154
a00031123	285155
a00031124	285156
a00031125	285157
a00031126	285158
a00031127	285159
a00031128	285160
a00031129	285161
a00031130	285162
a00031131	285163
a00031132	285164
a00031133	285165
a00031134	285166
a00031135	285167
a00031136	285168
a00031137	285169
a00031138	285170
a00031139	285171
a00031140	285172
a00031141	285173
a00031142	285174
a00031143	285175
a00031144	285176
a00031145	285177
a00031146	285178
a00031147	285179
a00031148	285180
a00031149	285181
a00031150	285182
a00031151	285183
a00031152	285184
a00031153	285185
a00031154	285186
a00031155	285187
a00031156	285188
a00031157	285189
a00031158	285190
a00031159	285191
a00031160	285192
a00031161	285193
a00031162	285194
a00031163	285195
a00031164	285196
a00031165	285197
a00031166	285198
a00031167	285199
a00031168	285200
a00031169	285201
a00031170	285202
a00031171	285203
a00031172	285204
a00031173	285205
a00031174	285206
a00031175	285207
a00031176	285208
a00031177	285209
a00031178	285210
a00031179	285211
a00031180	285212
a00031181	285213
a00031182	285214
a00031183	285215
a00031184	285216
a00031185	285217
a00031186	285218
a00031187	285219
a00031188	285220
a00031189	285221
a00031190	285222
a00031191	285223
a00031192	285224
a00031193	285225
a00031194	285226
a00031195	285227
a00031196	285228
a00031197	285229
a00031198	285230
a00031199	285231
a00031200	285232
a00031201	285233
a00031202	285234
a00031203	285235
a00031204	285236
a00031205	285237
a00031206	285238
a00031207	285239
a00031208	285240
a00031209	285241
a00031210	285242
a00031211	285243
a00031212	285244
a00031213	285245
a00031214	285246
a00031215	285247
a00031216	285248
a00031217	285249
a00031218	285250
a00031219	285251
a00031220	285252
a00031221	285253
a00031222	285254
a00031223	285255
a00031224	285256
a00031225	285257
a00031226	285258
a00031227	285259
a00031228	285260
a00031229	285261
a00031230	285262
a00031231	285263
a00031232	285264
a00031233	285265
a00031234	285266
a00031235	285267
a00031236	285268
a00031237	285269
a00031238	285270
a00031239	285271
a00031240	285272
a00031241	285273
a00031242	285274
a00031243	285275
a00031244	285276
a00031245	285277
a00031246	285278
a00031247	285279
a00031248	285280
a00031249	285281
a00031250	285282
a00031251	285283
a00031252	285284
a00031253	285285
a00031254	285286
a00031255	285287
a00031256	285288
a00031257	285289
a00031258	285290
a00031259	285291
a00031260	285292
a00031261	285293
a00031262	285294
a00031263	285295
a00031264	285296
a00031265	285297
a00031266	285298
a00031267	285299
a00031268	285300
a00031269	285301
a00031270	285302
a00031271	285303
a00031272	285304
a00031273	285305
a00031274	285306
a00031275	285307
a00031276	285308
a00031277	285309
a00031278	285310
a00031279	285311
a00031280	285312
a00031281	285313
a00031282	285314
a00031283	285315
a00031284	285316
a00031285	285317
a00031286	285318
a00031287	285319
a00031288	285320
a00031289	285321
a00031290	285322
a00031291	285323
a00031292	285324
a00031293	285325
a00031294	285326
a00031295	285327
a00031296	285328
a00031297	285329
a00031298	285330
a00031299	285331
a00031300	285332
a00031301	285333
a00031302	285334
a00031303	285335
a00031304	285336
a00031305	285337
a00031306	285338
a00031307	285339
a00031308	285340
a00031309	285341
a00031310	285342
a00031311	285343
a00031312	285344
a00031313	285345
a00031314	285346
a00031315	285347
a00031316	285348
a00031317	285349
a00031318	285350
a00031319	285351
a00031320	285352
a00031321	285353
a00031322	285354
a00031323	285355
a00031324	285356
a00031325	285357
a00031326	285358
a00031327	285359
a00031328	285360
a00031329	285361
a00031330	285362
a00031331	285363
a00031332	285364
a00031333	285365
a00031334	285366
a00031335	285367
a00031336	285368
a00031337	285369
a00031338	285370
a00031339	285371
a00031340	285372
a00031341	285373
a00031342	285374
a00031343	285375
a00031344	285376
a00031345	285377
a00031346	285378
a00031347	285379
a00031348	285380
a00031349	285381
a00031350	285382
a00031351	285383
a00031352	285384
a00031353	285385
a00031354	285386
a00031355	285387
a00031356	285388
a00031357	285389
a00031358	285390
a00031359	285391
a00031360	285392
a00031361	285393
a00031362	285394
a00031363	285395
a00031364	285396
a00031365	285397
a00031366	285398
a00031367	285399
a00031368	285400
a00031369	285401
a00031370	285402
a00031371	285403
a00031372	285404
a00031373	285405
a00031374	285406
a00031375	285407
a00031376	285408
a00031377	285409
a00031378	285410
a00031379	285411
a00031380	285412
a00031381	285413
a00031382	285414
a00031383	285415
a00031384	285416
a00031385	285417
a00031386	285418
a00031387	285419
a00031388	285420
a00031389	285421
a00031390	285422
a00031391	285423
a00031392	285424
a00031393	285425
a00031394	285426
a00031395	285427
a00031396	285428
a00031397	285429
a00031398	285430
a00031399	285431
a00031400	285432
a00031401	285433
a00031402	285434
a00031403	285435
a00031404	285436
a00031405	285437
a00031406	285438
a00031407	285439
a00031408	285440
a00031409	285441
a00031410	285442
a00031411	285443
a00031412	285444
a00031413	285445
a00031414	285446
a00031415	285447
a00031416	285448
a00031417	285449
a00031418	285450
a00031419	285451
a00031420	285452
a00031421	285453
a00031422	285454
a00031423	285455
a00031424	285456
a00031425	285457
a00031426	285458
a00031427	285459
a00031428	285460
a00031429	285461
a00031430	285462
a00031431	285463
a00031432	285464
a00031433	285465
a00031434	285466
a00031435	285467
a00031436	285468
a00031437	285469
a00031438	285470
a00031439	285471
a00031440	285472
a00031441	285473
a00031442	285474
a00031443	285475
a00031444	285476
a00031445	285477
a00031446	285478
a00031447	285479
a00031448	285480
a00031449	285481
a00031450	285482
a00031451	285483
a00031452	285484
a00031453	285485
a00031454	285486
a00031455	285487
a00031456	285488
a00031457	285489
a00031458	285490
a00031459	285491
a00031460	285492
a00031461	285493
a00031462	285494
a00031463	285495
a00031464	285496
a00031465	285497
a00031466	285498
a00031467	285499
a00031468	285500
a00031469	285501
a00031470	285502
a00031471	285503
a00031472	285504
a00031473	285505
a00031474	285506
a00031475	285507
a00031476	285508
a00031477	285509
a00031478	285510
a00031479	285511
a00031480	285512
a00031481	285513
a00031482	285514
a00031483	285515
a00031484	285516
a00031485	285517
a00031486	285518
a00031487	285519
a00031488	285520
a00031489	285521
a00031490	285522
a00031491	285523
a00031492	285524
a00031493	285525
a00031494	285526
a00031495	285527
a00031496	285528
a00031497	285529
a00031498	285530
a00031499	285531
a00031500	285532
a00031501	285533
a00031502	285534
a00031503	285535
a00031504	285536
a00031505	285537
a00031506	285538
a00031507	285539
a00031508	285540
a00031509	285541
a00031510	285542
a00031511	285543
a00031512	285544
a00031513	285545
a00031514	285546
a00031515	285547
a00031516	285548
a00031517	285549
a00031518	285550
a00031519	285551
a00031520	285552
a00031521	285553
a00031522	285554
a00031523	285555
a00031524	285556
a00031525	285557
a00031526	285558
a00031527	285559
a00031528	285560
a00031529	285561
a00031530	285562
a00031531	285563
a00031532	285564
a00031533	285565
a00031534	285566
a00031535	285567
a00031536	285568
a00031537	285569
a00031538	285570
a00031539	285571
a00031540	285572
a00031541	285573
a00031542	285574
a00031543	285575
a00031544	285576
a00031545	285577
a00031546	285578
a00031547	285579
a00031548	285580
a00031549	285581
a00031550	285582
a00031551	285583
a00031552	285584
a00031553	285585
a00031554	285586
a00031555	285587
a00031556	285588
a00031557	285589
a00031558	285590
a00031559	285591
a00031560	285592
a00031561	285593
a00031562	285594
a00031563	285595
a00031564	285596
a00031565	285597
a00031566	285598
a00031567	285599
a00031568	285600
a00031569	285601
a00031570	285602
a00031571	285603
a00031572	285604
a00031573	285605
a00031574	285606
a00031575	285607
a00031576	285608
a00031577	285609
a00031578	285610
a00031579	285611
a00031580	285612
a00031581	285613
a00031582	285614
a00031583	285615
a00031584	285616
a00031585	285617
a00031586	285618
a00031587	285619
a00031588	285620
a00031589	285621
a00031590	285622
a00031591	285623
a00031592	285624
a00031593	285625
a00031594	285626
a00031595	285627
a00031596	285628
a00031597	285629
a00031598	285630
a00031599	285631
a00031600	285632
a00031601	285633
a00031602	285634
a00031603	285635
a00031604	285636
a00031605	285637
a00031606	285638
a00031607	285639
a00031608	285640
a00031609	285641
a00031610	285642
a00031611	285643
a00031612	285644
a00031613	285645
a00031614	285646
a00031615	285647
a00031616	285648
a00031617	285649
a00031618	285650
a00031619	285651
a00031620	285652
a00031621	285653
a00031622	285654
a00031623	285655
a00031624	285656
a00031625	285657
a00031626	285658
a00031627	285659
a00031628	285660
a00031629	285661
a00031630	285662
a00031631	285663
a00031632	285664
a00031633	285665
a00031634	285666
a00031635	285667
a00031636	285668
a00031637	285669
a00031638	285670
a00031639	285671
a00031640	285672
a00031641	285673
a00031642	285674
a00031643	285675
a00031644	285676
a00031645	285677
a00031646	285678
a00031647	285679
a00031648	285680
a00031649	285681
a00031650	285682
a00031651	285683
a00031652	285684
a00031653	285685
a00031654	285686
a00031655	285687
a00031656	285688
a00031657	285689
a00031658	285690
a00031659	285691
a00031660	285692
a00031661	285693
a00031662	285694
a00031663	285695
a00031664	285696
a00031665	285697
a00031666	285698
a00031667	285699
a00031668	285700
a00031669	285701
a00031670	285702
a00031671	285703
a00031672	285704
a00031673	285705
a00031674	285706
a00031675	285707
a00031676	285708
a00031677	285709
a00031678	285710
a00031679	285711
a00031680	285712
a00031681	285713
a00031682	285714
a00031683	285715
a00031684	285716
a00031685	285717
a00031686	285718
a00031687	285719
a00031688	285720
a00031689	285721
a00031690	285722
a00031691	285723
a00031692	285724
a00031693	285725
a00031694	285726
a00031695	285727
a00031696	285728
a00031697	285729
a00031698	285730
a00031699	285731
a00031700	285732
a00031701	285733
a00031702	285734
a00031703	285735
a00031704	285736
a00031705	285737
a00031706	285738
a00031707	285739
a00031708	285740
a00031709	285741
a00031710	285742
a00031711	285743
a00031712	285744
a00031713	285745
a00031714	285746
a00031715	285747
a00031716	285748
a00031717	285749
a00031718	285750
a00031719	285751
a00031720	285752
a00031721	285753
a00031722	285754
a00031723	285755
a00031724	285756
a00031725	285757
a00031726	285758
a00031727	285759
a00031728	285760
a00031729	285761
a00031730	285762
a00031731	285763
a00031732	285764
a00031733	285765
a00031734	285766
a00031735	285767
a00031736	285768
a00031737	285769
a00031738	285770
a00031739	285771
a00031740	285772
a00031741	285773
a00031742	285774
a00031743	285775
a00031744	285776
a00031745	285777
a00031746	285778
a00031747	285779
a00031748	285780
a00031749	285781
a00031750	285782
a00031751	285783
a00031752	285784
a00031753	285785
a00031754	285786
a00031755	285787
a00031756	285788
a00031757	285789
a00031758	285790
a00031759	285791
a00031760	285792
a00031761	285793
a00031762	285794
a00031763	285795
a00031764	285796
a00031765	285797
a00031766	285798
a00031767	285799
a00031768	285800
a00031769	285801
a00031770	285802
a00031771	285803
a00031772	285804
a00031773	285805
a00031774	285806
a00031775	285807
a00031776	285808
a00031777	285809
a00031778	285810
a00031779	285811
a00031780	285812
a00031781	285813
a00031782	285814
a00031783	285815
a00031784	285816
a00031785	285817
a00031786	285818
a00031787	285819
a00031788	285820
a00031789	285821
a00031790	285822
a00031791	285823
a00031792	285824
a00031793	285825
a00031794	285826
a00031795	285827
a00031796	285828
a00031797	285829
a00031798	285830
a00031799	285831
a00031800	285832
a00031801	285833
a00031802	285834
a00031803	285835
a00031804	285836
a00031805	285837
a00031806	285838
a00031807	285839
a00031808	285840
a00031809	285841
a00031810	285842
a00031811	285843
a00031812	285844
a00031813	285845
a00031814	285846
a00031815	285847
a00031816	285848
a00031817	285849
a00031818	285850
a00031819	285851
a00031820	285852
a00031821	285853
a00031822	285854
a00031823	285855
a00031824	285856
a00031825	285857
a00031826	285858
a00031827	285859
a00031828	285860
a00031829	285861
a00031830	285862
a00031831	285863
a00031832	285864
a00031833	285865
a00031834	285866
a00031835	285867
a00031836	285868
a00031837	285869
a00031838	285870
a00031839	285871
a00031840	285872
a00031841	285873
a00031842	285874
a00031843	285875
a00031844	285876
a00031845	285877
a00031846	285878
a00031847	285879
a00031848	285880
a00031849	285881
a00031850	285882
a00031851	285883
a00031852	285884
a00031853	285885
a00031854	285886
a00031855	285887
a00031856	285888
a00031857	285889
a00031858	285890
a00031859	285891
a00031860	285892
a00031861	285893
a00031862	285894
a00031863	285895
a00031864	285896
a00031865	285897
a00031866	285898
a00031867	285899
a00031868	285900
a00031869	285901
a00031870	285902
a00031871	285903
a00031872	285904
a00031873	285905
a00031874	285906
a00031875	285907
a00031876	285908
a00031877	285909
a00031878	285910
a00031879	285911
a00031880	285912
a00031881	285913
a00031882	285914
a00031883	285915
a00031884	285916
a00031885	285917
a00031886	285918
a00031887	285919
a00031888	285920
a00031889	285921
a00031890	285922
a00031891	285923
a00031892	285924
a00031893	285925
a00031894	285926
a00031895	285927
a00031896	285928
a00031897	285929
a00031898	285930
a00031899	285931
a00031900	285932
a00031901	285933
a00031902	285934
a00031903	285935
a00031904	285936
a00031905	285937
a00031906	285938
a00031907	285939
a00031908	285940
a00031909	285941
a00031910	285942
a00031911	285943
a00031912	285944
a00031913	285945
a00031914	285946
a00031915	285947
a00031916	285948
a00031917	285949
a00031918	285950
a00031919	285951
a00031920	285952
a00031921	285953
a00031922	285954
a00031923	285955
a00031924	285956
a00031925	285957
a00031926	285958
a00031927	285959
a00031928	285960
a00031929	285961
a00031930	285962
a00031931	285963
a00031932	285964
a00031933	285965
a00031934	285966
a00031935	285967
a00031936	285968
a00031937	285969
a00031938	285970
a00031939	285971
a00031940	285972
a00031941	285973
a00031942	285974
a00031943	285975
a00031944	285976
a00031945	285977
a00031946	285978
a00031947	285979
a00031948	285980
a00031949	285981
a00031950	285982
a00031951	285983
a00031952	285984
a00031953	285985
a00031954	285986
a00031955	285987
a00031956	285988
a00031957	285989
a00031958	285990
a00031959	285991
a00031960	285992
a00031961	285993
a00031962	285994
a00031963	285995
a00031964	285996
a00031965	285997
a00031966	285998
a00031967	285999
a00031968	286000
a00031969	286001
a00031970	286002
a00031971	286003
a00031972	286004
a00031973	286005
a00031974	286006
a00031975	286007
a00031976	286008
a00031977	286009
a00031978	286010
a00031979	286011
a00031980	286012
a00031981	286013
a00031982	286014
a00031983	286015
a00031984	286016
a00031985	286017
a00031986	286018
a00031987	286019
a00031988	286020
a00031989	286021
a00031990	286022
a00031991	286023
a00031992	286024
a00031993	286025
a00031994	286026
a00031995	286027
a00031996	286028
a00031997	286029
a00031998	286030
a00031999	286031
a00032000	286032
a00032001	286033
a00032002	286034
a00032003	286035
a00032004	286036
a00032005	286037
a00032006	286038
a00032007	286039
a00032008	286040
a00032009	286041
a00032010	286042
a00032011	286043
a00032012	286044
a00032013	286045
a00032014	286046
a00032015	286047
a00032016	286048
a00032017	286049
a00032018	286050
a00032019	286051
a00032020	286052
a00032021	286053
a00032022	286054
a00032023	286055
a00032024	286056
a00032025	286057
a00032026	286058
a00032027	286059
a00032028	286060
a00032029	286061
a00032030	286062
a00032031	286063
a00032032	286064
a00032033	286065
a00032034	286066
a00032035	286067
a00032036	286068
a00032037	286069
a00032038	286070
a00032039	286071
a00032040	286072
a00032041	286073
a00032042	286074
a00032043	286075
a00032044	286076
a00032045	286077
a00032046	286078
a00032047	286079
a00032048	286080
a00032049	286081
a00032050	286082
a00032051	286083
a00032052	286084
a00032053	286085
a00032054	286086
a00032055	286087
a00032056	286088
a00032057	286089
a00032058	286090
a00032059	286091
a00032060	286092
a00032061	286093
a00032062	286094
a00032063	286095
a00032064	286096
a00032065	286097
a00032066	286098
a00032067	286099
a00032068	286100
a00032069	286101
a00032070	286102
a00032071	286103
a00032072	286104
a00032073	286105
a00032074	286106
a00032075	286107
a00032076	286108
a00032077	286109
a00032078	286110
a00032079	286111
a00032080	286112
a00032081	286113
a00032082	286114
a00032083	286115
a00032084	286116
a00032085	286117
a00032086	286118
a00032087	286119
a00032088	286120
a00032089	286121
a00032090	286122
a00032091	286123
a00032092	286124
a00032093	286125
a00032094	286126
a00032095	286127
a00032096	286128
a00032097	286129
a00032098	286130
a00032099	286131
a00032100	286132
a00032101	286133
a00032102	286134
a00032103	286135
a00032104	286136
a00032105	286137
a00032106	286138
a00032107	286139
a00032108	286140
a00032109	286141
a00032110	286142
a00032111	286143
a00032112	286144
a00032113	286145
a00032114	286146
a00032115	286147
a00032116	286148
a00032117	286149
a00032118	286150
a00032119	286151
a00032120	286152
a00032121	286153
a00032122	286154
a00032123	286155
a00032124	286156
a00032125	286157
a00032126	286158
a00032127	286159
a00032128	286160
a00032129	286161
a00032130	286162
a00032131	286163
a00032132	286164
a00032133	286165
a00032134	286166
a00032135	286167
a00032136	286168
a00032137	286169
a00032138	286170
a00032139	286171
a00032140	286172
a00032141	286173
a00032142	286174
a00032143	286175
a00032144	286176
a00032145	286177
a00032146	286178
a00032147	286179
a00032148	286180
a00032149	286181
a00032150	286182
a00032151	286183
a00032152	286184
a00032153	286185
a00032154	286186
a00032155	286187
a00032156	286188
a00032157	286189
a00032158	286190
a00032159	286191
a00032160	286192
a00032161	286193
a00032162	286194
a00032163	286195
a00032164	286196
a00032165	286197
a00032166	286198
a00032167	286199
a00032168	286200
a00032169	286201
a00032170	286202
a00032171	286203
a00032172	286204
a00032173	286205
a00032174	286206
a00032175	286207
a00032176	286208
a00032177	286209
a00032178	286210
a00032179	286211
a00032180	286212
a00032181	286213
a00032182	286214
a00032183	286215
a00032184	286216
a00032185	286217
a00032186	286218
a00032187	286219
a00032188	286220
a00032189	286221
a00032190	286222
a00032191	286223
a00032192	286224
a00032193	286225
a00032194	286226
a00032195	286227
a00032196	286228
a00032197	286229
a00032198	286230
a00032199	286231
a00032200	286232
a00032201	286233
a00032202	286234
a00032203	286235
a00032204	286236
a00032205	286237
a00032206	286238
a00032207	286239
a00032208	286240
a00032209	286241
a00032210	286242
a00032211	286243
a00032212	286244
a00032213	286245
a00032214	286246
a00032215	286247
a00032216	286248
a00032217	286249
a00032218	286250
a00032219	286251
a00032220	286252
a00032221	286253
a00032222	286254
a00032223	286255
a00032224	286256
a00032225	286257
a00032226	286258
a00032227	286259
a00032228	286260
a00032229	286261
a00032230	286262
a00032231	286263
a00032232	286264
a00032233	286265
a00032234	286266
a00032235	286267
a00032236	286268
a00032237	286269
a00032238	286270
a00032239	286271
a00032240	286272
a00032241	286273
a00032242	286274
a00032243	286275
a00032244	286276
a00032245	286277
a00032246	286278
a00032247	286279
a00032248	286280
a00032249	286281
a00032250	286282
a00032251	286283
a00032252	286284
a00032253	286285
a00032254	286286
a00032255	286287
a00032256	286288
a00032257	286289
a00032258	286290
a00032259	286291
a00032260	286292
a00032261	286293
a00032262	286294
a00032263	286295
a00032264	286296
a00032265	286297
a00032266	286298
a00032267	286299
a00032268	286300
a00032269	286301
a00032270	286302
a00032271	286303
a00032272	286304
a00032273	286305
a00032274	286306
a00032275	286307
a00032276	286308
a00032277	286309
a00032278	286310
a00032279	286311
a00032280	286312
a00032281	286313
a00032282	286314
a00032283	286315
a00032284	286316
a00032285	286317
a00032286	286318
a00032287	286319
a00032288	286320
a00032289	286321
a00032290	286322
a00032291	286323
a00032292	286324
a00032293	286325
a00032294	286326
a00032295	286327
a00032296	286328
a00032297	286329
a00032298	286330
a00032299	286331
a00032300	286332
a00032301	286333
a00032302	286334
a00032303	286335
a00032304	286336
a00032305	286337
a00032306	286338
a00032307	286339
a00032308	286340
a00032309	286341
a00032310	286342
a00032311	286343
a00032312	286344
a00032313	286345
a00032314	286346
a00032315	286347
a00032316	286348
a00032317	286349
a00032318	286350
a00032319	286351
a00032320	286352
a00032321	286353
a00032322	286354
a00032323	286355
a00032324	286356
a00032325	286357
a00032326	286358
a00032327	286359
a00032328	286360
a00032329	286361
a00032330	286362
a00032331	286363
a00032332	286364
a00032333	286365
a00032334	286366
a00032335	286367
a00032336	286368
a00032337	286369
a00032338	286370
a00032339	286371
a00032340	286372
a00032341	286373
a00032342	286374
a00032343	286375
a00032344	286376
a00032345	286377
a00032346	286378
a00032347	286379
a00032348	286380
a00032349	286381
a00032350	286382
a00032351	286383
a00032352	286384
a00032353	286385
a00032354	286386
a00032355	286387
a00032356	286388
a00032357	286389
a00032358	286390
a00032359	286391
a00032360	286392
a00032361	286393
a00032362	286394
a00032363	286395
a00032364	286396
a00032365	286397
a00032366	286398
a00032367	286399
a00032368	286400
a00032369	286401
a00032370	286402
a00032371	286403
a00032372	286404
a00032373	286405
a00032374	286406
a00032375	286407
a00032376	286408
a00032377	286409
a00032378	286410
a00032379	286411
a00032380	286412
a00032381	286413
a00032382	286414
a00032383	286415
a00032384	286416
a00032385	286417
a00032386	286418
a00032387	286419
a00032388	286420
a00032389	286421
a00032390	286422
a00032391	286423
a00032392	286424
a00032393	286425
a00032394	286426
a00032395	286427
a00032396	286428
a00032397	286429
a00032398	286430
a00032399	286431
a00032400	286432
a00032401	286433
a00032402	286434
a00032403	286435
a00032404	286436
a00032405	286437
a00032406	286438
a00032407	286439
a00032408	286440
a00032409	286441
a00032410	286442
a00032411	286443
a00032412	286444
a00032413	286445
a00032414	286446
a00032415	286447
a00032416	286448
a00032417	286449
a00032418	286450
a00032419	286451
a00032420	286452
a00032421	286453
a00032422	286454
a00032423	286455
a00032424	286456
a00032425	286457
a00032426	286458
a00032427	286459
a00032428	286460
a00032429	286461
a00032430	286462
a00032431	286463
a00032432	286464
a00032433	286465
a00032434	286466
a00032435	286467
a00032436	286468
a00032437	286469
a00032438	286470
a00032439	286471
a00032440	286472
a00032441	286473
a00032442	286474
a00032443	286475
a00032444	286476
a00032445	286477
a00032446	286478
a00032447	286479
a00032448	286480
a00032449	286481
a00032450	286482
a00032451	286483
a00032452	286484
a00032453	286485
a00032454	286486
a00032455	286487
a00032456	286488
a00032457	286489
a00032458	286490
a00032459	286491
a00032460	286492
a00032461	286493
a00032462	286494
a00032463	286495
a00032464	286496
a00032465	286497
a00032466	286498
a00032467	286499
a00032468	286500
a00032469	286501
a00032470	286502
a00032471	286503
a00032472	286504
a00032473	286505
a00032474	286506
a00032475	286507
a00032476	286508
a00032477	286509
a00032478	286510
a00032479	286511
a00032480	286512
a00032481	286513
a00032482	286514
a00032483	286515
a00032484	286516
a00032485	286517
a00032486	286518
a00032487	286519
a00032488	286520
a00032489	286521
a00032490	286522
a00032491	286523
a00032492	286524
a00032493	286525
a00032494	286526
a00032495	286527
a00032496	286528
a00032497	286529
a00032498	286530
a00032499	286531
a00032500	286532
a00032501	286533
a00032502	286534
a00032503	286535
a00032504	286536
a00032505	286537
a00032506	286538
a00032507	286539
a00032508	286540
a00032509	286541
a00032510	286542
a00032511	286543
a00032512	286544
a00032513	286545
a00032514	286546
a00032515	286547
a00032516	286548
a00032517	286549
a00032518	286550
a00032519	286551
a00032520	286552
a00032521	286553
a00032522	286554
a00032523	286555
a00032524	286556
a00032525	286557
a00032526	286558
a00032527	286559
a00032528	286560
a00032529	286561
a00032530	286562
a00032531	286563
a00032532	286564
a00032533	286565
a00032534	286566
a00032535	286567
a00032536	286568
a00032537	286569
a00032538	286570
a00032539	286571
a00032540	286572
a00032541	286573
a00032542	286574
a00032543	286575
a00032544	286576
a00032545	286577
a00032546	286578
a00032547	286579
a00032548	286580
a00032549	286581
a00032550	286582
a00032551	286583
a00032552	286584
a00032553	286585
a00032554	286586
a00032555	286587
a00032556	286588
a00032557	286589
a00032558	286590
a00032559	286591
a00032560	286592
a00032561	286593
a00032562	286594
a00032563	286595
a00032564	286596
a00032565	286597
a00032566	286598
a00032567	286599
a00032568	286600
a00032569	286601
a00032570	286602
a00032571	286603
a00032572	286604
a00032573	286605
a00032574	286606
a00032575	286607
a00032576	286608
a00032577	286609
a00032578	286610
a00032579	286611
a00032580	286612
a00032581	286613
a00032582	286614
a00032583	286615
a00032584	286616
a00032585	286617
a00032586	286618
a00032587	286619
a00032588	286620
a00032589	286621
a00032590	286622
a00032591	286623
a00032592	286624
a00032593	286625
a00032594	286626
a00032595	286627
a00032596	286628
a00032597	286629
a00032598	286630
a00032599	286631
a00032600	286632
a00032601	286633
a00032602	286634
a00032603	286635
a00032604	286636
a00032605	286637
a00032606	286638
a00032607	286639
a00032608	286640
a00032609	286641
a00032610	286642
a00032611	286643
a00032612	286644
a00032613	286645
a00032614	286646
a00032615	286647
a00032616	286648
a00032617	286649
a00032618	286650
a00032619	286651
a00032620	286652
a00032621	286653
a00032622	286654
a00032623	286655
a00032624	286656
a00032625	286657
a00032626	286658
a00032627	286659
a00032628	286660
a00032629	286661
a00032630	286662
a00032631	286663
a00032632	286664
a00032633	286665
a00032634	286666
a00032635	286667
a00032636	286668
a00032637	286669
a00032638	286670
a00032639	286671
a00032640	286672
a00032641	286673
a00032642	286674
a00032643	286675
a00032644	286676
a00032645	286677
a00032646	286678
a00032647	286679
a00032648	286680
a00032649	286681
a00032650	286682
a00032651	286683
a00032652	286684
a00032653	286685
a00032654	286686
a00032655	286687
a00032656	286688
a00032657	286689
a00032658	286690
a00032659	286691
a00032660	286692
a00032661	286693
a00032662	286694
a00032663	286695
a00032664	286696
a00032665	286697
a00032666	286698
a00032667	286699
a00032668	286700
a00032669	286701
a00032670	286702
a00032671	286703
a00032672	286704
a00032673	286705
a00032674	286706
a00032675	286707
a00032676	286708
a00032677	286709
a00032678	286710
a00032679	286711
a00032680	286712
a00032681	286713
a00032682	286714
a00032683	286715
a00032684	286716
a00032685	286717
a00032686	286718
a00032687	286719
a00032688	286720
a00032689	286721
a00032690	286722
a00032691	286723
a00032692	286724
a00032693	286725
a00032694	286726
a00032695	286727
a00032696	286728
a00032697	286729
a00032698	286730
a00032699	286731
a00032700	286732
a00032701	286733
a00032702	286734
a00032703	286735
a00032704	286736
a00032705	286737
a00032706	286738
a00032707	286739
a00032708	286740
a00032709	286741
a00032710	286742
a00032711	286743
a00032712	286744
a00032713	286745
a00032714	286746
a00032715	286747
a00032716	286748
a00032717	286749
a00032718	286750
a00032719	286751
a00032720	286752
a00032721	286753
a00032722	286754
a00032723	286755
a00032724	286756
a00032725	286757
a00032726	286758
a00032727	286759
a00032728	286760
a00032729	286761
a00032730	286762
a00032731	286763
a00032732	286764
a00032733	286765
a00032734	286766
a00032735	286767
a00032736	286768
a00032737	286769
a00032738	286770
a00032739	286771
a00032740	286772
a00032741	286773
a00032742	286774
a00032743	286775
a00032744	286776
a00032745	286777
a00032746	286778
a00032747	286779
a00032748	286780
a00032749	286781
a00032750	286782
a00032751	286783
a00032752	286784
a00032753	286785
a00032754	286786
a00032755	286787
a00032756	286788
a00032757	286789
a00032758	286790
a00032759	286791
a00032760	286792
a00032761	286793
a00032762	286794
a00032763	286795
a00032764	286796
a00032765	286797
a00032766	286798
a00032767	286799
a00032768	286800
a00032769	286801
a00032770	286802
a00032771	286803
a00032772	286804
a00032773	286805
a00032774	286806
a00032775	286807
a00032776	286808
a00032777	286809
a00032778	286810
a00032779	286811
a00032780	286812
a00032781	286813
a00032782	286814
a00032783	286815
a00032784	286816
a00032785	286817
a00032786	286818
a00032787	286819
a00032788	286820
a00032789	286821
a00032790	286822
a00032791	286823
a00032792	286824
a00032793	286825
a00032794	286826
a00032795	286827
a00032796	286828
a00032797	286829
a00032798	286830
a00032799	286831
a00032800	286832
a00032801	286833
a00032802	286834
a00032803	286835
a00032804	286836
a00032805	286837
a00032806	286838
a00032807	286839
a00032808	286840
a00032809	286841
a00032810	286842
a00032811	286843
a00032812	286844
a00032813	286845
a00032814	286846
a00032815	286847
a00032816	286848
a00032817	286849
a00032818	286850
a00032819	286851
a00032820	286852
a00032821	286853
a00032822	286854
a00032823	286855
a00032824	286856
a00032825	286857
a00032826	286858
a00032827	286859
a00032828	286860
a00032829	286861
a00032830	286862
a00032831	286863
a00032832	286864
a00032833	286865
a00032834	286866
a00032835	286867
a00032836	286868
a00032837	286869
a00032838	286870
a00032839	286871
a00032840	286872
a00032841	286873
a00032842	286874
a00032843	286875
a00032844	286876
a00032845	286877
a00032846	286878
a00032847	286879
a00032848	286880
a00032849	286881
a00032850	286882
a00032851	286883
a00032852	286884
a00032853	286885
a00032854	286886
a00032855	286887
a00032856	286888
a00032857	286889
a00032858	286890
a00032859	286891
a00032860	286892
a00032861	286893
a00032862	286894
a00032863	286895
a00032864	286896
a00032865	286897
a00032866	286898
a00032867	286899
a00032868	286900
a00032869	286901
a00032870	286902
a00032871	286903
a00032872	286904
a00032873	286905
a00032874	286906
a00032875	286907
a00032876	286908
a00032877	286909
a00032878	286910
a00032879	286911
a00032880	286912
a00032881	286913
a00032882	286914
a00032883	286915
a00032884	286916
a00032885	286917
a00032886	286918
a00032887	286919
a00032888	286920
a00032889	286921
a00032890	286922
a00032891	286923
a00032892	286924
a00032893	286925
a00032894	286926
a00032895	286927
a00032896	286928
a00032897	286929
a00032898	286930
a00032899	286931
a00032900	286932
a00032901	286933
a00032902	286934
a00032903	286935
a00032904	286936
a00032905	286937
a00032906	286938
a00032907	286939
a00032908	286940
a00032909	286941
a00032910	286942
a00032911	286943
a00032912	286944
a00032913	286945
a00032914	286946
a00032915	286947
a00032916	286948
a00032917	286949
a00032918	286950
a00032919	286951
a00032920	286952
a00032921	286953
a00032922	286954
a00032923	286955
a00032924	286956
a00032925	286957
a00032926	286958
a00032927	286959
a00032928	286960
a00032929	286961
a00032930	286962
a00032931	286963
a00032932	286964
a00032933	286965
a00032934	286966
a00032935	286967
a00032936	286968
a00032937	286969
a00032938	286970
a00032939	286971
a00032940	286972
a00032941	286973
a00032942	286974
a00032943	286975
a00032944	286976
a00032945	286977
a00032946	286978
a00032947	286979
a00032948	286980
a00032949	286981
a00032950	286982
a00032951	286983
a00032952	286984
a00032953	286985
a00032954	286986
a00032955	286987
a00032956	286988
a00032957	286989
a00032958	286990
a00032959	286991
a00032960	286992
a00032961	286993
a00032962	286994
a00032963	286995
a00032964	286996
a00032965	286997
a00032966	286998
a00032967	286999
a00032968	287000
a00032969	287001
a00032970	287002
a00032971	287003
a00032972	287004
a00032973	287005
a00032974	287006
a00032975	287007
a00032976	287008
a00032977	287009
a00032978	287010
a00032979	287011
a00032980	287012
a00032981	287013
a00032982	287014
a00032983	287015
a00032984	287016
a00032985	287017
a00032986	287018
a00032987	287019
a00032988	287020
a00032989	287021
a00032990	287022
a00032991	287023
a00032992	287024
a00032993	287025
a00032994	287026
a00032995	287027
a00032996	287028
a00032997	287029
a00032998	287030
a00032999	287031
a00033000	287032
a00033001	287033
a00033002	287034
a00033003	287035
a00033004	287036
a00033005	287037
a00033006	287038
a00033007	287039
a00033008	287040
a00033009	287041
a00033010	287042
a00033011	287043
a00033012	287044
a00033013	287045
a00033014	287046
a00033015	287047
a00033016	287048
a00033017	287049
a00033018	287050
a00033019	287051
a00033020	287052
a00033021	287053
a00033022	287054
a00033023	287055
a00033024	287056
a00033025	287057
a00033026	287058
a00033027	287059
a00033028	287060
a00033029	287061
a00033030	287062
a00033031	287063
a00033032	287064
a00033033	287065
a00033034	287066
a00033035	287067
a00033036	287068
a00033037	287069
a00033038	287070
a00033039	287071
a00033040	287072
a00033041	287073
a00033042	287074
a00033043	287075
a00033044	287076
a00033045	287077
a00033046	287078
a00033047	287079
a00033048	287080
a00033049	287081
a00033050	287082
a00033051	287083
a00033052	287084
a00033053	287085
a00033054	287086
a00033055	287087
a00033056	287088
a00033057	287089
a00033058	287090
a00033059	287091
a00033060	287092
a00033061	287093
a00033062	287094
a00033063	287095
a00033064	287096
a00033065	287097
a00033066	287098
a00033067	287099
a00033068	287100
a00033069	287101
a00033070	287102
a00033071	287103
a00033072	287104
a00033073	287105
a00033074	287106
a00033075	287107
a00033076	287108
a00033077	287109
a00033078	287110
a00033079	287111
a00033080	287112
a00033081	287113
a00033082	287114
a00033083	287115
a00033084	287116
a00033085	287117
a00033086	287118
a00033087	287119
a00033088	287120
a00033089	287121
a00033090	287122
a00033091	287123
a00033092	287124
a00033093	287125
a00033094	287126
a00033095	287127
a00033096	287128
a00033097	287129
a00033098	287130
a00033099	287131
a00033100	287132
a00033101	287133
a00033102	287134
a00033103	287135
a00033104	287136
a00033105	287137
a00033106	287138
a00033107	287139
a00033108	287140
a00033109	287141
a00033110	287142
a00033111	287143
a00033112	287144
a00033113	287145
a00033114	287146
a00033115	287147
a00033116	287148
a00033117	287149
a00033118	287150
a00033119	287151
a00033120	287152
a00033121	287153
a00033122	287154
a00033123	287155
a00033124	287156
a00033125	287157
a00033126	287158
a00033127	287159
a00033128	287160
a00033129	287161
a00033130	287162
a00033131	287163
a00033132	287164
a00033133	287165
a00033134	287166
a00033135	287167
a00033136	287168
a00033137	287169
a00033138	287170
a00033139	287171
a00033140	287172
a00033141	287173
a00033142	287174
a00033143	287175
a00033144	287176
a00033145	287177
a00033146	287178
a00033147	287179
a00033148	287180
a00033149	287181
a00033150	287182
a00033151	287183
a00033152	287184
a00033153	287185
a00033154	287186
a00033155	287187
a00033156	287188
a00033157	287189
a00033158	287190
a00033159	287191
a00033160	287192
a00033161	287193
a00033162	287194
a00033163	287195
a00033164	287196
a00033165	287197
a00033166	287198
a00033167	287199
a00033168	287200
a00033169	287201
a00033170	287202
a00033171	287203
a00033172	287204
a00033173	287205
a00033174	287206
a00033175	287207
a00033176	287208
a00033177	287209
a00033178	287210
a00033179	287211
a00033180	287212
a00033181	287213
a00033182	287214
a00033183	287215
a00033184	287216
a00033185	287217
a00033186	287218
a00033187	287219
a00033188	287220
a00033189	287221
a00033190	287222
a00033191	287223
a00033192	287224
a00033193	287225
a00033194	287226
a00033195	287227
a00033196	287228
a00033197	287229
a00033198	287230
a00033199	287231
a00033200	287232
a00033201	287233
a00033202	287234
a00033203	287235
a00033204	287236
a00033205	287237
a00033206	287238
a00033207	287239
a00033208	287240
a00033209	287241
a00033210	287242
a00033211	287243
a00033212	287244
a00033213	287245
a00033214	287246
a00033215	287247
a00033216	287248
a00033217	287249
a00033218	287250
a00033219	287251
a00033220	287252
a00033221	287253
a00033222	287254
a00033223	287255
a00033224	287256
a00033225	287257
a00033226	287258
a00033227	287259
a00033228	287260
a00033229	287261
a00033230	287262
a00033231	287263
a00033232	287264
a00033233	287265
a00033234	287266
a00033235	287267
a00033236	287268
a00033237	287269
a00033238	287270
a00033239	287271
a00033240	287272
a00033241	287273
a00033242	287274
a00033243	287275
a00033244	287276
a00033245	287277
a00033246	287278
a00033247	287279
a00033248	287280
a00033249	287281
a00033250	287282
a00033251	287283
a00033252	287284
a00033253	287285
a00033254	287286
a00033255	287287
a00033256	287288
a00033257	287289
a00033258	287290
a00033259	287291
a00033260	287292
a00033261	287293
a00033262	287294
a00033263	287295
a00033264	287296
a00033265	287297
a00033266	287298
a00033267	287299
a00033268	287300
a00033269	287301
a00033270	287302
a00033271	287303
a00033272	287304
a00033273	287305
a00033274	287306
a00033275	287307
a00033276	287308
a00033277	287309
a00033278	287310
a00033279	287311
a00033280	287312
a00033281	287313
a00033282	287314
a00033283	287315
a00033284	287316
a00033285	287317
a00033286	287318
a00033287	287319
a00033288	287320
a00033289	287321
a00033290	287322
a00033291	287323
a00033292	287324
a00033293	287325
a00033294	287326
a00033295	287327
a00033296	287328
a00033297	287329
a00033298	287330
a00033299	287331
a00033300	287332
a00033301	287333
a00033302	287334
a00033303	287335
a00033304	287336
a00033305	287337
a00033306	287338
a00033307	287339
a00033308	287340
a00033309	287341
a00033310	287342
a00033311	287343
a00033312	287344
a00033313	287345
a00033314	287346
a00033315	287347
a00033316	287348
a00033317	287349
a00033318	287350
a00033319	287351
a00033320	287352
a00033321	287353
a00033322	287354
a00033323	287355
a00033324	287356
a00033325	287357
a00033326	287358
a00033327	287359
a00033328	287360
a00033329	287361
a00033330	287362
a00033331	287363
a00033332	287364
a00033333	287365
a00033334	287366
a00033335	287367
a00033336	287368
a00033337	287369
a00033338	287370
a00033339	287371
a00033340	287372
a00033341	287373
a00033342	287374
a00033343	287375
a00033344	287376
a00033345	287377
a00033346	287378
a00033347	287379
a00033348	287380
a00033349	287381
a00033350	287382
a00033351	287383
a00033352	287384
a00033353	287385
a00033354	287386
a00033355	287387
a00033356	287388
a00033357	287389
a00033358	287390
a00033359	287391
a00033360	287392
a00033361	287393
a00033362	287394
a00033363	287395
a00033364	287396
a00033365	287397
a00033366	287398
a00033367	287399
a00033368	287400
a00033369	287401
a00033370	287402
a00033371	287403
a00033372	287404
a00033373	287405
a00033374	287406
a00033375	287407
a00033376	287408
a00033377	287409
a00033378	287410
a00033379	287411
a00033380	287412
a00033381	287413
a00033382	287414
a00033383	287415
a00033384	287416
a00033385	287417
a00033386	287418
a00033387	287419
a00033388	287420
a00033389	287421
a00033390	287422
a00033391	287423
a00033392	287424
a00033393	287425
a00033394	287426
a00033395	287427
a00033396	287428
a00033397	287429
a00033398	287430
a00033399	287431
a00033400	287432
a00033401	287433
a00033402	287434
a00033403	287435
a00033404	287436
a00033405	287437
a00033406	287438
a00033407	287439
a00033408	287440
a00033409	287441
a00033410	287442
a00033411	287443
a00033412	287444
a00033413	287445
a00033414	287446
a00033415	287447
a00033416	287448
a00033417	287449
a00033418	287450
a00033419	287451
a00033420	287452
a00033421	287453
a00033422	287454
a00033423	287455
a00033424	287456
a00033425	287457
a00033426	287458
a00033427	287459
a00033428	287460
a00033429	287461
a00033430	287462
a00033431	287463
a00033432	287464
a00033433	287465
a00033434	287466
a00033435	287467
a00033436	287468
a00033437	287469
a00033438	287470
a00033439	287471
a00033440	287472
a00033441	287473
a00033442	287474
a00033443	287475
a00033444	287476
a00033445	287477
a00033446	287478
a00033447	287479
a00033448	287480
a00033449	287481
a00033450	287482
a00033451	287483
a00033452	287484
a00033453	287485
a00033454	287486
a00033455	287487
a00033456	287488
a00033457	287489
a00033458	287490
a00033459	287491
a00033460	287492
a00033461	287493
a00033462	287494
a00033463	287495
a00033464	287496
a00033465	287497
a00033466	287498
a00033467	287499
a00033468	287500
a00033469	287501
a00033470	287502
a00033471	287503
a00033472	287504
a00033473	287505
a00033474	287506
a00033475	287507
a00033476	287508
a00033477	287509
a00033478	287510
a00033479	287511
a00033480	287512
a00033481	287513
a00033482	287514
a00033483	287515
a00033484	287516
a00033485	287517
a00033486	287518
a00033487	287519
a00033488	287520
a00033489	287521
a00033490	287522
a00033491	287523
a00033492	287524
a00033493	287525
a00033494	287526
a00033495	287527
a00033496	287528
a00033497	287529
a00033498	287530
a00033499	287531
a00033500	287532
a00033501	287533
a00033502	287534
a00033503	287535
a00033504	287536
a00033505	287537
a00033506	287538
a00033507	287539
a00033508	287540
a00033509	287541
a00033510	287542
a00033511	287543
a00033512	287544
a00033513	287545
a00033514	287546
a00033515	287547
a00033516	287548
a00033517	287549
a00033518	287550
a00033519	287551
a00033520	287552
a00033521	287553
a00033522	287554
a00033523	287555
a00033524	287556
a00033525	287557
a00033526	287558
a00033527	287559
a00033528	287560
a00033529	287561
a00033530	287562
a00033531	287563
a00033532	287564
a00033533	287565
a00033534	287566
a00033535	287567
a00033536	287568
a00033537	287569
a00033538	287570
a00033539	287571
a00033540	287572
a00033541	287573
a00033542	287574
a00033543	287575
a00033544	287576
a00033545	287577
a00033546	287578
a00033547	287579
a00033548	287580
a00033549	287581
a00033550	287582
a00033551	287583
a00033552	287584
a00033553	287585
a00033554	287586
a00033555	287587
a00033556	287588
a00033557	287589
a00033558	287590
a00033559	287591
a00033560	287592
a00033561	287593
a00033562	287594
a00033563	287595
a00033564	287596
a00033565	287597
a00033566	287598
a00033567	287599
a00033568	287600
a00033569	287601
a00033570	287602
a00033571	287603
a00033572	287604
a00033573	287605
a00033574	287606
a00033575	287607
a00033576	287608
a00033577	287609
a00033578	287610
a00033579	287611
a00033580	287612
a00033581	287613
a00033582	287614
a00033583	287615
a00033584	287616
a00033585	287617
a00033586	287618
a00033587	287619
a00033588	287620
a00033589	287621
a00033590	287622
a00033591	287623
a00033592	287624
a00033593	287625
a00033594	287626
a00033595	287627
a00033596	287628
a00033597	287629
a00033598	287630
a00033599	287631
a00033600	287632
a00033601	287633
a00033602	287634
a00033603	287635
a00033604	287636
a00033605	287637
a00033606	287638
a00033607	287639
a00033608	287640
a00033609	287641
a00033610	287642
a00033611	287643
a00033612	287644
a00033613	287645
a00033614	287646
a00033615	287647
a00033616	287648
a00033617	287649
a00033618	287650
a00033619	287651
a00033620	287652
a00033621	287653
a00033622	287654
a00033623	287655
a00033624	287656
a00033625	287657
a00033626	287658
a00033627	287659
a00033628	287660
a00033629	287661
a00033630	287662
a00033631	287663
a00033632	287664
a00033633	287665
a00033634	287666
a00033635	287667
a00033636	287668
a00033637	287669
a00033638	287670
a00033639	287671
a00033640	287672
a00033641	287673
a00033642	287674
a00033643	287675
a00033644	287676
a00033645	287677
a00033646	287678
a00033647	287679
a00033648	287680
a00033649	287681
a00033650	287682
a00033651	287683
a00033652	287684
a00033653	287685
a00033654	287686
a00033655	287687
a00033656	287688
a00033657	287689
a00033658	287690
a00033659	287691
a00033660	287692
a00033661	287693
a00033662	287694
a00033663	287695
a00033664	287696
a00033665	287697
a00033666	287698
a00033667	287699
a00033668	287700
a00033669	287701
a00033670	287702
a00033671	287703
a00033672	287704
a00033673	287705
a00033674	287706
a00033675	287707
a00033676	287708
a00033677	287709
a00033678	287710
a00033679	287711
a00033680	287712
a00033681	287713
a00033682	287714
a00033683	287715
a00033684	287716
a00033685	287717
a00033686	287718
a00033687	287719
a00033688	287720
a00033689	287721
a00033690	287722
a00033691	287723
a00033692	287724
a00033693	287725
a00033694	287726
a00033695	287727
a00033696	287728
a00033697	287729
a00033698	287730
a00033699	287731
a00033700	287732
a00033701	287733
a00033702	287734
a00033703	287735
a00033704	287736
a00033705	287737
a00033706	287738
a00033707	287739
a00033708	287740
a00033709	287741
a00033710	287742
a00033711	287743
a00033712	287744
a00033713	287745
a00033714	287746
a00033715	287747
a00033716	287748
a00033717	287749
a00033718	287750
a00033719	287751
a00033720	287752
a00033721	287753
a00033722	287754
a00033723	287755
a00033724	287756
a00033725	287757
a00033726	287758
a00033727	287759
a00033728	287760
a00033729	287761
a00033730	287762
a00033731	287763
a00033732	287764
a00033733	287765
a00033734	287766
a00033735	287767
a00033736	287768
a00033737	287769
a00033738	287770
a00033739	287771
a00033740	287772
a00033741	287773
a00033742	287774
a00033743	287775
a00033744	287776
a00033745	287777
a00033746	287778
a00033747	287779
a00033748	287780
a00033749	287781
a00033750	287782
a00033751	287783
a00033752	287784
a00033753	287785
a00033754	287786
a00033755	287787
a00033756	287788
a00033757	287789
a00033758	287790
a00033759	287791
a00033760	287792
a00033761	287793
a00033762	287794
a00033763	287795
a00033764	287796
a00033765	287797
a00033766	287798
a00033767	287799
a00033768	287800
a00033769	287801
a00033770	287802
a00033771	287803
a00033772	287804
a00033773	287805
a00033774	287806
a00033775	287807
a00033776	287808
a00033777	287809
a00033778	287810
a00033779	287811
a00033780	287812
a00033781	287813
a00033782	287814
a00033783	287815
a00033784	287816
a00033785	287817
a00033786	287818
a00033787	287819
a00033788	287820
a00033789	287821
a00033790	287822
a00033791	287823
a00033792	287824
a00033793	287825
a00033794	287826
a00033795	287827
a00033796	287828
a00033797	287829
a00033798	287830
a00033799	287831
a00033800	287832
a00033801	287833
a00033802	287834
a00033803	287835
a00033804	287836
a00033805	287837
a00033806	287838
a00033807	287839
a00033808	287840
a00033809	287841
a00033810	287842
a00033811	287843
a00033812	287844
a00033813	287845
a00033814	287846
a00033815	287847
a00033816	287848
a00033817	287849
a00033818	287850
a00033819	287851
a00033820	287852
a00033821	287853
a00033822	287854
a00033823	287855
a00033824	287856
a00033825	287857
a00033826	287858
a00033827	287859
a00033828	287860
a00033829	287861
a00033830	287862
a00033831	287863
a00033832	287864
a00033833	287865
a00033834	287866
a00033835	287867
a00033836	287868
a00033837	287869
a00033838	287870
a00033839	287871
a00033840	287872
a00033841	287873
a00033842	287874
a00033843	287875
a00033844	287876
a00033845	287877
a00033846	287878
a00033847	287879
a00033848	287880
a00033849	287881
a00033850	287882
a00033851	287883
a00033852	287884
a00033853	287885
a00033854	287886
a00033855	287887
a00033856	287888
a00033857	287889
a00033858	287890
a00033859	287891
a00033860	287892
a00033861	287893
a00033862	287894
a00033863	287895
a00033864	287896
a00033865	287897
a00033866	287898
a00033867	287899
a00033868	287900
a00033869	287901
a00033870	287902
a00033871	287903
a00033872	287904
a00033873	287905
a00033874	287906
a00033875	287907
a00033876	287908
a00033877	287909
a00033878	287910
a00033879	287911
a00033880	287912
a00033881	287913
a00033882	287914
a00033883	287915
a00033884	287916
a00033885	287917
a00033886	287918
a00033887	287919
a00033888	287920
a00033889	287921
a00033890	287922
a00033891	287923
a00033892	287924
a00033893	287925
a00033894	287926
a00033895	287927
a00033896	287928
a00033897	287929
a00033898	287930
a00033899	287931
a00033900	287932
a00033901	287933
a00033902	287934
a00033903	287935
a00033904	287936
a00033905	287937
a00033906	287938
a00033907	287939
a00033908	287940
a00033909	287941
a00033910	287942
a00033911	287943
a00033912	287944
a00033913	287945
a00033914	287946
a00033915	287947
a00033916	287948
a00033917	287949
a00033918	287950
a00033919	287951
a00033920	287952
a00033921	287953
a00033922	287954
a00033923	287955
a00033924	287956
a00033925	287957
a00033926	287958
a00033927	287959
a00033928	287960
a00033929	287961
a00033930	287962
a00033931	287963
a00033932	287964
a00033933	287965
a00033934	287966
a00033935	287967
a00033936	287968
a00033937	287969
a00033938	287970
a00033939	287971
a00033940	287972
a00033941	287973
a00033942	287974
a00033943	287975
a00033944	287976
a00033945	287977
a00033946	287978
a00033947	287979
a00033948	287980
a00033949	287981
a00033950	287982
a00033951	287983
a00033952	287984
a00033953	287985
a00033954	287986
a00033955	287987
a00033956	287988
a00033957	287989
a00033958	287990
a00033959	287991
a00033960	287992
a00033961	287993
a00033962	287994
a00033963	287995
a00033964	287996
a00033965	287997
a00033966	287998
a00033967	287999
a00033968	288000
a00033969	288001
a00033970	288002
a00033971	288003
a00033972	288004
a00033973	288005
a00033974	288006
a00033975	288007
a00033976	288008
a00033977	288009
a00033978	288010
a00033979	288011
a00033980	288012
a00033981	288013
a00033982	288014
a00033983	288015
a00033984	288016
a00033985	288017
a00033986	288018
a00033987	288019
a00033988	288020
a00033989	288021
a00033990	288022
a00033991	288023
a00033992	288024
a00033993	288025
a00033994	288026
a00033995	288027
a00033996	288028
a00033997	288029
a00033998	288030
a00033999	288031
a00034000	288032
a00034001	288033
a00034002	288034
a00034003	288035
a00034004	288036
a00034005	288037
a00034006	288038
a00034007	288039
a00034008	288040
a00034009	288041
a00034010	288042
a00034011	288043
a00034012	288044
a00034013	288045
a00034014	288046
a00034015	288047
a00034016	288048
a00034017	288049
a00034018	288050
a00034019	288051
a00034020	288052
a00034021	288053
a00034022	288054
a00034023	288055
a00034024	288056
a00034025	288057
a00034026	288058
a00034027	288059
a00034028	288060
a00034029	288061
a00034030	288062
a00034031	288063
a00034032	288064
a00034033	288065
a00034034	288066
a00034035	288067
a00034036	288068
a00034037	288069
a00034038	288070
a00034039	288071
a00034040	288072
a00034041	288073
a00034042	288074
a00034043	288075
a00034044	288076
a00034045	288077
a00034046	288078
a00034047	288079
a00034048	288080
a00034049	288081
a00034050	288082
a00034051	288083
a00034052	288084
a00034053	288085
a00034054	288086
a00034055	288087
a00034056	288088
a00034057	288089
a00034058	288090
a00034059	288091
a00034060	288092
a00034061	288093
a00034062	288094
a00034063	288095
a00034064	288096
a00034065	288097
a00034066	288098
a00034067	288099
a00034068	288100
a00034069	288101
a00034070	288102
a00034071	288103
a00034072	288104
a00034073	288105
a00034074	288106
a00034075	288107
a00034076	288108
a00034077	288109
a00034078	288110
a00034079	288111
a00034080	288112
a00034081	288113
a00034082	288114
a00034083	288115
a00034084	288116
a00034085	288117
a00034086	288118
a00034087	288119
a00034088	288120
a00034089	288121
a00034090	288122
a00034091	288123
a00034092	288124
a00034093	288125
a00034094	288126
a00034095	288127
a00034096	288128
a00034097	288129
a00034098	288130
a00034099	288131
a00034100	288132
a00034101	288133
a00034102	288134
a00034103	288135
a00034104	288136
a00034105	288137
a00034106	288138
a00034107	288139
a00034108	288140
a00034109	288141
a00034110	288142
a00034111	288143
a00034112	288144
a00034113	288145
a00034114	288146
a00034115	288147
a00034116	288148
a00034117	288149
a00034118	288150
a00034119	288151
a00034120	288152
a00034121	288153
a00034122	288154
a00034123	288155
a00034124	288156
a00034125	288157
a00034126	288158
a00034127	288159
a00034128	288160
a00034129	288161
a00034130	288162
a00034131	288163
a00034132	288164
a00034133	288165
a00034134	288166
a00034135	288167
a00034136	288168
a00034137	288169
a00034138	288170
a00034139	288171
a00034140	288172
a00034141	288173
a00034142	288174
a00034143	288175
a00034144	288176
a00034145	288177
a00034146	288178
a00034147	288179
a00034148	288180
a00034149	288181
a00034150	288182
a00034151	288183
a00034152	288184
a00034153	288185
a00034154	288186
a00034155	288187
a00034156	288188
a00034157	288189
a00034158	288190
a00034159	288191
a00034160	288192
a00034161	288193
a00034162	288194
a00034163	288195
a00034164	288196
a00034165	288197
a00034166	288198
a00034167	288199
a00034168	288200
a00034169	288201
a00034170	288202
a00034171	288203
a00034172	288204
a00034173	288205
a00034174	288206
a00034175	288207
a00034176	288208
a00034177	288209
a00034178	288210
a00034179	288211
a00034180	288212
a00034181	288213
a00034182	288214
a00034183	288215
a00034184	288216
a00034185	288217
a00034186	288218
a00034187	288219
a00034188	288220
a00034189	288221
a00034190	288222
a00034191	288223
a00034192	288224
a00034193	288225
a00034194	288226
a00034195	288227
a00034196	288228
a00034197	288229
a00034198	288230
a00034199	288231
a00034200	288232
a00034201	288233
a00034202	288234
a00034203	288235
a00034204	288236
a00034205	288237
a00034206	288238
a00034207	288239
a00034208	288240
a00034209	288241
a00034210	288242
a00034211	288243
a00034212	288244
a00034213	288245
a00034214	288246
a00034215	288247
a00034216	288248
a00034217	288249
a00034218	288250
a00034219	288251
a00034220	288252
a00034221	288253
a00034222	288254
a00034223	288255
a00034224	288256
a00034225	288257
a00034226	288258
a00034227	288259
a00034228	288260
a00034229	288261
a00034230	288262
a00034231	288263
a00034232	288264
a00034233	288265
a00034234	288266
a00034235	288267
a00034236	288268
a00034237	288269
a00034238	288270
a00034239	288271
a00034240	288272
a00034241	288273
a00034242	288274
a00034243	288275
a00034244	288276
a00034245	288277
a00034246	288278
a00034247	288279
a00034248	288280
a00034249	288281
a00034250	288282
a00034251	288283
a00034252	288284
a00034253	288285
a00034254	288286
a00034255	288287
a00034256	288288
a00034257	288289
a00034258	288290
a00034259	288291
a00034260	288292
a00034261	288293
a00034262	288294
a00034263	288295
a00034264	288296
a00034265	288297
a00034266	288298
a00034267	288299
a00034268	288300
a00034269	288301
a00034270	288302
a00034271	288303
a00034272	288304
a00034273	288305
a00034274	288306
a00034275	288307
a00034276	288308
a00034277	288309
a00034278	288310
a00034279	288311
a00034280	288312
a00034281	288313
a00034282	288314
a00034283	288315
a00034284	288316
a00034285	288317
a00034286	288318
a00034287	288319
a00034288	288320
a00034289	288321
a00034290	288322
a00034291	288323
a00034292	288324
a00034293	288325
a00034294	288326
a00034295	288327
a00034296	288328
a00034297	288329
a00034298	288330
a00034299	288331
a00034300	288332
a00034301	288333
a00034302	288334
a00034303	288335
a00034304	288336
a00034305	288337
a00034306	288338
a00034307	288339
a00034308	288340
a00034309	288341
a00034310	288342
a00034311	288343
a00034312	288344
a00034313	288345
a00034314	288346
a00034315	288347
a00034316	288348
a00034317	288349
a00034318	288350
a00034319	288351
a00034320	288352
a00034321	288353
a00034322	288354
a00034323	288355
a00034324	288356
a00034325	288357
a00034326	288358
a00034327	288359
a00034328	288360
a00034329	288361
a00034330	288362
a00034331	288363
a00034332	288364
a00034333	288365
a00034334	288366
a00034335	288367
a00034336	288368
a00034337	288369
a00034338	288370
a00034339	288371
a00034340	288372
a00034341	288373
a00034342	288374
a00034343	288375
a00034344	288376
a00034345	288377
a00034346	288378
a00034347	288379
a00034348	288380
a00034349	288381
a00034350	288382
a00034351	288383
a00034352	288384
a00034353	288385
a00034354	288386
a00034355	288387
a00034356	288388
a00034357	288389
a00034358	288390
a00034359	288391
a00034360	288392
a00034361	288393
a00034362	288394
a00034363	288395
a00034364	288396
a00034365	288397
a00034366	288398
a00034367	288399
a00034368	288400
a00034369	288401
a00034370	288402
a00034371	288403
a00034372	288404
a00034373	288405
a00034374	288406
a00034375	288407
a00034376	288408
a00034377	288409
a00034378	288410
a00034379	288411
a00034380	288412
a00034381	288413
a00034382	288414
a00034383	288415
a00034384	288416
a00034385	288417
a00034386	288418
a00034387	288419
a00034388	288420
a00034389	288421
a00034390	288422
a00034391	288423
a00034392	288424
a00034393	288425
a00034394	288426
a00034395	288427
a00034396	288428
a00034397	288429
a00034398	288430
a00034399	288431
a00034400	288432
a00034401	288433
a00034402	288434
a00034403	288435
a00034404	288436
a00034405	288437
a00034406	288438
a00034407	288439
a00034408	288440
a00034409	288441
a00034410	288442
a00034411	288443
a00034412	288444
a00034413	288445
a00034414	288446
a00034415	288447
a00034416	288448
a00034417	288449
a00034418	288450
a00034419	288451
a00034420	288452
a00034421	288453
a00034422	288454
a00034423	288455
a00034424	288456
a00034425	288457
a00034426	288458
a00034427	288459
a00034428	288460
a00034429	288461
a00034430	288462
a00034431	288463
a00034432	288464
a00034433	288465
a00034434	288466
a00034435	288467
a00034436	288468
a00034437	288469
a00034438	288470
a00034439	288471
a00034440	288472
a00034441	288473
a00034442	288474
a00034443	288475
a00034444	288476
a00034445	288477
a00034446	288478
a00034447	288479
a00034448	288480
a00034449	288481
a00034450	288482
a00034451	288483
a00034452	288484
a00034453	288485
a00034454	288486
a00034455	288487
a00034456	288488
a00034457	288489
a00034458	288490
a00034459	288491
a00034460	288492
a00034461	288493
a00034462	288494
a00034463	288495
a00034464	288496
a00034465	288497
a00034466	288498
a00034467	288499
a00034468	288500
a00034469	288501
a00034470	288502
a00034471	288503
a00034472	288504
a00034473	288505
a00034474	288506
a00034475	288507
a00034476	288508
a00034477	288509
a00034478	288510
a00034479	288511
a00034480	288512
a00034481	288513
a00034482	288514
a00034483	288515
a00034484	288516
a00034485	288517
a00034486	288518
a00034487	288519
a00034488	288520
a00034489	288521
a00034490	288522
a00034491	288523
a00034492	288524
a00034493	288525
a00034494	288526
a00034495	288527
a00034496	288528
a00034497	288529
a00034498	288530
a00034499	288531
a00034500	288532
a00034501	288533
a00034502	288534
a00034503	288535
a00034504	288536
a00034505	288537
a00034506	288538
a00034507	288539
a00034508	288540
a00034509	288541
a00034510	288542
a00034511	288543
a00034512	288544
a00034513	288545
a00034514	288546
a00034515	288547
a00034516	288548
a00034517	288549
a00034518	288550
a00034519	288551
a00034520	288552
a00034521	288553
a00034522	288554
a00034523	288555
a00034524	288556
a00034525	288557
a00034526	288558
a00034527	288559
a00034528	288560
a00034529	288561
a00034530	288562
a00034531	288563
a00034532	288564
a00034533	288565
a00034534	288566
a00034535	288567
a00034536	288568
a00034537	288569
a00034538	288570
a00034539	288571
a00034540	288572
a00034541	288573
a00034542	288574
a00034543	288575
a00034544	288576
a00034545	288577
a00034546	288578
a00034547	288579
a00034548	288580
a00034549	288581
a00034550	288582
a00034551	288583
a00034552	288584
a00034553	288585
a00034554	288586
a00034555	288587
a00034556	288588
a00034557	288589
a00034558	288590
a00034559	288591
a00034560	288592
a00034561	288593
a00034562	288594
a00034563	288595
a00034564	288596
a00034565	288597
a00034566	288598
a00034567	288599
a00034568	288600
a00034569	288601
a00034570	288602
a00034571	288603
a00034572	288604
a00034573	288605
a00034574	288606
a00034575	288607
a00034576	288608
a00034577	288609
a00034578	288610
a00034579	288611
a00034580	288612
a00034581	288613
a00034582	288614
a00034583	288615
a00034584	288616
a00034585	288617
a00034586	288618
a00034587	288619
a00034588	288620
a00034589	288621
a00034590	288622
a00034591	288623
a00034592	288624
a00034593	288625
a00034594	288626
a00034595	288627
a00034596	288628
a00034597	288629
a00034598	288630
a00034599	288631
a00034600	288632
a00034601	288633
a00034602	288634
a00034603	288635
a00034604	288636
a00034605	288637
a00034606	288638
a00034607	288639
a00034608	288640
a00034609	288641
a00034610	288642
a00034611	288643
a00034612	288644
a00034613	288645
a00034614	288646
a00034615	288647
a00034616	288648
a00034617	288649
a00034618	288650
a00034619	288651
a00034620	288652
a00034621	288653
a00034622	288654
a00034623	288655
a00034624	288656
a00034625	288657
a00034626	288658
a00034627	288659
a00034628	288660
a00034629	288661
a00034630	288662
a00034631	288663
a00034632	288664
a00034633	288665
a00034634	288666
a00034635	288667
a00034636	288668
a00034637	288669
a00034638	288670
a00034639	288671
a00034640	288672
a00034641	288673
a00034642	288674
a00034643	288675
a00034644	288676
a00034645	288677
a00034646	288678
a00034647	288679
a00034648	288680
a00034649	288681
a00034650	288682
a00034651	288683
a00034652	288684
a00034653	288685
a00034654	288686
a00034655	288687
a00034656	288688
a00034657	288689
a00034658	288690
a00034659	288691
a00034660	288692
a00034661	288693
a00034662	288694
a00034663	288695
a00034664	288696
a00034665	288697
a00034666	288698
a00034667	288699
a00034668	288700
a00034669	288701
a00034670	288702
a00034671	288703
a00034672	288704
a00034673	288705
a00034674	288706
a00034675	288707
a00034676	288708
a00034677	288709
a00034678	288710
a00034679	288711
a00034680	288712
a00034681	288713
a00034682	288714
a00034683	288715
a00034684	288716
a00034685	288717
a00034686	288718
a00034687	288719
a00034688	288720
a00034689	288721
a00034690	288722
a00034691	288723
a00034692	288724
a00034693	288725
a00034694	288726
a00034695	288727
a00034696	288728
a00034697	288729
a00034698	288730
a00034699	288731
a00034700	288732
a00034701	288733
a00034702	288734
a00034703	288735
a00034704	288736
a00034705	288737
a00034706	288738
a00034707	288739
a00034708	288740
a00034709	288741
a00034710	288742
a00034711	288743
a00034712	288744
a00034713	288745
a00034714	288746
a00034715	288747
a00034716	288748
a00034717	288749
a00034718	288750
a00034719	288751
a00034720	288752
a00034721	288753
a00034722	288754
a00034723	288755
a00034724	288756
a00034725	288757
a00034726	288758
a00034727	288759
a00034728	288760
a00034729	288761
a00034730	288762
a00034731	288763
a00034732	288764
a00034733	288765
a00034734	288766
a00034735	288767
a00034736	288768
a00034737	288769
a00034738	288770
a00034739	288771
a00034740	288772
a00034741	288773
a00034742	288774
a00034743	288775
a00034744	288776
a00034745	288777
a00034746	288778
a00034747	288779
a00034748	288780
a00034749	288781
a00034750	288782
a00034751	288783
a00034752	288784
a00034753	288785
a00034754	288786
a00034755	288787
a00034756	288788
a00034757	288789
a00034758	288790
a00034759	288791
a00034760	288792
a00034761	288793
a00034762	288794
a00034763	288795
a00034764	288796
a00034765	288797
a00034766	288798
a00034767	288799
a00034768	288800
a00034769	288801
a00034770	288802
a00034771	288803
a00034772	288804
a00034773	288805
a00034774	288806
a00034775	288807
a00034776	288808
a00034777	288809
a00034778	288810
a00034779	288811
a00034780	288812
a00034781	288813
a00034782	288814
a00034783	288815
a00034784	288816
a00034785	288817
a00034786	288818
a00034787	288819
a00034788	288820
a00034789	288821
a00034790	288822
a00034791	288823
a00034792	288824
a00034793	288825
a00034794	288826
a00034795	288827
a00034796	288828
a00034797	288829
a00034798	288830
a00034799	288831
a00034800	288832
a00034801	288833
a00034802	288834
a00034803	288835
a00034804	288836
a00034805	288837
a00034806	288838
a00034807	288839
a00034808	288840
a00034809	288841
a00034810	288842
a00034811	288843
a00034812	288844
a00034813	288845
a00034814	288846
a00034815	288847
a00034816	288848
a00034817	288849
a00034818	288850
a00034819	288851
a00034820	288852
a00034821	288853
a00034822	288854
a00034823	288855
a00034824	288856
a00034825	288857
a00034826	288858
a00034827	288859
a00034828	288860
a00034829	288861
a00034830	288862
a00034831	288863
a00034832	288864
a00034833	288865
a00034834	288866
a00034835	288867
a00034836	288868
a00034837	288869
a00034838	288870
a00034839	288871
a00034840	288872
a00034841	288873
a00034842	288874
a00034843	288875
a00034844	288876
a00034845	288877
a00034846	288878
a00034847	288879
a00034848	288880
a00034849	288881
a00034850	288882
a00034851	288883
a00034852	288884
a00034853	288885
a00034854	288886
a00034855	288887
a00034856	288888
a00034857	288889
a00034858	288890
a00034859	288891
a00034860	288892
a00034861	288893
a00034862	288894
a00034863	288895
a00034864	288896
a00034865	288897
a00034866	288898
a00034867	288899
a00034868	288900
a00034869	288901
a00034870	288902
a00034871	288903
a00034872	288904
a00034873	288905
a00034874	288906
a00034875	288907
a00034876	288908
a00034877	288909
a00034878	288910
a00034879	288911
a00034880	288912
a00034881	288913
a00034882	288914
a00034883	288915
a00034884	288916
a00034885	288917
a00034886	288918
a00034887	288919
a00034888	288920
a00034889	288921
a00034890	288922
a00034891	288923
a00034892	288924
a00034893	288925
a00034894	288926
a00034895	288927
a00034896	288928
a00034897	288929
a00034898	288930
a00034899	288931
a00034900	288932
a00034901	288933
a00034902	288934
a00034903	288935
a00034904	288936
a00034905	288937
a00034906	288938
a00034907	288939
a00034908	288940
a00034909	288941
a00034910	288942
a00034911	288943
a00034912	288944
a00034913	288945
a00034914	288946
a00034915	288947
a00034916	288948
a00034917	288949
a00034918	288950
a00034919	288951
a00034920	288952
a00034921	288953
a00034922	288954
a00034923	288955
a00034924	288956
a00034925	288957
a00034926	288958
a00034927	288959
a00034928	288960
a00034929	288961
a00034930	288962
a00034931	288963
a00034932	288964
a00034933	288965
a00034934	288966
a00034935	288967
a00034936	288968
a00034937	288969
a00034938	288970
a00034939	288971
a00034940	288972
a00034941	288973
a00034942	288974
a00034943	288975
a00034944	288976
a00034945	288977
a00034946	288978
a00034947	288979
a00034948	288980
a00034949	288981
a00034950	288982
a00034951	288983
a00034952	288984
a00034953	288985
a00034954	288986
a00034955	288987
a00034956	288988
a00034957	288989
a00034958	288990
a00034959	288991
a00034960	288992
a00034961	288993
a00034962	288994
a00034963	288995
a00034964	288996
a00034965	288997
a00034966	288998
a00034967	288999
a00034968	289000
a00034969	289001
a00034970	289002
a00034971	289003
a00034972	289004
a00034973	289005
a00034974	289006
a00034975	289007
a00034976	289008
a00034977	289009
a00034978	289010
a00034979	289011
a00034980	289012
a00034981	289013
a00034982	289014
a00034983	289015
a00034984	289016
a00034985	289017
a00034986	289018
a00034987	289019
a00034988	289020
a00034989	289021
a00034990	289022
a00034991	289023
a00034992	289024
a00034993	289025
a00034994	289026
a00034995	289027
a00034996	289028
a00034997	289029
a00034998	289030
a00034999	289031
a00035000	289032
a00035001	289033
a00035002	289034
a00035003	289035
a00035004	289036
a00035005	289037
a00035006	289038
a00035007	289039
a00035008	289040
a00035009	289041
a00035010	289042
a00035011	289043
a00035012	289044
a00035013	289045
a00035014	289046
a00035015	289047
a00035016	289048
a00035017	289049
a00035018	289050
a00035019	289051
a00035020	289052
a00035021	289053
a00035022	289054
a00035023	289055
a00035024	289056
a00035025	289057
a00035026	289058
a00035027	289059
a00035028	289060
a00035029	289061
a00035030	289062
a00035031	289063
a00035032	289064
a00035033	289065
a00035034	289066
a00035035	289067
a00035036	289068
a00035037	289069
a00035038	289070
a00035039	289071
a00035040	289072
a00035041	289073
a00035042	289074
a00035043	289075
a00035044	289076
a00035045	289077
a00035046	289078
a00035047	289079
a00035048	289080
a00035049	289081
a00035050	289082
a00035051	289083
a00035052	289084
a00035053	289085
a00035054	289086
a00035055	289087
a00035056	289088
a00035057	289089
a00035058	289090
a00035059	289091
a00035060	289092
a00035061	289093
a00035062	289094
a00035063	289095
a00035064	289096
a00035065	289097
a00035066	289098
a00035067	289099
a00035068	289100
a00035069	289101
a00035070	289102
a00035071	289103
a00035072	289104
a00035073	289105
a00035074	289106
a00035075	289107
a00035076	289108
a00035077	289109
a00035078	289110
a00035079	289111
a00035080	289112
a00035081	289113
a00035082	289114
a00035083	289115
a00035084	289116
a00035085	289117
a00035086	289118
a00035087	289119
a00035088	289120
a00035089	289121
a00035090	289122
a00035091	289123
a00035092	289124
a00035093	289125
a00035094	289126
a00035095	289127
a00035096	289128
a00035097	289129
a00035098	289130
a00035099	289131
a00035100	289132
a00035101	289133
a00035102	289134
a00035103	289135
a00035104	289136
a00035105	289137
a00035106	289138
a00035107	289139
a00035108	289140
a00035109	289141
a00035110	289142
a00035111	289143
a00035112	289144
a00035113	289145
a00035114	289146
a00035115	289147
a00035116	289148
a00035117	289149
a00035118	289150
a00035119	289151
a00035120	289152
a00035121	289153
a00035122	289154
a00035123	289155
a00035124	289156
a00035125	289157
a00035126	289158
a00035127	289159
a00035128	289160
a00035129	289161
a00035130	289162
a00035131	289163
a00035132	289164
a00035133	289165
a00035134	289166
a00035135	289167
a00035136	289168
a00035137	289169
a00035138	289170
a00035139	289171
a00035140	289172
a00035141	289173
a00035142	289174
a00035143	289175
a00035144	289176
a00035145	289177
a00035146	289178
a00035147	289179
a00035148	289180
a00035149	289181
a00035150	289182
a00035151	289183
a00035152	289184
a00035153	289185
a00035154	289186
a00035155	289187
a00035156	289188
a00035157	289189
a00035158	289190
a00035159	289191
a00035160	289192
a00035161	289193
a00035162	289194
a00035163	289195
a00035164	289196
a00035165	289197
a00035166	289198
a00035167	289199
a00035168	289200
a00035169	289201
a00035170	289202
a00035171	289203
a00035172	289204
a00035173	289205
a00035174	289206
a00035175	289207
a00035176	289208
a00035177	289209
a00035178	289210
a00035179	289211
a00035180	289212
a00035181	289213
a00035182	289214
a00035183	289215
a00035184	289216
a00035185	289217
a00035186	289218
a00035187	289219
a00035188	289220
a00035189	289221
a00035190	289222
a00035191	289223
a00035192	289224
a00035193	289225
a00035194	289226
a00035195	289227
a00035196	289228
a00035197	289229
a00035198	289230
a00035199	289231
a00035200	289232
a00035201	289233
a00035202	289234
a00035203	289235
a00035204	289236
a00035205	289237
a00035206	289238
a00035207	289239
a00035208	289240
a00035209	289241
a00035210	289242
a00035211	289243
a00035212	289244
a00035213	289245
a00035214	289246
a00035215	289247
a00035216	289248
a00035217	289249
a00035218	289250
a00035219	289251
a00035220	289252
a00035221	289253
a00035222	289254
a00035223	289255
a00035224	289256
a00035225	289257
a00035226	289258
a00035227	289259
a00035228	289260
a00035229	289261
a00035230	289262
a00035231	289263
a00035232	289264
a00035233	289265
a00035234	289266
a00035235	289267
a00035236	289268
a00035237	289269
a00035238	289270
a00035239	289271
a00035240	289272
a00035241	289273
a00035242	289274
a00035243	289275
a00035244	289276
a00035245	289277
a00035246	289278
a00035247	289279
a00035248	289280
a00035249	289281
a00035250	289282
a00035251	289283
a00035252	289284
a00035253	289285
a00035254	289286
a00035255	289287
a00035256	289288
a00035257	289289
a00035258	289290
a00035259	289291
a00035260	289292
a00035261	289293
a00035262	289294
a00035263	289295
a00035264	289296
a00035265	289297
a00035266	289298
a00035267	289299
a00035268	289300
a00035269	289301
a00035270	289302
a00035271	289303
a00035272	289304
a00035273	289305
a00035274	289306
a00035275	289307
a00035276	289308
a00035277	289309
a00035278	289310
a00035279	289311
a00035280	289312
a00035281	289313
a00035282	289314
a00035283	289315
a00035284	289316
a00035285	289317
a00035286	289318
a00035287	289319
a00035288	289320
a00035289	289321
a00035290	289322
a00035291	289323
a00035292	289324
a00035293	289325
a00035294	289326
a00035295	289327
a00035296	289328
a00035297	289329
a00035298	289330
a00035299	289331
a00035300	289332
a00035301	289333
a00035302	289334
a00035303	289335
a00035304	289336
a00035305	289337
a00035306	289338
a00035307	289339
a00035308	289340
a00035309	289341
a00035310	289342
a00035311	289343
a00035312	289344
a00035313	289345
a00035314	289346
a00035315	289347
a00035316	289348
a00035317	289349
a00035318	289350
a00035319	289351
a00035320	289352
a00035321	289353
a00035322	289354
a00035323	289355
a00035324	289356
a00035325	289357
a00035326	289358
a00035327	289359
a00035328	289360
a00035329	289361
a00035330	289362
a00035331	289363
a00035332	289364
a00035333	289365
a00035334	289366
a00035335	289367
a00035336	289368
a00035337	289369
a00035338	289370
a00035339	289371
a00035340	289372
a00035341	289373
a00035342	289374
a00035343	289375
a00035344	289376
a00035345	289377
a00035346	289378
a00035347	289379
a00035348	289380
a00035349	289381
a00035350	289382
a00035351	289383
a00035352	289384
a00035353	289385
a00035354	289386
a00035355	289387
a00035356	289388
a00035357	289389
a00035358	289390
a00035359	289391
a00035360	289392
a00035361	289393
a00035362	289394
a00035363	289395
a00035364	289396
a00035365	289397
a00035366	289398
a00035367	289399
a00035368	289400
a00035369	289401
a00035370	289402
a00035371	289403
a00035372	289404
a00035373	289405
a00035374	289406
a00035375	289407
a00035376	289408
a00035377	289409
a00035378	289410
a00035379	289411
a00035380	289412
a00035381	289413
a00035382	289414
a00035383	289415
a00035384	289416
a00035385	289417
a00035386	289418
a00035387	289419
a00035388	289420
a00035389	289421
a00035390	289422
a00035391	289423
a00035392	289424
a00035393	289425
a00035394	289426
a00035395	289427
a00035396	289428
a00035397	289429
a00035398	289430
a00035399	289431
a00035400	289432
a00035401	289433
a00035402	289434
a00035403	289435
a00035404	289436
a00035405	289437
a00035406	289438
a00035407	289439
a00035408	289440
a00035409	289441
a00035410	289442
a00035411	289443
a00035412	289444
a00035413	289445
a00035414	289446
a00035415	289447
a00035416	289448
a00035417	289449
a00035418	289450
a00035419	289451
a00035420	289452
a00035421	289453
a00035422	289454
a00035423	289455
a00035424	289456
a00035425	289457
a00035426	289458
a00035427	289459
a00035428	289460
a00035429	289461
a00035430	289462
a00035431	289463
a00035432	289464
a00035433	289465
a00035434	289466
a00035435	289467
a00035436	289468
a00035437	289469
a00035438	289470
a00035439	289471
a00035440	289472
a00035441	289473
a00035442	289474
a00035443	289475
a00035444	289476
a00035445	289477
a00035446	289478
a00035447	289479
a00035448	289480
a00035449	289481
a00035450	289482
a00035451	289483
a00035452	289484
a00035453	289485
a00035454	289486
a00035455	289487
a00035456	289488
a00035457	289489
a00035458	289490
a00035459	289491
a00035460	289492
a00035461	289493
a00035462	289494
a00035463	289495
a00035464	289496
a00035465	289497
a00035466	289498
a00035467	289499
a00035468	289500
a00035469	289501
a00035470	289502
a00035471	289503
a00035472	289504
a00035473	289505
a00035474	289506
a00035475	289507
a00035476	289508
a00035477	289509
a00035478	289510
a00035479	289511
a00035480	289512
a00035481	289513
a00035482	289514
a00035483	289515
a00035484	289516
a00035485	289517
a00035486	289518
a00035487	289519
a00035488	289520
a00035489	289521
a00035490	289522
a00035491	289523
a00035492	289524
a00035493	289525
a00035494	289526
a00035495	289527
a00035496	289528
a00035497	289529
a00035498	289530
a00035499	289531
a00035500	289532
a00035501	289533
a00035502	289534
a00035503	289535
a00035504	289536
a00035505	289537
a00035506	289538
a00035507	289539
a00035508	289540
a00035509	289541
a00035510	289542
a00035511	289543
a00035512	289544
a00035513	289545
a00035514	289546
a00035515	289547
a00035516	289548
a00035517	289549
a00035518	289550
a00035519	289551
a00035520	289552
a00035521	289553
a00035522	289554
a00035523	289555
a00035524	289556
a00035525	289557
a00035526	289558
a00035527	289559
a00035528	289560
a00035529	289561
a00035530	289562
a00035531	289563
a00035532	289564
a00035533	289565
a00035534	289566
a00035535	289567
a00035536	289568
a00035537	289569
a00035538	289570
a00035539	289571
a00035540	289572
a00035541	289573
a00035542	289574
a00035543	289575
a00035544	289576
a00035545	289577
a00035546	289578
a00035547	289579
a00035548	289580
a00035549	289581
a00035550	289582
a00035551	289583
a00035552	289584
a00035553	289585
a00035554	289586
a00035555	289587
a00035556	289588
a00035557	289589
a00035558	289590
a00035559	289591
a00035560	289592
a00035561	289593
a00035562	289594
a00035563	289595
a00035564	289596
a00035565	289597
a00035566	289598
a00035567	289599
a00035568	289600
a00035569	289601
a00035570	289602
a00035571	289603
a00035572	289604
a00035573	289605
a00035574	289606
a00035575	289607
a00035576	289608
a00035577	289609
a00035578	289610
a00035579	289611
a00035580	289612
a00035581	289613
a00035582	289614
a00035583	289615
a00035584	289616
a00035585	289617
a00035586	289618
a00035587	289619
a00035588	289620
a00035589	289621
a00035590	289622
a00035591	289623
a00035592	289624
a00035593	289625
a00035594	289626
a00035595	289627
a00035596	289628
a00035597	289629
a00035598	289630
a00035599	289631
a00035600	289632
a00035601	289633
a00035602	289634
a00035603	289635
a00035604	289636
a00035605	289637
a00035606	289638
a00035607	289639
a00035608	289640
a00035609	289641
a00035610	289642
a00035611	289643
a00035612	289644
a00035613	289645
a00035614	289646
a00035615	289647
a00035616	289648
a00035617	289649
a00035618	289650
a00035619	289651
a00035620	289652
a00035621	289653
a00035622	289654
a00035623	289655
a00035624	289656
a00035625	289657
a00035626	289658
a00035627	289659
a00035628	289660
a00035629	289661
a00035630	289662
a00035631	289663
a00035632	289664
a00035633	289665
a00035634	289666
a00035635	289667
a00035636	289668
a00035637	289669
a00035638	289670
a00035639	289671
a00035640	289672
a00035641	289673
a00035642	289674
a00035643	289675
a00035644	289676
a00035645	289677
a00035646	289678
a00035647	289679
a00035648	289680
a00035649	289681
a00035650	289682
a00035651	289683
a00035652	289684
a00035653	289685
a00035654	289686
a00035655	289687
a00035656	289688
a00035657	289689
a00035658	289690
a00035659	289691
a00035660	289692
a00035661	289693
a00035662	289694
a00035663	289695
a00035664	289696
a00035665	289697
a00035666	289698
a00035667	289699
a00035668	289700
a00035669	289701
a00035670	289702
a00035671	289703
a00035672	289704
a00035673	289705
a00035674	289706
a00035675	289707
a00035676	289708
a00035677	289709
a00035678	289710
a00035679	289711
a00035680	289712
a00035681	289713
a00035682	289714
a00035683	289715
a00035684	289716
a00035685	289717
a00035686	289718
a00035687	289719
a00035688	289720
a00035689	289721
a00035690	289722
a00035691	289723
a00035692	289724
a00035693	289725
a00035694	289726
a00035695	289727
a00035696	289728
a00035697	289729
a00035698	289730
a00035699	289731
a00035700	289732
a00035701	289733
a00035702	289734
a00035703	289735
a00035704	289736
a00035705	289737
a00035706	289738
a00035707	289739
a00035708	289740
a00035709	289741
a00035710	289742
a00035711	289743
a00035712	289744
a00035713	289745
a00035714	289746
a00035715	289747
a00035716	289748
a00035717	289749
a00035718	289750
a00035719	289751
a00035720	289752
a00035721	289753
a00035722	289754
a00035723	289755
a00035724	289756
a00035725	289757
a00035726	289758
a00035727	289759
a00035728	289760
a00035729	289761
a00035730	289762
a00035731	289763
a00035732	289764
a00035733	289765
a00035734	289766
a00035735	289767
a00035736	289768
a00035737	289769
a00035738	289770
a00035739	289771
a00035740	289772
a00035741	289773
a00035742	289774
a00035743	289775
a00035744	289776
a00035745	289777
a00035746	289778
a00035747	289779
a00035748	289780
a00035749	289781
a00035750	289782
a00035751	289783
a00035752	289784
a00035753	289785
a00035754	289786
a00035755	289787
a00035756	289788
a00035757	289789
a00035758	289790
a00035759	289791
a00035760	289792
a00035761	289793
a00035762	289794
a00035763	289795
a00035764	289796
a00035765	289797
a00035766	289798
a00035767	289799
a00035768	289800
a00035769	289801
a00035770	289802
a00035771	289803
a00035772	289804
a00035773	289805
a00035774	289806
a00035775	289807
a00035776	289808
a00035777	289809
a00035778	289810
a00035779	289811
a00035780	289812
a00035781	289813
a00035782	289814
a00035783	289815
a00035784	289816
a00035785	289817
a00035786	289818
a00035787	289819
a00035788	289820
a00035789	289821
a00035790	289822
a00035791	289823
a00035792	289824
a00035793	289825
a00035794	289826
a00035795	289827
a00035796	289828
a00035797	289829
a00035798	289830
a00035799	289831
a00035800	289832
a00035801	289833
a00035802	289834
a00035803	289835
a00035804	289836
a00035805	289837
a00035806	289838
a00035807	289839
a00035808	289840
a00035809	289841
a00035810	289842
a00035811	289843
a00035812	289844
a00035813	289845
a00035814	289846
a00035815	289847
a00035816	289848
a00035817	289849
a00035818	289850
a00035819	289851
a00035820	289852
a00035821	289853
a00035822	289854
a00035823	289855
a00035824	289856
a00035825	289857
a00035826	289858
a00035827	289859
a00035828	289860
a00035829	289861
a00035830	289862
a00035831	289863
a00035832	289864
a00035833	289865
a00035834	289866
a00035835	289867
a00035836	289868
a00035837	289869
a00035838	289870
a00035839	289871
a00035840	289872
a00035841	289873
a00035842	289874
a00035843	289875
a00035844	289876
a00035845	289877
a00035846	289878
a00035847	289879
a00035848	289880
a00035849	289881
a00035850	289882
a00035851	289883
a00035852	289884
a00035853	289885
a00035854	289886
a00035855	289887
a00035856	289888
a00035857	289889
a00035858	289890
a00035859	289891
a00035860	289892
a00035861	289893
a00035862	289894
a00035863	289895
a00035864	289896
a00035865	289897
a00035866	289898
a00035867	289899
a00035868	289900
a00035869	289901
a00035870	289902
a00035871	289903
a00035872	289904
a00035873	289905
a00035874	289906
a00035875	289907
a00035876	289908
a00035877	289909
a00035878	289910
a00035879	289911
a00035880	289912
a00035881	289913
a00035882	289914
a00035883	289915
a00035884	289916
a00035885	289917
a00035886	289918
a00035887	289919
a00035888	289920
a00035889	289921
a00035890	289922
a00035891	289923
a00035892	289924
a00035893	289925
a00035894	289926
a00035895	289927
a00035896	289928
a00035897	289929
a00035898	289930
a00035899	289931
a00035900	289932
a00035901	289933
a00035902	289934
a00035903	289935
a00035904	289936
a00035905	289937
a00035906	289938
a00035907	289939
a00035908	289940
a00035909	289941
a00035910	289942
a00035911	289943
a00035912	289944
a00035913	289945
a00035914	289946
a00035915	289947
a00035916	289948
a00035917	289949
a00035918	289950
a00035919	289951
a00035920	289952
a00035921	289953
a00035922	289954
a00035923	289955
a00035924	289956
a00035925	289957
a00035926	289958
a00035927	289959
a00035928	289960
a00035929	289961
a00035930	289962
a00035931	289963
a00035932	289964
a00035933	289965
a00035934	289966
a00035935	289967
a00035936	289968
a00035937	289969
a00035938	289970
a00035939	289971
a00035940	289972
a00035941	289973
a00035942	289974
a00035943	289975
a00035944	289976
a00035945	289977
a00035946	289978
a00035947	289979
a00035948	289980
a00035949	289981
a00035950	289982
a00035951	289983
a00035952	289984
a00035953	289985
a00035954	289986
a00035955	289987
a00035956	289988
a00035957	289989
a00035958	289990
a00035959	289991
a00035960	289992
a00035961	289993
a00035962	289994
a00035963	289995
a00035964	289996
a00035965	289997
a00035966	289998
a00035967	289999
a00035968	290000
a00035969	290001
a00035970	290002
a00035971	290003
a00035972	290004
a00035973	290005
a00035974	290006
a00035975	290007
a00035976	290008
a00035977	290009
a00035978	290010
a00035979	290011
a00035980	290012
a00035981	290013
a00035982	290014
a00035983	290015
a00035984	290016
a00035985	290017
a00035986	290018
a00035987	290019
a00035988	290020
a00035989	290021
a00035990	290022
a00035991	290023
a00035992	290024
a00035993	290025
a00035994	290026
a00035995	290027
a00035996	290028
a00035997	290029
a00035998	290030
a00035999	290031
a00036000	290032
a00036001	290033
a00036002	290034
a00036003	290035
a00036004	290036
a00036005	290037
a00036006	290038
a00036007	290039
a00036008	290040
a00036009	290041
a00036010	290042
a00036011	290043
a00036012	290044
a00036013	290045
a00036014	290046
a00036015	290047
a00036016	290048
a00036017	290049
a00036018	290050
a00036019	290051
a00036020	290052
a00036021	290053
a00036022	290054
a00036023	290055
a00036024	290056
a00036025	290057
a00036026	290058
a00036027	290059
a00036028	290060
a00036029	290061
a00036030	290062
a00036031	290063
a00036032	290064
a00036033	290065
a00036034	290066
a00036035	290067
a00036036	290068
a00036037	290069
a00036038	290070
a00036039	290071
a00036040	290072
a00036041	290073
a00036042	290074
a00036043	290075
a00036044	290076
a00036045	290077
a00036046	290078
a00036047	290079
a00036048	290080
a00036049	290081
a00036050	290082
a00036051	290083
a00036052	290084
a00036053	290085
a00036054	290086
a00036055	290087
a00036056	290088
a00036057	290089
a00036058	290090
a00036059	290091
a00036060	290092
a00036061	290093
a00036062	290094
a00036063	290095
a00036064	290096
a00036065	290097
a00036066	290098
a00036067	290099
a00036068	290100
a00036069	290101
a00036070	290102
a00036071	290103
a00036072	290104
a00036073	290105
a00036074	290106
a00036075	290107
a00036076	290108
a00036077	290109
a00036078	290110
a00036079	290111
a00036080	290112
a00036081	290113
a00036082	290114
a00036083	290115
a00036084	290116
a00036085	290117
a00036086	290118
a00036087	290119
a00036088	290120
a00036089	290121
a00036090	290122
a00036091	290123
a00036092	290124
a00036093	290125
a00036094	290126
a00036095	290127
a00036096	290128
a00036097	290129
a00036098	290130
a00036099	290131
a00036100	290132
a00036101	290133
a00036102	290134
a00036103	290135
a00036104	290136
a00036105	290137
a00036106	290138
a00036107	290139
a00036108	290140
a00036109	290141
a00036110	290142
a00036111	290143
a00036112	290144
a00036113	290145
a00036114	290146
a00036115	290147
a00036116	290148
a00036117	290149
a00036118	290150
a00036119	290151
a00036120	290152
a00036121	290153
a00036122	290154
a00036123	290155
a00036124	290156
a00036125	290157
a00036126	290158
a00036127	290159
a00036128	290160
a00036129	290161
a00036130	290162
a00036131	290163
a00036132	290164
a00036133	290165
a00036134	290166
a00036135	290167
a00036136	290168
a00036137	290169
a00036138	290170
a00036139	290171
a00036140	290172
a00036141	290173
a00036142	290174
a00036143	290175
a00036144	290176
a00036145	290177
a00036146	290178
a00036147	290179
a00036148	290180
a00036149	290181
a00036150	290182
a00036151	290183
a00036152	290184
a00036153	290185
a00036154	290186
a00036155	290187
a00036156	290188
a00036157	290189
a00036158	290190
a00036159	290191
a00036160	290192
a00036161	290193
a00036162	290194
a00036163	290195
a00036164	290196
a00036165	290197
a00036166	290198
a00036167	290199
a00036168	290200
a00036169	290201
a00036170	290202
a00036171	290203
a00036172	290204
a00036173	290205
a00036174	290206
a00036175	290207
a00036176	290208
a00036177	290209
a00036178	290210
a00036179	290211
a00036180	290212
a00036181	290213
a00036182	290214
a00036183	290215
a00036184	290216
a00036185	290217
a00036186	290218
a00036187	290219
a00036188	290220
a00036189	290221
a00036190	290222
a00036191	290223
a00036192	290224
a00036193	290225
a00036194	290226
a00036195	290227
a00036196	290228
a00036197	290229
a00036198	290230
a00036199	290231
a00036200	290232
a00036201	290233
a00036202	290234
a00036203	290235
a00036204	290236
a00036205	290237
a00036206	290238
a00036207	290239
a00036208	290240
a00036209	290241
a00036210	290242
a00036211	290243
a00036212	290244
a00036213	290245
a00036214	290246
a00036215	290247
a00036216	290248
a00036217	290249
a00036218	290250
a00036219	290251
a00036220	290252
a00036221	290253
a00036222	290254
a00036223	290255
a00036224	290256
a00036225	290257
a00036226	290258
a00036227	290259
a00036228	290260
a00036229	290261
a00036230	290262
a00036231	290263
a00036232	290264
a00036233	290265
a00036234	290266
a00036235	290267
a00036236	290268
a00036237	290269
a00036238	290270
a00036239	290271
a00036240	290272
a00036241	290273
a00036242	290274
a00036243	290275
a00036244	290276
a00036245	290277
a00036246	290278
a00036247	290279
a00036248	290280
a00036249	290281
a00036250	290282
a00036251	290283
a00036252	290284
a00036253	290285
a00036254	290286
a00036255	290287
a00036256	290288
a00036257	290289
a00036258	290290
a00036259	290291
a00036260	290292
a00036261	290293
a00036262	290294
a00036263	290295
a00036264	290296
a00036265	290297
a00036266	290298
a00036267	290299
a00036268	290300
a00036269	290301
a00036270	290302
a00036271	290303
a00036272	290304
a00036273	290305
a00036274	290306
a00036275	290307
a00036276	290308
a00036277	290309
a00036278	290310
a00036279	290311
a00036280	290312
a00036281	290313
a00036282	290314
a00036283	290315
a00036284	290316
a00036285	290317
a00036286	290318
a00036287	290319
a00036288	290320
a00036289	290321
a00036290	290322
a00036291	290323
a00036292	290324
a00036293	290325
a00036294	290326
a00036295	290327
a00036296	290328
a00036297	290329
a00036298	290330
a00036299	290331
a00036300	290332
a00036301	290333
a00036302	290334
a00036303	290335
a00036304	290336
a00036305	290337
a00036306	290338
a00036307	290339
a00036308	290340
a00036309	290341
a00036310	290342
a00036311	290343
a00036312	290344
a00036313	290345
a00036314	290346
a00036315	290347
a00036316	290348
a00036317	290349
a00036318	290350
a00036319	290351
a00036320	290352
a00036321	290353
a00036322	290354
a00036323	290355
a00036324	290356
a00036325	290357
a00036326	290358
a00036327	290359
a00036328	290360
a00036329	290361
a00036330	290362
a00036331	290363
a00036332	290364
a00036333	290365
a00036334	290366
a00036335	290367
a00036336	290368
a00036337	290369
a00036338	290370
a00036339	290371
a00036340	290372
a00036341	290373
a00036342	290374
a00036343	290375
a00036344	290376
a00036345	290377
a00036346	290378
a00036347	290379
a00036348	290380
a00036349	290381
a00036350	290382
a00036351	290383
a00036352	290384
a00036353	290385
a00036354	290386
a00036355	290387
a00036356	290388
a00036357	290389
a00036358	290390
a00036359	290391
a00036360	290392
a00036361	290393
a00036362	290394
a00036363	290395
a00036364	290396
a00036365	290397
a00036366	290398
a00036367	290399
a00036368	290400
a00036369	290401
a00036370	290402
a00036371	290403
a00036372	290404
a00036373	290405
a00036374	290406
a00036375	290407
a00036376	290408
a00036377	290409
a00036378	290410
a00036379	290411
a00036380	290412
a00036381	290413
a00036382	290414
a00036383	290415
a00036384	290416
a00036385	290417
a00036386	290418
a00036387	290419
a00036388	290420
a00036389	290421
a00036390	290422
a00036391	290423
a00036392	290424
a00036393	290425
a00036394	290426
a00036395	290427
a00036396	290428
a00036397	290429
a00036398	290430
a00036399	290431
a00036400	290432
a00036401	290433
a00036402	290434
a00036403	290435
a00036404	290436
a00036405	290437
a00036406	290438
a00036407	290439
a00036408	290440
a00036409	290441
a00036410	290442
a00036411	290443
a00036412	290444
a00036413	290445
a00036414	290446
a00036415	290447
a00036416	290448
a00036417	290449
a00036418	290450
a00036419	290451
a00036420	290452
a00036421	290453
a00036422	290454
a00036423	290455
a00036424	290456
a00036425	290457
a00036426	290458
a00036427	290459
a00036428	290460
a00036429	290461
a00036430	290462
a00036431	290463
a00036432	290464
a00036433	290465
a00036434	290466
a00036435	290467
a00036436	290468
a00036437	290469
a00036438	290470
a00036439	290471
a00036440	290472
a00036441	290473
a00036442	290474
a00036443	290475
a00036444	290476
a00036445	290477
a00036446	290478
a00036447	290479
a00036448	290480
a00036449	290481
a00036450	290482
a00036451	290483
a00036452	290484
a00036453	290485
a00036454	290486
a00036455	290487
a00036456	290488
a00036457	290489
a00036458	290490
a00036459	290491
a00036460	290492
a00036461	290493
a00036462	290494
a00036463	290495
a00036464	290496
a00036465	290497
a00036466	290498
a00036467	290499
a00036468	290500
a00036469	290501
a00036470	290502
a00036471	290503
a00036472	290504
a00036473	290505
a00036474	290506
a00036475	290507
a00036476	290508
a00036477	290509
a00036478	290510
a00036479	290511
a00036480	290512
a00036481	290513
a00036482	290514
a00036483	290515
a00036484	290516
a00036485	290517
a00036486	290518
a00036487	290519
a00036488	290520
a00036489	290521
a00036490	290522
a00036491	290523
a00036492	290524
a00036493	290525
a00036494	290526
a00036495	290527
a00036496	290528
a00036497	290529
a00036498	290530
a00036499	290531
a00036500	290532
a00036501	290533
a00036502	290534
a00036503	290535
a00036504	290536
a00036505	290537
a00036506	290538
a00036507	290539
a00036508	290540
a00036509	290541
a00036510	290542
a00036511	290543
a00036512	290544
a00036513	290545
a00036514	290546
a00036515	290547
a00036516	290548
a00036517	290549
a00036518	290550
a00036519	290551
a00036520	290552
a00036521	290553
a00036522	290554
a00036523	290555
a00036524	290556
a00036525	290557
a00036526	290558
a00036527	290559
a00036528	290560
a00036529	290561
a00036530	290562
a00036531	290563
a00036532	290564
a00036533	290565
a00036534	290566
a00036535	290567
a00036536	290568
a00036537	290569
a00036538	290570
a00036539	290571
a00036540	290572
a00036541	290573
a00036542	290574
a00036543	290575
a00036544	290576
a00036545	290577
a00036546	290578
a00036547	290579
a00036548	290580
a00036549	290581
a00036550	290582
a00036551	290583
a00036552	290584
a00036553	290585
a00036554	290586
a00036555	290587
a00036556	290588
a00036557	290589
a00036558	290590
a00036559	290591
a00036560	290592
a00036561	290593
a00036562	290594
a00036563	290595
a00036564	290596
a00036565	290597
a00036566	290598
a00036567	290599
a00036568	290600
a00036569	290601
a00036570	290602
a00036571	290603
a00036572	290604
a00036573	290605
a00036574	290606
a00036575	290607
a00036576	290608
a00036577	290609
a00036578	290610
a00036579	290611
a00036580	290612
a00036581	290613
a00036582	290614
a00036583	290615
a00036584	290616
a00036585	290617
a00036586	290618
a00036587	290619
a00036588	290620
a00036589	290621
a00036590	290622
a00036591	290623
a00036592	290624
a00036593	290625
a00036594	290626
a00036595	290627
a00036596	290628
a00036597	290629
a00036598	290630
a00036599	290631
a00036600	290632
a00036601	290633
a00036602	290634
a00036603	290635
a00036604	290636
a00036605	290637
a00036606	290638
a00036607	290639
a00036608	290640
a00036609	290641
a00036610	290642
a00036611	290643
a00036612	290644
a00036613	290645
a00036614	290646
a00036615	290647
a00036616	290648
a00036617	290649
a00036618	290650
a00036619	290651
a00036620	290652
a00036621	290653
a00036622	290654
a00036623	290655
a00036624	290656
a00036625	290657
a00036626	290658
a00036627	290659
a00036628	290660
a00036629	290661
a00036630	290662
a00036631	290663
a00036632	290664
a00036633	290665
a00036634	290666
a00036635	290667
a00036636	290668
a00036637	290669
a00036638	290670
a00036639	290671
a00036640	290672
a00036641	290673
a00036642	290674
a00036643	290675
a00036644	290676
a00036645	290677
a00036646	290678
a00036647	290679
a00036648	290680
a00036649	290681
a00036650	290682
a00036651	290683
a00036652	290684
a00036653	290685
a00036654	290686
a00036655	290687
a00036656	290688
a00036657	290689
a00036658	290690
a00036659	290691
a00036660	290692
a00036661	290693
a00036662	290694
a00036663	290695
a00036664	290696
a00036665	290697
a00036666	290698
a00036667	290699
a00036668	290700
a00036669	290701
a00036670	290702
a00036671	290703
a00036672	290704
a00036673	290705
a00036674	290706
a00036675	290707
a00036676	290708
a00036677	290709
a00036678	290710
a00036679	290711
a00036680	290712
a00036681	290713
a00036682	290714
a00036683	290715
a00036684	290716
a00036685	290717
a00036686	290718
a00036687	290719
a00036688	290720
a00036689	290721
a00036690	290722
a00036691	290723
a00036692	290724
a00036693	290725
a00036694	290726
a00036695	290727
a00036696	290728
a00036697	290729
a00036698	290730
a00036699	290731
a00036700	290732
a00036701	290733
a00036702	290734
a00036703	290735
a00036704	290736
a00036705	290737
a00036706	290738
a00036707	290739
a00036708	290740
a00036709	290741
a00036710	290742
a00036711	290743
a00036712	290744
a00036713	290745
a00036714	290746
a00036715	290747
a00036716	290748
a00036717	290749
a00036718	290750
a00036719	290751
a00036720	290752
a00036721	290753
a00036722	290754
a00036723	290755
a00036724	290756
a00036725	290757
a00036726	290758
a00036727	290759
a00036728	290760
a00036729	290761
a00036730	290762
a00036731	290763
a00036732	290764
a00036733	290765
a00036734	290766
a00036735	290767
a00036736	290768
a00036737	290769
a00036738	290770
a00036739	290771
a00036740	290772
a00036741	290773
a00036742	290774
a00036743	290775
a00036744	290776
a00036745	290777
a00036746	290778
a00036747	290779
a00036748	290780
a00036749	290781
a00036750	290782
a00036751	290783
a00036752	290784
a00036753	290785
a00036754	290786
a00036755	290787
a00036756	290788
a00036757	290789
a00036758	290790
a00036759	290791
a00036760	290792
a00036761	290793
a00036762	290794
a00036763	290795
a00036764	290796
a00036765	290797
a00036766	290798
a00036767	290799
a00036768	290800
a00036769	290801
a00036770	290802
a00036771	290803
a00036772	290804
a00036773	290805
a00036774	290806
a00036775	290807
a00036776	290808
a00036777	290809
a00036778	290810
a00036779	290811
a00036780	290812
a00036781	290813
a00036782	290814
a00036783	290815
a00036784	290816
a00036785	290817
a00036786	290818
a00036787	290819
a00036788	290820
a00036789	290821
a00036790	290822
a00036791	290823
a00036792	290824
a00036793	290825
a00036794	290826
a00036795	290827
a00036796	290828
a00036797	290829
a00036798	290830
a00036799	290831
a00036800	290832
a00036801	290833
a00036802	290834
a00036803	290835
a00036804	290836
a00036805	290837
a00036806	290838
a00036807	290839
a00036808	290840
a00036809	290841
a00036810	290842
a00036811	290843
a00036812	290844
a00036813	290845
a00036814	290846
a00036815	290847
a00036816	290848
a00036817	290849
a00036818	290850
a00036819	290851
a00036820	290852
a00036821	290853
a00036822	290854
a00036823	290855
a00036824	290856
a00036825	290857
a00036826	290858
a00036827	290859
a00036828	290860
a00036829	290861
a00036830	290862
a00036831	290863
a00036832	290864
a00036833	290865
a00036834	290866
a00036835	290867
a00036836	290868
a00036837	290869
a00036838	290870
a00036839	290871
a00036840	290872
a00036841	290873
a00036842	290874
a00036843	290875
a00036844	290876
a00036845	290877
a00036846	290878
a00036847	290879
a00036848	290880
a00036849	290881
a00036850	290882
a00036851	290883
a00036852	290884
a00036853	290885
a00036854	290886
a00036855	290887
a00036856	290888
a00036857	290889
a00036858	290890
a00036859	290891
a00036860	290892
a00036861	290893
a00036862	290894
a00036863	290895
a00036864	290896
a00036865	290897
a00036866	290898
a00036867	290899
a00036868	290900
a00036869	290901
a00036870	290902
a00036871	290903
a00036872	290904
a00036873	290905
a00036874	290906
a00036875	290907
a00036876	290908
a00036877	290909
a00036878	290910
a00036879	290911
a00036880	290912
a00036881	290913
a00036882	290914
a00036883	290915
a00036884	290916
a00036885	290917
a00036886	290918
a00036887	290919
a00036888	290920
a00036889	290921
a00036890	290922
a00036891	290923
a00036892	290924
a00036893	290925
a00036894	290926
a00036895	290927
a00036896	290928
a00036897	290929
a00036898	290930
a00036899	290931
a00036900	290932
a00036901	290933
a00036902	290934
a00036903	290935
a00036904	290936
a00036905	290937
a00036906	290938
a00036907	290939
a00036908	290940
a00036909	290941
a00036910	290942
a00036911	290943
a00036912	290944
a00036913	290945
a00036914	290946
a00036915	290947
a00036916	290948
a00036917	290949
a00036918	290950
a00036919	290951
a00036920	290952
a00036921	290953
a00036922	290954
a00036923	290955
a00036924	290956
a00036925	290957
a00036926	290958
a00036927	290959
a00036928	290960
a00036929	290961
a00036930	290962
a00036931	290963
a00036932	290964
a00036933	290965
a00036934	290966
a00036935	290967
a00036936	290968
a00036937	290969
a00036938	290970
a00036939	290971
a00036940	290972
a00036941	290973
a00036942	290974
a00036943	290975
a00036944	290976
a00036945	290977
a00036946	290978
a00036947	290979
a00036948	290980
a00036949	290981
a00036950	290982
a00036951	290983
a00036952	290984
a00036953	290985
a00036954	290986
a00036955	290987
a00036956	290988
a00036957	290989
a00036958	290990
a00036959	290991
a00036960	290992
a00036961	290993
a00036962	290994
a00036963	290995
a00036964	290996
a00036965	290997
a00036966	290998
a00036967	290999
a00036968	291000
a00036969	291001
a00036970	291002
a00036971	291003
a00036972	291004
a00036973	291005
a00036974	291006
a00036975	291007
a00036976	291008
a00036977	291009
a00036978	291010
a00036979	291011
a00036980	291012
a00036981	291013
a00036982	291014
a00036983	291015
a00036984	291016
a00036985	291017
a00036986	291018
a00036987	291019
a00036988	291020
a00036989	291021
a00036990	291022
a00036991	291023
a00036992	291024
a00036993	291025
a00036994	291026
a00036995	291027
a00036996	291028
a00036997	291029
a00036998	291030
a00036999	291031
a00037000	291032
a00037001	291033
a00037002	291034
a00037003	291035
a00037004	291036
a00037005	291037
a00037006	291038
a00037007	291039
a00037008	291040
a00037009	291041
a00037010	291042
a00037011	291043
a00037012	291044
a00037013	291045
a00037014	291046
a00037015	291047
a00037016	291048
a00037017	291049
a00037018	291050
a00037019	291051
a00037020	291052
a00037021	291053
a00037022	291054
a00037023	291055
a00037024	291056
a00037025	291057
a00037026	291058
a00037027	291059
a00037028	291060
a00037029	291061
a00037030	291062
a00037031	291063
a00037032	291064
a00037033	291065
a00037034	291066
a00037035	291067
a00037036	291068
a00037037	291069
a00037038	291070
a00037039	291071
a00037040	291072
a00037041	291073
a00037042	291074
a00037043	291075
a00037044	291076
a00037045	291077
a00037046	291078
a00037047	291079
a00037048	291080
a00037049	291081
a00037050	291082
a00037051	291083
a00037052	291084
a00037053	291085
a00037054	291086
a00037055	291087
a00037056	291088
a00037057	291089
a00037058	291090
a00037059	291091
a00037060	291092
a00037061	291093
a00037062	291094
a00037063	291095
a00037064	291096
a00037065	291097
a00037066	291098
a00037067	291099
a00037068	291100
a00037069	291101
a00037070	291102
a00037071	291103
a00037072	291104
a00037073	291105
a00037074	291106
a00037075	291107
a00037076	291108
a00037077	291109
a00037078	291110
a00037079	291111
a00037080	291112
a00037081	291113
a00037082	291114
a00037083	291115
a00037084	291116
a00037085	291117
a00037086	291118
a00037087	291119
a00037088	291120
a00037089	291121
a00037090	291122
a00037091	291123
a00037092	291124
a00037093	291125
a00037094	291126
a00037095	291127
a00037096	291128
a00037097	291129
a00037098	291130
a00037099	291131
a00037100	291132
a00037101	291133
a00037102	291134
a00037103	291135
a00037104	291136
a00037105	291137
a00037106	291138
a00037107	291139
a00037108	291140
a00037109	291141
a00037110	291142
a00037111	291143
a00037112	291144
a00037113	291145
a00037114	291146
a00037115	291147
a00037116	291148
a00037117	291149
a00037118	291150
a00037119	291151
a00037120	291152
a00037121	291153
a00037122	291154
a00037123	291155
a00037124	291156
a00037125	291157
a00037126	291158
a00037127	291159
a00037128	291160
a00037129	291161
a00037130	291162
a00037131	291163
a00037132	291164
a00037133	291165
a00037134	291166
a00037135	291167
a00037136	291168
a00037137	291169
a00037138	291170
a00037139	291171
a00037140	291172
a00037141	291173
a00037142	291174
a00037143	291175
a00037144	291176
a00037145	291177
a00037146	291178
a00037147	291179
a00037148	291180
a00037149	291181
a00037150	291182
a00037151	291183
a00037152	291184
a00037153	291185
a00037154	291186
a00037155	291187
a00037156	291188
a00037157	291189
a00037158	291190
a00037159	291191
a00037160	291192
a00037161	291193
a00037162	291194
a00037163	291195
a00037164	291196
a00037165	291197
a00037166	291198
a00037167	291199
a00037168	291200
a00037169	291201
a00037170	291202
a00037171	291203
a00037172	291204
a00037173	291205
a00037174	291206
a00037175	291207
a00037176	291208
a00037177	291209
a00037178	291210
a00037179	291211
a00037180	291212
a00037181	291213
a00037182	291214
a00037183	291215
a00037184	291216
a00037185	291217
a00037186	291218
a00037187	291219
a00037188	291220
a00037189	291221
a00037190	291222
a00037191	291223
a00037192	291224
a00037193	291225
a00037194	291226
a00037195	291227
a00037196	291228
a00037197	291229
a00037198	291230
a00037199	291231
a00037200	291232
a00037201	291233
a00037202	291234
a00037203	291235
a00037204	291236
a00037205	291237
a00037206	291238
a00037207	291239
a00037208	291240
a00037209	291241
a00037210	291242
a00037211	291243
a00037212	291244
a00037213	291245
a00037214	291246
a00037215	291247
a00037216	291248
a00037217	291249
a00037218	291250
a00037219	291251
a00037220	291252
a00037221	291253
a00037222	291254
a00037223	291255
a00037224	291256
a00037225	291257
a00037226	291258
a00037227	291259
a00037228	291260
a00037229	291261
a00037230	291262
a00037231	291263
a00037232	291264
a00037233	291265
a00037234	291266
a00037235	291267
a00037236	291268
a00037237	291269
a00037238	291270
a00037239	291271
a00037240	291272
a00037241	291273
a00037242	291274
a00037243	291275
a00037244	291276
a00037245	291277
a00037246	291278
a00037247	291279
a00037248	291280
a00037249	291281
a00037250	291282
a00037251	291283
a00037252	291284
a00037253	291285
a00037254	291286
a00037255	291287
a00037256	291288
a00037257	291289
a00037258	291290
a00037259	291291
a00037260	291292
a00037261	291293
a00037262	291294
a00037263	291295
a00037264	291296
a00037265	291297
a00037266	291298
a00037267	291299
a00037268	291300
a00037269	291301
a00037270	291302
a00037271	291303
a00037272	291304
a00037273	291305
a00037274	291306
a00037275	291307
a00037276	291308
a00037277	291309
a00037278	291310
a00037279	291311
a00037280	291312
a00037281	291313
a00037282	291314
a00037283	291315
a00037284	291316
a00037285	291317
a00037286	291318
a00037287	291319
a00037288	291320
a00037289	291321
a00037290	291322
a00037291	291323
a00037292	291324
a00037293	291325
a00037294	291326
a00037295	291327
a00037296	291328
a00037297	291329
a00037298	291330
a00037299	291331
a00037300	291332
a00037301	291333
a00037302	291334
a00037303	291335
a00037304	291336
a00037305	291337
a00037306	291338
a00037307	291339
a00037308	291340
a00037309	291341
a00037310	291342
a00037311	291343
a00037312	291344
a00037313	291345
a00037314	291346
a00037315	291347
a00037316	291348
a00037317	291349
a00037318	291350
a00037319	291351
a00037320	291352
a00037321	291353
a00037322	291354
a00037323	291355
a00037324	291356
a00037325	291357
a00037326	291358
a00037327	291359
a00037328	291360
a00037329	291361
a00037330	291362
a00037331	291363
a00037332	291364
a00037333	291365
a00037334	291366
a00037335	291367
a00037336	291368
a00037337	291369
a00037338	291370
a00037339	291371
a00037340	291372
a00037341	291373
a00037342	291374
a00037343	291375
a00037344	291376
a00037345	291377
a00037346	291378
a00037347	291379
a00037348	291380
a00037349	291381
a00037350	291382
a00037351	291383
a00037352	291384
a00037353	291385
a00037354	291386
a00037355	291387
a00037356	291388
a00037357	291389
a00037358	291390
a00037359	291391
a00037360	291392
a00037361	291393
a00037362	291394
a00037363	291395
a00037364	291396
a00037365	291397
a00037366	291398
a00037367	291399
a00037368	291400
a00037369	291401
a00037370	291402
a00037371	291403
a00037372	291404
a00037373	291405
a00037374	291406
a00037375	291407
a00037376	291408
a00037377	291409
a00037378	291410
a00037379	291411
a00037380	291412
a00037381	291413
a00037382	291414
a00037383	291415
a00037384	291416
a00037385	291417
a00037386	291418
a00037387	291419
a00037388	291420
a00037389	291421
a00037390	291422
a00037391	291423
a00037392	291424
a00037393	291425
a00037394	291426
a00037395	291427
a00037396	291428
a00037397	291429
a00037398	291430
a00037399	291431
a00037400	291432
a00037401	291433
a00037402	291434
a00037403	291435
a00037404	291436
a00037405	291437
a00037406	291438
a00037407	291439
a00037408	291440
a00037409	291441
a00037410	291442
a00037411	291443
a00037412	291444
a00037413	291445
a00037414	291446
a00037415	291447
a00037416	291448
a00037417	291449
a00037418	291450
a00037419	291451
a00037420	291452
a00037421	291453
a00037422	291454
a00037423	291455
a00037424	291456
a00037425	291457
a00037426	291458
a00037427	291459
a00037428	291460
a00037429	291461
a00037430	291462
a00037431	291463
a00037432	291464
a00037433	291465
a00037434	291466
a00037435	291467
a00037436	291468
a00037437	291469
a00037438	291470
a00037439	291471
a00037440	291472
a00037441	291473
a00037442	291474
a00037443	291475
a00037444	291476
a00037445	291477
a00037446	291478
a00037447	291479
a00037448	291480
a00037449	291481
a00037450	291482
a00037451	291483
a00037452	291484
a00037453	291485
a00037454	291486
a00037455	291487
a00037456	291488
a00037457	291489
a00037458	291490
a00037459	291491
a00037460	291492
a00037461	291493
a00037462	291494
a00037463	291495
a00037464	291496
a00037465	291497
a00037466	291498
a00037467	291499
a00037468	291500
a00037469	291501
a00037470	291502
a00037471	291503
a00037472	291504
a00037473	291505
a00037474	291506
a00037475	291507
a00037476	291508
a00037477	291509
a00037478	291510
a00037479	291511
a00037480	291512
a00037481	291513
a00037482	291514
a00037483	291515
a00037484	291516
a00037485	291517
a00037486	291518
a00037487	291519
a00037488	291520
a00037489	291521
a00037490	291522
a00037491	291523
a00037492	291524
a00037493	291525
a00037494	291526
a00037495	291527
a00037496	291528
a00037497	291529
a00037498	291530
a00037499	291531
a00037500	291532
a00037501	291533
a00037502	291534
a00037503	291535
a00037504	291536
a00037505	291537
a00037506	291538
a00037507	291539
a00037508	291540
a00037509	291541
a00037510	291542
a00037511	291543
a00037512	291544
a00037513	291545
a00037514	291546
a00037515	291547
a00037516	291548
a00037517	291549
a00037518	291550
a00037519	291551
a00037520	291552
a00037521	291553
a00037522	291554
a00037523	291555
a00037524	291556
a00037525	291557
a00037526	291558
a00037527	291559
a00037528	291560
a00037529	291561
a00037530	291562
a00037531	291563
a00037532	291564
a00037533	291565
a00037534	291566
a00037535	291567
a00037536	291568
a00037537	291569
a00037538	291570
a00037539	291571
a00037540	291572
a00037541	291573
a00037542	291574
a00037543	291575
a00037544	291576
a00037545	291577
a00037546	291578
a00037547	291579
a00037548	291580
a00037549	291581
a00037550	291582
a00037551	291583
a00037552	291584
a00037553	291585
a00037554	291586
a00037555	291587
a00037556	291588
a00037557	291589
a00037558	291590
a00037559	291591
a00037560	291592
a00037561	291593
a00037562	291594
a00037563	291595
a00037564	291596
a00037565	291597
a00037566	291598
a00037567	291599
a00037568	291600
a00037569	291601
a00037570	291602
a00037571	291603
a00037572	291604
a00037573	291605
a00037574	291606
a00037575	291607
a00037576	291608
a00037577	291609
a00037578	291610
a00037579	291611
a00037580	291612
a00037581	291613
a00037582	291614
a00037583	291615
a00037584	291616
a00037585	291617
a00037586	291618
a00037587	291619
a00037588	291620
a00037589	291621
a00037590	291622
a00037591	291623
a00037592	291624
a00037593	291625
a00037594	291626
a00037595	291627
a00037596	291628
a00037597	291629
a00037598	291630
a00037599	291631
a00037600	291632
a00037601	291633
a00037602	291634
a00037603	291635
a00037604	291636
a00037605	291637
a00037606	291638
a00037607	291639
a00037608	291640
a00037609	291641
a00037610	291642
a00037611	291643
a00037612	291644
a00037613	291645
a00037614	291646
a00037615	291647
a00037616	291648
a00037617	291649
a00037618	291650
a00037619	291651
a00037620	291652
a00037621	291653
a00037622	291654
a00037623	291655
a00037624	291656
a00037625	291657
a00037626	291658
a00037627	291659
a00037628	291660
a00037629	291661
a00037630	291662
a00037631	291663
a00037632	291664
a00037633	291665
a00037634	291666
a00037635	291667
a00037636	291668
a00037637	291669
a00037638	291670
a00037639	291671
a00037640	291672
a00037641	291673
a00037642	291674
a00037643	291675
a00037644	291676
a00037645	291677
a00037646	291678
a00037647	291679
a00037648	291680
a00037649	291681
a00037650	291682
a00037651	291683
a00037652	291684
a00037653	291685
a00037654	291686
a00037655	291687
a00037656	291688
a00037657	291689
a00037658	291690
a00037659	291691
a00037660	291692
a00037661	291693
a00037662	291694
a00037663	291695
a00037664	291696
a00037665	291697
a00037666	291698
a00037667	291699
a00037668	291700
a00037669	291701
a00037670	291702
a00037671	291703
a00037672	291704
a00037673	291705
a00037674	291706
a00037675	291707
a00037676	291708
a00037677	291709
a00037678	291710
a00037679	291711
a00037680	291712
a00037681	291713
a00037682	291714
a00037683	291715
a00037684	291716
a00037685	291717
a00037686	291718
a00037687	291719
a00037688	291720
a00037689	291721
a00037690	291722
a00037691	291723
a00037692	291724
a00037693	291725
a00037694	291726
a00037695	291727
a00037696	291728
a00037697	291729
a00037698	291730
a00037699	291731
a00037700	291732
a00037701	291733
a00037702	291734
a00037703	291735
a00037704	291736
a00037705	291737
a00037706	291738
a00037707	291739
a00037708	291740
a00037709	291741
a00037710	291742
a00037711	291743
a00037712	291744
a00037713	291745
a00037714	291746
a00037715	291747
a00037716	291748
a00037717	291749
a00037718	291750
a00037719	291751
a00037720	291752
a00037721	291753
a00037722	291754
a00037723	291755
a00037724	291756
a00037725	291757
a00037726	291758
a00037727	291759
a00037728	291760
a00037729	291761
a00037730	291762
a00037731	291763
a00037732	291764
a00037733	291765
a00037734	291766
a00037735	291767
a00037736	291768
a00037737	291769
a00037738	291770
a00037739	291771
a00037740	291772
a00037741	291773
a00037742	291774
a00037743	291775
a00037744	291776
a00037745	291777
a00037746	291778
a00037747	291779
a00037748	291780
a00037749	291781
a00037750	291782
a00037751	291783
a00037752	291784
a00037753	291785
a00037754	291786
a00037755	291787
a00037756	291788
a00037757	291789
a00037758	291790
a00037759	291791
a00037760	291792
a00037761	291793
a00037762	291794
a00037763	291795
a00037764	291796
a00037765	291797
a00037766	291798
a00037767	291799
a00037768	291800
a00037769	291801
a00037770	291802
a00037771	291803
a00037772	291804
a00037773	291805
a00037774	291806
a00037775	291807
a00037776	291808
a00037777	291809
a00037778	291810
a00037779	291811
a00037780	291812
a00037781	291813
a00037782	291814
a00037783	291815
a00037784	291816
a00037785	291817
a00037786	291818
a00037787	291819
a00037788	291820
a00037789	291821
a00037790	291822
a00037791	291823
a00037792	291824
a00037793	291825
a00037794	291826
a00037795	291827
a00037796	291828
a00037797	291829
a00037798	291830
a00037799	291831
a00037800	291832
a00037801	291833
a00037802	291834
a00037803	291835
a00037804	291836
a00037805	291837
a00037806	291838
a00037807	291839
a00037808	291840
a00037809	291841
a00037810	291842
a00037811	291843
a00037812	291844
a00037813	291845
a00037814	291846
a00037815	291847
a00037816	291848
a00037817	291849
a00037818	291850
a00037819	291851
a00037820	291852
a00037821	291853
a00037822	291854
a00037823	291855
a00037824	291856
a00037825	291857
a00037826	291858
a00037827	291859
a00037828	291860
a00037829	291861
a00037830	291862
a00037831	291863
a00037832	291864
a00037833	291865
a00037834	291866
a00037835	291867
a00037836	291868
a00037837	291869
a00037838	291870
a00037839	291871
a00037840	291872
a00037841	291873
a00037842	291874
a00037843	291875
a00037844	291876
a00037845	291877
a00037846	291878
a00037847	291879
a00037848	291880
a00037849	291881
a00037850	291882
a00037851	291883
a00037852	291884
a00037853	291885
a00037854	291886
a00037855	291887
a00037856	291888
a00037857	291889
a00037858	291890
a00037859	291891
a00037860	291892
a00037861	291893
a00037862	291894
a00037863	291895
a00037864	291896
a00037865	291897
a00037866	291898
a00037867	291899
a00037868	291900
a00037869	291901
a00037870	291902
a00037871	291903
a00037872	291904
a00037873	291905
a00037874	291906
a00037875	291907
a00037876	291908
a00037877	291909
a00037878	291910
a00037879	291911
a00037880	291912
a00037881	291913
a00037882	291914
a00037883	291915
a00037884	291916
a00037885	291917
a00037886	291918
a00037887	291919
a00037888	291920
a00037889	291921
a00037890	291922
a00037891	291923
a00037892	291924
a00037893	291925
a00037894	291926
a00037895	291927
a00037896	291928
a00037897	291929
a00037898	291930
a00037899	291931
a00037900	291932
a00037901	291933
a00037902	291934
a00037903	291935
a00037904	291936
a00037905	291937
a00037906	291938
a00037907	291939
a00037908	291940
a00037909	291941
a00037910	291942
a00037911	291943
a00037912	291944
a00037913	291945
a00037914	291946
a00037915	291947
a00037916	291948
a00037917	291949
a00037918	291950
a00037919	291951
a00037920	291952
a00037921	291953
a00037922	291954
a00037923	291955
a00037924	291956
a00037925	291957
a00037926	291958
a00037927	291959
a00037928	291960
a00037929	291961
a00037930	291962
a00037931	291963
a00037932	291964
a00037933	291965
a00037934	291966
a00037935	291967
a00037936	291968
a00037937	291969
a00037938	291970
a00037939	291971
a00037940	291972
a00037941	291973
a00037942	291974
a00037943	291975
a00037944	291976
a00037945	291977
a00037946	291978
a00037947	291979
a00037948	291980
a00037949	291981
a00037950	291982
a00037951	291983
a00037952	291984
a00037953	291985
a00037954	291986
a00037955	291987
a00037956	291988
a00037957	291989
a00037958	291990
a00037959	291991
a00037960	291992
a00037961	291993
a00037962	291994
a00037963	291995
a00037964	291996
a00037965	291997
a00037966	291998
a00037967	291999
a00037968	292000
a00037969	292001
a00037970	292002
a00037971	292003
a00037972	292004
a00037973	292005
a00037974	292006
a00037975	292007
a00037976	292008
a00037977	292009
a00037978	292010
a00037979	292011
a00037980	292012
a00037981	292013
a00037982	292014
a00037983	292015
a00037984	292016
a00037985	292017
a00037986	292018
a00037987	292019
a00037988	292020
a00037989	292021
a00037990	292022
a00037991	292023
a00037992	292024
a00037993	292025
a00037994	292026
a00037995	292027
a00037996	292028
a00037997	292029
a00037998	292030
a00037999	292031
a00038000	292032
a00038001	292033
a00038002	292034
a00038003	292035
a00038004	292036
a00038005	292037
a00038006	292038
a00038007	292039
a00038008	292040
a00038009	292041
a00038010	292042
a00038011	292043
a00038012	292044
a00038013	292045
a00038014	292046
a00038015	292047
a00038016	292048
a00038017	292049
a00038018	292050
a00038019	292051
a00038020	292052
a00038021	292053
a00038022	292054
a00038023	292055
a00038024	292056
a00038025	292057
a00038026	292058
a00038027	292059
a00038028	292060
a00038029	292061
a00038030	292062
a00038031	292063
a00038032	292064
a00038033	292065
a00038034	292066
a00038035	292067
a00038036	292068
a00038037	292069
a00038038	292070
a00038039	292071
a00038040	292072
a00038041	292073
a00038042	292074
a00038043	292075
a00038044	292076
a00038045	292077
a00038046	292078
a00038047	292079
a00038048	292080
a00038049	292081
a00038050	292082
a00038051	292083
a00038052	292084
a00038053	292085
a00038054	292086
a00038055	292087
a00038056	292088
a00038057	292089
a00038058	292090
a00038059	292091
a00038060	292092
a00038061	292093
a00038062	292094
a00038063	292095
a00038064	292096
a00038065	292097
a00038066	292098
a00038067	292099
a00038068	292100
a00038069	292101
a00038070	292102
a00038071	292103
a00038072	292104
a00038073	292105
a00038074	292106
a00038075	292107
a00038076	292108
a00038077	292109
a00038078	292110
a00038079	292111
a00038080	292112
a00038081	292113
a00038082	292114
a00038083	292115
a00038084	292116
a00038085	292117
a00038086	292118
a00038087	292119
a00038088	292120
a00038089	292121
a00038090	292122
a00038091	292123
a00038092	292124
a00038093	292125
a00038094	292126
a00038095	292127
a00038096	292128
a00038097	292129
a00038098	292130
a00038099	292131
a00038100	292132
a00038101	292133
a00038102	292134
a00038103	292135
a00038104	292136
a00038105	292137
a00038106	292138
a00038107	292139
a00038108	292140
a00038109	292141
a00038110	292142
a00038111	292143
a00038112	292144
a00038113	292145
a00038114	292146
a00038115	292147
a00038116	292148
a00038117	292149
a00038118	292150
a00038119	292151
a00038120	292152
a00038121	292153
a00038122	292154
a00038123	292155
a00038124	292156
a00038125	292157
a00038126	292158
a00038127	292159
a00038128	292160
a00038129	292161
a00038130	292162
a00038131	292163
a00038132	292164
a00038133	292165
a00038134	292166
a00038135	292167
a00038136	292168
a00038137	292169
a00038138	292170
a00038139	292171
a00038140	292172
a00038141	292173
a00038142	292174
a00038143	292175
a00038144	292176
a00038145	292177
a00038146	292178
a00038147	292179
a00038148	292180
a00038149	292181
a00038150	292182
a00038151	292183
a00038152	292184
a00038153	292185
a00038154	292186
a00038155	292187
a00038156	292188
a00038157	292189
a00038158	292190
a00038159	292191
a00038160	292192
a00038161	292193
a00038162	292194
a00038163	292195
a00038164	292196
a00038165	292197
a00038166	292198
a00038167	292199
a00038168	292200
a00038169	292201
a00038170	292202
a00038171	292203
a00038172	292204
a00038173	292205
a00038174	292206
a00038175	292207
a00038176	292208
a00038177	292209
a00038178	292210
a00038179	292211
a00038180	292212
a00038181	292213
a00038182	292214
a00038183	292215
a00038184	292216
a00038185	292217
a00038186	292218
a00038187	292219
a00038188	292220
a00038189	292221
a00038190	292222
a00038191	292223
a00038192	292224
a00038193	292225
a00038194	292226
a00038195	292227
a00038196	292228
a00038197	292229
a00038198	292230
a00038199	292231
a00038200	292232
a00038201	292233
a00038202	292234
a00038203	292235
a00038204	292236
a00038205	292237
a00038206	292238
a00038207	292239
a00038208	292240
a00038209	292241
a00038210	292242
a00038211	292243
a00038212	292244
a00038213	292245
a00038214	292246
a00038215	292247
a00038216	292248
a00038217	292249
a00038218	292250
a00038219	292251
a00038220	292252
a00038221	292253
a00038222	292254
a00038223	292255
a00038224	292256
a00038225	292257
a00038226	292258
a00038227	292259
a00038228	292260
a00038229	292261
a00038230	292262
a00038231	292263
a00038232	292264
a00038233	292265
a00038234	292266
a00038235	292267
a00038236	292268
a00038237	292269
a00038238	292270
a00038239	292271
a00038240	292272
a00038241	292273
a00038242	292274
a00038243	292275
a00038244	292276
a00038245	292277
a00038246	292278
a00038247	292279
a00038248	292280
a00038249	292281
a00038250	292282
a00038251	292283
a00038252	292284
a00038253	292285
a00038254	292286
a00038255	292287
a00038256	292288
a00038257	292289
a00038258	292290
a00038259	292291
a00038260	292292
a00038261	292293
a00038262	292294
a00038263	292295
a00038264	292296
a00038265	292297
a00038266	292298
a00038267	292299
a00038268	292300
a00038269	292301
a00038270	292302
a00038271	292303
a00038272	292304
a00038273	292305
a00038274	292306
a00038275	292307
a00038276	292308
a00038277	292309
a00038278	292310
a00038279	292311
a00038280	292312
a00038281	292313
a00038282	292314
a00038283	292315
a00038284	292316
a00038285	292317
a00038286	292318
a00038287	292319
a00038288	292320
a00038289	292321
a00038290	292322
a00038291	292323
a00038292	292324
a00038293	292325
a00038294	292326
a00038295	292327
a00038296	292328
a00038297	292329
a00038298	292330
a00038299	292331
a00038300	292332
a00038301	292333
a00038302	292334
a00038303	292335
a00038304	292336
a00038305	292337
a00038306	292338
a00038307	292339
a00038308	292340
a00038309	292341
a00038310	292342
a00038311	292343
a00038312	292344
a00038313	292345
a00038314	292346
a00038315	292347
a00038316	292348
a00038317	292349
a00038318	292350
a00038319	292351
a00038320	292352
a00038321	292353
a00038322	292354
a00038323	292355
a00038324	292356
a00038325	292357
a00038326	292358
a00038327	292359
a00038328	292360
a00038329	292361
a00038330	292362
a00038331	292363
a00038332	292364
a00038333	292365
a00038334	292366
a00038335	292367
a00038336	292368
a00038337	292369
a00038338	292370
a00038339	292371
a00038340	292372
a00038341	292373
a00038342	292374
a00038343	292375
a00038344	292376
a00038345	292377
a00038346	292378
a00038347	292379
a00038348	292380
a00038349	292381
a00038350	292382
a00038351	292383
a00038352	292384
a00038353	292385
a00038354	292386
a00038355	292387
a00038356	292388
a00038357	292389
a00038358	292390
a00038359	292391
a00038360	292392
a00038361	292393
a00038362	292394
a00038363	292395
a00038364	292396
a00038365	292397
a00038366	292398
a00038367	292399
a00038368	292400
a00038369	292401
a00038370	292402
a00038371	292403
a00038372	292404
a00038373	292405
a00038374	292406
a00038375	292407
a00038376	292408
a00038377	292409
a00038378	292410
a00038379	292411
a00038380	292412
a00038381	292413
a00038382	292414
a00038383	292415
a00038384	292416
a00038385	292417
a00038386	292418
a00038387	292419
a00038388	292420
a00038389	292421
a00038390	292422
a00038391	292423
a00038392	292424
a00038393	292425
a00038394	292426
a00038395	292427
a00038396	292428
a00038397	292429
a00038398	292430
a00038399	292431
a00038400	292432
a00038401	292433
a00038402	292434
a00038403	292435
a00038404	292436
a00038405	292437
a00038406	292438
a00038407	292439
a00038408	292440
a00038409	292441
a00038410	292442
a00038411	292443
a00038412	292444
a00038413	292445
a00038414	292446
a00038415	292447
a00038416	292448
a00038417	292449
a00038418	292450
a00038419	292451
a00038420	292452
a00038421	292453
a00038422	292454
a00038423	292455
a00038424	292456
a00038425	292457
a00038426	292458
a00038427	292459
a00038428	292460
a00038429	292461
a00038430	292462
a00038431	292463
a00038432	292464
a00038433	292465
a00038434	292466
a00038435	292467
a00038436	292468
a00038437	292469
a00038438	292470
a00038439	292471
a00038440	292472
a00038441	292473
a00038442	292474
a00038443	292475
a00038444	292476
a00038445	292477
a00038446	292478
a00038447	292479
a00038448	292480
a00038449	292481
a00038450	292482
a00038451	292483
a00038452	292484
a00038453	292485
a00038454	292486
a00038455	292487
a00038456	292488
a00038457	292489
a00038458	292490
a00038459	292491
a00038460	292492
a00038461	292493
a00038462	292494
a00038463	292495
a00038464	292496
a00038465	292497
a00038466	292498
a00038467	292499
a00038468	292500
a00038469	292501
a00038470	292502
a00038471	292503
a00038472	292504
a00038473	292505
a00038474	292506
a00038475	292507
a00038476	292508
a00038477	292509
a00038478	292510
a00038479	292511
a00038480	292512
a00038481	292513
a00038482	292514
a00038483	292515
a00038484	292516
a00038485	292517
a00038486	292518
a00038487	292519
a00038488	292520
a00038489	292521
a00038490	292522
a00038491	292523
a00038492	292524
a00038493	292525
a00038494	292526
a00038495	292527
a00038496	292528
a00038497	292529
a00038498	292530
a00038499	292531
a00038500	292532
a00038501	292533
a00038502	292534
a00038503	292535
a00038504	292536
a00038505	292537
a00038506	292538
a00038507	292539
a00038508	292540
a00038509	292541
a00038510	292542
a00038511	292543
a00038512	292544
a00038513	292545
a00038514	292546
a00038515	292547
a00038516	292548
a00038517	292549
a00038518	292550
a00038519	292551
a00038520	292552
a00038521	292553
a00038522	292554
a00038523	292555
a00038524	292556
a00038525	292557
a00038526	292558
a00038527	292559
a00038528	292560
a00038529	292561
a00038530	292562
a00038531	292563
a00038532	292564
a00038533	292565
a00038534	292566
a00038535	292567
a00038536	292568
a00038537	292569
a00038538	292570
a00038539	292571
a00038540	292572
a00038541	292573
a00038542	292574
a00038543	292575
a00038544	292576
a00038545	292577
a00038546	292578
a00038547	292579
a00038548	292580
a00038549	292581
a00038550	292582
a00038551	292583
a00038552	292584
a00038553	292585
a00038554	292586
a00038555	292587
a00038556	292588
a00038557	292589
a00038558	292590
a00038559	292591
a00038560	292592
a00038561	292593
a00038562	292594
a00038563	292595
a00038564	292596
a00038565	292597
a00038566	292598
a00038567	292599
a00038568	292600
a00038569	292601
a00038570	292602
a00038571	292603
a00038572	292604
a00038573	292605
a00038574	292606
a00038575	292607
a00038576	292608
a00038577	292609
a00038578	292610
a00038579	292611
a00038580	292612
a00038581	292613
a00038582	292614
a00038583	292615
a00038584	292616
a00038585	292617
a00038586	292618
a00038587	292619
a00038588	292620
a00038589	292621
a00038590	292622
a00038591	292623
a00038592	292624
a00038593	292625
a00038594	292626
a00038595	292627
a00038596	292628
a00038597	292629
a00038598	292630
a00038599	292631
a00038600	292632
a00038601	292633
a00038602	292634
a00038603	292635
a00038604	292636
a00038605	292637
a00038606	292638
a00038607	292639
a00038608	292640
a00038609	292641
a00038610	292642
a00038611	292643
a00038612	292644
a00038613	292645
a00038614	292646
a00038615	292647
a00038616	292648
a00038617	292649
a00038618	292650
a00038619	292651
a00038620	292652
a00038621	292653
a00038622	292654
a00038623	292655
a00038624	292656
a00038625	292657
a00038626	292658
a00038627	292659
a00038628	292660
a00038629	292661
a00038630	292662
a00038631	292663
a00038632	292664
a00038633	292665
a00038634	292666
a00038635	292667
a00038636	292668
a00038637	292669
a00038638	292670
a00038639	292671
a00038640	292672
a00038641	292673
a00038642	292674
a00038643	292675
a00038644	292676
a00038645	292677
a00038646	292678
a00038647	292679
a00038648	292680
a00038649	292681
a00038650	292682
a00038651	292683
a00038652	292684
a00038653	292685
a00038654	292686
a00038655	292687
a00038656	292688
a00038657	292689
a00038658	292690
a00038659	292691
a00038660	292692
a00038661	292693
a00038662	292694
a00038663	292695
a00038664	292696
a00038665	292697
a00038666	292698
a00038667	292699
a00038668	292700
a00038669	292701
a00038670	292702
a00038671	292703
a00038672	292704
a00038673	292705
a00038674	292706
a00038675	292707
a00038676	292708
a00038677	292709
a00038678	292710
a00038679	292711
a00038680	292712
a00038681	292713
a00038682	292714
a00038683	292715
a00038684	292716
a00038685	292717
a00038686	292718
a00038687	292719
a00038688	292720
a00038689	292721
a00038690	292722
a00038691	292723
a00038692	292724
a00038693	292725
a00038694	292726
a00038695	292727
a00038696	292728
a00038697	292729
a00038698	292730
a00038699	292731
a00038700	292732
a00038701	292733
a00038702	292734
a00038703	292735
a00038704	292736
a00038705	292737
a00038706	292738
a00038707	292739
a00038708	292740
a00038709	292741
a00038710	292742
a00038711	292743
a00038712	292744
a00038713	292745
a00038714	292746
a00038715	292747
a00038716	292748
a00038717	292749
a00038718	292750
a00038719	292751
a00038720	292752
a00038721	292753
a00038722	292754
a00038723	292755
a00038724	292756
a00038725	292757
a00038726	292758
a00038727	292759
a00038728	292760
a00038729	292761
a00038730	292762
a00038731	292763
a00038732	292764
a00038733	292765
a00038734	292766
a00038735	292767
a00038736	292768
a00038737	292769
a00038738	292770
a00038739	292771
a00038740	292772
a00038741	292773
a00038742	292774
a00038743	292775
a00038744	292776
a00038745	292777
a00038746	292778
a00038747	292779
a00038748	292780
a00038749	292781
a00038750	292782
a00038751	292783
a00038752	292784
a00038753	292785
a00038754	292786
a00038755	292787
a00038756	292788
a00038757	292789
a00038758	292790
a00038759	292791
a00038760	292792
a00038761	292793
a00038762	292794
a00038763	292795
a00038764	292796
a00038765	292797
a00038766	292798
a00038767	292799
a00038768	292800
a00038769	292801
a00038770	292802
a00038771	292803
a00038772	292804
a00038773	292805
a00038774	292806
a00038775	292807
a00038776	292808
a00038777	292809
a00038778	292810
a00038779	292811
a00038780	292812
a00038781	292813
a00038782	292814
a00038783	292815
a00038784	292816
a00038785	292817
a00038786	292818
a00038787	292819
a00038788	292820
a00038789	292821
a00038790	292822
a00038791	292823
a00038792	292824
a00038793	292825
a00038794	292826
a00038795	292827
a00038796	292828
a00038797	292829
a00038798	292830
a00038799	292831
a00038800	292832
a00038801	292833
a00038802	292834
a00038803	292835
a00038804	292836
a00038805	292837
a00038806	292838
a00038807	292839
a00038808	292840
a00038809	292841
a00038810	292842
a00038811	292843
a00038812	292844
a00038813	292845
a00038814	292846
a00038815	292847
a00038816	292848
a00038817	292849
a00038818	292850
a00038819	292851
a00038820	292852
a00038821	292853
a00038822	292854
a00038823	292855
a00038824	292856
a00038825	292857
a00038826	292858
a00038827	292859
a00038828	292860
a00038829	292861
a00038830	292862
a00038831	292863
a00038832	292864
a00038833	292865
a00038834	292866
a00038835	292867
a00038836	292868
a00038837	292869
a00038838	292870
a00038839	292871
a00038840	292872
a00038841	292873
a00038842	292874
a00038843	292875
a00038844	292876
a00038845	292877
a00038846	292878
a00038847	292879
a00038848	292880
a00038849	292881
a00038850	292882
a00038851	292883
a00038852	292884
a00038853	292885
a00038854	292886
a00038855	292887
a00038856	292888
a00038857	292889
a00038858	292890
a00038859	292891
a00038860	292892
a00038861	292893
a00038862	292894
a00038863	292895
a00038864	292896
a00038865	292897
a00038866	292898
a00038867	292899
a00038868	292900
a00038869	292901
a00038870	292902
a00038871	292903
a00038872	292904
a00038873	292905
a00038874	292906
a00038875	292907
a00038876	292908
a00038877	292909
a00038878	292910
a00038879	292911
a00038880	292912
a00038881	292913
a00038882	292914
a00038883	292915
a00038884	292916
a00038885	292917
a00038886	292918
a00038887	292919
a00038888	292920
a00038889	292921
a00038890	292922
a00038891	292923
a00038892	292924
a00038893	292925
a00038894	292926
a00038895	292927
a00038896	292928
a00038897	292929
a00038898	292930
a00038899	292931
a00038900	292932
a00038901	292933
a00038902	292934
a00038903	292935
a00038904	292936
a00038905	292937
a00038906	292938
a00038907	292939
a00038908	292940
a00038909	292941
a00038910	292942
a00038911	292943
a00038912	292944
a00038913	292945
a00038914	292946
a00038915	292947
a00038916	292948
a00038917	292949
a00038918	292950
a00038919	292951
a00038920	292952
a00038921	292953
a00038922	292954
a00038923	292955
a00038924	292956
a00038925	292957
a00038926	292958
a00038927	292959
a00038928	292960
a00038929	292961
a00038930	292962
a00038931	292963
a00038932	292964
a00038933	292965
a00038934	292966
a00038935	292967
a00038936	292968
a00038937	292969
a00038938	292970
a00038939	292971
a00038940	292972
a00038941	292973
a00038942	292974
a00038943	292975
a00038944	292976
a00038945	292977
a00038946	292978
a00038947	292979
a00038948	292980
a00038949	292981
a00038950	292982
a00038951	292983
a00038952	292984
a00038953	292985
a00038954	292986
a00038955	292987
a00038956	292988
a00038957	292989
a00038958	292990
a00038959	292991
a00038960	292992
a00038961	292993
a00038962	292994
a00038963	292995
a00038964	292996
a00038965	292997
a00038966	292998
a00038967	292999
a00038968	293000
a00038969	293001
a00038970	293002
a00038971	293003
a00038972	293004
a00038973	293005
a00038974	293006
a00038975	293007
a00038976	293008
a00038977	293009
a00038978	293010
a00038979	293011
a00038980	293012
a00038981	293013
a00038982	293014
a00038983	293015
a00038984	293016
a00038985	293017
a00038986	293018
a00038987	293019
a00038988	293020
a00038989	293021
a00038990	293022
a00038991	293023
a00038992	293024
a00038993	293025
a00038994	293026
a00038995	293027
a00038996	293028
a00038997	293029
a00038998	293030
a00038999	293031
a00039000	293032
a00039001	293033
a00039002	293034
a00039003	293035
a00039004	293036
a00039005	293037
a00039006	293038
a00039007	293039
a00039008	293040
a00039009	293041
a00039010	293042
a00039011	293043
a00039012	293044
a00039013	293045
a00039014	293046
a00039015	293047
a00039016	293048
a00039017	293049
a00039018	293050
a00039019	293051
a00039020	293052
a00039021	293053
a00039022	293054
a00039023	293055
a00039024	293056
a00039025	293057
a00039026	293058
a00039027	293059
a00039028	293060
a00039029	293061
a00039030	293062
a00039031	293063
a00039032	293064
a00039033	293065
a00039034	293066
a00039035	293067
a00039036	293068
a00039037	293069
a00039038	293070
a00039039	293071
a00039040	293072
a00039041	293073
a00039042	293074
a00039043	293075
a00039044	293076
a00039045	293077
a00039046	293078
a00039047	293079
a00039048	293080
a00039049	293081
a00039050	293082
a00039051	293083
a00039052	293084
a00039053	293085
a00039054	293086
a00039055	293087
a00039056	293088
a00039057	293089
a00039058	293090
a00039059	293091
a00039060	293092
a00039061	293093
a00039062	293094
a00039063	293095
a00039064	293096
a00039065	293097
a00039066	293098
a00039067	293099
a00039068	293100
a00039069	293101
a00039070	293102
a00039071	293103
a00039072	293104
a00039073	293105
a00039074	293106
a00039075	293107
a00039076	293108
a00039077	293109
a00039078	293110
a00039079	293111
a00039080	293112
a00039081	293113
a00039082	293114
a00039083	293115
a00039084	293116
a00039085	293117
a00039086	293118
a00039087	293119
a00039088	293120
a00039089	293121
a00039090	293122
a00039091	293123
a00039092	293124
a00039093	293125
a00039094	293126
a00039095	293127
a00039096	293128
a00039097	293129
a00039098	293130
a00039099	293131
a00039100	293132
a00039101	293133
a00039102	293134
a00039103	293135
a00039104	293136
a00039105	293137
a00039106	293138
a00039107	293139
a00039108	293140
a00039109	293141
a00039110	293142
a00039111	293143
a00039112	293144
a00039113	293145
a00039114	293146
a00039115	293147
a00039116	293148
a00039117	293149
a00039118	293150
a00039119	293151
a00039120	293152
a00039121	293153
a00039122	293154
a00039123	293155
a00039124	293156
a00039125	293157
a00039126	293158
a00039127	293159
a00039128	293160
a00039129	293161
a00039130	293162
a00039131	293163
a00039132	293164
a00039133	293165
a00039134	293166
a00039135	293167
a00039136	293168
a00039137	293169
a00039138	293170
a00039139	293171
a00039140	293172
a00039141	293173
a00039142	293174
a00039143	293175
a00039144	293176
a00039145	293177
a00039146	293178
a00039147	293179
a00039148	293180
a00039149	293181
a00039150	293182
a00039151	293183
a00039152	293184
a00039153	293185
a00039154	293186
a00039155	293187
a00039156	293188
a00039157	293189
a00039158	293190
a00039159	293191
a00039160	293192
a00039161	293193
a00039162	293194
a00039163	293195
a00039164	293196
a00039165	293197
a00039166	293198
a00039167	293199
a00039168	293200
a00039169	293201
a00039170	293202
a00039171	293203
a00039172	293204
a00039173	293205
a00039174	293206
a00039175	293207
a00039176	293208
a00039177	293209
a00039178	293210
a00039179	293211
a00039180	293212
a00039181	293213
a00039182	293214
a00039183	293215
a00039184	293216
a00039185	293217
a00039186	293218
a00039187	293219
a00039188	293220
a00039189	293221
a00039190	293222
a00039191	293223
a00039192	293224
a00039193	293225
a00039194	293226
a00039195	293227
a00039196	293228
a00039197	293229
a00039198	293230
a00039199	293231
a00039200	293232
a00039201	293233
a00039202	293234
a00039203	293235
a00039204	293236
a00039205	293237
a00039206	293238
a00039207	293239
a00039208	293240
a00039209	293241
a00039210	293242
a00039211	293243
a00039212	293244
a00039213	293245
a00039214	293246
a00039215	293247
a00039216	293248
a00039217	293249
a00039218	293250
a00039219	293251
a00039220	293252
a00039221	293253
a00039222	293254
a00039223	293255
a00039224	293256
a00039225	293257
a00039226	293258
a00039227	293259
a00039228	293260
a00039229	293261
a00039230	293262
a00039231	293263
a00039232	293264
a00039233	293265
a00039234	293266
a00039235	293267
a00039236	293268
a00039237	293269
a00039238	293270
a00039239	293271
a00039240	293272
a00039241	293273
a00039242	293274
a00039243	293275
a00039244	293276
a00039245	293277
a00039246	293278
a00039247	293279
a00039248	293280
a00039249	293281
a00039250	293282
a00039251	293283
a00039252	293284
a00039253	293285
a00039254	293286
a00039255	293287
a00039256	293288
a00039257	293289
a00039258	293290
a00039259	293291
a00039260	293292
a00039261	293293
a00039262	293294
a00039263	293295
a00039264	293296
a00039265	293297
a00039266	293298
a00039267	293299
a00039268	293300
a00039269	293301
a00039270	293302
a00039271	293303
a00039272	293304
a00039273	293305
a00039274	293306
a00039275	293307
a00039276	293308
a00039277	293309
a00039278	293310
a00039279	293311
a00039280	293312
a00039281	293313
a00039282	293314
a00039283	293315
a00039284	293316
a00039285	293317
a00039286	293318
a00039287	293319
a00039288	293320
a00039289	293321
a00039290	293322
a00039291	293323
a00039292	293324
a00039293	293325
a00039294	293326
a00039295	293327
a00039296	293328
a00039297	293329
a00039298	293330
a00039299	293331
a00039300	293332
a00039301	293333
a00039302	293334
a00039303	293335
a00039304	293336
a00039305	293337
a00039306	293338
a00039307	293339
a00039308	293340
a00039309	293341
a00039310	293342
a00039311	293343
a00039312	293344
a00039313	293345
a00039314	293346
a00039315	293347
a00039316	293348
a00039317	293349
a00039318	293350
a00039319	293351
a00039320	293352
a00039321	293353
a00039322	293354
a00039323	293355
a00039324	293356
a00039325	293357
a00039326	293358
a00039327	293359
a00039328	293360
a00039329	293361
a00039330	293362
a00039331	293363
a00039332	293364
a00039333	293365
a00039334	293366
a00039335	293367
a00039336	293368
a00039337	293369
a00039338	293370
a00039339	293371
a00039340	293372
a00039341	293373
a00039342	293374
a00039343	293375
a00039344	293376
a00039345	293377
a00039346	293378
a00039347	293379
a00039348	293380
a00039349	293381
a00039350	293382
a00039351	293383
a00039352	293384
a00039353	293385
a00039354	293386
a00039355	293387
a00039356	293388
a00039357	293389
a00039358	293390
a00039359	293391
a00039360	293392
a00039361	293393
a00039362	293394
a00039363	293395
a00039364	293396
a00039365	293397
a00039366	293398
a00039367	293399
a00039368	293400
a00039369	293401
a00039370	293402
a00039371	293403
a00039372	293404
a00039373	293405
a00039374	293406
a00039375	293407
a00039376	293408
a00039377	293409
a00039378	293410
a00039379	293411
a00039380	293412
a00039381	293413
a00039382	293414
a00039383	293415
a00039384	293416
a00039385	293417
a00039386	293418
a00039387	293419
a00039388	293420
a00039389	293421
a00039390	293422
a00039391	293423
a00039392	293424
a00039393	293425
a00039394	293426
a00039395	293427
a00039396	293428
a00039397	293429
a00039398	293430
a00039399	293431
a00039400	293432
a00039401	293433
a00039402	293434
a00039403	293435
a00039404	293436
a00039405	293437
a00039406	293438
a00039407	293439
a00039408	293440
a00039409	293441
a00039410	293442
a00039411	293443
a00039412	293444
a00039413	293445
a00039414	293446
a00039415	293447
a00039416	293448
a00039417	293449
a00039418	293450
a00039419	293451
a00039420	293452
a00039421	293453
a00039422	293454
a00039423	293455
a00039424	293456
a00039425	293457
a00039426	293458
a00039427	293459
a00039428	293460
a00039429	293461
a00039430	293462
a00039431	293463
a00039432	293464
a00039433	293465
a00039434	293466
a00039435	293467
a00039436	293468
a00039437	293469
a00039438	293470
a00039439	293471
a00039440	293472
a00039441	293473
a00039442	293474
a00039443	293475
a00039444	293476
a00039445	293477
a00039446	293478
a00039447	293479
a00039448	293480
a00039449	293481
a00039450	293482
a00039451	293483
a00039452	293484
a00039453	293485
a00039454	293486
a00039455	293487
a00039456	293488
a00039457	293489
a00039458	293490
a00039459	293491
a00039460	293492
a00039461	293493
a00039462	293494
a00039463	293495
a00039464	293496
a00039465	293497
a00039466	293498
a00039467	293499
a00039468	293500
a00039469	293501
a00039470	293502
a00039471	293503
a00039472	293504
a00039473	293505
a00039474	293506
a00039475	293507
a00039476	293508
a00039477	293509
a00039478	293510
a00039479	293511
a00039480	293512
a00039481	293513
a00039482	293514
a00039483	293515
a00039484	293516
a00039485	293517
a00039486	293518
a00039487	293519
a00039488	293520
a00039489	293521
a00039490	293522
a00039491	293523
a00039492	293524
a00039493	293525
a00039494	293526
a00039495	293527
a00039496	293528
a00039497	293529
a00039498	293530
a00039499	293531
a00039500	293532
a00039501	293533
a00039502	293534
a00039503	293535
a00039504	293536
a00039505	293537
a00039506	293538
a00039507	293539
a00039508	293540
a00039509	293541
a00039510	293542
a00039511	293543
a00039512	293544
a00039513	293545
a00039514	293546
a00039515	293547
a00039516	293548
a00039517	293549
a00039518	293550
a00039519	293551
a00039520	293552
a00039521	293553
a00039522	293554
a00039523	293555
a00039524	293556
a00039525	293557
a00039526	293558
a00039527	293559
a00039528	293560
a00039529	293561
a00039530	293562
a00039531	293563
a00039532	293564
a00039533	293565
a00039534	293566
a00039535	293567
a00039536	293568
a00039537	293569
a00039538	293570
a00039539	293571
a00039540	293572
a00039541	293573
a00039542	293574
a00039543	293575
a00039544	293576
a00039545	293577
a00039546	293578
a00039547	293579
a00039548	293580
a00039549	293581
a00039550	293582
a00039551	293583
a00039552	293584
a00039553	293585
a00039554	293586
a00039555	293587
a00039556	293588
a00039557	293589
a00039558	293590
a00039559	293591
a00039560	293592
a00039561	293593
a00039562	293594
a00039563	293595
a00039564	293596
a00039565	293597
a00039566	293598
a00039567	293599
a00039568	293600
a00039569	293601
a00039570	293602
a00039571	293603
a00039572	293604
a00039573	293605
a00039574	293606
a00039575	293607
a00039576	293608
a00039577	293609
a00039578	293610
a00039579	293611
a00039580	293612
a00039581	293613
a00039582	293614
a00039583	293615
a00039584	293616
a00039585	293617
a00039586	293618
a00039587	293619
a00039588	293620
a00039589	293621
a00039590	293622
a00039591	293623
a00039592	293624
a00039593	293625
a00039594	293626
a00039595	293627
a00039596	293628
a00039597	293629
a00039598	293630
a00039599	293631
a00039600	293632
a00039601	293633
a00039602	293634
a00039603	293635
a00039604	293636
a00039605	293637
a00039606	293638
a00039607	293639
a00039608	293640
a00039609	293641
a00039610	293642
a00039611	293643
a00039612	293644
a00039613	293645
a00039614	293646
a00039615	293647
a00039616	293648
a00039617	293649
a00039618	293650
a00039619	293651
a00039620	293652
a00039621	293653
a00039622	293654
a00039623	293655
a00039624	293656
a00039625	293657
a00039626	293658
a00039627	293659
a00039628	293660
a00039629	293661
a00039630	293662
a00039631	293663
a00039632	293664
a00039633	293665
a00039634	293666
a00039635	293667
a00039636	293668
a00039637	293669
a00039638	293670
a00039639	293671
a00039640	293672
a00039641	293673
a00039642	293674
a00039643	293675
a00039644	293676
a00039645	293677
a00039646	293678
a00039647	293679
a00039648	293680
a00039649	293681
a00039650	293682
a00039651	293683
a00039652	293684
a00039653	293685
a00039654	293686
a00039655	293687
a00039656	293688
a00039657	293689
a00039658	293690
a00039659	293691
a00039660	293692
a00039661	293693
a00039662	293694
a00039663	293695
a00039664	293696
a00039665	293697
a00039666	293698
a00039667	293699
a00039668	293700
a00039669	293701
a00039670	293702
a00039671	293703
a00039672	293704
a00039673	293705
a00039674	293706
a00039675	293707
a00039676	293708
a00039677	293709
a00039678	293710
a00039679	293711
a00039680	293712
a00039681	293713
a00039682	293714
a00039683	293715
a00039684	293716
a00039685	293717
a00039686	293718
a00039687	293719
a00039688	293720
a00039689	293721
a00039690	293722
a00039691	293723
a00039692	293724
a00039693	293725
a00039694	293726
a00039695	293727
a00039696	293728
a00039697	293729
a00039698	293730
a00039699	293731
a00039700	293732
a00039701	293733
a00039702	293734
a00039703	293735
a00039704	293736
a00039705	293737
a00039706	293738
a00039707	293739
a00039708	293740
a00039709	293741
a00039710	293742
a00039711	293743
a00039712	293744
a00039713	293745
a00039714	293746
a00039715	293747
a00039716	293748
a00039717	293749
a00039718	293750
a00039719	293751
a00039720	293752
a00039721	293753
a00039722	293754
a00039723	293755
a00039724	293756
a00039725	293757
a00039726	293758
a00039727	293759
a00039728	293760
a00039729	293761
a00039730	293762
a00039731	293763
a00039732	293764
a00039733	293765
a00039734	293766
a00039735	293767
a00039736	293768
a00039737	293769
a00039738	293770
a00039739	293771
a00039740	293772
a00039741	293773
a00039742	293774
a00039743	293775
a00039744	293776
a00039745	293777
a00039746	293778
a00039747	293779
a00039748	293780
a00039749	293781
a00039750	293782
a00039751	293783
a00039752	293784
a00039753	293785
a00039754	293786
a00039755	293787
a00039756	293788
a00039757	293789
a00039758	293790
a00039759	293791
a00039760	293792
a00039761	293793
a00039762	293794
a00039763	293795
a00039764	293796
a00039765	293797
a00039766	293798
a00039767	293799
a00039768	293800
a00039769	293801
a00039770	293802
a00039771	293803
a00039772	293804
a00039773	293805
a00039774	293806
a00039775	293807
a00039776	293808
a00039777	293809
a00039778	293810
a00039779	293811
a00039780	293812
a00039781	293813
a00039782	293814
a00039783	293815
a00039784	293816
a00039785	293817
a00039786	293818
a00039787	293819
a00039788	293820
a00039789	293821
a00039790	293822
a00039791	293823
a00039792	293824
a00039793	293825
a00039794	293826
a00039795	293827
a00039796	293828
a00039797	293829
a00039798	293830
a00039799	293831
a00039800	293832
a00039801	293833
a00039802	293834
a00039803	293835
a00039804	293836
a00039805	293837
a00039806	293838
a00039807	293839
a00039808	293840
a00039809	293841
a00039810	293842
a00039811	293843
a00039812	293844
a00039813	293845
a00039814	293846
a00039815	293847
a00039816	293848
a00039817	293849
a00039818	293850
a00039819	293851
a00039820	293852
a00039821	293853
a00039822	293854
a00039823	293855
a00039824	293856
a00039825	293857
a00039826	293858
a00039827	293859
a00039828	293860
a00039829	293861
a00039830	293862
a00039831	293863
a00039832	293864
a00039833	293865
a00039834	293866
a00039835	293867
a00039836	293868
a00039837	293869
a00039838	293870
a00039839	293871
a00039840	293872
a00039841	293873
a00039842	293874
a00039843	293875
a00039844	293876
a00039845	293877
a00039846	293878
a00039847	293879
a00039848	293880
a00039849	293881
a00039850	293882
a00039851	293883
a00039852	293884
a00039853	293885
a00039854	293886
a00039855	293887
a00039856	293888
a00039857	293889
a00039858	293890
a00039859	293891
a00039860	293892
a00039861	293893
a00039862	293894
a00039863	293895
a00039864	293896
a00039865	293897
a00039866	293898
a00039867	293899
a00039868	293900
a00039869	293901
a00039870	293902
a00039871	293903
a00039872	293904
a00039873	293905
a00039874	293906
a00039875	293907
a00039876	293908
a00039877	293909
a00039878	293910
a00039879	293911
a00039880	293912
a00039881	293913
a00039882	293914
a00039883	293915
a00039884	293916
a00039885	293917
a00039886	293918
a00039887	293919
a00039888	293920
a00039889	293921
a00039890	293922
a00039891	293923
a00039892	293924
a00039893	293925
a00039894	293926
a00039895	293927
a00039896	293928
a00039897	293929
a00039898	293930
a00039899	293931
a00039900	293932
a00039901	293933
a00039902	293934
a00039903	293935
a00039904	293936
a00039905	293937
a00039906	293938
a00039907	293939
a00039908	293940
a00039909	293941
a00039910	293942
a00039911	293943
a00039912	293944
a00039913	293945
a00039914	293946
a00039915	293947
a00039916	293948
a00039917	293949
a00039918	293950
a00039919	293951
a00039920	293952
a00039921	293953
a00039922	293954
a00039923	293955
a00039924	293956
a00039925	293957
a00039926	293958
a00039927	293959
a00039928	293960
a00039929	293961
a00039930	293962
a00039931	293963
a00039932	293964
a00039933	293965
a00039934	293966
a00039935	293967
a00039936	293968
a00039937	293969
a00039938	293970
a00039939	293971
a00039940	293972
a00039941	293973
a00039942	293974
a00039943	293975
a00039944	293976
a00039945	293977
a00039946	293978
a00039947	293979
a00039948	293980
a00039949	293981
a00039950	293982
a00039951	293983
a00039952	293984
a00039953	293985
a00039954	293986
a00039955	293987
a00039956	293988
a00039957	293989
a00039958	293990
a00039959	293991
a00039960	293992
a00039961	293993
a00039962	293994
a00039963	293995
a00039964	293996
a00039965	293997
a00039966	293998
a00039967	293999
a00039968	294000
a00039969	294001
a00039970	294002
a00039971	294003
a00039972	294004
a00039973	294005
a00039974	294006
a00039975	294007
a00039976	294008
a00039977	294009
a00039978	294010
a00039979	294011
a00039980	294012
a00039981	294013
a00039982	294014
a00039983	294015
a00039984	294016
a00039985	294017
a00039986	294018
a00039987	294019
a00039988	294020
a00039989	294021
a00039990	294022
a00039991	294023
a00039992	294024
a00039993	294025
a00039994	294026
a00039995	294027
a00039996	294028
a00039997	294029
a00039998	294030
a00039999	294031
a00040000	294032
a00040001	294033
a00040002	294034
a00040003	294035
a00040004	294036
a00040005	294037
a00040006	294038
a00040007	294039
a00040008	294040
a00040009	294041
a00040010	294042
a00040011	294043
a00040012	294044
a00040013	294045
a00040014	294046
a00040015	294047
a00040016	294048
a00040017	294049
a00040018	294050
a00040019	294051
a00040020	294052
a00040021	294053
a00040022	294054
a00040023	294055
a00040024	294056
a00040025	294057
a00040026	294058
a00040027	294059
a00040028	294060
a00040029	294061
a00040030	294062
a00040031	294063
a00040032	294064
a00040033	294065
a00040034	294066
a00040035	294067
a00040036	294068
a00040037	294069
a00040038	294070
a00040039	294071
a00040040	294072
a00040041	294073
a00040042	294074
a00040043	294075
a00040044	294076
a00040045	294077
a00040046	294078
a00040047	294079
a00040048	294080
a00040049	294081
a00040050	294082
a00040051	294083
a00040052	294084
a00040053	294085
a00040054	294086
a00040055	294087
a00040056	294088
a00040057	294089
a00040058	294090
a00040059	294091
a00040060	294092
a00040061	294093
a00040062	294094
a00040063	294095
a00040064	294096
a00040065	294097
a00040066	294098
a00040067	294099
a00040068	294100
a00040069	294101
a00040070	294102
a00040071	294103
a00040072	294104
a00040073	294105
a00040074	294106
a00040075	294107
a00040076	294108
a00040077	294109
a00040078	294110
a00040079	294111
a00040080	294112
a00040081	294113
a00040082	294114
a00040083	294115
a00040084	294116
a00040085	294117
a00040086	294118
a00040087	294119
a00040088	294120
a00040089	294121
a00040090	294122
a00040091	294123
a00040092	294124
a00040093	294125
a00040094	294126
a00040095	294127
a00040096	294128
a00040097	294129
a00040098	294130
a00040099	294131
a00040100	294132
a00040101	294133
a00040102	294134
a00040103	294135
a00040104	294136
a00040105	294137
a00040106	294138
a00040107	294139
a00040108	294140
a00040109	294141
a00040110	294142
a00040111	294143
a00040112	294144
a00040113	294145
a00040114	294146
a00040115	294147
a00040116	294148
a00040117	294149
a00040118	294150
a00040119	294151
a00040120	294152
a00040121	294153
a00040122	294154
a00040123	294155
a00040124	294156
a00040125	294157
a00040126	294158
a00040127	294159
a00040128	294160
a00040129	294161
a00040130	294162
a00040131	294163
a00040132	294164
a00040133	294165
a00040134	294166
a00040135	294167
a00040136	294168
a00040137	294169
a00040138	294170
a00040139	294171
a00040140	294172
a00040141	294173
a00040142	294174
a00040143	294175
a00040144	294176
a00040145	294177
a00040146	294178
a00040147	294179
a00040148	294180
a00040149	294181
a00040150	294182
a00040151	294183
a00040152	294184
a00040153	294185
a00040154	294186
a00040155	294187
a00040156	294188
a00040157	294189
a00040158	294190
a00040159	294191
a00040160	294192
a00040161	294193
a00040162	294194
a00040163	294195
a00040164	294196
a00040165	294197
a00040166	294198
a00040167	294199
a00040168	294200
a00040169	294201
a00040170	294202
a00040171	294203
a00040172	294204
a00040173	294205
a00040174	294206
a00040175	294207
a00040176	294208
a00040177	294209
a00040178	294210
a00040179	294211
a00040180	294212
a00040181	294213
a00040182	294214
a00040183	294215
a00040184	294216
a00040185	294217
a00040186	294218
a00040187	294219
a00040188	294220
a00040189	294221
a00040190	294222
a00040191	294223
a00040192	294224
a00040193	294225
a00040194	294226
a00040195	294227
a00040196	294228
a00040197	294229
a00040198	294230
a00040199	294231
a00040200	294232
a00040201	294233
a00040202	294234
a00040203	294235
a00040204	294236
a00040205	294237
a00040206	294238
a00040207	294239
a00040208	294240
a00040209	294241
a00040210	294242
a00040211	294243
a00040212	294244
a00040213	294245
a00040214	294246
a00040215	294247
a00040216	294248
a00040217	294249
a00040218	294250
a00040219	294251
a00040220	294252
a00040221	294253
a00040222	294254
a00040223	294255
a00040224	294256
a00040225	294257
a00040226	294258
a00040227	294259
a00040228	294260
a00040229	294261
a00040230	294262
a00040231	294263
a00040232	294264
a00040233	294265
a00040234	294266
a00040235	294267
a00040236	294268
a00040237	294269
a00040238	294270
a00040239	294271
a00040240	294272
a00040241	294273
a00040242	294274
a00040243	294275
a00040244	294276
a00040245	294277
a00040246	294278
a00040247	294279
a00040248	294280
a00040249	294281
a00040250	294282
a00040251	294283
a00040252	294284
a00040253	294285
a00040254	294286
a00040255	294287
a00040256	294288
a00040257	294289
a00040258	294290
a00040259	294291
a00040260	294292
a00040261	294293
a00040262	294294
a00040263	294295
a00040264	294296
a00040265	294297
a00040266	294298
a00040267	294299
a00040268	294300
a00040269	294301
a00040270	294302
a00040271	294303
a00040272	294304
a00040273	294305
a00040274	294306
a00040275	294307
a00040276	294308
a00040277	294309
a00040278	294310
a00040279	294311
a00040280	294312
a00040281	294313
a00040282	294314
a00040283	294315
a00040284	294316
a00040285	294317
a00040286	294318
a00040287	294319
a00040288	294320
a00040289	294321
a00040290	294322
a00040291	294323
a00040292	294324
a00040293	294325
a00040294	294326
a00040295	294327
a00040296	294328
a00040297	294329
a00040298	294330
a00040299	294331
a00040300	294332
a00040301	294333
a00040302	294334
a00040303	294335
a00040304	294336
a00040305	294337
a00040306	294338
a00040307	294339
a00040308	294340
a00040309	294341
a00040310	294342
a00040311	294343
a00040312	294344
a00040313	294345
a00040314	294346
a00040315	294347
a00040316	294348
a00040317	294349
a00040318	294350
a00040319	294351
a00040320	294352
a00040321	294353
a00040322	294354
a00040323	294355
a00040324	294356
a00040325	294357
a00040326	294358
a00040327	294359
a00040328	294360
a00040329	294361
a00040330	294362
a00040331	294363
a00040332	294364
a00040333	294365
a00040334	294366
a00040335	294367
a00040336	294368
a00040337	294369
a00040338	294370
a00040339	294371
a00040340	294372
a00040341	294373
a00040342	294374
a00040343	294375
a00040344	294376
a00040345	294377
a00040346	294378
a00040347	294379
a00040348	294380
a00040349	294381
a00040350	294382
a00040351	294383
a00040352	294384
a00040353	294385
a00040354	294386
a00040355	294387
a00040356	294388
a00040357	294389
a00040358	294390
a00040359	294391
a00040360	294392
a00040361	294393
a00040362	294394
a00040363	294395
a00040364	294396
a00040365	294397
a00040366	294398
a00040367	294399
a00040368	294400
a00040369	294401
a00040370	294402
a00040371	294403
a00040372	294404
a00040373	294405
a00040374	294406
a00040375	294407
a00040376	294408
a00040377	294409
a00040378	294410
a00040379	294411
a00040380	294412
a00040381	294413
a00040382	294414
a00040383	294415
a00040384	294416
a00040385	294417
a00040386	294418
a00040387	294419
a00040388	294420
a00040389	294421
a00040390	294422
a00040391	294423
a00040392	294424
a00040393	294425
a00040394	294426
a00040395	294427
a00040396	294428
a00040397	294429
a00040398	294430
a00040399	294431
a00040400	294432
a00040401	294433
a00040402	294434
a00040403	294435
a00040404	294436
a00040405	294437
a00040406	294438
a00040407	294439
a00040408	294440
a00040409	294441
a00040410	294442
a00040411	294443
a00040412	294444
a00040413	294445
a00040414	294446
a00040415	294447
a00040416	294448
a00040417	294449
a00040418	294450
a00040419	294451
a00040420	294452
a00040421	294453
a00040422	294454
a00040423	294455
a00040424	294456
a00040425	294457
a00040426	294458
a00040427	294459
a00040428	294460
a00040429	294461
a00040430	294462
a00040431	294463
a00040432	294464
a00040433	294465
a00040434	294466
a00040435	294467
a00040436	294468
a00040437	294469
a00040438	294470
a00040439	294471
a00040440	294472
a00040441	294473
a00040442	294474
a00040443	294475
a00040444	294476
a00040445	294477
a00040446	294478
a00040447	294479
a00040448	294480
a00040449	294481
a00040450	294482
a00040451	294483
a00040452	294484
a00040453	294485
a00040454	294486
a00040455	294487
a00040456	294488
a00040457	294489
a00040458	294490
a00040459	294491
a00040460	294492
a00040461	294493
a00040462	294494
a00040463	294495
a00040464	294496
a00040465	294497
a00040466	294498
a00040467	294499
a00040468	294500
a00040469	294501
a00040470	294502
a00040471	294503
a00040472	294504
a00040473	294505
a00040474	294506
a00040475	294507
a00040476	294508
a00040477	294509
a00040478	294510
a00040479	294511
a00040480	294512
a00040481	294513
a00040482	294514
a00040483	294515
a00040484	294516
a00040485	294517
a00040486	294518
a00040487	294519
a00040488	294520
a00040489	294521
a00040490	294522
a00040491	294523
a00040492	294524
a00040493	294525
a00040494	294526
a00040495	294527
a00040496	294528
a00040497	294529
a00040498	294530
a00040499	294531
a00040500	294532
a00040501	294533
a00040502	294534
a00040503	294535
a00040504	294536
a00040505	294537
a00040506	294538
a00040507	294539
a00040508	294540
a00040509	294541
a00040510	294542
a00040511	294543
a00040512	294544
a00040513	294545
a00040514	294546
a00040515	294547
a00040516	294548
a00040517	294549
a00040518	294550
a00040519	294551
a00040520	294552
a00040521	294553
a00040522	294554
a00040523	294555
a00040524	294556
a00040525	294557
a00040526	294558
a00040527	294559
a00040528	294560
a00040529	294561
a00040530	294562
a00040531	294563
a00040532	294564
a00040533	294565
a00040534	294566
a00040535	294567
a00040536	294568
a00040537	294569
a00040538	294570
a00040539	294571
a00040540	294572
a00040541	294573
a00040542	294574
a00040543	294575
a00040544	294576
a00040545	294577
a00040546	294578
a00040547	294579
a00040548	294580
a00040549	294581
a00040550	294582
a00040551	294583
a00040552	294584
a00040553	294585
a00040554	294586
a00040555	294587
a00040556	294588
a00040557	294589
a00040558	294590
a00040559	294591
a00040560	294592
a00040561	294593
a00040562	294594
a00040563	294595
a00040564	294596
a00040565	294597
a00040566	294598
a00040567	294599
a00040568	294600
a00040569	294601
a00040570	294602
a00040571	294603
a00040572	294604
a00040573	294605
a00040574	294606
a00040575	294607
a00040576	294608
a00040577	294609
a00040578	294610
a00040579	294611
a00040580	294612
a00040581	294613
a00040582	294614
a00040583	294615
a00040584	294616
a00040585	294617
a00040586	294618
a00040587	294619
a00040588	294620
a00040589	294621
a00040590	294622
a00040591	294623
a00040592	294624
a00040593	294625
a00040594	294626
a00040595	294627
a00040596	294628
a00040597	294629
a00040598	294630
a00040599	294631
a00040600	294632
a00040601	294633
a00040602	294634
a00040603	294635
a00040604	294636
a00040605	294637
a00040606	294638
a00040607	294639
a00040608	294640
a00040609	294641
a00040610	294642
a00040611	294643
a00040612	294644
a00040613	294645
a00040614	294646
a00040615	294647
a00040616	294648
a00040617	294649
a00040618	294650
a00040619	294651
a00040620	294652
a00040621	294653
a00040622	294654
a00040623	294655
a00040624	294656
a00040625	294657
a00040626	294658
a00040627	294659
a00040628	294660
a00040629	294661
a00040630	294662
a00040631	294663
a00040632	294664
a00040633	294665
a00040634	294666
a00040635	294667
a00040636	294668
a00040637	294669
a00040638	294670
a00040639	294671
a00040640	294672
a00040641	294673
a00040642	294674
a00040643	294675
a00040644	294676
a00040645	294677
a00040646	294678
a00040647	294679
a00040648	294680
a00040649	294681
a00040650	294682
a00040651	294683
a00040652	294684
a00040653	294685
a00040654	294686
a00040655	294687
a00040656	294688
a00040657	294689
a00040658	294690
a00040659	294691
a00040660	294692
a00040661	294693
a00040662	294694
a00040663	294695
a00040664	294696
a00040665	294697
a00040666	294698
a00040667	294699
a00040668	294700
a00040669	294701
a00040670	294702
a00040671	294703
a00040672	294704
a00040673	294705
a00040674	294706
a00040675	294707
a00040676	294708
a00040677	294709
a00040678	294710
a00040679	294711
a00040680	294712
a00040681	294713
a00040682	294714
a00040683	294715
a00040684	294716
a00040685	294717
a00040686	294718
a00040687	294719
a00040688	294720
a00040689	294721
a00040690	294722
a00040691	294723
a00040692	294724
a00040693	294725
a00040694	294726
a00040695	294727
a00040696	294728
a00040697	294729
a00040698	294730
a00040699	294731
a00040700	294732
a00040701	294733
a00040702	294734
a00040703	294735
a00040704	294736
a00040705	294737
a00040706	294738
a00040707	294739
a00040708	294740
a00040709	294741
a00040710	294742
a00040711	294743
a00040712	294744
a00040713	294745
a00040714	294746
a00040715	294747
a00040716	294748
a00040717	294749
a00040718	294750
a00040719	294751
a00040720	294752
a00040721	294753
a00040722	294754
a00040723	294755
a00040724	294756
a00040725	294757
a00040726	294758
a00040727	294759
a00040728	294760
a00040729	294761
a00040730	294762
a00040731	294763
a00040732	294764
a00040733	294765
a00040734	294766
a00040735	294767
a00040736	294768
a00040737	294769
a00040738	294770
a00040739	294771
a00040740	294772
a00040741	294773
a00040742	294774
a00040743	294775
a00040744	294776
a00040745	294777
a00040746	294778
a00040747	294779
a00040748	294780
a00040749	294781
a00040750	294782
a00040751	294783
a00040752	294784
a00040753	294785
a00040754	294786
a00040755	294787
a00040756	294788
a00040757	294789
a00040758	294790
a00040759	294791
a00040760	294792
a00040761	294793
a00040762	294794
a00040763	294795
a00040764	294796
a00040765	294797
a00040766	294798
a00040767	294799
a00040768	294800
a00040769	294801
a00040770	294802
a00040771	294803
a00040772	294804
a00040773	294805
a00040774	294806
a00040775	294807
a00040776	294808
a00040777	294809
a00040778	294810
a00040779	294811
a00040780	294812
a00040781	294813
a00040782	294814
a00040783	294815
a00040784	294816
a00040785	294817
a00040786	294818
a00040787	294819
a00040788	294820
a00040789	294821
a00040790	294822
a00040791	294823
a00040792	294824
a00040793	294825
a00040794	294826
a00040795	294827
a00040796	294828
a00040797	294829
a00040798	294830
a00040799	294831
a00040800	294832
a00040801	294833
a00040802	294834
a00040803	294835
a00040804	294836
a00040805	294837
a00040806	294838
a00040807	294839
a00040808	294840
a00040809	294841
a00040810	294842
a00040811	294843
a00040812	294844
a00040813	294845
a00040814	294846
a00040815	294847
a00040816	294848
a00040817	294849
a00040818	294850
a00040819	294851
a00040820	294852
a00040821	294853
a00040822	294854
a00040823	294855
a00040824	294856
a00040825	294857
a00040826	294858
a00040827	294859
a00040828	294860
a00040829	294861
a00040830	294862
a00040831	294863
a00040832	294864
a00040833	294865
a00040834	294866
a00040835	294867
a00040836	294868
a00040837	294869
a00040838	294870
a00040839	294871
a00040840	294872
a00040841	294873
a00040842	294874
a00040843	294875
a00040844	294876
a00040845	294877
a00040846	294878
a00040847	294879
a00040848	294880
a00040849	294881
a00040850	294882
a00040851	294883
a00040852	294884
a00040853	294885
a00040854	294886
a00040855	294887
a00040856	294888
a00040857	294889
a00040858	294890
a00040859	294891
a00040860	294892
a00040861	294893
a00040862	294894
a00040863	294895
a00040864	294896
a00040865	294897
a00040866	294898
a00040867	294899
a00040868	294900
a00040869	294901
a00040870	294902
a00040871	294903
a00040872	294904
a00040873	294905
a00040874	294906
a00040875	294907
a00040876	294908
a00040877	294909
a00040878	294910
a00040879	294911
a00040880	294912
a00040881	294913
a00040882	294914
a00040883	294915
a00040884	294916
a00040885	294917
a00040886	294918
a00040887	294919
a00040888	294920
a00040889	294921
a00040890	294922
a00040891	294923
a00040892	294924
a00040893	294925
a00040894	294926
a00040895	294927
a00040896	294928
a00040897	294929
a00040898	294930
a00040899	294931
a00040900	294932
a00040901	294933
a00040902	294934
a00040903	294935
a00040904	294936
a00040905	294937
a00040906	294938
a00040907	294939
a00040908	294940
a00040909	294941
a00040910	294942
a00040911	294943
a00040912	294944
a00040913	294945
a00040914	294946
a00040915	294947
a00040916	294948
a00040917	294949
a00040918	294950
a00040919	294951
a00040920	294952
a00040921	294953
a00040922	294954
a00040923	294955
a00040924	294956
a00040925	294957
a00040926	294958
a00040927	294959
a00040928	294960
a00040929	294961
a00040930	294962
a00040931	294963
a00040932	294964
a00040933	294965
a00040934	294966
a00040935	294967
a00040936	294968
a00040937	294969
a00040938	294970
a00040939	294971
a00040940	294972
a00040941	294973
a00040942	294974
a00040943	294975
a00040944	294976
a00040945	294977
a00040946	294978
a00040947	294979
a00040948	294980
a00040949	294981
a00040950	294982
a00040951	294983
a00040952	294984
a00040953	294985
a00040954	294986
a00040955	294987
a00040956	294988
a00040957	294989
a00040958	294990
a00040959	294991
a00040960	294992
a00040961	294993
a00040962	294994
a00040963	294995
a00040964	294996
a00040965	294997
a00040966	294998
a00040967	294999
a00040968	295000
a00040969	295001
a00040970	295002
a00040971	295003
a00040972	295004
a00040973	295005
a00040974	295006
a00040975	295007
a00040976	295008
a00040977	295009
a00040978	295010
a00040979	295011
a00040980	295012
a00040981	295013
a00040982	295014
a00040983	295015
a00040984	295016
a00040985	295017
a00040986	295018
a00040987	295019
a00040988	295020
a00040989	295021
a00040990	295022
a00040991	295023
a00040992	295024
a00040993	295025
a00040994	295026
a00040995	295027
a00040996	295028
a00040997	295029
a00040998	295030
a00040999	295031
a00041000	295032
a00041001	295033
a00041002	295034
a00041003	295035
a00041004	295036
a00041005	295037
a00041006	295038
a00041007	295039
a00041008	295040
a00041009	295041
a00041010	295042
a00041011	295043
a00041012	295044
a00041013	295045
a00041014	295046
a00041015	295047
a00041016	295048
a00041017	295049
a00041018	295050
a00041019	295051
a00041020	295052
a00041021	295053
a00041022	295054
a00041023	295055
a00041024	295056
a00041025	295057
a00041026	295058
a00041027	295059
a00041028	295060
a00041029	295061
a00041030	295062
a00041031	295063
a00041032	295064
a00041033	295065
a00041034	295066
a00041035	295067
a00041036	295068
a00041037	295069
a00041038	295070
a00041039	295071
a00041040	295072
a00041041	295073
a00041042	295074
a00041043	295075
a00041044	295076
a00041045	295077
a00041046	295078
a00041047	295079
a00041048	295080
a00041049	295081
a00041050	295082
a00041051	295083
a00041052	295084
a00041053	295085
a00041054	295086
a00041055	295087
a00041056	295088
a00041057	295089
a00041058	295090
a00041059	295091
a00041060	295092
a00041061	295093
a00041062	295094
a00041063	295095
a00041064	295096
a00041065	295097
a00041066	295098
a00041067	295099
a00041068	295100
a00041069	295101
a00041070	295102
a00041071	295103
a00041072	295104
a00041073	295105
a00041074	295106
a00041075	295107
a00041076	295108
a00041077	295109
a00041078	295110
a00041079	295111
a00041080	295112
a00041081	295113
a00041082	295114
a00041083	295115
a00041084	295116
a00041085	295117
a00041086	295118
a00041087	295119
a00041088	295120
a00041089	295121
a00041090	295122
a00041091	295123
a00041092	295124
a00041093	295125
a00041094	295126
a00041095	295127
a00041096	295128
a00041097	295129
a00041098	295130
a00041099	295131
a00041100	295132
a00041101	295133
a00041102	295134
a00041103	295135
a00041104	295136
a00041105	295137
a00041106	295138
a00041107	295139
a00041108	295140
a00041109	295141
a00041110	295142
a00041111	295143
a00041112	295144
a00041113	295145
a00041114	295146
a00041115	295147
a00041116	295148
a00041117	295149
a00041118	295150
a00041119	295151
a00041120	295152
a00041121	295153
a00041122	295154
a00041123	295155
a00041124	295156
a00041125	295157
a00041126	295158
a00041127	295159
a00041128	295160
a00041129	295161
a00041130	295162
a00041131	295163
a00041132	295164
a00041133	295165
a00041134	295166
a00041135	295167
a00041136	295168
a00041137	295169
a00041138	295170
a00041139	295171
a00041140	295172
a00041141	295173
a00041142	295174
a00041143	295175
a00041144	295176
a00041145	295177
a00041146	295178
a00041147	295179
a00041148	295180
a00041149	295181
a00041150	295182
a00041151	295183
a00041152	295184
a00041153	295185
a00041154	295186
a00041155	295187
a00041156	295188
a00041157	295189
a00041158	295190
a00041159	295191
a00041160	295192
a00041161	295193
a00041162	295194
a00041163	295195
a00041164	295196
a00041165	295197
a00041166	295198
a00041167	295199
a00041168	295200
a00041169	295201
a00041170	295202
a00041171	295203
a00041172	295204
a00041173	295205
a00041174	295206
a00041175	295207
a00041176	295208
a00041177	295209
a00041178	295210
a00041179	295211
a00041180	295212
a00041181	295213
a00041182	295214
a00041183	295215
a00041184	295216
a00041185	295217
a00041186	295218
a00041187	295219
a00041188	295220
a00041189	295221
a00041190	295222
a00041191	295223
a00041192	295224
a00041193	295225
a00041194	295226
a00041195	295227
a00041196	295228
a00041197	295229
a00041198	295230
a00041199	295231
a00041200	295232
a00041201	295233
a00041202	295234
a00041203	295235
a00041204	295236
a00041205	295237
a00041206	295238
a00041207	295239
a00041208	295240
a00041209	295241
a00041210	295242
a00041211	295243
a00041212	295244
a00041213	295245
a00041214	295246
a00041215	295247
a00041216	295248
a00041217	295249
a00041218	295250
a00041219	295251
a00041220	295252
a00041221	295253
a00041222	295254
a00041223	295255
a00041224	295256
a00041225	295257
a00041226	295258
a00041227	295259
a00041228	295260
a00041229	295261
a00041230	295262
a00041231	295263
a00041232	295264
a00041233	295265
a00041234	295266
a00041235	295267
a00041236	295268
a00041237	295269
a00041238	295270
a00041239	295271
a00041240	295272
a00041241	295273
a00041242	295274
a00041243	295275
a00041244	295276
a00041245	295277
a00041246	295278
a00041247	295279
a00041248	295280
a00041249	295281
a00041250	295282
a00041251	295283
a00041252	295284
a00041253	295285
a00041254	295286
a00041255	295287
a00041256	295288
a00041257	295289
a00041258	295290
a00041259	295291
a00041260	295292
a00041261	295293
a00041262	295294
a00041263	295295
a00041264	295296
a00041265	295297
a00041266	295298
a00041267	295299
a00041268	295300
a00041269	295301
a00041270	295302
a00041271	295303
a00041272	295304
a00041273	295305
a00041274	295306
a00041275	295307
a00041276	295308
a00041277	295309
a00041278	295310
a00041279	295311
a00041280	295312
a00041281	295313
a00041282	295314
a00041283	295315
a00041284	295316
a00041285	295317
a00041286	295318
a00041287	295319
a00041288	295320
a00041289	295321
a00041290	295322
a00041291	295323
a00041292	295324
a00041293	295325
a00041294	295326
a00041295	295327
a00041296	295328
a00041297	295329
a00041298	295330
a00041299	295331
a00041300	295332
a00041301	295333
a00041302	295334
a00041303	295335
a00041304	295336
a00041305	295337
a00041306	295338
a00041307	295339
a00041308	295340
a00041309	295341
a00041310	295342
a00041311	295343
a00041312	295344
a00041313	295345
a00041314	295346
a00041315	295347
a00041316	295348
a00041317	295349
a00041318	295350
a00041319	295351
a00041320	295352
a00041321	295353
a00041322	295354
a00041323	295355
a00041324	295356
a00041325	295357
a00041326	295358
a00041327	295359
a00041328	295360
a00041329	295361
a00041330	295362
a00041331	295363
a00041332	295364
a00041333	295365
a00041334	295366
a00041335	295367
a00041336	295368
a00041337	295369
a00041338	295370
a00041339	295371
a00041340	295372
a00041341	295373
a00041342	295374
a00041343	295375
a00041344	295376
a00041345	295377
a00041346	295378
a00041347	295379
a00041348	295380
a00041349	295381
a00041350	295382
a00041351	295383
a00041352	295384
a00041353	295385
a00041354	295386
a00041355	295387
a00041356	295388
a00041357	295389
a00041358	295390
a00041359	295391
a00041360	295392
a00041361	295393
a00041362	295394
a00041363	295395
a00041364	295396
a00041365	295397
a00041366	295398
a00041367	295399
a00041368	295400
a00041369	295401
a00041370	295402
a00041371	295403
a00041372	295404
a00041373	295405
a00041374	295406
a00041375	295407
a00041376	295408
a00041377	295409
a00041378	295410
a00041379	295411
a00041380	295412
a00041381	295413
a00041382	295414
a00041383	295415
a00041384	295416
a00041385	295417
a00041386	295418
a00041387	295419
a00041388	295420
a00041389	295421
a00041390	295422
a00041391	295423
a00041392	295424
a00041393	295425
a00041394	295426
a00041395	295427
a00041396	295428
a00041397	295429
a00041398	295430
a00041399	295431
a00041400	295432
a00041401	295433
a00041402	295434
a00041403	295435
a00041404	295436
a00041405	295437
a00041406	295438
a00041407	295439
a00041408	295440
a00041409	295441
a00041410	295442
a00041411	295443
a00041412	295444
a00041413	295445
a00041414	295446
a00041415	295447
a00041416	295448
a00041417	295449
a00041418	295450
a00041419	295451
a00041420	295452
a00041421	295453
a00041422	295454
a00041423	295455
a00041424	295456
a00041425	295457
a00041426	295458
a00041427	295459
a00041428	295460
a00041429	295461
a00041430	295462
a00041431	295463
a00041432	295464
a00041433	295465
a00041434	295466
a00041435	295467
a00041436	295468
a00041437	295469
a00041438	295470
a00041439	295471
a00041440	295472
a00041441	295473
a00041442	295474
a00041443	295475
a00041444	295476
a00041445	295477
a00041446	295478
a00041447	295479
a00041448	295480
a00041449	295481
a00041450	295482
a00041451	295483
a00041452	295484
a00041453	295485
a00041454	295486
a00041455	295487
a00041456	295488
a00041457	295489
a00041458	295490
a00041459	295491
a00041460	295492
a00041461	295493
a00041462	295494
a00041463	295495
a00041464	295496
a00041465	295497
a00041466	295498
a00041467	295499
a00041468	295500
a00041469	295501
a00041470	295502
a00041471	295503
a00041472	295504
a00041473	295505
a00041474	295506
a00041475	295507
a00041476	295508
a00041477	295509
a00041478	295510
a00041479	295511
a00041480	295512
a00041481	295513
a00041482	295514
a00041483	295515
a00041484	295516
a00041485	295517
a00041486	295518
a00041487	295519
a00041488	295520
a00041489	295521
a00041490	295522
a00041491	295523
a00041492	295524
a00041493	295525
a00041494	295526
a00041495	295527
a00041496	295528
a00041497	295529
a00041498	295530
a00041499	295531
a00041500	295532
a00041501	295533
a00041502	295534
a00041503	295535
a00041504	295536
a00041505	295537
a00041506	295538
a00041507	295539
a00041508	295540
a00041509	295541
a00041510	295542
a00041511	295543
a00041512	295544
a00041513	295545
a00041514	295546
a00041515	295547
a00041516	295548
a00041517	295549
a00041518	295550
a00041519	295551
a00041520	295552
a00041521	295553
a00041522	295554
a00041523	295555
a00041524	295556
a00041525	295557
a00041526	295558
a00041527	295559
a00041528	295560
a00041529	295561
a00041530	295562
a00041531	295563
a00041532	295564
a00041533	295565
a00041534	295566
a00041535	295567
a00041536	295568
a00041537	295569
a00041538	295570
a00041539	295571
a00041540	295572
a00041541	295573
a00041542	295574
a00041543	295575
a00041544	295576
a00041545	295577
a00041546	295578
a00041547	295579
a00041548	295580
a00041549	295581
a00041550	295582
a00041551	295583
a00041552	295584
a00041553	295585
a00041554	295586
a00041555	295587
a00041556	295588
a00041557	295589
a00041558	295590
a00041559	295591
a00041560	295592
a00041561	295593
a00041562	295594
a00041563	295595
a00041564	295596
a00041565	295597
a00041566	295598
a00041567	295599
a00041568	295600
a00041569	295601
a00041570	295602
a00041571	295603
a00041572	295604
a00041573	295605
a00041574	295606
a00041575	295607
a00041576	295608
a00041577	295609
a00041578	295610
a00041579	295611
a00041580	295612
a00041581	295613
a00041582	295614
a00041583	295615
a00041584	295616
a00041585	295617
a00041586	295618
a00041587	295619
a00041588	295620
a00041589	295621
a00041590	295622
a00041591	295623
a00041592	295624
a00041593	295625
a00041594	295626
a00041595	295627
a00041596	295628
a00041597	295629
a00041598	295630
a00041599	295631
a00041600	295632
a00041601	295633
a00041602	295634
a00041603	295635
a00041604	295636
a00041605	295637
a00041606	295638
a00041607	295639
a00041608	295640
a00041609	295641
a00041610	295642
a00041611	295643
a00041612	295644
a00041613	295645
a00041614	295646
a00041615	295647
a00041616	295648
a00041617	295649
a00041618	295650
a00041619	295651
a00041620	295652
a00041621	295653
a00041622	295654
a00041623	295655
a00041624	295656
a00041625	295657
a00041626	295658
a00041627	295659
a00041628	295660
a00041629	295661
a00041630	295662
a00041631	295663
a00041632	295664
a00041633	295665
a00041634	295666
a00041635	295667
a00041636	295668
a00041637	295669
a00041638	295670
a00041639	295671
a00041640	295672
a00041641	295673
a00041642	295674
a00041643	295675
a00041644	295676
a00041645	295677
a00041646	295678
a00041647	295679
a00041648	295680
a00041649	295681
a00041650	295682
a00041651	295683
a00041652	295684
a00041653	295685
a00041654	295686
a00041655	295687
a00041656	295688
a00041657	295689
a00041658	295690
a00041659	295691
a00041660	295692
a00041661	295693
a00041662	295694
a00041663	295695
a00041664	295696
a00041665	295697
a00041666	295698
a00041667	295699
a00041668	295700
a00041669	295701
a00041670	295702
a00041671	295703
a00041672	295704
a00041673	295705
a00041674	295706
a00041675	295707
a00041676	295708
a00041677	295709
a00041678	295710
a00041679	295711
a00041680	295712
a00041681	295713
a00041682	295714
a00041683	295715
a00041684	295716
a00041685	295717
a00041686	295718
a00041687	295719
a00041688	295720
a00041689	295721
a00041690	295722
a00041691	295723
a00041692	295724
a00041693	295725
a00041694	295726
a00041695	295727
a00041696	295728
a00041697	295729
a00041698	295730
a00041699	295731
a00041700	295732
a00041701	295733
a00041702	295734
a00041703	295735
a00041704	295736
a00041705	295737
a00041706	295738
a00041707	295739
a00041708	295740
a00041709	295741
a00041710	295742
a00041711	295743
a00041712	295744
a00041713	295745
a00041714	295746
a00041715	295747
a00041716	295748
a00041717	295749
a00041718	295750
a00041719	295751
a00041720	295752
a00041721	295753
a00041722	295754
a00041723	295755
a00041724	295756
a00041725	295757
a00041726	295758
a00041727	295759
a00041728	295760
a00041729	295761
a00041730	295762
a00041731	295763
a00041732	295764
a00041733	295765
a00041734	295766
a00041735	295767
a00041736	295768
a00041737	295769
a00041738	295770
a00041739	295771
a00041740	295772
a00041741	295773
a00041742	295774
a00041743	295775
a00041744	295776
a00041745	295777
a00041746	295778
a00041747	295779
a00041748	295780
a00041749	295781
a00041750	295782
a00041751	295783
a00041752	295784
a00041753	295785
a00041754	295786
a00041755	295787
a00041756	295788
a00041757	295789
a00041758	295790
a00041759	295791
a00041760	295792
a00041761	295793
a00041762	295794
a00041763	295795
a00041764	295796
a00041765	295797
a00041766	295798
a00041767	295799
a00041768	295800
a00041769	295801
a00041770	295802
a00041771	295803
a00041772	295804
a00041773	295805
a00041774	295806
a00041775	295807
a00041776	295808
a00041777	295809
a00041778	295810
a00041779	295811
a00041780	295812
a00041781	295813
a00041782	295814
a00041783	295815
a00041784	295816
a00041785	295817
a00041786	295818
a00041787	295819
a00041788	295820
a00041789	295821
a00041790	295822
a00041791	295823
a00041792	295824
a00041793	295825
a00041794	295826
a00041795	295827
a00041796	295828
a00041797	295829
a00041798	295830
a00041799	295831
a00041800	295832
a00041801	295833
a00041802	295834
a00041803	295835
a00041804	295836
a00041805	295837
a00041806	295838
a00041807	295839
a00041808	295840
a00041809	295841
a00041810	295842
a00041811	295843
a00041812	295844
a00041813	295845
a00041814	295846
a00041815	295847
a00041816	295848
a00041817	295849
a00041818	295850
a00041819	295851
a00041820	295852
a00041821	295853
a00041822	295854
a00041823	295855
a00041824	295856
a00041825	295857
a00041826	295858
a00041827	295859
a00041828	295860
a00041829	295861
a00041830	295862
a00041831	295863
a00041832	295864
a00041833	295865
a00041834	295866
a00041835	295867
a00041836	295868
a00041837	295869
a00041838	295870
a00041839	295871
a00041840	295872
a00041841	295873
a00041842	295874
a00041843	295875
a00041844	295876
a00041845	295877
a00041846	295878
a00041847	295879
a00041848	295880
a00041849	295881
a00041850	295882
a00041851	295883
a00041852	295884
a00041853	295885
a00041854	295886
a00041855	295887
a00041856	295888
a00041857	295889
a00041858	295890
a00041859	295891
a00041860	295892
a00041861	295893
a00041862	295894
a00041863	295895
a00041864	295896
a00041865	295897
a00041866	295898
a00041867	295899
a00041868	295900
a00041869	295901
a00041870	295902
a00041871	295903
a00041872	295904
a00041873	295905
a00041874	295906
a00041875	295907
a00041876	295908
a00041877	295909
a00041878	295910
a00041879	295911
a00041880	295912
a00041881	295913
a00041882	295914
a00041883	295915
a00041884	295916
a00041885	295917
a00041886	295918
a00041887	295919
a00041888	295920
a00041889	295921
a00041890	295922
a00041891	295923
a00041892	295924
a00041893	295925
a00041894	295926
a00041895	295927
a00041896	295928
a00041897	295929
a00041898	295930
a00041899	295931
a00041900	295932
a00041901	295933
a00041902	295934
a00041903	295935
a00041904	295936
a00041905	295937
a00041906	295938
a00041907	295939
a00041908	295940
a00041909	295941
a00041910	295942
a00041911	295943
a00041912	295944
a00041913	295945
a00041914	295946
a00041915	295947
a00041916	295948
a00041917	295949
a00041918	295950
a00041919	295951
a00041920	295952
a00041921	295953
a00041922	295954
a00041923	295955
a00041924	295956
a00041925	295957
a00041926	295958
a00041927	295959
a00041928	295960
a00041929	295961
a00041930	295962
a00041931	295963
a00041932	295964
a00041933	295965
a00041934	295966
a00041935	295967
a00041936	295968
a00041937	295969
a00041938	295970
a00041939	295971
a00041940	295972
a00041941	295973
a00041942	295974
a00041943	295975
a00041944	295976
a00041945	295977
a00041946	295978
a00041947	295979
a00041948	295980
a00041949	295981
a00041950	295982
a00041951	295983
a00041952	295984
a00041953	295985
a00041954	295986
a00041955	295987
a00041956	295988
a00041957	295989
a00041958	295990
a00041959	295991
a00041960	295992
a00041961	295993
a00041962	295994
a00041963	295995
a00041964	295996
a00041965	295997
a00041966	295998
a00041967	295999
a00041968	296000
a00041969	296001
a00041970	296002
a00041971	296003
a00041972	296004
a00041973	296005
a00041974	296006
a00041975	296007
a00041976	296008
a00041977	296009
a00041978	296010
a00041979	296011
a00041980	296012
a00041981	296013
a00041982	296014
a00041983	296015
a00041984	296016
a00041985	296017
a00041986	296018
a00041987	296019
a00041988	296020
a00041989	296021
a00041990	296022
a00041991	296023
a00041992	296024
a00041993	296025
a00041994	296026
a00041995	296027
a00041996	296028
a00041997	296029
a00041998	296030
a00041999	296031
a00042000	296032
a00042001	296033
a00042002	296034
a00042003	296035
a00042004	296036
a00042005	296037
a00042006	296038
a00042007	296039
a00042008	296040
a00042009	296041
a00042010	296042
a00042011	296043
a00042012	296044
a00042013	296045
a00042014	296046
a00042015	296047
a00042016	296048
a00042017	296049
a00042018	296050
a00042019	296051
a00042020	296052
a00042021	296053
a00042022	296054
a00042023	296055
a00042024	296056
a00042025	296057
a00042026	296058
a00042027	296059
a00042028	296060
a00042029	296061
a00042030	296062
a00042031	296063
a00042032	296064
a00042033	296065
a00042034	296066
a00042035	296067
a00042036	296068
a00042037	296069
a00042038	296070
a00042039	296071
a00042040	296072
a00042041	296073
a00042042	296074
a00042043	296075
a00042044	296076
a00042045	296077
a00042046	296078
a00042047	296079
a00042048	296080
a00042049	296081
a00042050	296082
a00042051	296083
a00042052	296084
a00042053	296085
a00042054	296086
a00042055	296087
a00042056	296088
a00042057	296089
a00042058	296090
a00042059	296091
a00042060	296092
a00042061	296093
a00042062	296094
a00042063	296095
a00042064	296096
a00042065	296097
a00042066	296098
a00042067	296099
a00042068	296100
a00042069	296101
a00042070	296102
a00042071	296103
a00042072	296104
a00042073	296105
a00042074	296106
a00042075	296107
a00042076	296108
a00042077	296109
a00042078	296110
a00042079	296111
a00042080	296112
a00042081	296113
a00042082	296114
a00042083	296115
a00042084	296116
a00042085	296117
a00042086	296118
a00042087	296119
a00042088	296120
a00042089	296121
a00042090	296122
a00042091	296123
a00042092	296124
a00042093	296125
a00042094	296126
a00042095	296127
a00042096	296128
a00042097	296129
a00042098	296130
a00042099	296131
a00042100	296132
a00042101	296133
a00042102	296134
a00042103	296135
a00042104	296136
a00042105	296137
a00042106	296138
a00042107	296139
a00042108	296140
a00042109	296141
a00042110	296142
a00042111	296143
a00042112	296144
a00042113	296145
a00042114	296146
a00042115	296147
a00042116	296148
a00042117	296149
a00042118	296150
a00042119	296151
a00042120	296152
a00042121	296153
a00042122	296154
a00042123	296155
a00042124	296156
a00042125	296157
a00042126	296158
a00042127	296159
a00042128	296160
a00042129	296161
a00042130	296162
a00042131	296163
a00042132	296164
a00042133	296165
a00042134	296166
a00042135	296167
a00042136	296168
a00042137	296169
a00042138	296170
a00042139	296171
a00042140	296172
a00042141	296173
a00042142	296174
a00042143	296175
a00042144	296176
a00042145	296177
a00042146	296178
a00042147	296179
a00042148	296180
a00042149	296181
a00042150	296182
a00042151	296183
a00042152	296184
a00042153	296185
a00042154	296186
a00042155	296187
a00042156	296188
a00042157	296189
a00042158	296190
a00042159	296191
a00042160	296192
a00042161	296193
a00042162	296194
a00042163	296195
a00042164	296196
a00042165	296197
a00042166	296198
a00042167	296199
a00042168	296200
a00042169	296201
a00042170	296202
a00042171	296203
a00042172	296204
a00042173	296205
a00042174	296206
a00042175	296207
a00042176	296208
a00042177	296209
a00042178	296210
a00042179	296211
a00042180	296212
a00042181	296213
a00042182	296214
a00042183	296215
a00042184	296216
a00042185	296217
a00042186	296218
a00042187	296219
a00042188	296220
a00042189	296221
a00042190	296222
a00042191	296223
a00042192	296224
a00042193	296225
a00042194	296226
a00042195	296227
a00042196	296228
a00042197	296229
a00042198	296230
a00042199	296231
a00042200	296232
a00042201	296233
a00042202	296234
a00042203	296235
a00042204	296236
a00042205	296237
a00042206	296238
a00042207	296239
a00042208	296240
a00042209	296241
a00042210	296242
a00042211	296243
a00042212	296244
a00042213	296245
a00042214	296246
a00042215	296247
a00042216	296248
a00042217	296249
a00042218	296250
a00042219	296251
a00042220	296252
a00042221	296253
a00042222	296254
a00042223	296255
a00042224	296256
a00042225	296257
a00042226	296258
a00042227	296259
a00042228	296260
a00042229	296261
a00042230	296262
a00042231	296263
a00042232	296264
a00042233	296265
a00042234	296266
a00042235	296267
a00042236	296268
a00042237	296269
a00042238	296270
a00042239	296271
a00042240	296272
a00042241	296273
a00042242	296274
a00042243	296275
a00042244	296276
a00042245	296277
a00042246	296278
a00042247	296279
a00042248	296280
a00042249	296281
a00042250	296282
a00042251	296283
a00042252	296284
a00042253	296285
a00042254	296286
a00042255	296287
a00042256	296288
a00042257	296289
a00042258	296290
a00042259	296291
a00042260	296292
a00042261	296293
a00042262	296294
a00042263	296295
a00042264	296296
a00042265	296297
a00042266	296298
a00042267	296299
a00042268	296300
a00042269	296301
a00042270	296302
a00042271	296303
a00042272	296304
a00042273	296305
a00042274	296306
a00042275	296307
a00042276	296308
a00042277	296309
a00042278	296310
a00042279	296311
a00042280	296312
a00042281	296313
a00042282	296314
a00042283	296315
a00042284	296316
a00042285	296317
a00042286	296318
a00042287	296319
a00042288	296320
a00042289	296321
a00042290	296322
a00042291	296323
a00042292	296324
a00042293	296325
a00042294	296326
a00042295	296327
a00042296	296328
a00042297	296329
a00042298	296330
a00042299	296331
a00042300	296332
a00042301	296333
a00042302	296334
a00042303	296335
a00042304	296336
a00042305	296337
a00042306	296338
a00042307	296339
a00042308	296340
a00042309	296341
a00042310	296342
a00042311	296343
a00042312	296344
a00042313	296345
a00042314	296346
a00042315	296347
a00042316	296348
a00042317	296349
a00042318	296350
a00042319	296351
a00042320	296352
a00042321	296353
a00042322	296354
a00042323	296355
a00042324	296356
a00042325	296357
a00042326	296358
a00042327	296359
a00042328	296360
a00042329	296361
a00042330	296362
a00042331	296363
a00042332	296364
a00042333	296365
a00042334	296366
a00042335	296367
a00042336	296368
a00042337	296369
a00042338	296370
a00042339	296371
a00042340	296372
a00042341	296373
a00042342	296374
a00042343	296375
a00042344	296376
a00042345	296377
a00042346	296378
a00042347	296379
a00042348	296380
a00042349	296381
a00042350	296382
a00042351	296383
a00042352	296384
a00042353	296385
a00042354	296386
a00042355	296387
a00042356	296388
a00042357	296389
a00042358	296390
a00042359	296391
a00042360	296392
a00042361	296393
a00042362	296394
a00042363	296395
a00042364	296396
a00042365	296397
a00042366	296398
a00042367	296399
a00042368	296400
a00042369	296401
a00042370	296402
a00042371	296403
a00042372	296404
a00042373	296405
a00042374	296406
a00042375	296407
a00042376	296408
a00042377	296409
a00042378	296410
a00042379	296411
a00042380	296412
a00042381	296413
a00042382	296414
a00042383	296415
a00042384	296416
a00042385	296417
a00042386	296418
a00042387	296419
a00042388	296420
a00042389	296421
a00042390	296422
a00042391	296423
a00042392	296424
a00042393	296425
a00042394	296426
a00042395	296427
a00042396	296428
a00042397	296429
a00042398	296430
a00042399	296431
a00042400	296432
a00042401	296433
a00042402	296434
a00042403	296435
a00042404	296436
a00042405	296437
a00042406	296438
a00042407	296439
a00042408	296440
a00042409	296441
a00042410	296442
a00042411	296443
a00042412	296444
a00042413	296445
a00042414	296446
a00042415	296447
a00042416	296448
a00042417	296449
a00042418	296450
a00042419	296451
a00042420	296452
a00042421	296453
a00042422	296454
a00042423	296455
a00042424	296456
a00042425	296457
a00042426	296458
a00042427	296459
a00042428	296460
a00042429	296461
a00042430	296462
a00042431	296463
a00042432	296464
a00042433	296465
a00042434	296466
a00042435	296467
a00042436	296468
a00042437	296469
a00042438	296470
a00042439	296471
a00042440	296472
a00042441	296473
a00042442	296474
a00042443	296475
a00042444	296476
a00042445	296477
a00042446	296478
a00042447	296479
a00042448	296480
a00042449	296481
a00042450	296482
a00042451	296483
a00042452	296484
a00042453	296485
a00042454	296486
a00042455	296487
a00042456	296488
a00042457	296489
a00042458	296490
a00042459	296491
a00042460	296492
a00042461	296493
a00042462	296494
a00042463	296495
a00042464	296496
a00042465	296497
a00042466	296498
a00042467	296499
a00042468	296500
a00042469	296501
a00042470	296502
a00042471	296503
a00042472	296504
a00042473	296505
a00042474	296506
a00042475	296507
a00042476	296508
a00042477	296509
a00042478	296510
a00042479	296511
a00042480	296512
a00042481	296513
a00042482	296514
a00042483	296515
a00042484	296516
a00042485	296517
a00042486	296518
a00042487	296519
a00042488	296520
a00042489	296521
a00042490	296522
a00042491	296523
a00042492	296524
a00042493	296525
a00042494	296526
a00042495	296527
a00042496	296528
a00042497	296529
a00042498	296530
a00042499	296531
a00042500	296532
a00042501	296533
a00042502	296534
a00042503	296535
a00042504	296536
a00042505	296537
a00042506	296538
a00042507	296539
a00042508	296540
a00042509	296541
a00042510	296542
a00042511	296543
a00042512	296544
a00042513	296545
a00042514	296546
a00042515	296547
a00042516	296548
a00042517	296549
a00042518	296550
a00042519	296551
a00042520	296552
a00042521	296553
a00042522	296554
a00042523	296555
a00042524	296556
a00042525	296557
a00042526	296558
a00042527	296559
a00042528	296560
a00042529	296561
a00042530	296562
a00042531	296563
a00042532	296564
a00042533	296565
a00042534	296566
a00042535	296567
a00042536	296568
a00042537	296569
a00042538	296570
a00042539	296571
a00042540	296572
a00042541	296573
a00042542	296574
a00042543	296575
a00042544	296576
a00042545	296577
a00042546	296578
a00042547	296579
a00042548	296580
a00042549	296581
a00042550	296582
a00042551	296583
a00042552	296584
a00042553	296585
a00042554	296586
a00042555	296587
a00042556	296588
a00042557	296589
a00042558	296590
a00042559	296591
a00042560	296592
a00042561	296593
a00042562	296594
a00042563	296595
a00042564	296596
a00042565	296597
a00042566	296598
a00042567	296599
a00042568	296600
a00042569	296601
a00042570	296602
a00042571	296603
a00042572	296604
a00042573	296605
a00042574	296606
a00042575	296607
a00042576	296608
a00042577	296609
a00042578	296610
a00042579	296611
a00042580	296612
a00042581	296613
a00042582	296614
a00042583	296615
a00042584	296616
a00042585	296617
a00042586	296618
a00042587	296619
a00042588	296620
a00042589	296621
a00042590	296622
a00042591	296623
a00042592	296624
a00042593	296625
a00042594	296626
a00042595	296627
a00042596	296628
a00042597	296629
a00042598	296630
a00042599	296631
a00042600	296632
a00042601	296633
a00042602	296634
a00042603	296635
a00042604	296636
a00042605	296637
a00042606	296638
a00042607	296639
a00042608	296640
a00042609	296641
a00042610	296642
a00042611	296643
a00042612	296644
a00042613	296645
a00042614	296646
a00042615	296647
a00042616	296648
a00042617	296649
a00042618	296650
a00042619	296651
a00042620	296652
a00042621	296653
a00042622	296654
a00042623	296655
a00042624	296656
a00042625	296657
a00042626	296658
a00042627	296659
a00042628	296660
a00042629	296661
a00042630	296662
a00042631	296663
a00042632	296664
a00042633	296665
a00042634	296666
a00042635	296667
a00042636	296668
a00042637	296669
a00042638	296670
a00042639	296671
a00042640	296672
a00042641	296673
a00042642	296674
a00042643	296675
a00042644	296676
a00042645	296677
a00042646	296678
a00042647	296679
a00042648	296680
a00042649	296681
a00042650	296682
a00042651	296683
a00042652	296684
a00042653	296685
a00042654	296686
a00042655	296687
a00042656	296688
a00042657	296689
a00042658	296690
a00042659	296691
a00042660	296692
a00042661	296693
a00042662	296694
a00042663	296695
a00042664	296696
a00042665	296697
a00042666	296698
a00042667	296699
a00042668	296700
a00042669	296701
a00042670	296702
a00042671	296703
a00042672	296704
a00042673	296705
a00042674	296706
a00042675	296707
a00042676	296708
a00042677	296709
a00042678	296710
a00042679	296711
a00042680	296712
a00042681	296713
a00042682	296714
a00042683	296715
a00042684	296716
a00042685	296717
a00042686	296718
a00042687	296719
a00042688	296720
a00042689	296721
a00042690	296722
a00042691	296723
a00042692	296724
a00042693	296725
a00042694	296726
a00042695	296727
a00042696	296728
a00042697	296729
a00042698	296730
a00042699	296731
a00042700	296732
a00042701	296733
a00042702	296734
a00042703	296735
a00042704	296736
a00042705	296737
a00042706	296738
a00042707	296739
a00042708	296740
a00042709	296741
a00042710	296742
a00042711	296743
a00042712	296744
a00042713	296745
a00042714	296746
a00042715	296747
a00042716	296748
a00042717	296749
a00042718	296750
a00042719	296751
a00042720	296752
a00042721	296753
a00042722	296754
a00042723	296755
a00042724	296756
a00042725	296757
a00042726	296758
a00042727	296759
a00042728	296760
a00042729	296761
a00042730	296762
a00042731	296763
a00042732	296764
a00042733	296765
a00042734	296766
a00042735	296767
a00042736	296768
a00042737	296769
a00042738	296770
a00042739	296771
a00042740	296772
a00042741	296773
a00042742	296774
a00042743	296775
a00042744	296776
a00042745	296777
a00042746	296778
a00042747	296779
a00042748	296780
a00042749	296781
a00042750	296782
a00042751	296783
a00042752	296784
a00042753	296785
a00042754	296786
a00042755	296787
a00042756	296788
a00042757	296789
a00042758	296790
a00042759	296791
a00042760	296792
a00042761	296793
a00042762	296794
a00042763	296795
a00042764	296796
a00042765	296797
a00042766	296798
a00042767	296799
a00042768	296800
a00042769	296801
a00042770	296802
a00042771	296803
a00042772	296804
a00042773	296805
a00042774	296806
a00042775	296807
a00042776	296808
a00042777	296809
a00042778	296810
a00042779	296811
a00042780	296812
a00042781	296813
a00042782	296814
a00042783	296815
a00042784	296816
a00042785	296817
a00042786	296818
a00042787	296819
a00042788	296820
a00042789	296821
a00042790	296822
a00042791	296823
a00042792	296824
a00042793	296825
a00042794	296826
a00042795	296827
a00042796	296828
a00042797	296829
a00042798	296830
a00042799	296831
a00042800	296832
a00042801	296833
a00042802	296834
a00042803	296835
a00042804	296836
a00042805	296837
a00042806	296838
a00042807	296839
a00042808	296840
a00042809	296841
a00042810	296842
a00042811	296843
a00042812	296844
a00042813	296845
a00042814	296846
a00042815	296847
a00042816	296848
a00042817	296849
a00042818	296850
a00042819	296851
a00042820	296852
a00042821	296853
a00042822	296854
a00042823	296855
a00042824	296856
a00042825	296857
a00042826	296858
a00042827	296859
a00042828	296860
a00042829	296861
a00042830	296862
a00042831	296863
a00042832	296864
a00042833	296865
a00042834	296866
a00042835	296867
a00042836	296868
a00042837	296869
a00042838	296870
a00042839	296871
a00042840	296872
a00042841	296873
a00042842	296874
a00042843	296875
a00042844	296876
a00042845	296877
a00042846	296878
a00042847	296879
a00042848	296880
a00042849	296881
a00042850	296882
a00042851	296883
a00042852	296884
a00042853	296885
a00042854	296886
a00042855	296887
a00042856	296888
a00042857	296889
a00042858	296890
a00042859	296891
a00042860	296892
a00042861	296893
a00042862	296894
a00042863	296895
a00042864	296896
a00042865	296897
a00042866	296898
a00042867	296899
a00042868	296900
a00042869	296901
a00042870	296902
a00042871	296903
a00042872	296904
a00042873	296905
a00042874	296906
a00042875	296907
a00042876	296908
a00042877	296909
a00042878	296910
a00042879	296911
a00042880	296912
a00042881	296913
a00042882	296914
a00042883	296915
a00042884	296916
a00042885	296917
a00042886	296918
a00042887	296919
a00042888	296920
a00042889	296921
a00042890	296922
a00042891	296923
a00042892	296924
a00042893	296925
a00042894	296926
a00042895	296927
a00042896	296928
a00042897	296929
a00042898	296930
a00042899	296931
a00042900	296932
a00042901	296933
a00042902	296934
a00042903	296935
a00042904	296936
a00042905	296937
a00042906	296938
a00042907	296939
a00042908	296940
a00042909	296941
a00042910	296942
a00042911	296943
a00042912	296944
a00042913	296945
a00042914	296946
a00042915	296947
a00042916	296948
a00042917	296949
a00042918	296950
a00042919	296951
a00042920	296952
a00042921	296953
a00042922	296954
a00042923	296955
a00042924	296956
a00042925	296957
a00042926	296958
a00042927	296959
a00042928	296960
a00042929	296961
a00042930	296962
a00042931	296963
a00042932	296964
a00042933	296965
a00042934	296966
a00042935	296967
a00042936	296968
a00042937	296969
a00042938	296970
a00042939	296971
a00042940	296972
a00042941	296973
a00042942	296974
a00042943	296975
a00042944	296976
a00042945	296977
a00042946	296978
a00042947	296979
a00042948	296980
a00042949	296981
a00042950	296982
a00042951	296983
a00042952	296984
a00042953	296985
a00042954	296986
a00042955	296987
a00042956	296988
a00042957	296989
a00042958	296990
a00042959	296991
a00042960	296992
a00042961	296993
a00042962	296994
a00042963	296995
a00042964	296996
a00042965	296997
a00042966	296998
a00042967	296999
a00042968	297000
a00042969	297001
a00042970	297002
a00042971	297003
a00042972	297004
a00042973	297005
a00042974	297006
a00042975	297007
a00042976	297008
a00042977	297009
a00042978	297010
a00042979	297011
a00042980	297012
a00042981	297013
a00042982	297014
a00042983	297015
a00042984	297016
a00042985	297017
a00042986	297018
a00042987	297019
a00042988	297020
a00042989	297021
a00042990	297022
a00042991	297023
a00042992	297024
a00042993	297025
a00042994	297026
a00042995	297027
a00042996	297028
a00042997	297029
a00042998	297030
a00042999	297031
a00043000	297032
a00043001	297033
a00043002	297034
a00043003	297035
a00043004	297036
a00043005	297037
a00043006	297038
a00043007	297039
a00043008	297040
a00043009	297041
a00043010	297042
a00043011	297043
a00043012	297044
a00043013	297045
a00043014	297046
a00043015	297047
a00043016	297048
a00043017	297049
a00043018	297050
a00043019	297051
a00043020	297052
a00043021	297053
a00043022	297054
a00043023	297055
a00043024	297056
a00043025	297057
a00043026	297058
a00043027	297059
a00043028	297060
a00043029	297061
a00043030	297062
a00043031	297063
a00043032	297064
a00043033	297065
a00043034	297066
a00043035	297067
a00043036	297068
a00043037	297069
a00043038	297070
a00043039	297071
a00043040	297072
a00043041	297073
a00043042	297074
a00043043	297075
a00043044	297076
a00043045	297077
a00043046	297078
a00043047	297079
a00043048	297080
a00043049	297081
a00043050	297082
a00043051	297083
a00043052	297084
a00043053	297085
a00043054	297086
a00043055	297087
a00043056	297088
a00043057	297089
a00043058	297090
a00043059	297091
a00043060	297092
a00043061	297093
a00043062	297094
a00043063	297095
a00043064	297096
a00043065	297097
a00043066	297098
a00043067	297099
a00043068	297100
a00043069	297101
a00043070	297102
a00043071	297103
a00043072	297104
a00043073	297105
a00043074	297106
a00043075	297107
a00043076	297108
a00043077	297109
a00043078	297110
a00043079	297111
a00043080	297112
a00043081	297113
a00043082	297114
a00043083	297115
a00043084	297116
a00043085	297117
a00043086	297118
a00043087	297119
a00043088	297120
a00043089	297121
a00043090	297122
a00043091	297123
a00043092	297124
a00043093	297125
a00043094	297126
a00043095	297127
a00043096	297128
a00043097	297129
a00043098	297130
a00043099	297131
a00043100	297132
a00043101	297133
a00043102	297134
a00043103	297135
a00043104	297136
a00043105	297137
a00043106	297138
a00043107	297139
a00043108	297140
a00043109	297141
a00043110	297142
a00043111	297143
a00043112	297144
a00043113	297145
a00043114	297146
a00043115	297147
a00043116	297148
a00043117	297149
a00043118	297150
a00043119	297151
a00043120	297152
a00043121	297153
a00043122	297154
a00043123	297155
a00043124	297156
a00043125	297157
a00043126	297158
a00043127	297159
a00043128	297160
a00043129	297161
a00043130	297162
a00043131	297163
a00043132	297164
a00043133	297165
a00043134	297166
a00043135	297167
a00043136	297168
a00043137	297169
a00043138	297170
a00043139	297171
a00043140	297172
a00043141	297173
a00043142	297174
a00043143	297175
a00043144	297176
a00043145	297177
a00043146	297178
a00043147	297179
a00043148	297180
a00043149	297181
a00043150	297182
a00043151	297183
a00043152	297184
a00043153	297185
a00043154	297186
a00043155	297187
a00043156	297188
a00043157	297189
a00043158	297190
a00043159	297191
a00043160	297192
a00043161	297193
a00043162	297194
a00043163	297195
a00043164	297196
a00043165	297197
a00043166	297198
a00043167	297199
a00043168	297200
a00043169	297201
a00043170	297202
a00043171	297203
a00043172	297204
a00043173	297205
a00043174	297206
a00043175	297207
a00043176	297208
a00043177	297209
a00043178	297210
a00043179	297211
a00043180	297212
a00043181	297213
a00043182	297214
a00043183	297215
a00043184	297216
a00043185	297217
a00043186	297218
a00043187	297219
a00043188	297220
a00043189	297221
a00043190	297222
a00043191	297223
a00043192	297224
a00043193	297225
a00043194	297226
a00043195	297227
a00043196	297228
a00043197	297229
a00043198	297230
a00043199	297231
a00043200	297232
a00043201	297233
a00043202	297234
a00043203	297235
a00043204	297236
a00043205	297237
a00043206	297238
a00043207	297239
a00043208	297240
a00043209	297241
a00043210	297242
a00043211	297243
a00043212	297244
a00043213	297245
a00043214	297246
a00043215	297247
a00043216	297248
a00043217	297249
a00043218	297250
a00043219	297251
a00043220	297252
a00043221	297253
a00043222	297254
a00043223	297255
a00043224	297256
a00043225	297257
a00043226	297258
a00043227	297259
a00043228	297260
a00043229	297261
a00043230	297262
a00043231	297263
a00043232	297264
a00043233	297265
a00043234	297266
a00043235	297267
a00043236	297268
a00043237	297269
a00043238	297270
a00043239	297271
a00043240	297272
a00043241	297273
a00043242	297274
a00043243	297275
a00043244	297276
a00043245	297277
a00043246	297278
a00043247	297279
a00043248	297280
a00043249	297281
a00043250	297282
a00043251	297283
a00043252	297284
a00043253	297285
a00043254	297286
a00043255	297287
a00043256	297288
a00043257	297289
a00043258	297290
a00043259	297291
a00043260	297292
a00043261	297293
a00043262	297294
a00043263	297295
a00043264	297296
a00043265	297297
a00043266	297298
a00043267	297299
a00043268	297300
a00043269	297301
a00043270	297302
a00043271	297303
a00043272	297304
a00043273	297305
a00043274	297306
a00043275	297307
a00043276	297308
a00043277	297309
a00043278	297310
a00043279	297311
a00043280	297312
a00043281	297313
a00043282	297314
a00043283	297315
a00043284	297316
a00043285	297317
a00043286	297318
a00043287	297319
a00043288	297320
a00043289	297321
a00043290	297322
a00043291	297323
a00043292	297324
a00043293	297325
a00043294	297326
a00043295	297327
a00043296	297328
a00043297	297329
a00043298	297330
a00043299	297331
a00043300	297332
a00043301	297333
a00043302	297334
a00043303	297335
a00043304	297336
a00043305	297337
a00043306	297338
a00043307	297339
a00043308	297340
a00043309	297341
a00043310	297342
a00043311	297343
a00043312	297344
a00043313	297345
a00043314	297346
a00043315	297347
a00043316	297348
a00043317	297349
a00043318	297350
a00043319	297351
a00043320	297352
a00043321	297353
a00043322	297354
a00043323	297355
a00043324	297356
a00043325	297357
a00043326	297358
a00043327	297359
a00043328	297360
a00043329	297361
a00043330	297362
a00043331	297363
a00043332	297364
a00043333	297365
a00043334	297366
a00043335	297367
a00043336	297368
a00043337	297369
a00043338	297370
a00043339	297371
a00043340	297372
a00043341	297373
a00043342	297374
a00043343	297375
a00043344	297376
a00043345	297377
a00043346	297378
a00043347	297379
a00043348	297380
a00043349	297381
a00043350	297382
a00043351	297383
a00043352	297384
a00043353	297385
a00043354	297386
a00043355	297387
a00043356	297388
a00043357	297389
a00043358	297390
a00043359	297391
a00043360	297392
a00043361	297393
a00043362	297394
a00043363	297395
a00043364	297396
a00043365	297397
a00043366	297398
a00043367	297399
a00043368	297400
a00043369	297401
a00043370	297402
a00043371	297403
a00043372	297404
a00043373	297405
a00043374	297406
a00043375	297407
a00043376	297408
a00043377	297409
a00043378	297410
a00043379	297411
a00043380	297412
a00043381	297413
a00043382	297414
a00043383	297415
a00043384	297416
a00043385	297417
a00043386	297418
a00043387	297419
a00043388	297420
a00043389	297421
a00043390	297422
a00043391	297423
a00043392	297424
a00043393	297425
a00043394	297426
a00043395	297427
a00043396	297428
a00043397	297429
a00043398	297430
a00043399	297431
a00043400	297432
a00043401	297433
a00043402	297434
a00043403	297435
a00043404	297436
a00043405	297437
a00043406	297438
a00043407	297439
a00043408	297440
a00043409	297441
a00043410	297442
a00043411	297443
a00043412	297444
a00043413	297445
a00043414	297446
a00043415	297447
a00043416	297448
a00043417	297449
a00043418	297450
a00043419	297451
a00043420	297452
a00043421	297453
a00043422	297454
a00043423	297455
a00043424	297456
a00043425	297457
a00043426	297458
a00043427	297459
a00043428	297460
a00043429	297461
a00043430	297462
a00043431	297463
a00043432	297464
a00043433	297465
a00043434	297466
a00043435	297467
a00043436	297468
a00043437	297469
a00043438	297470
a00043439	297471
a00043440	297472
a00043441	297473
a00043442	297474
a00043443	297475
a00043444	297476
a00043445	297477
a00043446	297478
a00043447	297479
a00043448	297480
a00043449	297481
a00043450	297482
a00043451	297483
a00043452	297484
a00043453	297485
a00043454	297486
a00043455	297487
a00043456	297488
a00043457	297489
a00043458	297490
a00043459	297491
a00043460	297492
a00043461	297493
a00043462	297494
a00043463	297495
a00043464	297496
a00043465	297497
a00043466	297498
a00043467	297499
a00043468	297500
a00043469	297501
a00043470	297502
a00043471	297503
a00043472	297504
a00043473	297505
a00043474	297506
a00043475	297507
a00043476	297508
a00043477	297509
a00043478	297510
a00043479	297511
a00043480	297512
a00043481	297513
a00043482	297514
a00043483	297515
a00043484	297516
a00043485	297517
a00043486	297518
a00043487	297519
a00043488	297520
a00043489	297521
a00043490	297522
a00043491	297523
a00043492	297524
a00043493	297525
a00043494	297526
a00043495	297527
a00043496	297528
a00043497	297529
a00043498	297530
a00043499	297531
a00043500	297532
a00043501	297533
a00043502	297534
a00043503	297535
a00043504	297536
a00043505	297537
a00043506	297538
a00043507	297539
a00043508	297540
a00043509	297541
a00043510	297542
a00043511	297543
a00043512	297544
a00043513	297545
a00043514	297546
a00043515	297547
a00043516	297548
a00043517	297549
a00043518	297550
a00043519	297551
a00043520	297552
a00043521	297553
a00043522	297554
a00043523	297555
a00043524	297556
a00043525	297557
a00043526	297558
a00043527	297559
a00043528	297560
a00043529	297561
a00043530	297562
a00043531	297563
a00043532	297564
a00043533	297565
a00043534	297566
a00043535	297567
a00043536	297568
a00043537	297569
a00043538	297570
a00043539	297571
a00043540	297572
a00043541	297573
a00043542	297574
a00043543	297575
a00043544	297576
a00043545	297577
a00043546	297578
a00043547	297579
a00043548	297580
a00043549	297581
a00043550	297582
a00043551	297583
a00043552	297584
a00043553	297585
a00043554	297586
a00043555	297587
a00043556	297588
a00043557	297589
a00043558	297590
a00043559	297591
a00043560	297592
a00043561	297593
a00043562	297594
a00043563	297595
a00043564	297596
a00043565	297597
a00043566	297598
a00043567	297599
a00043568	297600
a00043569	297601
a00043570	297602
a00043571	297603
a00043572	297604
a00043573	297605
a00043574	297606
a00043575	297607
a00043576	297608
a00043577	297609
a00043578	297610
a00043579	297611
a00043580	297612
a00043581	297613
a00043582	297614
a00043583	297615
a00043584	297616
a00043585	297617
a00043586	297618
a00043587	297619
a00043588	297620
a00043589	297621
a00043590	297622
a00043591	297623
a00043592	297624
a00043593	297625
a00043594	297626
a00043595	297627
a00043596	297628
a00043597	297629
a00043598	297630
a00043599	297631
a00043600	297632
a00043601	297633
a00043602	297634
a00043603	297635
a00043604	297636
a00043605	297637
a00043606	297638
a00043607	297639
a00043608	297640
a00043609	297641
a00043610	297642
a00043611	297643
a00043612	297644
a00043613	297645
a00043614	297646
a00043615	297647
a00043616	297648
a00043617	297649
a00043618	297650
a00043619	297651
a00043620	297652
a00043621	297653
a00043622	297654
a00043623	297655
a00043624	297656
a00043625	297657
a00043626	297658
a00043627	297659
a00043628	297660
a00043629	297661
a00043630	297662
a00043631	297663
a00043632	297664
a00043633	297665
a00043634	297666
a00043635	297667
a00043636	297668
a00043637	297669
a00043638	297670
a00043639	297671
a00043640	297672
a00043641	297673
a00043642	297674
a00043643	297675
a00043644	297676
a00043645	297677
a00043646	297678
a00043647	297679
a00043648	297680
a00043649	297681
a00043650	297682
a00043651	297683
a00043652	297684
a00043653	297685
a00043654	297686
a00043655	297687
a00043656	297688
a00043657	297689
a00043658	297690
a00043659	297691
a00043660	297692
a00043661	297693
a00043662	297694
a00043663	297695
a00043664	297696
a00043665	297697
a00043666	297698
a00043667	297699
a00043668	297700
a00043669	297701
a00043670	297702
a00043671	297703
a00043672	297704
a00043673	297705
a00043674	297706
a00043675	297707
a00043676	297708
a00043677	297709
a00043678	297710
a00043679	297711
a00043680	297712
a00043681	297713
a00043682	297714
a00043683	297715
a00043684	297716
a00043685	297717
a00043686	297718
a00043687	297719
a00043688	297720
a00043689	297721
a00043690	297722
a00043691	297723
a00043692	297724
a00043693	297725
a00043694	297726
a00043695	297727
a00043696	297728
a00043697	297729
a00043698	297730
a00043699	297731
a00043700	297732
a00043701	297733
a00043702	297734
a00043703	297735
a00043704	297736
a00043705	297737
a00043706	297738
a00043707	297739
a00043708	297740
a00043709	297741
a00043710	297742
a00043711	297743
a00043712	297744
a00043713	297745
a00043714	297746
a00043715	297747
a00043716	297748
a00043717	297749
a00043718	297750
a00043719	297751
a00043720	297752
a00043721	297753
a00043722	297754
a00043723	297755
a00043724	297756
a00043725	297757
a00043726	297758
a00043727	297759
a00043728	297760
a00043729	297761
a00043730	297762
a00043731	297763
a00043732	297764
a00043733	297765
a00043734	297766
a00043735	297767
a00043736	297768
a00043737	297769
a00043738	297770
a00043739	297771
a00043740	297772
a00043741	297773
a00043742	297774
a00043743	297775
a00043744	297776
a00043745	297777
a00043746	297778
a00043747	297779
a00043748	297780
a00043749	297781
a00043750	297782
a00043751	297783
a00043752	297784
a00043753	297785
a00043754	297786
a00043755	297787
a00043756	297788
a00043757	297789
a00043758	297790
a00043759	297791
a00043760	297792
a00043761	297793
a00043762	297794
a00043763	297795
a00043764	297796
a00043765	297797
a00043766	297798
a00043767	297799
a00043768	297800
a00043769	297801
a00043770	297802
a00043771	297803
a00043772	297804
a00043773	297805
a00043774	297806
a00043775	297807
a00043776	297808
a00043777	297809
a00043778	297810
a00043779	297811
a00043780	297812
a00043781	297813
a00043782	297814
a00043783	297815
a00043784	297816
a00043785	297817
a00043786	297818
a00043787	297819
a00043788	297820
a00043789	297821
a00043790	297822
a00043791	297823
a00043792	297824
a00043793	297825
a00043794	297826
a00043795	297827
a00043796	297828
a00043797	297829
a00043798	297830
a00043799	297831
a00043800	297832
a00043801	297833
a00043802	297834
a00043803	297835
a00043804	297836
a00043805	297837
a00043806	297838
a00043807	297839
a00043808	297840
a00043809	297841
a00043810	297842
a00043811	297843
a00043812	297844
a00043813	297845
a00043814	297846
a00043815	297847
a00043816	297848
a00043817	297849
a00043818	297850
a00043819	297851
a00043820	297852
a00043821	297853
a00043822	297854
a00043823	297855
a00043824	297856
a00043825	297857
a00043826	297858
a00043827	297859
a00043828	297860
a00043829	297861
a00043830	297862
a00043831	297863
a00043832	297864
a00043833	297865
a00043834	297866
a00043835	297867
a00043836	297868
a00043837	297869
a00043838	297870
a00043839	297871
a00043840	297872
a00043841	297873
a00043842	297874
a00043843	297875
a00043844	297876
a00043845	297877
a00043846	297878
a00043847	297879
a00043848	297880
a00043849	297881
a00043850	297882
a00043851	297883
a00043852	297884
a00043853	297885
a00043854	297886
a00043855	297887
a00043856	297888
a00043857	297889
a00043858	297890
a00043859	297891
a00043860	297892
a00043861	297893
a00043862	297894
a00043863	297895
a00043864	297896
a00043865	297897
a00043866	297898
a00043867	297899
a00043868	297900
a00043869	297901
a00043870	297902
a00043871	297903
a00043872	297904
a00043873	297905
a00043874	297906
a00043875	297907
a00043876	297908
a00043877	297909
a00043878	297910
a00043879	297911
a00043880	297912
a00043881	297913
a00043882	297914
a00043883	297915
a00043884	297916
a00043885	297917
a00043886	297918
a00043887	297919
a00043888	297920
a00043889	297921
a00043890	297922
a00043891	297923
a00043892	297924
a00043893	297925
a00043894	297926
a00043895	297927
a00043896	297928
a00043897	297929
a00043898	297930
a00043899	297931
a00043900	297932
a00043901	297933
a00043902	297934
a00043903	297935
a00043904	297936
a00043905	297937
a00043906	297938
a00043907	297939
a00043908	297940
a00043909	297941
a00043910	297942
a00043911	297943
a00043912	297944
a00043913	297945
a00043914	297946
a00043915	297947
a00043916	297948
a00043917	297949
a00043918	297950
a00043919	297951
a00043920	297952
a00043921	297953
a00043922	297954
a00043923	297955
a00043924	297956
a00043925	297957
a00043926	297958
a00043927	297959
a00043928	297960
a00043929	297961
a00043930	297962
a00043931	297963
a00043932	297964
a00043933	297965
a00043934	297966
a00043935	297967
a00043936	297968
a00043937	297969
a00043938	297970
a00043939	297971
a00043940	297972
a00043941	297973
a00043942	297974
a00043943	297975
a00043944	297976
a00043945	297977
a00043946	297978
a00043947	297979
a00043948	297980
a00043949	297981
a00043950	297982
a00043951	297983
a00043952	297984
a00043953	297985
a00043954	297986
a00043955	297987
a00043956	297988
a00043957	297989
a00043958	297990
a00043959	297991
a00043960	297992
a00043961	297993
a00043962	297994
a00043963	297995
a00043964	297996
a00043965	297997
a00043966	297998
a00043967	297999
a00043968	298000
a00043969	298001
a00043970	298002
a00043971	298003
a00043972	298004
a00043973	298005
a00043974	298006
a00043975	298007
a00043976	298008
a00043977	298009
a00043978	298010
a00043979	298011
a00043980	298012
a00043981	298013
a00043982	298014
a00043983	298015
a00043984	298016
a00043985	298017
a00043986	298018
a00043987	298019
a00043988	298020
a00043989	298021
a00043990	298022
a00043991	298023
a00043992	298024
a00043993	298025
a00043994	298026
a00043995	298027
a00043996	298028
a00043997	298029
a00043998	298030
a00043999	298031
a00044000	298032
a00044001	298033
a00044002	298034
a00044003	298035
a00044004	298036
a00044005	298037
a00044006	298038
a00044007	298039
a00044008	298040
a00044009	298041
a00044010	298042
a00044011	298043
a00044012	298044
a00044013	298045
a00044014	298046
a00044015	298047
a00044016	298048
a00044017	298049
a00044018	298050
a00044019	298051
a00044020	298052
a00044021	298053
a00044022	298054
a00044023	298055
a00044024	298056
a00044025	298057
a00044026	298058
a00044027	298059
a00044028	298060
a00044029	298061
a00044030	298062
a00044031	298063
a00044032	298064
a00044033	298065
a00044034	298066
a00044035	298067
a00044036	298068
a00044037	298069
a00044038	298070
a00044039	298071
a00044040	298072
a00044041	298073
a00044042	298074
a00044043	298075
a00044044	298076
a00044045	298077
a00044046	298078
a00044047	298079
a00044048	298080
a00044049	298081
a00044050	298082
a00044051	298083
a00044052	298084
a00044053	298085
a00044054	298086
a00044055	298087
a00044056	298088
a00044057	298089
a00044058	298090
a00044059	298091
a00044060	298092
a00044061	298093
a00044062	298094
a00044063	298095
a00044064	298096
a00044065	298097
a00044066	298098
a00044067	298099
a00044068	298100
a00044069	298101
a00044070	298102
a00044071	298103
a00044072	298104
a00044073	298105
a00044074	298106
a00044075	298107
a00044076	298108
a00044077	298109
a00044078	298110
a00044079	298111
a00044080	298112
a00044081	298113
a00044082	298114
a00044083	298115
a00044084	298116
a00044085	298117
a00044086	298118
a00044087	298119
a00044088	298120
a00044089	298121
a00044090	298122
a00044091	298123
a00044092	298124
a00044093	298125
a00044094	298126
a00044095	298127
a00044096	298128
a00044097	298129
a00044098	298130
a00044099	298131
a00044100	298132
a00044101	298133
a00044102	298134
a00044103	298135
a00044104	298136
a00044105	298137
a00044106	298138
a00044107	298139
a00044108	298140
a00044109	298141
a00044110	298142
a00044111	298143
a00044112	298144
a00044113	298145
a00044114	298146
a00044115	298147
a00044116	298148
a00044117	298149
a00044118	298150
a00044119	298151
a00044120	298152
a00044121	298153
a00044122	298154
a00044123	298155
a00044124	298156
a00044125	298157
a00044126	298158
a00044127	298159
a00044128	298160
a00044129	298161
a00044130	298162
a00044131	298163
a00044132	298164
a00044133	298165
a00044134	298166
a00044135	298167
a00044136	298168
a00044137	298169
a00044138	298170
a00044139	298171
a00044140	298172
a00044141	298173
a00044142	298174
a00044143	298175
a00044144	298176
a00044145	298177
a00044146	298178
a00044147	298179
a00044148	298180
a00044149	298181
a00044150	298182
a00044151	298183
a00044152	298184
a00044153	298185
a00044154	298186
a00044155	298187
a00044156	298188
a00044157	298189
a00044158	298190
a00044159	298191
a00044160	298192
a00044161	298193
a00044162	298194
a00044163	298195
a00044164	298196
a00044165	298197
a00044166	298198
a00044167	298199
a00044168	298200
a00044169	298201
a00044170	298202
a00044171	298203
a00044172	298204
a00044173	298205
a00044174	298206
a00044175	298207
a00044176	298208
a00044177	298209
a00044178	298210
a00044179	298211
a00044180	298212
a00044181	298213
a00044182	298214
a00044183	298215
a00044184	298216
a00044185	298217
a00044186	298218
a00044187	298219
a00044188	298220
a00044189	298221
a00044190	298222
a00044191	298223
a00044192	298224
a00044193	298225
a00044194	298226
a00044195	298227
a00044196	298228
a00044197	298229
a00044198	298230
a00044199	298231
a00044200	298232
a00044201	298233
a00044202	298234
a00044203	298235
a00044204	298236
a00044205	298237
a00044206	298238
a00044207	298239
a00044208	298240
a00044209	298241
a00044210	298242
a00044211	298243
a00044212	298244
a00044213	298245
a00044214	298246
a00044215	298247
a00044216	298248
a00044217	298249
a00044218	298250
a00044219	298251
a00044220	298252
a00044221	298253
a00044222	298254
a00044223	298255
a00044224	298256
a00044225	298257
a00044226	298258
a00044227	298259
a00044228	298260
a00044229	298261
a00044230	298262
a00044231	298263
a00044232	298264
a00044233	298265
a00044234	298266
a00044235	298267
a00044236	298268
a00044237	298269
a00044238	298270
a00044239	298271
a00044240	298272
a00044241	298273
a00044242	298274
a00044243	298275
a00044244	298276
a00044245	298277
a00044246	298278
a00044247	298279
a00044248	298280
a00044249	298281
a00044250	298282
a00044251	298283
a00044252	298284
a00044253	298285
a00044254	298286
a00044255	298287
a00044256	298288
a00044257	298289
a00044258	298290
a00044259	298291
a00044260	298292
a00044261	298293
a00044262	298294
a00044263	298295
a00044264	298296
a00044265	298297
a00044266	298298
a00044267	298299
a00044268	298300
a00044269	298301
a00044270	298302
a00044271	298303
a00044272	298304
a00044273	298305
a00044274	298306
a00044275	298307
a00044276	298308
a00044277	298309
a00044278	298310
a00044279	298311
a00044280	298312
a00044281	298313
a00044282	298314
a00044283	298315
a00044284	298316
a00044285	298317
a00044286	298318
a00044287	298319
a00044288	298320
a00044289	298321
a00044290	298322
a00044291	298323
a00044292	298324
a00044293	298325
a00044294	298326
a00044295	298327
a00044296	298328
a00044297	298329
a00044298	298330
a00044299	298331
a00044300	298332
a00044301	298333
a00044302	298334
a00044303	298335
a00044304	298336
a00044305	298337
a00044306	298338
a00044307	298339
a00044308	298340
a00044309	298341
a00044310	298342
a00044311	298343
a00044312	298344
a00044313	298345
a00044314	298346
a00044315	298347
a00044316	298348
a00044317	298349
a00044318	298350
a00044319	298351
a00044320	298352
a00044321	298353
a00044322	298354
a00044323	298355
a00044324	298356
a00044325	298357
a00044326	298358
a00044327	298359
a00044328	298360
a00044329	298361
a00044330	298362
a00044331	298363
a00044332	298364
a00044333	298365
a00044334	298366
a00044335	298367
a00044336	298368
a00044337	298369
a00044338	298370
a00044339	298371
a00044340	298372
a00044341	298373
a00044342	298374
a00044343	298375
a00044344	298376
a00044345	298377
a00044346	298378
a00044347	298379
a00044348	298380
a00044349	298381
a00044350	298382
a00044351	298383
a00044352	298384
a00044353	298385
a00044354	298386
a00044355	298387
a00044356	298388
a00044357	298389
a00044358	298390
a00044359	298391
a00044360	298392
a00044361	298393
a00044362	298394
a00044363	298395
a00044364	298396
a00044365	298397
a00044366	298398
a00044367	298399
a00044368	298400
a00044369	298401
a00044370	298402
a00044371	298403
a00044372	298404
a00044373	298405
a00044374	298406
a00044375	298407
a00044376	298408
a00044377	298409
a00044378	298410
a00044379	298411
a00044380	298412
a00044381	298413
a00044382	298414
a00044383	298415
a00044384	298416
a00044385	298417
a00044386	298418
a00044387	298419
a00044388	298420
a00044389	298421
a00044390	298422
a00044391	298423
a00044392	298424
a00044393	298425
a00044394	298426
a00044395	298427
a00044396	298428
a00044397	298429
a00044398	298430
a00044399	298431
a00044400	298432
a00044401	298433
a00044402	298434
a00044403	298435
a00044404	298436
a00044405	298437
a00044406	298438
a00044407	298439
a00044408	298440
a00044409	298441
a00044410	298442
a00044411	298443
a00044412	298444
a00044413	298445
a00044414	298446
a00044415	298447
a00044416	298448
a00044417	298449
a00044418	298450
a00044419	298451
a00044420	298452
a00044421	298453
a00044422	298454
a00044423	298455
a00044424	298456
a00044425	298457
a00044426	298458
a00044427	298459
a00044428	298460
a00044429	298461
a00044430	298462
a00044431	298463
a00044432	298464
a00044433	298465
a00044434	298466
a00044435	298467
a00044436	298468
a00044437	298469
a00044438	298470
a00044439	298471
a00044440	298472
a00044441	298473
a00044442	298474
a00044443	298475
a00044444	298476
a00044445	298477
a00044446	298478
a00044447	298479
a00044448	298480
a00044449	298481
a00044450	298482
a00044451	298483
a00044452	298484
a00044453	298485
a00044454	298486
a00044455	298487
a00044456	298488
a00044457	298489
a00044458	298490
a00044459	298491
a00044460	298492
a00044461	298493
a00044462	298494
a00044463	298495
a00044464	298496
a00044465	298497
a00044466	298498
a00044467	298499
a00044468	298500
a00044469	298501
a00044470	298502
a00044471	298503
a00044472	298504
a00044473	298505
a00044474	298506
a00044475	298507
a00044476	298508
a00044477	298509
a00044478	298510
a00044479	298511
a00044480	298512
a00044481	298513
a00044482	298514
a00044483	298515
a00044484	298516
a00044485	298517
a00044486	298518
a00044487	298519
a00044488	298520
a00044489	298521
a00044490	298522
a00044491	298523
a00044492	298524
a00044493	298525
a00044494	298526
a00044495	298527
a00044496	298528
a00044497	298529
a00044498	298530
a00044499	298531
a00044500	298532
a00044501	298533
a00044502	298534
a00044503	298535
a00044504	298536
a00044505	298537
a00044506	298538
a00044507	298539
a00044508	298540
a00044509	298541
a00044510	298542
a00044511	298543
a00044512	298544
a00044513	298545
a00044514	298546
a00044515	298547
a00044516	298548
a00044517	298549
a00044518	298550
a00044519	298551
a00044520	298552
a00044521	298553
a00044522	298554
a00044523	298555
a00044524	298556
a00044525	298557
a00044526	298558
a00044527	298559
a00044528	298560
a00044529	298561
a00044530	298562
a00044531	298563
a00044532	298564
a00044533	298565
a00044534	298566
a00044535	298567
a00044536	298568
a00044537	298569
a00044538	298570
a00044539	298571
a00044540	298572
a00044541	298573
a00044542	298574
a00044543	298575
a00044544	298576
a00044545	298577
a00044546	298578
a00044547	298579
a00044548	298580
a00044549	298581
a00044550	298582
a00044551	298583
a00044552	298584
a00044553	298585
a00044554	298586
a00044555	298587
a00044556	298588
a00044557	298589
a00044558	298590
a00044559	298591
a00044560	298592
a00044561	298593
a00044562	298594
a00044563	298595
a00044564	298596
a00044565	298597
a00044566	298598
a00044567	298599
a00044568	298600
a00044569	298601
a00044570	298602
a00044571	298603
a00044572	298604
a00044573	298605
a00044574	298606
a00044575	298607
a00044576	298608
a00044577	298609
a00044578	298610
a00044579	298611
a00044580	298612
a00044581	298613
a00044582	298614
a00044583	298615
a00044584	298616
a00044585	298617
a00044586	298618
a00044587	298619
a00044588	298620
a00044589	298621
a00044590	298622
a00044591	298623
a00044592	298624
a00044593	298625
a00044594	298626
a00044595	298627
a00044596	298628
a00044597	298629
a00044598	298630
a00044599	298631
a00044600	298632
a00044601	298633
a00044602	298634
a00044603	298635
a00044604	298636
a00044605	298637
a00044606	298638
a00044607	298639
a00044608	298640
a00044609	298641
a00044610	298642
a00044611	298643
a00044612	298644
a00044613	298645
a00044614	298646
a00044615	298647
a00044616	298648
a00044617	298649
a00044618	298650
a00044619	298651
a00044620	298652
a00044621	298653
a00044622	298654
a00044623	298655
a00044624	298656
a00044625	298657
a00044626	298658
a00044627	298659
a00044628	298660
a00044629	298661
a00044630	298662
a00044631	298663
a00044632	298664
a00044633	298665
a00044634	298666
a00044635	298667
a00044636	298668
a00044637	298669
a00044638	298670
a00044639	298671
a00044640	298672
a00044641	298673
a00044642	298674
a00044643	298675
a00044644	298676
a00044645	298677
a00044646	298678
a00044647	298679
a00044648	298680
a00044649	298681
a00044650	298682
a00044651	298683
a00044652	298684
a00044653	298685
a00044654	298686
a00044655	298687
a00044656	298688
a00044657	298689
a00044658	298690
a00044659	298691
a00044660	298692
a00044661	298693
a00044662	298694
a00044663	298695
a00044664	298696
a00044665	298697
a00044666	298698
a00044667	298699
a00044668	298700
a00044669	298701
a00044670	298702
a00044671	298703
a00044672	298704
a00044673	298705
a00044674	298706
a00044675	298707
a00044676	298708
a00044677	298709
a00044678	298710
a00044679	298711
a00044680	298712
a00044681	298713
a00044682	298714
a00044683	298715
a00044684	298716
a00044685	298717
a00044686	298718
a00044687	298719
a00044688	298720
a00044689	298721
a00044690	298722
a00044691	298723
a00044692	298724
a00044693	298725
a00044694	298726
a00044695	298727
a00044696	298728
a00044697	298729
a00044698	298730
a00044699	298731
a00044700	298732
a00044701	298733
a00044702	298734
a00044703	298735
a00044704	298736
a00044705	298737
a00044706	298738
a00044707	298739
a00044708	298740
a00044709	298741
a00044710	298742
a00044711	298743
a00044712	298744
a00044713	298745
a00044714	298746
a00044715	298747
a00044716	298748
a00044717	298749
a00044718	298750
a00044719	298751
a00044720	298752
a00044721	298753
a00044722	298754
a00044723	298755
a00044724	298756
a00044725	298757
a00044726	298758
a00044727	298759
a00044728	298760
a00044729	298761
a00044730	298762
a00044731	298763
a00044732	298764
a00044733	298765
a00044734	298766
a00044735	298767
a00044736	298768
a00044737	298769
a00044738	298770
a00044739	298771
a00044740	298772
a00044741	298773
a00044742	298774
a00044743	298775
a00044744	298776
a00044745	298777
a00044746	298778
a00044747	298779
a00044748	298780
a00044749	298781
a00044750	298782
a00044751	298783
a00044752	298784
a00044753	298785
a00044754	298786
a00044755	298787
a00044756	298788
a00044757	298789
a00044758	298790
a00044759	298791
a00044760	298792
a00044761	298793
a00044762	298794
a00044763	298795
a00044764	298796
a00044765	298797
a00044766	298798
a00044767	298799
a00044768	298800
a00044769	298801
a00044770	298802
a00044771	298803
a00044772	298804
a00044773	298805
a00044774	298806
a00044775	298807
a00044776	298808
a00044777	298809
a00044778	298810
a00044779	298811
a00044780	298812
a00044781	298813
a00044782	298814
a00044783	298815
a00044784	298816
a00044785	298817
a00044786	298818
a00044787	298819
a00044788	298820
a00044789	298821
a00044790	298822
a00044791	298823
a00044792	298824
a00044793	298825
a00044794	298826
a00044795	298827
a00044796	298828
a00044797	298829
a00044798	298830
a00044799	298831
a00044800	298832
a00044801	298833
a00044802	298834
a00044803	298835
a00044804	298836
a00044805	298837
a00044806	298838
a00044807	298839
a00044808	298840
a00044809	298841
a00044810	298842
a00044811	298843
a00044812	298844
a00044813	298845
a00044814	298846
a00044815	298847
a00044816	298848
a00044817	298849
a00044818	298850
a00044819	298851
a00044820	298852
a00044821	298853
a00044822	298854
a00044823	298855
a00044824	298856
a00044825	298857
a00044826	298858
a00044827	298859
a00044828	298860
a00044829	298861
a00044830	298862
a00044831	298863
a00044832	298864
a00044833	298865
a00044834	298866
a00044835	298867
a00044836	298868
a00044837	298869
a00044838	298870
a00044839	298871
a00044840	298872
a00044841	298873
a00044842	298874
a00044843	298875
a00044844	298876
a00044845	298877
a00044846	298878
a00044847	298879
a00044848	298880
a00044849	298881
a00044850	298882
a00044851	298883
a00044852	298884
a00044853	298885
a00044854	298886
a00044855	298887
a00044856	298888
a00044857	298889
a00044858	298890
a00044859	298891
a00044860	298892
a00044861	298893
a00044862	298894
a00044863	298895
a00044864	298896
a00044865	298897
a00044866	298898
a00044867	298899
a00044868	298900
a00044869	298901
a00044870	298902
a00044871	298903
a00044872	298904
a00044873	298905
a00044874	298906
a00044875	298907
a00044876	298908
a00044877	298909
a00044878	298910
a00044879	298911
a00044880	298912
a00044881	298913
a00044882	298914
a00044883	298915
a00044884	298916
a00044885	298917
a00044886	298918
a00044887	298919
a00044888	298920
a00044889	298921
a00044890	298922
a00044891	298923
a00044892	298924
a00044893	298925
a00044894	298926
a00044895	298927
a00044896	298928
a00044897	298929
a00044898	298930
a00044899	298931
a00044900	298932
a00044901	298933
a00044902	298934
a00044903	298935
a00044904	298936
a00044905	298937
a00044906	298938
a00044907	298939
a00044908	298940
a00044909	298941
a00044910	298942
a00044911	298943
a00044912	298944
a00044913	298945
a00044914	298946
a00044915	298947
a00044916	298948
a00044917	298949
a00044918	298950
a00044919	298951
a00044920	298952
a00044921	298953
a00044922	298954
a00044923	298955
a00044924	298956
a00044925	298957
a00044926	298958
a00044927	298959
a00044928	298960
a00044929	298961
a00044930	298962
a00044931	298963
a00044932	298964
a00044933	298965
a00044934	298966
a00044935	298967
a00044936	298968
a00044937	298969
a00044938	298970
a00044939	298971
a00044940	298972
a00044941	298973
a00044942	298974
a00044943	298975
a00044944	298976
a00044945	298977
a00044946	298978
a00044947	298979
a00044948	298980
a00044949	298981
a00044950	298982
a00044951	298983
a00044952	298984
a00044953	298985
a00044954	298986
a00044955	298987
a00044956	298988
a00044957	298989
a00044958	298990
a00044959	298991
a00044960	298992
a00044961	298993
a00044962	298994
a00044963	298995
a00044964	298996
a00044965	298997
a00044966	298998
a00044967	298999
a00044968	299000
a00044969	299001
a00044970	299002
a00044971	299003
a00044972	299004
a00044973	299005
a00044974	299006
a00044975	299007
a00044976	299008
a00044977	299009
a00044978	299010
a00044979	299011
a00044980	299012
a00044981	299013
a00044982	299014
a00044983	299015
a00044984	299016
a00044985	299017
a00044986	299018
a00044987	299019
a00044988	299020
a00044989	299021
a00044990	299022
a00044991	299023
a00044992	299024
a00044993	299025
a00044994	299026
a00044995	299027
a00044996	299028
a00044997	299029
a00044998	299030
a00044999	299031
a00045000	299032
a00045001	299033
a00045002	299034
a00045003	299035
a00045004	299036
a00045005	299037
a00045006	299038
a00045007	299039
a00045008	299040
a00045009	299041
a00045010	299042
a00045011	299043
a00045012	299044
a00045013	299045
a00045014	299046
a00045015	299047
a00045016	299048
a00045017	299049
a00045018	299050
a00045019	299051
a00045020	299052
a00045021	299053
a00045022	299054
a00045023	299055
a00045024	299056
a00045025	299057
a00045026	299058
a00045027	299059
a00045028	299060
a00045029	299061
a00045030	299062
a00045031	299063
a00045032	299064
a00045033	299065
a00045034	299066
a00045035	299067
a00045036	299068
a00045037	299069
a00045038	299070
a00045039	299071
a00045040	299072
a00045041	299073
a00045042	299074
a00045043	299075
a00045044	299076
a00045045	299077
a00045046	299078
a00045047	299079
a00045048	299080
a00045049	299081
a00045050	299082
a00045051	299083
a00045052	299084
a00045053	299085
a00045054	299086
a00045055	299087
a00045056	299088
a00045057	299089
a00045058	299090
a00045059	299091
a00045060	299092
a00045061	299093
a00045062	299094
a00045063	299095
a00045064	299096
a00045065	299097
a00045066	299098
a00045067	299099
a00045068	299100
a00045069	299101
a00045070	299102
a00045071	299103
a00045072	299104
a00045073	299105
a00045074	299106
a00045075	299107
a00045076	299108
a00045077	299109
a00045078	299110
a00045079	299111
a00045080	299112
a00045081	299113
a00045082	299114
a00045083	299115
a00045084	299116
a00045085	299117
a00045086	299118
a00045087	299119
a00045088	299120
a00045089	299121
a00045090	299122
a00045091	299123
a00045092	299124
a00045093	299125
a00045094	299126
a00045095	299127
a00045096	299128
a00045097	299129
a00045098	299130
a00045099	299131
a00045100	299132
a00045101	299133
a00045102	299134
a00045103	299135
a00045104	299136
a00045105	299137
a00045106	299138
a00045107	299139
a00045108	299140
a00045109	299141
a00045110	299142
a00045111	299143
a00045112	299144
a00045113	299145
a00045114	299146
a00045115	299147
a00045116	299148
a00045117	299149
a00045118	299150
a00045119	299151
a00045120	299152
a00045121	299153
a00045122	299154
a00045123	299155
a00045124	299156
a00045125	299157
a00045126	299158
a00045127	299159
a00045128	299160
a00045129	299161
a00045130	299162
a00045131	299163
a00045132	299164
a00045133	299165
a00045134	299166
a00045135	299167
a00045136	299168
a00045137	299169
a00045138	299170
a00045139	299171
a00045140	299172
a00045141	299173
a00045142	299174
a00045143	299175
a00045144	299176
a00045145	299177
a00045146	299178
a00045147	299179
a00045148	299180
a00045149	299181
a00045150	299182
a00045151	299183
a00045152	299184
a00045153	299185
a00045154	299186
a00045155	299187
a00045156	299188
a00045157	299189
a00045158	299190
a00045159	299191
a00045160	299192
a00045161	299193
a00045162	299194
a00045163	299195
a00045164	299196
a00045165	299197
a00045166	299198
a00045167	299199
a00045168	299200
a00045169	299201
a00045170	299202
a00045171	299203
a00045172	299204
a00045173	299205
a00045174	299206
a00045175	299207
a00045176	299208
a00045177	299209
a00045178	299210
a00045179	299211
a00045180	299212
a00045181	299213
a00045182	299214
a00045183	299215
a00045184	299216
a00045185	299217
a00045186	299218
a00045187	299219
a00045188	299220
a00045189	299221
a00045190	299222
a00045191	299223
a00045192	299224
a00045193	299225
a00045194	299226
a00045195	299227
a00045196	299228
a00045197	299229
a00045198	299230
a00045199	299231
a00045200	299232
a00045201	299233
a00045202	299234
a00045203	299235
a00045204	299236
a00045205	299237
a00045206	299238
a00045207	299239
a00045208	299240
a00045209	299241
a00045210	299242
a00045211	299243
a00045212	299244
a00045213	299245
a00045214	299246
a00045215	299247
a00045216	299248
a00045217	299249
a00045218	299250
a00045219	299251
a00045220	299252
a00045221	299253
a00045222	299254
a00045223	299255
a00045224	299256
a00045225	299257
a00045226	299258
a00045227	299259
a00045228	299260
a00045229	299261
a00045230	299262
a00045231	299263
a00045232	299264
a00045233	299265
a00045234	299266
a00045235	299267
a00045236	299268
a00045237	299269
a00045238	299270
a00045239	299271
a00045240	299272
a00045241	299273
a00045242	299274
a00045243	299275
a00045244	299276
a00045245	299277
a00045246	299278
a00045247	299279
a00045248	299280
a00045249	299281
a00045250	299282
a00045251	299283
a00045252	299284
a00045253	299285
a00045254	299286
a00045255	299287
a00045256	299288
a00045257	299289
a00045258	299290
a00045259	299291
a00045260	299292
a00045261	299293
a00045262	299294
a00045263	299295
a00045264	299296
a00045265	299297
a00045266	299298
a00045267	299299
a00045268	299300
a00045269	299301
a00045270	299302
a00045271	299303
a00045272	299304
a00045273	299305
a00045274	299306
a00045275	299307
a00045276	299308
a00045277	299309
a00045278	299310
a00045279	299311
a00045280	299312
a00045281	299313
a00045282	299314
a00045283	299315
a00045284	299316
a00045285	299317
a00045286	299318
a00045287	299319
a00045288	299320
a00045289	299321
a00045290	299322
a00045291	299323
a00045292	299324
a00045293	299325
a00045294	299326
a00045295	299327
a00045296	299328
a00045297	299329
a00045298	299330
a00045299	299331
a00045300	299332
a00045301	299333
a00045302	299334
a00045303	299335
a00045304	299336
a00045305	299337
a00045306	299338
a00045307	299339
a00045308	299340
a00045309	299341
a00045310	299342
a00045311	299343
a00045312	299344
a00045313	299345
a00045314	299346
a00045315	299347
a00045316	299348
a00045317	299349
a00045318	299350
a00045319	299351
a00045320	299352
a00045321	299353
a00045322	299354
a00045323	299355
a00045324	299356
a00045325	299357
a00045326	299358
a00045327	299359
a00045328	299360
a00045329	299361
a00045330	299362
a00045331	299363
a00045332	299364
a00045333	299365
a00045334	299366
a00045335	299367
a00045336	299368
a00045337	299369
a00045338	299370
a00045339	299371
a00045340	299372
a00045341	299373
a00045342	299374
a00045343	299375
a00045344	299376
a00045345	299377
a00045346	299378
a00045347	299379
a00045348	299380
a00045349	299381
a00045350	299382
a00045351	299383
a00045352	299384
a00045353	299385
a00045354	299386
a00045355	299387
a00045356	299388
a00045357	299389
a00045358	299390
a00045359	299391
a00045360	299392
a00045361	299393
a00045362	299394
a00045363	299395
a00045364	299396
a00045365	299397
a00045366	299398
a00045367	299399
a00045368	299400
a00045369	299401
a00045370	299402
a00045371	299403
a00045372	299404
a00045373	299405
a00045374	299406
a00045375	299407
a00045376	299408
a00045377	299409
a00045378	299410
a00045379	299411
a00045380	299412
a00045381	299413
a00045382	299414
a00045383	299415
a00045384	299416
a00045385	299417
a00045386	299418
a00045387	299419
a00045388	299420
a00045389	299421
a00045390	299422
a00045391	299423
a00045392	299424
a00045393	299425
a00045394	299426
a00045395	299427
a00045396	299428
a00045397	299429
a00045398	299430
a00045399	299431
a00045400	299432
a00045401	299433
a00045402	299434
a00045403	299435
a00045404	299436
a00045405	299437
a00045406	299438
a00045407	299439
a00045408	299440
a00045409	299441
a00045410	299442
a00045411	299443
a00045412	299444
a00045413	299445
a00045414	299446
a00045415	299447
a00045416	299448
a00045417	299449
a00045418	299450
a00045419	299451
a00045420	299452
a00045421	299453
a00045422	299454
a00045423	299455
a00045424	299456
a00045425	299457
a00045426	299458
a00045427	299459
a00045428	299460
a00045429	299461
a00045430	299462
a00045431	299463
a00045432	299464
a00045433	299465
a00045434	299466
a00045435	299467
a00045436	299468
a00045437	299469
a00045438	299470
a00045439	299471
a00045440	299472
a00045441	299473
a00045442	299474
a00045443	299475
a00045444	299476
a00045445	299477
a00045446	299478
a00045447	299479
a00045448	299480
a00045449	299481
a00045450	299482
a00045451	299483
a00045452	299484
a00045453	299485
a00045454	299486
a00045455	299487
a00045456	299488
a00045457	299489
a00045458	299490
a00045459	299491
a00045460	299492
a00045461	299493
a00045462	299494
a00045463	299495
a00045464	299496
a00045465	299497
a00045466	299498
a00045467	299499
a00045468	299500
a00045469	299501
a00045470	299502
a00045471	299503
a00045472	299504
a00045473	299505
a00045474	299506
a00045475	299507
a00045476	299508
a00045477	299509
a00045478	299510
a00045479	299511
a00045480	299512
a00045481	299513
a00045482	299514
a00045483	299515
a00045484	299516
a00045485	299517
a00045486	299518
a00045487	299519
a00045488	299520
a00045489	299521
a00045490	299522
a00045491	299523
a00045492	299524
a00045493	299525
a00045494	299526
a00045495	299527
a00045496	299528
a00045497	299529
a00045498	299530
a00045499	299531
a00045500	299532
a00045501	299533
a00045502	299534
a00045503	299535
a00045504	299536
a00045505	299537
a00045506	299538
a00045507	299539
a00045508	299540
a00045509	299541
a00045510	299542
a00045511	299543
a00045512	299544
a00045513	299545
a00045514	299546
a00045515	299547
a00045516	299548
a00045517	299549
a00045518	299550
a00045519	299551
a00045520	299552
a00045521	299553
a00045522	299554
a00045523	299555
a00045524	299556
a00045525	299557
a00045526	299558
a00045527	299559
a00045528	299560
a00045529	299561
a00045530	299562
a00045531	299563
a00045532	299564
a00045533	299565
a00045534	299566
a00045535	299567
a00045536	299568
a00045537	299569
a00045538	299570
a00045539	299571
a00045540	299572
a00045541	299573
a00045542	299574
a00045543	299575
a00045544	299576
a00045545	299577
a00045546	299578
a00045547	299579
a00045548	299580
a00045549	299581
a00045550	299582
a00045551	299583
a00045552	299584
a00045553	299585
a00045554	299586
a00045555	299587
a00045556	299588
a00045557	299589
a00045558	299590
a00045559	299591
a00045560	299592
a00045561	299593
a00045562	299594
a00045563	299595
a00045564	299596
a00045565	299597
a00045566	299598
a00045567	299599
a00045568	299600
a00045569	299601
a00045570	299602
a00045571	299603
a00045572	299604
a00045573	299605
a00045574	299606
a00045575	299607
a00045576	299608
a00045577	299609
a00045578	299610
a00045579	299611
a00045580	299612
a00045581	299613
a00045582	299614
a00045583	299615
a00045584	299616
a00045585	299617
a00045586	299618
a00045587	299619
a00045588	299620
a00045589	299621
a00045590	299622
a00045591	299623
a00045592	299624
a00045593	299625
a00045594	299626
a00045595	299627
a00045596	299628
a00045597	299629
a00045598	299630
a00045599	299631
a00045600	299632
a00045601	299633
a00045602	299634
a00045603	299635
a00045604	299636
a00045605	299637
a00045606	299638
a00045607	299639
a00045608	299640
a00045609	299641
a00045610	299642
a00045611	299643
a00045612	299644
a00045613	299645
a00045614	299646
a00045615	299647
a00045616	299648
a00045617	299649
a00045618	299650
a00045619	299651
a00045620	299652
a00045621	299653
a00045622	299654
a00045623	299655
a00045624	299656
a00045625	299657
a00045626	299658
a00045627	299659
a00045628	299660
a00045629	299661
a00045630	299662
a00045631	299663
a00045632	299664
a00045633	299665
a00045634	299666
a00045635	299667
a00045636	299668
a00045637	299669
a00045638	299670
a00045639	299671
a00045640	299672
a00045641	299673
a00045642	299674
a00045643	299675
a00045644	299676
a00045645	299677
a00045646	299678
a00045647	299679
a00045648	299680
a00045649	299681
a00045650	299682
a00045651	299683
a00045652	299684
a00045653	299685
a00045654	299686
a00045655	299687
a00045656	299688
a00045657	299689
a00045658	299690
a00045659	299691
a00045660	299692
a00045661	299693
a00045662	299694
a00045663	299695
a00045664	299696
a00045665	299697
a00045666	299698
a00045667	299699
a00045668	299700
a00045669	299701
a00045670	299702
a00045671	299703
a00045672	299704
a00045673	299705
a00045674	299706
a00045675	299707
a00045676	299708
a00045677	299709
a00045678	299710
a00045679	299711
a00045680	299712
a00045681	299713
a00045682	299714
a00045683	299715
a00045684	299716
a00045685	299717
a00045686	299718
a00045687	299719
a00045688	299720
a00045689	299721
a00045690	299722
a00045691	299723
a00045692	299724
a00045693	299725
a00045694	299726
a00045695	299727
a00045696	299728
a00045697	299729
a00045698	299730
a00045699	299731
a00045700	299732
a00045701	299733
a00045702	299734
a00045703	299735
a00045704	299736
a00045705	299737
a00045706	299738
a00045707	299739
a00045708	299740
a00045709	299741
a00045710	299742
a00045711	299743
a00045712	299744
a00045713	299745
a00045714	299746
a00045715	299747
a00045716	299748
a00045717	299749
a00045718	299750
a00045719	299751
a00045720	299752
a00045721	299753
a00045722	299754
a00045723	299755
a00045724	299756
a00045725	299757
a00045726	299758
a00045727	299759
a00045728	299760
a00045729	299761
a00045730	299762
a00045731	299763
a00045732	299764
a00045733	299765
a00045734	299766
a00045735	299767
a00045736	299768
a00045737	299769
a00045738	299770
a00045739	299771
a00045740	299772
a00045741	299773
a00045742	299774
a00045743	299775
a00045744	299776
a00045745	299777
a00045746	299778
a00045747	299779
a00045748	299780
a00045749	299781
a00045750	299782
a00045751	299783
a00045752	299784
a00045753	299785
a00045754	299786
a00045755	299787
a00045756	299788
a00045757	299789
a00045758	299790
a00045759	299791
a00045760	299792
a00045761	299793
a00045762	299794
a00045763	299795
a00045764	299796
a00045765	299797
a00045766	299798
a00045767	299799
a00045768	299800
a00045769	299801
a00045770	299802
a00045771	299803
a00045772	299804
a00045773	299805
a00045774	299806
a00045775	299807
a00045776	299808
a00045777	299809
a00045778	299810
a00045779	299811
a00045780	299812
a00045781	299813
a00045782	299814
a00045783	299815
a00045784	299816
a00045785	299817
a00045786	299818
a00045787	299819
a00045788	299820
a00045789	299821
a00045790	299822
a00045791	299823
a00045792	299824
a00045793	299825
a00045794	299826
a00045795	299827
a00045796	299828
a00045797	299829
a00045798	299830
a00045799	299831
a00045800	299832
a00045801	299833
a00045802	299834
a00045803	299835
a00045804	299836
a00045805	299837
a00045806	299838
a00045807	299839
a00045808	299840
a00045809	299841
a00045810	299842
a00045811	299843
a00045812	299844
a00045813	299845
a00045814	299846
a00045815	299847
a00045816	299848
a00045817	299849
a00045818	299850
a00045819	299851
a00045820	299852
a00045821	299853
a00045822	299854
a00045823	299855
a00045824	299856
a00045825	299857
a00045826	299858
a00045827	299859
a00045828	299860
a00045829	299861
a00045830	299862
a00045831	299863
a00045832	299864
a00045833	299865
a00045834	299866
a00045835	299867
a00045836	299868
a00045837	299869
a00045838	299870
a00045839	299871
a00045840	299872
a00045841	299873
a00045842	299874
a00045843	299875
a00045844	299876
a00045845	299877
a00045846	299878
a00045847	299879
a00045848	299880
a00045849	299881
a00045850	299882
a00045851	299883
a00045852	299884
a00045853	299885
a00045854	299886
a00045855	299887
a00045856	299888
a00045857	299889
a00045858	299890
a00045859	299891
a00045860	299892
a00045861	299893
a00045862	299894
a00045863	299895
a00045864	299896
a00045865	299897
a00045866	299898
a00045867	299899
a00045868	299900
a00045869	299901
a00045870	299902
a00045871	299903
a00045872	299904
a00045873	299905
a00045874	299906
a00045875	299907
a00045876	299908
a00045877	299909
a00045878	299910
a00045879	299911
a00045880	299912
a00045881	299913
a00045882	299914
a00045883	299915
a00045884	299916
a00045885	299917
a00045886	299918
a00045887	299919
a00045888	299920
a00045889	299921
a00045890	299922
a00045891	299923
a00045892	299924
a00045893	299925
a00045894	299926
a00045895	299927
a00045896	299928
a00045897	299929
a00045898	299930
a00045899	299931
a00045900	299932
a00045901	299933
a00045902	299934
a00045903	299935
a00045904	299936
a00045905	299937
a00045906	299938
a00045907	299939
a00045908	299940
a00045909	299941
a00045910	299942
a00045911	299943
a00045912	299944
a00045913	299945
a00045914	299946
a00045915	299947
a00045916	299948
a00045917	299949
a00045918	299950
a00045919	299951
a00045920	299952
a00045921	299953
a00045922	299954
a00045923	299955
a00045924	299956
a00045925	299957
a00045926	299958
a00045927	299959
a00045928	299960
a00045929	299961
a00045930	299962
a00045931	299963
a00045932	299964
a00045933	299965
a00045934	299966
a00045935	299967
a00045936	299968
a00045937	299969
a00045938	299970
a00045939	299971
a00045940	299972
a00045941	299973
a00045942	299974
a00045943	299975
a00045944	299976
a00045945	299977
a00045946	299978
a00045947	299979
a00045948	299980
a00045949	299981
a00045950	299982
a00045951	299983
a00045952	299984
a00045953	299985
a00045954	299986
a00045955	299987
a00045956	299988
a00045957	299989
a00045958	299990
a00045959	299991
a00045960	299992
a00045961	299993
a00045962	299994
a00045963	299995
a00045964	299996
a00045965	299997
a00045966	299998
a00045967	299999
a00045968	300000
a00045969	300001
a00045970	300002
a00045971	300003
a00045972	300004
a00045973	300005
a00045974	300006
a00045975	300007
a00045976	300008
a00045977	300009
a00045978	300010
a00045979	300011
a00045980	300012
a00045981	300013
a00045982	300014
a00045983	300015
a00045984	300016
a00045985	300017
a00045986	300018
a00045987	300019
a00045988	300020
a00045989	300021
a00045990	300022
a00045991	300023
a00045992	300024
a00045993	300025
a00045994	300026
a00045995	300027
a00045996	300028
a00045997	300029
a00045998	300030
a00045999	300031
a00046000	300032
a00046001	300033
a00046002	300034
a00046003	300035
a00046004	300036
a00046005	300037
a00046006	300038
a00046007	300039
a00046008	300040
a00046009	300041
a00046010	300042
a00046011	300043
a00046012	300044
a00046013	300045
a00046014	300046
a00046015	300047
a00046016	300048
a00046017	300049
a00046018	300050
a00046019	300051
a00046020	300052
a00046021	300053
a00046022	300054
a00046023	300055
a00046024	300056
a00046025	300057
a00046026	300058
a00046027	300059
a00046028	300060
a00046029	300061
a00046030	300062
a00046031	300063
a00046032	300064
a00046033	300065
a00046034	300066
a00046035	300067
a00046036	300068
a00046037	300069
a00046038	300070
a00046039	300071
a00046040	300072
a00046041	300073
a00046042	300074
a00046043	300075
a00046044	300076
a00046045	300077
a00046046	300078
a00046047	300079
a00046048	300080
a00046049	300081
a00046050	300082
a00046051	300083
a00046052	300084
a00046053	300085
a00046054	300086
a00046055	300087
a00046056	300088
a00046057	300089
a00046058	300090
a00046059	300091
a00046060	300092
a00046061	300093
a00046062	300094
a00046063	300095
a00046064	300096
a00046065	300097
a00046066	300098
a00046067	300099
a00046068	300100
a00046069	300101
a00046070	300102
a00046071	300103
a00046072	300104
a00046073	300105
a00046074	300106
a00046075	300107
a00046076	300108
a00046077	300109
a00046078	300110
a00046079	300111
a00046080	300112
a00046081	300113
a00046082	300114
a00046083	300115
a00046084	300116
a00046085	300117
a00046086	300118
a00046087	300119
a00046088	300120
a00046089	300121
a00046090	300122
a00046091	300123
a00046092	300124
a00046093	300125
a00046094	300126
a00046095	300127
a00046096	300128
a00046097	300129
a00046098	300130
a00046099	300131
a00046100	300132
a00046101	300133
a00046102	300134
a00046103	300135
a00046104	300136
a00046105	300137
a00046106	300138
a00046107	300139
a00046108	300140
a00046109	300141
a00046110	300142
a00046111	300143
a00046112	300144
a00046113	300145
a00046114	300146
a00046115	300147
a00046116	300148
a00046117	300149
a00046118	300150
a00046119	300151
a00046120	300152
a00046121	300153
a00046122	300154
a00046123	300155
a00046124	300156
a00046125	300157
a00046126	300158
a00046127	300159
a00046128	300160
a00046129	300161
a00046130	300162
a00046131	300163
a00046132	300164
a00046133	300165
a00046134	300166
a00046135	300167
a00046136	300168
a00046137	300169
a00046138	300170
a00046139	300171
a00046140	300172
a00046141	300173
a00046142	300174
a00046143	300175
a00046144	300176
a00046145	300177
a00046146	300178
a00046147	300179
a00046148	300180
a00046149	300181
a00046150	300182
a00046151	300183
a00046152	300184
a00046153	300185
a00046154	300186
a00046155	300187
a00046156	300188
a00046157	300189
a00046158	300190
a00046159	300191
a00046160	300192
a00046161	300193
a00046162	300194
a00046163	300195
a00046164	300196
a00046165	300197
a00046166	300198
a00046167	300199
a00046168	300200
a00046169	300201
a00046170	300202
a00046171	300203
a00046172	300204
a00046173	300205
a00046174	300206
a00046175	300207
a00046176	300208
a00046177	300209
a00046178	300210
a00046179	300211
a00046180	300212
a00046181	300213
a00046182	300214
a00046183	300215
a00046184	300216
a00046185	300217
a00046186	300218
a00046187	300219
a00046188	300220
a00046189	300221
a00046190	300222
a00046191	300223
a00046192	300224
a00046193	300225
a00046194	300226
a00046195	300227
a00046196	300228
a00046197	300229
a00046198	300230
a00046199	300231
a00046200	300232
a00046201	300233
a00046202	300234
a00046203	300235
a00046204	300236
a00046205	300237
a00046206	300238
a00046207	300239
a00046208	300240
a00046209	300241
a00046210	300242
a00046211	300243
a00046212	300244
a00046213	300245
a00046214	300246
a00046215	300247
a00046216	300248
a00046217	300249
a00046218	300250
a00046219	300251
a00046220	300252
a00046221	300253
a00046222	300254
a00046223	300255
a00046224	300256
a00046225	300257
a00046226	300258
a00046227	300259
a00046228	300260
a00046229	300261
a00046230	300262
a00046231	300263
a00046232	300264
a00046233	300265
a00046234	300266
a00046235	300267
a00046236	300268
a00046237	300269
a00046238	300270
a00046239	300271
a00046240	300272
a00046241	300273
a00046242	300274
a00046243	300275
a00046244	300276
a00046245	300277
a00046246	300278
a00046247	300279
a00046248	300280
a00046249	300281
a00046250	300282
a00046251	300283
a00046252	300284
a00046253	300285
a00046254	300286
a00046255	300287
a00046256	300288
a00046257	300289
a00046258	300290
a00046259	300291
a00046260	300292
a00046261	300293
a00046262	300294
a00046263	300295
a00046264	300296
a00046265	300297
a00046266	300298
a00046267	300299
a00046268	300300
a00046269	300301
a00046270	300302
a00046271	300303
a00046272	300304
a00046273	300305
a00046274	300306
a00046275	300307
a00046276	300308
a00046277	300309
a00046278	300310
a00046279	300311
a00046280	300312
a00046281	300313
a00046282	300314
a00046283	300315
a00046284	300316
a00046285	300317
a00046286	300318
a00046287	300319
a00046288	300320
a00046289	300321
a00046290	300322
a00046291	300323
a00046292	300324
a00046293	300325
a00046294	300326
a00046295	300327
a00046296	300328
a00046297	300329
a00046298	300330
a00046299	300331
a00046300	300332
a00046301	300333
a00046302	300334
a00046303	300335
a00046304	300336
a00046305	300337
a00046306	300338
a00046307	300339
a00046308	300340
a00046309	300341
a00046310	300342
a00046311	300343
a00046312	300344
a00046313	300345
a00046314	300346
a00046315	300347
a00046316	300348
a00046317	300349
a00046318	300350
a00046319	300351
a00046320	300352
a00046321	300353
a00046322	300354
a00046323	300355
a00046324	300356
a00046325	300357
a00046326	300358
a00046327	300359
a00046328	300360
a00046329	300361
a00046330	300362
a00046331	300363
a00046332	300364
a00046333	300365
a00046334	300366
a00046335	300367
a00046336	300368
a00046337	300369
a00046338	300370
a00046339	300371
a00046340	300372
a00046341	300373
a00046342	300374
a00046343	300375
a00046344	300376
a00046345	300377
a00046346	300378
a00046347	300379
a00046348	300380
a00046349	300381
a00046350	300382
a00046351	300383
a00046352	300384
a00046353	300385
a00046354	300386
a00046355	300387
a00046356	300388
a00046357	300389
a00046358	300390
a00046359	300391
a00046360	300392
a00046361	300393
a00046362	300394
a00046363	300395
a00046364	300396
a00046365	300397
a00046366	300398
a00046367	300399
a00046368	300400
a00046369	300401
a00046370	300402
a00046371	300403
a00046372	300404
a00046373	300405
a00046374	300406
a00046375	300407
a00046376	300408
a00046377	300409
a00046378	300410
a00046379	300411
a00046380	300412
a00046381	300413
a00046382	300414
a00046383	300415
a00046384	300416
a00046385	300417
a00046386	300418
a00046387	300419
a00046388	300420
a00046389	300421
a00046390	300422
a00046391	300423
a00046392	300424
a00046393	300425
a00046394	300426
a00046395	300427
a00046396	300428
a00046397	300429
a00046398	300430
a00046399	300431
a00046400	300432
a00046401	300433
a00046402	300434
a00046403	300435
a00046404	300436
a00046405	300437
a00046406	300438
a00046407	300439
a00046408	300440
a00046409	300441
a00046410	300442
a00046411	300443
a00046412	300444
a00046413	300445
a00046414	300446
a00046415	300447
a00046416	300448
a00046417	300449
a00046418	300450
a00046419	300451
a00046420	300452
a00046421	300453
a00046422	300454
a00046423	300455
a00046424	300456
a00046425	300457
a00046426	300458
a00046427	300459
a00046428	300460
a00046429	300461
a00046430	300462
a00046431	300463
a00046432	300464
a00046433	300465
a00046434	300466
a00046435	300467
a00046436	300468
a00046437	300469
a00046438	300470
a00046439	300471
a00046440	300472
a00046441	300473
a00046442	300474
a00046443	300475
a00046444	300476
a00046445	300477
a00046446	300478
a00046447	300479
a00046448	300480
a00046449	300481
a00046450	300482
a00046451	300483
a00046452	300484
a00046453	300485
a00046454	300486
a00046455	300487
a00046456	300488
a00046457	300489
a00046458	300490
a00046459	300491
a00046460	300492
a00046461	300493
a00046462	300494
a00046463	300495
a00046464	300496
a00046465	300497
a00046466	300498
a00046467	300499
a00046468	300500
a00046469	300501
a00046470	300502
a00046471	300503
a00046472	300504
a00046473	300505
a00046474	300506
a00046475	300507
a00046476	300508
a00046477	300509
a00046478	300510
a00046479	300511
a00046480	300512
a00046481	300513
a00046482	300514
a00046483	300515
a00046484	300516
a00046485	300517
a00046486	300518
a00046487	300519
a00046488	300520
a00046489	300521
a00046490	300522
a00046491	300523
a00046492	300524
a00046493	300525
a00046494	300526
a00046495	300527
a00046496	300528
a00046497	300529
a00046498	300530
a00046499	300531
a00046500	300532
a00046501	300533
a00046502	300534
a00046503	300535
a00046504	300536
a00046505	300537
a00046506	300538
a00046507	300539
a00046508	300540
a00046509	300541
a00046510	300542
a00046511	300543
a00046512	300544
a00046513	300545
a00046514	300546
a00046515	300547
a00046516	300548
a00046517	300549
a00046518	300550
a00046519	300551
a00046520	300552
a00046521	300553
a00046522	300554
a00046523	300555
a00046524	300556
a00046525	300557
a00046526	300558
a00046527	300559
a00046528	300560
a00046529	300561
a00046530	300562
a00046531	300563
a00046532	300564
a00046533	300565
a00046534	300566
a00046535	300567
a00046536	300568
a00046537	300569
a00046538	300570
a00046539	300571
a00046540	300572
a00046541	300573
a00046542	300574
a00046543	300575
a00046544	300576
a00046545	300577
a00046546	300578
a00046547	300579
a00046548	300580
a00046549	300581
a00046550	300582
a00046551	300583
a00046552	300584
a00046553	300585
a00046554	300586
a00046555	300587
a00046556	300588
a00046557	300589
a00046558	300590
a00046559	300591
a00046560	300592
a00046561	300593
a00046562	300594
a00046563	300595
a00046564	300596
a00046565	300597
a00046566	300598
a00046567	300599
a00046568	300600
a00046569	300601
a00046570	300602
a00046571	300603
a00046572	300604
a00046573	300605
a00046574	300606
a00046575	300607
a00046576	300608
a00046577	300609
a00046578	300610
a00046579	300611
a00046580	300612
a00046581	300613
a00046582	300614
a00046583	300615
a00046584	300616
a00046585	300617
a00046586	300618
a00046587	300619
a00046588	300620
a00046589	300621
a00046590	300622
a00046591	300623
a00046592	300624
a00046593	300625
a00046594	300626
a00046595	300627
a00046596	300628
a00046597	300629
a00046598	300630
a00046599	300631
a00046600	300632
a00046601	300633
a00046602	300634
a00046603	300635
a00046604	300636
a00046605	300637
a00046606	300638
a00046607	300639
a00046608	300640
a00046609	300641
a00046610	300642
a00046611	300643
a00046612	300644
a00046613	300645
a00046614	300646
a00046615	300647
a00046616	300648
a00046617	300649
a00046618	300650
a00046619	300651
a00046620	300652
a00046621	300653
a00046622	300654
a00046623	300655
a00046624	300656
a00046625	300657
a00046626	300658
a00046627	300659
a00046628	300660
a00046629	300661
a00046630	300662
a00046631	300663
a00046632	300664
a00046633	300665
a00046634	300666
a00046635	300667
a00046636	300668
a00046637	300669
a00046638	300670
a00046639	300671
a00046640	300672
a00046641	300673
a00046642	300674
a00046643	300675
a00046644	300676
a00046645	300677
a00046646	300678
a00046647	300679
a00046648	300680
a00046649	300681
a00046650	300682
a00046651	300683
a00046652	300684
a00046653	300685
a00046654	300686
a00046655	300687
a00046656	300688
a00046657	300689
a00046658	300690
a00046659	300691
a00046660	300692
a00046661	300693
a00046662	300694
a00046663	300695
a00046664	300696
a00046665	300697
a00046666	300698
a00046667	300699
a00046668	300700
a00046669	300701
a00046670	300702
a00046671	300703
a00046672	300704
a00046673	300705
a00046674	300706
a00046675	300707
a00046676	300708
a00046677	300709
a00046678	300710
a00046679	300711
a00046680	300712
a00046681	300713
a00046682	300714
a00046683	300715
a00046684	300716
a00046685	300717
a00046686	300718
a00046687	300719
a00046688	300720
a00046689	300721
a00046690	300722
a00046691	300723
a00046692	300724
a00046693	300725
a00046694	300726
a00046695	300727
a00046696	300728
a00046697	300729
a00046698	300730
a00046699	300731
a00046700	300732
a00046701	300733
a00046702	300734
a00046703	300735
a00046704	300736
a00046705	300737
a00046706	300738
a00046707	300739
a00046708	300740
a00046709	300741
a00046710	300742
a00046711	300743
a00046712	300744
a00046713	300745
a00046714	300746
a00046715	300747
a00046716	300748
a00046717	300749
a00046718	300750
a00046719	300751
a00046720	300752
a00046721	300753
a00046722	300754
a00046723	300755
a00046724	300756
a00046725	300757
a00046726	300758
a00046727	300759
a00046728	300760
a00046729	300761
a00046730	300762
a00046731	300763
a00046732	300764
a00046733	300765
a00046734	300766
a00046735	300767
a00046736	300768
a00046737	300769
a00046738	300770
a00046739	300771
a00046740	300772
a00046741	300773
a00046742	300774
a00046743	300775
a00046744	300776
a00046745	300777
a00046746	300778
a00046747	300779
a00046748	300780
a00046749	300781
a00046750	300782
a00046751	300783
a00046752	300784
a00046753	300785
a00046754	300786
a00046755	300787
a00046756	300788
a00046757	300789
a00046758	300790
a00046759	300791
a00046760	300792
a00046761	300793
a00046762	300794
a00046763	300795
a00046764	300796
a00046765	300797
a00046766	300798
a00046767	300799
a00046768	300800
a00046769	300801
a00046770	300802
a00046771	300803
a00046772	300804
a00046773	300805
a00046774	300806
a00046775	300807
a00046776	300808
a00046777	300809
a00046778	300810
a00046779	300811
a00046780	300812
a00046781	300813
a00046782	300814
a00046783	300815
a00046784	300816
a00046785	300817
a00046786	300818
a00046787	300819
a00046788	300820
a00046789	300821
a00046790	300822
a00046791	300823
a00046792	300824
a00046793	300825
a00046794	300826
a00046795	300827
a00046796	300828
a00046797	300829
a00046798	300830
a00046799	300831
a00046800	300832
a00046801	300833
a00046802	300834
a00046803	300835
a00046804	300836
a00046805	300837
a00046806	300838
a00046807	300839
a00046808	300840
a00046809	300841
a00046810	300842
a00046811	300843
a00046812	300844
a00046813	300845
a00046814	300846
a00046815	300847
a00046816	300848
a00046817	300849
a00046818	300850
a00046819	300851
a00046820	300852
a00046821	300853
a00046822	300854
a00046823	300855
a00046824	300856
a00046825	300857
a00046826	300858
a00046827	300859
a00046828	300860
a00046829	300861
a00046830	300862
a00046831	300863
a00046832	300864
a00046833	300865
a00046834	300866
a00046835	300867
a00046836	300868
a00046837	300869
a00046838	300870
a00046839	300871
a00046840	300872
a00046841	300873
a00046842	300874
a00046843	300875
a00046844	300876
a00046845	300877
a00046846	300878
a00046847	300879
a00046848	300880
a00046849	300881
a00046850	300882
a00046851	300883
a00046852	300884
a00046853	300885
a00046854	300886
a00046855	300887
a00046856	300888
a00046857	300889
a00046858	300890
a00046859	300891
a00046860	300892
a00046861	300893
a00046862	300894
a00046863	300895
a00046864	300896
a00046865	300897
a00046866	300898
a00046867	300899
a00046868	300900
a00046869	300901
a00046870	300902
a00046871	300903
a00046872	300904
a00046873	300905
a00046874	300906
a00046875	300907
a00046876	300908
a00046877	300909
a00046878	300910
a00046879	300911
a00046880	300912
a00046881	300913
a00046882	300914
a00046883	300915
a00046884	300916
a00046885	300917
a00046886	300918
a00046887	300919
a00046888	300920
a00046889	300921
a00046890	300922
a00046891	300923
a00046892	300924
a00046893	300925
a00046894	300926
a00046895	300927
a00046896	300928
a00046897	300929
a00046898	300930
a00046899	300931
a00046900	300932
a00046901	300933
a00046902	300934
a00046903	300935
a00046904	300936
a00046905	300937
a00046906	300938
a00046907	300939
a00046908	300940
a00046909	300941
a00046910	300942
a00046911	300943
a00046912	300944
a00046913	300945
a00046914	300946
a00046915	300947
a00046916	300948
a00046917	300949
a00046918	300950
a00046919	300951
a00046920	300952
a00046921	300953
a00046922	300954
a00046923	300955
a00046924	300956
a00046925	300957
a00046926	300958
a00046927	300959
a00046928	300960
a00046929	300961
a00046930	300962
a00046931	300963
a00046932	300964
a00046933	300965
a00046934	300966
a00046935	300967
a00046936	300968
a00046937	300969
a00046938	300970
a00046939	300971
a00046940	300972
a00046941	300973
a00046942	300974
a00046943	300975
a00046944	300976
a00046945	300977
a00046946	300978
a00046947	300979
a00046948	300980
a00046949	300981
a00046950	300982
a00046951	300983
a00046952	300984
a00046953	300985
a00046954	300986
a00046955	300987
a00046956	300988
a00046957	300989
a00046958	300990
a00046959	300991
a00046960	300992
a00046961	300993
a00046962	300994
a00046963	300995
a00046964	300996
a00046965	300997
a00046966	300998
a00046967	300999
a00046968	301000
a00046969	301001
a00046970	301002
a00046971	301003
a00046972	301004
a00046973	301005
a00046974	301006
a00046975	301007
a00046976	301008
a00046977	301009
a00046978	301010
a00046979	301011
a00046980	301012
a00046981	301013
a00046982	301014
a00046983	301015
a00046984	301016
a00046985	301017
a00046986	301018
a00046987	301019
a00046988	301020
a00046989	301021
a00046990	301022
a00046991	301023
a00046992	301024
a00046993	301025
a00046994	301026
a00046995	301027
a00046996	301028
a00046997	301029
a00046998	301030
a00046999	301031
a00047000	301032
a00047001	301033
a00047002	301034
a00047003	301035
a00047004	301036
a00047005	301037
a00047006	301038
a00047007	301039
a00047008	301040
a00047009	301041
a00047010	301042
a00047011	301043
a00047012	301044
a00047013	301045
a00047014	301046
a00047015	301047
a00047016	301048
a00047017	301049
a00047018	301050
a00047019	301051
a00047020	301052
a00047021	301053
a00047022	301054
a00047023	301055
a00047024	301056
a00047025	301057
a00047026	301058
a00047027	301059
a00047028	301060
a00047029	301061
a00047030	301062
a00047031	301063
a00047032	301064
a00047033	301065
a00047034	301066
a00047035	301067
a00047036	301068
a00047037	301069
a00047038	301070
a00047039	301071
a00047040	301072
a00047041	301073
a00047042	301074
a00047043	301075
a00047044	301076
a00047045	301077
a00047046	301078
a00047047	301079
a00047048	301080
a00047049	301081
a00047050	301082
a00047051	301083
a00047052	301084
a00047053	301085
a00047054	301086
a00047055	301087
a00047056	301088
a00047057	301089
a00047058	301090
a00047059	301091
a00047060	301092
a00047061	301093
a00047062	301094
a00047063	301095
a00047064	301096
a00047065	301097
a00047066	301098
a00047067	301099
a00047068	301100
a00047069	301101
a00047070	301102
a00047071	301103
a00047072	301104
a00047073	301105
a00047074	301106
a00047075	301107
a00047076	301108
a00047077	301109
a00047078	301110
a00047079	301111
a00047080	301112
a00047081	301113
a00047082	301114
a00047083	301115
a00047084	301116
a00047085	301117
a00047086	301118
a00047087	301119
a00047088	301120
a00047089	301121
a00047090	301122
a00047091	301123
a00047092	301124
a00047093	301125
a00047094	301126
a00047095	301127
a00047096	301128
a00047097	301129
a00047098	301130
a00047099	301131
a00047100	301132
a00047101	301133
a00047102	301134
a00047103	301135
a00047104	301136
a00047105	301137
a00047106	301138
a00047107	301139
a00047108	301140
a00047109	301141
a00047110	301142
a00047111	301143
a00047112	301144
a00047113	301145
a00047114	301146
a00047115	301147
a00047116	301148
a00047117	301149
a00047118	301150
a00047119	301151
a00047120	301152
a00047121	301153
a00047122	301154
a00047123	301155
a00047124	301156
a00047125	301157
a00047126	301158
a00047127	301159
a00047128	301160
a00047129	301161
a00047130	301162
a00047131	301163
a00047132	301164
a00047133	301165
a00047134	301166
a00047135	301167
a00047136	301168
a00047137	301169
a00047138	301170
a00047139	301171
a00047140	301172
a00047141	301173
a00047142	301174
a00047143	301175
a00047144	301176
a00047145	301177
a00047146	301178
a00047147	301179
a00047148	301180
a00047149	301181
a00047150	301182
a00047151	301183
a00047152	301184
a00047153	301185
a00047154	301186
a00047155	301187
a00047156	301188
a00047157	301189
a00047158	301190
a00047159	301191
a00047160	301192
a00047161	301193
a00047162	301194
a00047163	301195
a00047164	301196
a00047165	301197
a00047166	301198
a00047167	301199
a00047168	301200
a00047169	301201
a00047170	301202
a00047171	301203
a00047172	301204
a00047173	301205
a00047174	301206
a00047175	301207
a00047176	301208
a00047177	301209
a00047178	301210
a00047179	301211
a00047180	301212
a00047181	301213
a00047182	301214
a00047183	301215
a00047184	301216
a00047185	301217
a00047186	301218
a00047187	301219
a00047188	301220
a00047189	301221
a00047190	301222
a00047191	301223
a00047192	301224
a00047193	301225
a00047194	301226
a00047195	301227
a00047196	301228
a00047197	301229
a00047198	301230
a00047199	301231
a00047200	301232
a00047201	301233
a00047202	301234
a00047203	301235
a00047204	301236
a00047205	301237
a00047206	301238
a00047207	301239
a00047208	301240
a00047209	301241
a00047210	301242
a00047211	301243
a00047212	301244
a00047213	301245
a00047214	301246
a00047215	301247
a00047216	301248
a00047217	301249
a00047218	301250
a00047219	301251
a00047220	301252
a00047221	301253
a00047222	301254
a00047223	301255
a00047224	301256
a00047225	301257
a00047226	301258
a00047227	301259
a00047228	301260
a00047229	301261
a00047230	301262
a00047231	301263
a00047232	301264
a00047233	301265
a00047234	301266
a00047235	301267
a00047236	301268
a00047237	301269
a00047238	301270
a00047239	301271
a00047240	301272
a00047241	301273
a00047242	301274
a00047243	301275
a00047244	301276
a00047245	301277
a00047246	301278
a00047247	301279
a00047248	301280
a00047249	301281
a00047250	301282
a00047251	301283
a00047252	301284
a00047253	301285
a00047254	301286
a00047255	301287
a00047256	301288
a00047257	301289
a00047258	301290
a00047259	301291
a00047260	301292
a00047261	301293
a00047262	301294
a00047263	301295
a00047264	301296
a00047265	301297
a00047266	301298
a00047267	301299
a00047268	301300
a00047269	301301
a00047270	301302
a00047271	301303
a00047272	301304
a00047273	301305
a00047274	301306
a00047275	301307
a00047276	301308
a00047277	301309
a00047278	301310
a00047279	301311
a00047280	301312
a00047281	301313
a00047282	301314
a00047283	301315
a00047284	301316
a00047285	301317
a00047286	301318
a00047287	301319
a00047288	301320
a00047289	301321
a00047290	301322
a00047291	301323
a00047292	301324
a00047293	301325
a00047294	301326
a00047295	301327
a00047296	301328
a00047297	301329
a00047298	301330
a00047299	301331
a00047300	301332
a00047301	301333
a00047302	301334
a00047303	301335
a00047304	301336
a00047305	301337
a00047306	301338
a00047307	301339
a00047308	301340
a00047309	301341
a00047310	301342
a00047311	301343
a00047312	301344
a00047313	301345
a00047314	301346
a00047315	301347
a00047316	301348
a00047317	301349
a00047318	301350
a00047319	301351
a00047320	301352
a00047321	301353
a00047322	301354
a00047323	301355
a00047324	301356
a00047325	301357
a00047326	301358
a00047327	301359
a00047328	301360
a00047329	301361
a00047330	301362
a00047331	301363
a00047332	301364
a00047333	301365
a00047334	301366
a00047335	301367
a00047336	301368
a00047337	301369
a00047338	301370
a00047339	301371
a00047340	301372
a00047341	301373
a00047342	301374
a00047343	301375
a00047344	301376
a00047345	301377
a00047346	301378
a00047347	301379
a00047348	301380
a00047349	301381
a00047350	301382
a00047351	301383
a00047352	301384
a00047353	301385
a00047354	301386
a00047355	301387
a00047356	301388
a00047357	301389
a00047358	301390
a00047359	301391
a00047360	301392
a00047361	301393
a00047362	301394
a00047363	301395
a00047364	301396
a00047365	301397
a00047366	301398
a00047367	301399
a00047368	301400
a00047369	301401
a00047370	301402
a00047371	301403
a00047372	301404
a00047373	301405
a00047374	301406
a00047375	301407
a00047376	301408
a00047377	301409
a00047378	301410
a00047379	301411
a00047380	301412
a00047381	301413
a00047382	301414
a00047383	301415
a00047384	301416
a00047385	301417
a00047386	301418
a00047387	301419
a00047388	301420
a00047389	301421
a00047390	301422
a00047391	301423
a00047392	301424
a00047393	301425
a00047394	301426
a00047395	301427
a00047396	301428
a00047397	301429
a00047398	301430
a00047399	301431
a00047400	301432
a00047401	301433
a00047402	301434
a00047403	301435
a00047404	301436
a00047405	301437
a00047406	301438
a00047407	301439
a00047408	301440
a00047409	301441
a00047410	301442
a00047411	301443
a00047412	301444
a00047413	301445
a00047414	301446
a00047415	301447
a00047416	301448
a00047417	301449
a00047418	301450
a00047419	301451
a00047420	301452
a00047421	301453
a00047422	301454
a00047423	301455
a00047424	301456
a00047425	301457
a00047426	301458
a00047427	301459
a00047428	301460
a00047429	301461
a00047430	301462
a00047431	301463
a00047432	301464
a00047433	301465
a00047434	301466
a00047435	301467
a00047436	301468
a00047437	301469
a00047438	301470
a00047439	301471
a00047440	301472
a00047441	301473
a00047442	301474
a00047443	301475
a00047444	301476
a00047445	301477
a00047446	301478
a00047447	301479
a00047448	301480
a00047449	301481
a00047450	301482
a00047451	301483
a00047452	301484
a00047453	301485
a00047454	301486
a00047455	301487
a00047456	301488
a00047457	301489
a00047458	301490
a00047459	301491
a00047460	301492
a00047461	301493
a00047462	301494
a00047463	301495
a00047464	301496
a00047465	301497
a00047466	301498
a00047467	301499
a00047468	301500
a00047469	301501
a00047470	301502
a00047471	301503
a00047472	301504
a00047473	301505
a00047474	301506
a00047475	301507
a00047476	301508
a00047477	301509
a00047478	301510
a00047479	301511
a00047480	301512
a00047481	301513
a00047482	301514
a00047483	301515
a00047484	301516
a00047485	301517
a00047486	301518
a00047487	301519
a00047488	301520
a00047489	301521
a00047490	301522
a00047491	301523
a00047492	301524
a00047493	301525
a00047494	301526
a00047495	301527
a00047496	301528
a00047497	301529
a00047498	301530
a00047499	301531
a00047500	301532
a00047501	301533
a00047502	301534
a00047503	301535
a00047504	301536
a00047505	301537
a00047506	301538
a00047507	301539
a00047508	301540
a00047509	301541
a00047510	301542
a00047511	301543
a00047512	301544
a00047513	301545
a00047514	301546
a00047515	301547
a00047516	301548
a00047517	301549
a00047518	301550
a00047519	301551
a00047520	301552
a00047521	301553
a00047522	301554
a00047523	301555
a00047524	301556
a00047525	301557
a00047526	301558
a00047527	301559
a00047528	301560
a00047529	301561
a00047530	301562
a00047531	301563
a00047532	301564
a00047533	301565
a00047534	301566
a00047535	301567
a00047536	301568
a00047537	301569
a00047538	301570
a00047539	301571
a00047540	301572
a00047541	301573
a00047542	301574
a00047543	301575
a00047544	301576
a00047545	301577
a00047546	301578
a00047547	301579
a00047548	301580
a00047549	301581
a00047550	301582
a00047551	301583
a00047552	301584
a00047553	301585
a00047554	301586
a00047555	301587
a00047556	301588
a00047557	301589
a00047558	301590
a00047559	301591
a00047560	301592
a00047561	301593
a00047562	301594
a00047563	301595
a00047564	301596
a00047565	301597
a00047566	301598
a00047567	301599
a00047568	301600
a00047569	301601
a00047570	301602
a00047571	301603
a00047572	301604
a00047573	301605
a00047574	301606
a00047575	301607
a00047576	301608
a00047577	301609
a00047578	301610
a00047579	301611
a00047580	301612
a00047581	301613
a00047582	301614
a00047583	301615
a00047584	301616
a00047585	301617
a00047586	301618
a00047587	301619
a00047588	301620
a00047589	301621
a00047590	301622
a00047591	301623
a00047592	301624
a00047593	301625
a00047594	301626
a00047595	301627
a00047596	301628
a00047597	301629
a00047598	301630
a00047599	301631
a00047600	301632
a00047601	301633
a00047602	301634
a00047603	301635
a00047604	301636
a00047605	301637
a00047606	301638
a00047607	301639
a00047608	301640
a00047609	301641
a00047610	301642
a00047611	301643
a00047612	301644
a00047613	301645
a00047614	301646
a00047615	301647
a00047616	301648
a00047617	301649
a00047618	301650
a00047619	301651
a00047620	301652
a00047621	301653
a00047622	301654
a00047623	301655
a00047624	301656
a00047625	301657
a00047626	301658
a00047627	301659
a00047628	301660
a00047629	301661
a00047630	301662
a00047631	301663
a00047632	301664
a00047633	301665
a00047634	301666
a00047635	301667
a00047636	301668
a00047637	301669
a00047638	301670
a00047639	301671
a00047640	301672
a00047641	301673
a00047642	301674
a00047643	301675
a00047644	301676
a00047645	301677
a00047646	301678
a00047647	301679
a00047648	301680
a00047649	301681
a00047650	301682
a00047651	301683
a00047652	301684
a00047653	301685
a00047654	301686
a00047655	301687
a00047656	301688
a00047657	301689
a00047658	301690
a00047659	301691
a00047660	301692
a00047661	301693
a00047662	301694
a00047663	301695
a00047664	301696
a00047665	301697
a00047666	301698
a00047667	301699
a00047668	301700
a00047669	301701
a00047670	301702
a00047671	301703
a00047672	301704
a00047673	301705
a00047674	301706
a00047675	301707
a00047676	301708
a00047677	301709
a00047678	301710
a00047679	301711
a00047680	301712
a00047681	301713
a00047682	301714
a00047683	301715
a00047684	301716
a00047685	301717
a00047686	301718
a00047687	301719
a00047688	301720
a00047689	301721
a00047690	301722
a00047691	301723
a00047692	301724
a00047693	301725
a00047694	301726
a00047695	301727
a00047696	301728
a00047697	301729
a00047698	301730
a00047699	301731
a00047700	301732
a00047701	301733
a00047702	301734
a00047703	301735
a00047704	301736
a00047705	301737
a00047706	301738
a00047707	301739
a00047708	301740
a00047709	301741
a00047710	301742
a00047711	301743
a00047712	301744
a00047713	301745
a00047714	301746
a00047715	301747
a00047716	301748
a00047717	301749
a00047718	301750
a00047719	301751
a00047720	301752
a00047721	301753
a00047722	301754
a00047723	301755
a00047724	301756
a00047725	301757
a00047726	301758
a00047727	301759
a00047728	301760
a00047729	301761
a00047730	301762
a00047731	301763
a00047732	301764
a00047733	301765
a00047734	301766
a00047735	301767
a00047736	301768
a00047737	301769
a00047738	301770
a00047739	301771
a00047740	301772
a00047741	301773
a00047742	301774
a00047743	301775
a00047744	301776
a00047745	301777
a00047746	301778
a00047747	301779
a00047748	301780
a00047749	301781
a00047750	301782
a00047751	301783
a00047752	301784
a00047753	301785
a00047754	301786
a00047755	301787
a00047756	301788
a00047757	301789
a00047758	301790
a00047759	301791
a00047760	301792
a00047761	301793
a00047762	301794
a00047763	301795
a00047764	301796
a00047765	301797
a00047766	301798
a00047767	301799
a00047768	301800
a00047769	301801
a00047770	301802
a00047771	301803
a00047772	301804
a00047773	301805
a00047774	301806
a00047775	301807
a00047776	301808
a00047777	301809
a00047778	301810
a00047779	301811
a00047780	301812
a00047781	301813
a00047782	301814
a00047783	301815
a00047784	301816
a00047785	301817
a00047786	301818
a00047787	301819
a00047788	301820
a00047789	301821
a00047790	301822
a00047791	301823
a00047792	301824
a00047793	301825
a00047794	301826
a00047795	301827
a00047796	301828
a00047797	301829
a00047798	301830
a00047799	301831
a00047800	301832
a00047801	301833
a00047802	301834
a00047803	301835
a00047804	301836
a00047805	301837
a00047806	301838
a00047807	301839
a00047808	301840
a00000001	301841
a00000002	301842
a00000003	301843
a00000004	301844
a00000005	301845
a00000006	301846
a00000007	301847
a00000008	301848
a00000009	301849
a00000010	301850
a00000011	301851
a00000012	301852
a00000013	301853
a00000014	301854
a00000015	301855
a00000016	301856
a00000017	301857
a00000018	301858
a00000019	301859
a00000020	301860
a00000021	301861
a00000022	301862
a00000023	301863
a00000024	301864
a00000025	301865
a00000026	301866
a00000027	301867
a00000028	301868
a00000029	301869
a00000030	301870
a00000031	301871
a00000032	301872
a00000033	301873
a00000034	301874
a00000035	301875
a00000036	301876
a00000037	301877
a00000038	301878
a00000039	301879
a00000040	301880
a00000041	301881
a00000042	301882
a00000043	301883
a00000044	301884
a00000045	301885
a00000046	301886
a00000047	301887
a00000048	301888
a00000049	301889
a00000050	301890
a00000051	301891
a00000052	301892
a00000053	301893
a00000054	301894
a00000055	301895
a00000056	301896
a00000057	301897
a00000058	301898
a00000059	301899
a00000060	301900
a00000061	301901
a00000062	301902
a00000063	301903
a00000064	301904
a00000065	301905
a00000066	301906
a00000067	301907
a00000068	301908
a00000069	301909
a00000070	301910
a00000071	301911
a00000072	301912
a00000073	301913
a00000074	301914
a00000075	301915
a00000076	301916
a00000077	301917
a00000078	301918
a00000079	301919
a00000080	301920
a00000081	301921
a00000082	301922
a00000083	301923
a00000084	301924
a00000085	301925
a00000086	301926
a00000087	301927
a00000088	301928
a00000089	301929
a00000090	301930
a00000091	301931
a00000092	301932
a00000093	301933
a00000094	301934
a00000095	301935
a00000096	301936
a00000097	301937
a00000098	301938
a00000099	301939
a00000100	301940
a00000101	301941
a00000102	301942
a00000103	301943
a00000104	301944
a00000105	301945
a00000106	301946
a00000107	301947
a00000108	301948
a00000109	301949
a00000110	301950
a00000111	301951
a00000112	301952
a00000113	301953
a00000114	301954
a00000115	301955
a00000116	301956
a00000117	301957
a00000118	301958
a00000119	301959
a00000120	301960
a00000121	301961
a00000122	301962
a00000123	301963
a00000124	301964
a00000125	301965
a00000126	301966
a00000127	301967
a00000128	301968
a00000129	301969
a00000130	301970
a00000131	301971
a00000132	301972
a00000133	301973
a00000134	301974
a00000135	301975
a00000136	301976
a00000137	301977
a00000138	301978
a00000139	301979
a00000140	301980
a00000141	301981
a00000142	301982
a00000143	301983
a00000144	301984
a00000145	301985
a00000146	301986
a00000147	301987
a00000148	301988
a00000149	301989
a00000150	301990
a00000151	301991
a00000152	301992
a00000153	301993
a00000154	301994
a00000155	301995
a00000156	301996
a00000157	301997
a00000158	301998
a00000159	301999
a00000160	302000
a00000161	302001
a00000162	302002
a00000163	302003
a00000164	302004
a00000165	302005
a00000166	302006
a00000167	302007
a00000168	302008
a00000169	302009
a00000170	302010
a00000171	302011
a00000172	302012
a00000173	302013
a00000174	302014
a00000175	302015
a00000176	302016
a00000177	302017
a00000178	302018
a00000179	302019
a00000180	302020
a00000181	302021
a00000182	302022
a00000183	302023
a00000184	302024
a00000185	302025
a00000186	302026
a00000187	302027
a00000188	302028
a00000189	302029
a00000190	302030
a00000191	302031
a00000192	302032
a00000193	302033
a00000194	302034
a00000195	302035
a00000196	302036
a00000197	302037
a00000198	302038
a00000199	302039
a00000200	302040
a00000201	302041
a00000202	302042
a00000203	302043
a00000204	302044
a00000205	302045
a00000206	302046
a00000207	302047
a00000208	302048
a00000209	302049
a00000210	302050
a00000211	302051
a00000212	302052
a00000213	302053
a00000214	302054
a00000215	302055
a00000216	302056
a00000217	302057
a00000218	302058
a00000219	302059
a00000220	302060
a00000221	302061
a00000222	302062
a00000223	302063
a00000224	302064
a00000225	302065
a00000226	302066
a00000227	302067
a00000228	302068
a00000229	302069
a00000230	302070
a00000231	302071
a00000232	302072
a00000233	302073
a00000234	302074
a00000235	302075
a00000236	302076
a00000237	302077
a00000238	302078
a00000239	302079
a00000240	302080
a00000241	302081
a00000242	302082
a00000243	302083
a00000244	302084
a00000245	302085
a00000246	302086
a00000247	302087
a00000248	302088
a00000249	302089
a00000250	302090
a00000251	302091
a00000252	302092
a00000253	302093
a00000254	302094
a00000255	302095
a00000256	302096
a00000257	302097
a00000258	302098
a00000259	302099
a00000260	302100
a00000261	302101
a00000262	302102
a00000263	302103
a00000264	302104
a00000265	302105
a00000266	302106
a00000267	302107
a00000268	302108
a00000269	302109
a00000270	302110
a00000271	302111
a00000272	302112
a00000273	302113
a00000274	302114
a00000275	302115
a00000276	302116
a00000277	302117
a00000278	302118
a00000279	302119
a00000280	302120
a00000281	302121
a00000282	302122
a00000283	302123
a00000284	302124
a00000285	302125
a00000286	302126
a00000287	302127
a00000288	302128
a00000289	302129
a00000290	302130
a00000291	302131
a00000292	302132
a00000293	302133
a00000294	302134
a00000295	302135
a00000296	302136
a00000297	302137
a00000298	302138
a00000299	302139
a00000300	302140
a00000301	302141
a00000302	302142
a00000303	302143
a00000304	302144
a00000305	302145
a00000306	302146
a00000307	302147
a00000308	302148
a00000309	302149
a00000310	302150
a00000311	302151
a00000312	302152
a00000313	302153
a00000314	302154
a00000315	302155
a00000316	302156
a00000317	302157
a00000318	302158
a00000319	302159
a00000320	302160
a00000321	302161
a00000322	302162
a00000323	302163
a00000324	302164
a00000325	302165
a00000326	302166
a00000327	302167
a00000328	302168
a00000329	302169
a00000330	302170
a00000331	302171
a00000332	302172
a00000333	302173
a00000334	302174
a00000335	302175
a00000336	302176
a00000337	302177
a00000338	302178
a00000339	302179
a00000340	302180
a00000341	302181
a00000342	302182
a00000343	302183
a00000344	302184
a00000345	302185
a00000346	302186
a00000347	302187
a00000348	302188
a00000349	302189
a00000350	302190
a00000351	302191
a00000352	302192
a00000353	302193
a00000354	302194
a00000355	302195
a00000356	302196
a00000357	302197
a00000358	302198
a00000359	302199
a00000360	302200
a00000361	302201
a00000362	302202
a00000363	302203
a00000364	302204
a00000365	302205
a00000366	302206
a00000367	302207
a00000368	302208
a00000369	302209
a00000370	302210
a00000371	302211
a00000372	302212
a00000373	302213
a00000374	302214
a00000375	302215
a00000376	302216
a00000377	302217
a00000378	302218
a00000379	302219
a00000380	302220
a00000381	302221
a00000382	302222
a00000383	302223
a00000384	302224
a00000385	302225
a00000386	302226
a00000387	302227
a00000388	302228
a00000389	302229
a00000390	302230
a00000391	302231
a00000392	302232
a00000393	302233
a00000394	302234
a00000395	302235
a00000396	302236
a00000397	302237
a00000398	302238
a00000399	302239
a00000400	302240
a00000401	302241
a00000402	302242
a00000403	302243
a00000404	302244
a00000405	302245
a00000406	302246
a00000407	302247
a00000408	302248
a00000409	302249
a00000410	302250
a00000411	302251
a00000412	302252
a00000413	302253
a00000414	302254
a00000415	302255
a00000416	302256
a00000417	302257
a00000418	302258
a00000419	302259
a00000420	302260
a00000421	302261
a00000422	302262
a00000423	302263
a00000424	302264
a00000425	302265
a00000426	302266
a00000427	302267
a00000428	302268
a00000429	302269
a00000430	302270
a00000431	302271
a00000432	302272
a00000433	302273
a00000434	302274
a00000435	302275
a00000436	302276
a00000437	302277
a00000438	302278
a00000439	302279
a00000440	302280
a00000441	302281
a00000442	302282
a00000443	302283
a00000444	302284
a00000445	302285
a00000446	302286
a00000447	302287
a00000448	302288
a00000449	302289
a00000450	302290
a00000451	302291
a00000452	302292
a00000453	302293
a00000454	302294
a00000455	302295
a00000456	302296
a00000457	302297
a00000458	302298
a00000459	302299
a00000460	302300
a00000461	302301
a00000462	302302
a00000463	302303
a00000464	302304
a00000465	302305
a00000466	302306
a00000467	302307
a00000468	302308
a00000469	302309
a00000470	302310
a00000471	302311
a00000472	302312
a00000473	302313
a00000474	302314
a00000475	302315
a00000476	302316
a00000477	302317
a00000478	302318
a00000479	302319
a00000480	302320
a00000481	302321
a00000482	302322
a00000483	302323
a00000484	302324
a00000485	302325
a00000486	302326
a00000487	302327
a00000488	302328
a00000489	302329
a00000490	302330
a00000491	302331
a00000492	302332
a00000493	302333
a00000494	302334
a00000495	302335
a00000496	302336
a00000497	302337
a00000498	302338
a00000499	302339
a00000500	302340
a00000501	302341
a00000502	302342
a00000503	302343
a00000504	302344
a00000505	302345
a00000506	302346
a00000507	302347
a00000508	302348
a00000509	302349
a00000510	302350
a00000511	302351
a00000512	302352
a00000513	302353
a00000514	302354
a00000515	302355
a00000516	302356
a00000517	302357
a00000518	302358
a00000519	302359
a00000520	302360
a00000521	302361
a00000522	302362
a00000523	302363
a00000524	302364
a00000525	302365
a00000526	302366
a00000527	302367
a00000528	302368
a00000529	302369
a00000530	302370
a00000531	302371
a00000532	302372
a00000533	302373
a00000534	302374
a00000535	302375
a00000536	302376
a00000537	302377
a00000538	302378
a00000539	302379
a00000540	302380
a00000541	302381
a00000542	302382
a00000543	302383
a00000544	302384
a00000545	302385
a00000546	302386
a00000547	302387
a00000548	302388
a00000549	302389
a00000550	302390
a00000551	302391
a00000552	302392
a00000553	302393
a00000554	302394
a00000555	302395
a00000556	302396
a00000557	302397
a00000558	302398
a00000559	302399
a00000560	302400
a00000561	302401
a00000562	302402
a00000563	302403
a00000564	302404
a00000565	302405
a00000566	302406
a00000567	302407
a00000568	302408
a00000569	302409
a00000570	302410
a00000571	302411
a00000572	302412
a00000573	302413
a00000574	302414
a00000575	302415
a00000576	302416
a00000577	302417
a00000578	302418
a00000579	302419
a00000580	302420
a00000581	302421
a00000582	302422
a00000583	302423
a00000584	302424
a00000585	302425
a00000586	302426
a00000587	302427
a00000588	302428
a00000589	302429
a00000590	302430
a00000591	302431
a00000592	302432
a00000593	302433
a00000594	302434
a00000595	302435
a00000596	302436
a00000597	302437
a00000598	302438
a00000599	302439
a00000600	302440
a00000601	302441
a00000602	302442
a00000603	302443
a00000604	302444
a00000605	302445
a00000606	302446
a00000607	302447
a00000608	302448
a00000609	302449
a00000610	302450
a00000611	302451
a00000612	302452
a00000613	302453
a00000614	302454
a00000615	302455
a00000616	302456
a00000617	302457
a00000618	302458
a00000619	302459
a00000620	302460
a00000621	302461
a00000622	302462
a00000623	302463
a00000624	302464
a00000625	302465
a00000626	302466
a00000627	302467
a00000628	302468
a00000629	302469
a00000630	302470
a00000631	302471
a00000632	302472
a00000633	302473
a00000634	302474
a00000635	302475
a00000636	302476
a00000637	302477
a00000638	302478
a00000639	302479
a00000640	302480
a00000641	302481
a00000642	302482
a00000643	302483
a00000644	302484
a00000645	302485
a00000646	302486
a00000647	302487
a00000648	302488
a00000649	302489
a00000650	302490
a00000651	302491
a00000652	302492
a00000653	302493
a00000654	302494
a00000655	302495
a00000656	302496
a00000657	302497
a00000658	302498
a00000659	302499
a00000660	302500
a00000661	302501
a00000662	302502
a00000663	302503
a00000664	302504
a00000665	302505
a00000666	302506
a00000667	302507
a00000668	302508
a00000669	302509
a00000670	302510
a00000671	302511
a00000672	302512
a00000673	302513
a00000674	302514
a00000675	302515
a00000676	302516
a00000677	302517
a00000678	302518
a00000679	302519
a00000680	302520
a00000681	302521
a00000682	302522
a00000683	302523
a00000684	302524
a00000685	302525
a00000686	302526
a00000687	302527
a00000688	302528
a00000689	302529
a00000690	302530
a00000691	302531
a00000692	302532
a00000693	302533
a00000694	302534
a00000695	302535
a00000696	302536
a00000697	302537
a00000698	302538
a00000699	302539
a00000700	302540
a00000701	302541
a00000702	302542
a00000703	302543
a00000704	302544
a00000705	302545
a00000706	302546
a00000707	302547
a00000708	302548
a00000709	302549
a00000710	302550
a00000711	302551
a00000712	302552
a00000713	302553
a00000714	302554
a00000715	302555
a00000716	302556
a00000717	302557
a00000718	302558
a00000719	302559
a00000720	302560
a00000721	302561
a00000722	302562
a00000723	302563
a00000724	302564
a00000725	302565
a00000726	302566
a00000727	302567
a00000728	302568
a00000729	302569
a00000730	302570
a00000731	302571
a00000732	302572
a00000733	302573
a00000734	302574
a00000735	302575
a00000736	302576
a00000737	302577
a00000738	302578
a00000739	302579
a00000740	302580
a00000741	302581
a00000742	302582
a00000743	302583
a00000744	302584
a00000745	302585
a00000746	302586
a00000747	302587
a00000748	302588
a00000749	302589
a00000750	302590
a00000751	302591
a00000752	302592
a00000753	302593
a00000754	302594
a00000755	302595
a00000756	302596
a00000757	302597
a00000758	302598
a00000759	302599
a00000760	302600
a00000761	302601
a00000762	302602
a00000763	302603
a00000764	302604
a00000765	302605
a00000766	302606
a00000767	302607
a00000768	302608
a00000769	302609
a00000770	302610
a00000771	302611
a00000772	302612
a00000773	302613
a00000774	302614
a00000775	302615
a00000776	302616
a00000777	302617
a00000778	302618
a00000779	302619
a00000780	302620
a00000781	302621
a00000782	302622
a00000783	302623
a00000784	302624
a00000785	302625
a00000786	302626
a00000787	302627
a00000788	302628
a00000789	302629
a00000790	302630
a00000791	302631
a00000792	302632
a00000793	302633
a00000794	302634
a00000795	302635
a00000796	302636
a00000797	302637
a00000798	302638
a00000799	302639
a00000800	302640
a00000801	302641
a00000802	302642
a00000803	302643
a00000804	302644
a00000805	302645
a00000806	302646
a00000807	302647
a00000808	302648
a00000809	302649
a00000810	302650
a00000811	302651
a00000812	302652
a00000813	302653
a00000814	302654
a00000815	302655
a00000816	302656
a00000817	302657
a00000818	302658
a00000819	302659
a00000820	302660
a00000821	302661
a00000822	302662
a00000823	302663
a00000824	302664
a00000825	302665
a00000826	302666
a00000827	302667
a00000828	302668
a00000829	302669
a00000830	302670
a00000831	302671
a00000832	302672
a00000833	302673
a00000834	302674
a00000835	302675
a00000836	302676
a00000837	302677
a00000838	302678
a00000839	302679
a00000840	302680
a00000841	302681
a00000842	302682
a00000843	302683
a00000844	302684
a00000845	302685
a00000846	302686
a00000847	302687
a00000848	302688
a00000849	302689
a00000850	302690
a00000851	302691
a00000852	302692
a00000853	302693
a00000854	302694
a00000855	302695
a00000856	302696
a00000857	302697
a00000858	302698
a00000859	302699
a00000860	302700
a00000861	302701
a00000862	302702
a00000863	302703
a00000864	302704
a00000865	302705
a00000866	302706
a00000867	302707
a00000868	302708
a00000869	302709
a00000870	302710
a00000871	302711
a00000872	302712
a00000873	302713
a00000874	302714
a00000875	302715
a00000876	302716
a00000877	302717
a00000878	302718
a00000879	302719
a00000880	302720
a00000881	302721
a00000882	302722
a00000883	302723
a00000884	302724
a00000885	302725
a00000886	302726
a00000887	302727
a00000888	302728
a00000889	302729
a00000890	302730
a00000891	302731
a00000892	302732
a00000893	302733
a00000894	302734
a00000895	302735
a00000896	302736
a00000897	302737
a00000898	302738
a00000899	302739
a00000900	302740
a00000901	302741
a00000902	302742
a00000903	302743
a00000904	302744
a00000905	302745
a00000906	302746
a00000907	302747
a00000908	302748
a00000909	302749
a00000910	302750
a00000911	302751
a00000912	302752
a00000913	302753
a00000914	302754
a00000915	302755
a00000916	302756
a00000917	302757
a00000918	302758
a00000919	302759
a00000920	302760
a00000921	302761
a00000922	302762
a00000923	302763
a00000924	302764
a00000925	302765
a00000926	302766
a00000927	302767
a00000928	302768
a00000929	302769
a00000930	302770
a00000931	302771
a00000932	302772
a00000933	302773
a00000934	302774
a00000935	302775
a00000936	302776
a00000937	302777
a00000938	302778
a00000939	302779
a00000940	302780
a00000941	302781
a00000942	302782
a00000943	302783
a00000944	302784
a00000945	302785
a00000946	302786
a00000947	302787
a00000948	302788
a00000949	302789
a00000950	302790
a00000951	302791
a00000952	302792
a00000953	302793
a00000954	302794
a00000955	302795
a00000956	302796
a00000957	302797
a00000958	302798
a00000959	302799
a00000960	302800
a00000961	302801
a00000962	302802
a00000963	302803
a00000964	302804
a00000965	302805
a00000966	302806
a00000967	302807
a00000968	302808
a00000969	302809
a00000970	302810
a00000971	302811
a00000972	302812
a00000973	302813
a00000974	302814
a00000975	302815
a00000976	302816
a00000977	302817
a00000978	302818
a00000979	302819
a00000980	302820
a00000981	302821
a00000982	302822
a00000983	302823
a00000984	302824
a00000985	302825
a00000986	302826
a00000987	302827
a00000988	302828
a00000989	302829
a00000990	302830
a00000991	302831
a00000992	302832
a00000993	302833
a00000994	302834
a00000995	302835
a00000996	302836
a00000997	302837
a00000998	302838
a00000999	302839
a00001000	302840
a00001001	302841
a00001002	302842
a00001003	302843
a00001004	302844
a00001005	302845
a00001006	302846
a00001007	302847
a00001008	302848
a00001009	302849
a00001010	302850
a00001011	302851
a00001012	302852
a00001013	302853
a00001014	302854
a00001015	302855
a00001016	302856
a00001017	302857
a00001018	302858
a00001019	302859
a00001020	302860
a00001021	302861
a00001022	302862
a00001023	302863
a00001024	302864
a00001025	302865
a00001026	302866
a00001027	302867
a00001028	302868
a00001029	302869
a00001030	302870
a00001031	302871
a00001032	302872
a00001033	302873
a00001034	302874
a00001035	302875
a00001036	302876
a00001037	302877
a00001038	302878
a00001039	302879
a00001040	302880
a00001041	302881
a00001042	302882
a00001043	302883
a00001044	302884
a00001045	302885
a00001046	302886
a00001047	302887
a00001048	302888
a00001049	302889
a00001050	302890
a00001051	302891
a00001052	302892
a00001053	302893
a00001054	302894
a00001055	302895
a00001056	302896
a00001057	302897
a00001058	302898
a00001059	302899
a00001060	302900
a00001061	302901
a00001062	302902
a00001063	302903
a00001064	302904
a00001065	302905
a00001066	302906
a00001067	302907
a00001068	302908
a00001069	302909
a00001070	302910
a00001071	302911
a00001072	302912
a00001073	302913
a00001074	302914
a00001075	302915
a00001076	302916
a00001077	302917
a00001078	302918
a00001079	302919
a00001080	302920
a00001081	302921
a00001082	302922
a00001083	302923
a00001084	302924
a00001085	302925
a00001086	302926
a00001087	302927
a00001088	302928
a00001089	302929
a00001090	302930
a00001091	302931
a00001092	302932
a00001093	302933
a00001094	302934
a00001095	302935
a00001096	302936
a00001097	302937
a00001098	302938
a00001099	302939
a00001100	302940
a00001101	302941
a00001102	302942
a00001103	302943
a00001104	302944
a00001105	302945
a00001106	302946
a00001107	302947
a00001108	302948
a00001109	302949
a00001110	302950
a00001111	302951
a00001112	302952
a00001113	302953
a00001114	302954
a00001115	302955
a00001116	302956
a00001117	302957
a00001118	302958
a00001119	302959
a00001120	302960
a00001121	302961
a00001122	302962
a00001123	302963
a00001124	302964
a00001125	302965
a00001126	302966
a00001127	302967
a00001128	302968
a00001129	302969
a00001130	302970
a00001131	302971
a00001132	302972
a00001133	302973
a00001134	302974
a00001135	302975
a00001136	302976
a00001137	302977
a00001138	302978
a00001139	302979
a00001140	302980
a00001141	302981
a00001142	302982
a00001143	302983
a00001144	302984
a00001145	302985
a00001146	302986
a00001147	302987
a00001148	302988
a00001149	302989
a00001150	302990
a00001151	302991
a00001152	302992
a00001153	302993
a00001154	302994
a00001155	302995
a00001156	302996
a00001157	302997
a00001158	302998
a00001159	302999
a00001160	303000
a00001161	303001
a00001162	303002
a00001163	303003
a00001164	303004
a00001165	303005
a00001166	303006
a00001167	303007
a00001168	303008
a00001169	303009
a00001170	303010
a00001171	303011
a00001172	303012
a00001173	303013
a00001174	303014
a00001175	303015
a00001176	303016
a00001177	303017
a00001178	303018
a00001179	303019
a00001180	303020
a00001181	303021
a00001182	303022
a00001183	303023
a00001184	303024
a00001185	303025
a00001186	303026
a00001187	303027
a00001188	303028
a00001189	303029
a00001190	303030
a00001191	303031
a00001192	303032
a00001193	303033
a00001194	303034
a00001195	303035
a00001196	303036
a00001197	303037
a00001198	303038
a00001199	303039
a00001200	303040
a00001201	303041
a00001202	303042
a00001203	303043
a00001204	303044
a00001205	303045
a00001206	303046
a00001207	303047
a00001208	303048
a00001209	303049
a00001210	303050
a00001211	303051
a00001212	303052
a00001213	303053
a00001214	303054
a00001215	303055
a00001216	303056
a00001217	303057
a00001218	303058
a00001219	303059
a00001220	303060
a00001221	303061
a00001222	303062
a00001223	303063
a00001224	303064
a00001225	303065
a00001226	303066
a00001227	303067
a00001228	303068
a00001229	303069
a00001230	303070
a00001231	303071
a00001232	303072
a00001233	303073
a00001234	303074
a00001235	303075
a00001236	303076
a00001237	303077
a00001238	303078
a00001239	303079
a00001240	303080
a00001241	303081
a00001242	303082
a00001243	303083
a00001244	303084
a00001245	303085
a00001246	303086
a00001247	303087
a00001248	303088
a00001249	303089
a00001250	303090
a00001251	303091
a00001252	303092
a00001253	303093
a00001254	303094
a00001255	303095
a00001256	303096
a00001257	303097
a00001258	303098
a00001259	303099
a00001260	303100
a00001261	303101
a00001262	303102
a00001263	303103
a00001264	303104
a00001265	303105
a00001266	303106
a00001267	303107
a00001268	303108
a00001269	303109
a00001270	303110
a00001271	303111
a00001272	303112
a00001273	303113
a00001274	303114
a00001275	303115
a00001276	303116
a00001277	303117
a00001278	303118
a00001279	303119
a00001280	303120
a00001281	303121
a00001282	303122
a00001283	303123
a00001284	303124
a00001285	303125
a00001286	303126
a00001287	303127
a00001288	303128
a00001289	303129
a00001290	303130
a00001291	303131
a00001292	303132
a00001293	303133
a00001294	303134
a00001295	303135
a00001296	303136
a00001297	303137
a00001298	303138
a00001299	303139
a00001300	303140
a00001301	303141
a00001302	303142
a00001303	303143
a00001304	303144
a00001305	303145
a00001306	303146
a00001307	303147
a00001308	303148
a00001309	303149
a00001310	303150
a00001311	303151
a00001312	303152
a00001313	303153
a00001314	303154
a00001315	303155
a00001316	303156
a00001317	303157
a00001318	303158
a00001319	303159
a00001320	303160
a00001321	303161
a00001322	303162
a00001323	303163
a00001324	303164
a00001325	303165
a00001326	303166
a00001327	303167
a00001328	303168
a00001329	303169
a00001330	303170
a00001331	303171
a00001332	303172
a00001333	303173
a00001334	303174
a00001335	303175
a00001336	303176
a00001337	303177
a00001338	303178
a00001339	303179
a00001340	303180
a00001341	303181
a00001342	303182
a00001343	303183
a00001344	303184
a00001345	303185
a00001346	303186
a00001347	303187
a00001348	303188
a00001349	303189
a00001350	303190
a00001351	303191
a00001352	303192
a00001353	303193
a00001354	303194
a00001355	303195
a00001356	303196
a00001357	303197
a00001358	303198
a00001359	303199
a00001360	303200
a00001361	303201
a00001362	303202
a00001363	303203
a00001364	303204
a00001365	303205
a00001366	303206
a00001367	303207
a00001368	303208
a00001369	303209
a00001370	303210
a00001371	303211
a00001372	303212
a00001373	303213
a00001374	303214
a00001375	303215
a00001376	303216
a00001377	303217
a00001378	303218
a00001379	303219
a00001380	303220
a00001381	303221
a00001382	303222
a00001383	303223
a00001384	303224
a00001385	303225
a00001386	303226
a00001387	303227
a00001388	303228
a00001389	303229
a00001390	303230
a00001391	303231
a00001392	303232
a00001393	303233
a00001394	303234
a00001395	303235
a00001396	303236
a00001397	303237
a00001398	303238
a00001399	303239
a00001400	303240
a00001401	303241
a00001402	303242
a00001403	303243
a00001404	303244
a00001405	303245
a00001406	303246
a00001407	303247
a00001408	303248
a00001409	303249
a00001410	303250
a00001411	303251
a00001412	303252
a00001413	303253
a00001414	303254
a00001415	303255
a00001416	303256
a00001417	303257
a00001418	303258
a00001419	303259
a00001420	303260
a00001421	303261
a00001422	303262
a00001423	303263
a00001424	303264
a00001425	303265
a00001426	303266
a00001427	303267
a00001428	303268
a00001429	303269
a00001430	303270
a00001431	303271
a00001432	303272
a00001433	303273
a00001434	303274
a00001435	303275
a00001436	303276
a00001437	303277
a00001438	303278
a00001439	303279
a00001440	303280
a00001441	303281
a00001442	303282
a00001443	303283
a00001444	303284
a00001445	303285
a00001446	303286
a00001447	303287
a00001448	303288
a00001449	303289
a00001450	303290
a00001451	303291
a00001452	303292
a00001453	303293
a00001454	303294
a00001455	303295
a00001456	303296
a00001457	303297
a00001458	303298
a00001459	303299
a00001460	303300
a00001461	303301
a00001462	303302
a00001463	303303
a00001464	303304
a00001465	303305
a00001466	303306
a00001467	303307
a00001468	303308
a00001469	303309
a00001470	303310
a00001471	303311
a00001472	303312
a00001473	303313
a00001474	303314
a00001475	303315
a00001476	303316
a00001477	303317
a00001478	303318
a00001479	303319
a00001480	303320
a00001481	303321
a00001482	303322
a00001483	303323
a00001484	303324
a00001485	303325
a00001486	303326
a00001487	303327
a00001488	303328
a00001489	303329
a00001490	303330
a00001491	303331
a00001492	303332
a00001493	303333
a00001494	303334
a00001495	303335
a00001496	303336
a00001497	303337
a00001498	303338
a00001499	303339
a00001500	303340
a00001501	303341
a00001502	303342
a00001503	303343
a00001504	303344
a00001505	303345
a00001506	303346
a00001507	303347
a00001508	303348
a00001509	303349
a00001510	303350
a00001511	303351
a00001512	303352
a00001513	303353
a00001514	303354
a00001515	303355
a00001516	303356
a00001517	303357
a00001518	303358
a00001519	303359
a00001520	303360
a00001521	303361
a00001522	303362
a00001523	303363
a00001524	303364
a00001525	303365
a00001526	303366
a00001527	303367
a00001528	303368
a00001529	303369
a00001530	303370
a00001531	303371
a00001532	303372
a00001533	303373
a00001534	303374
a00001535	303375
a00001536	303376
a00001537	303377
a00001538	303378
a00001539	303379
a00001540	303380
a00001541	303381
a00001542	303382
a00001543	303383
a00001544	303384
a00001545	303385
a00001546	303386
a00001547	303387
a00001548	303388
a00001549	303389
a00001550	303390
a00001551	303391
a00001552	303392
a00001553	303393
a00001554	303394
a00001555	303395
a00001556	303396
a00001557	303397
a00001558	303398
a00001559	303399
a00001560	303400
a00001561	303401
a00001562	303402
a00001563	303403
a00001564	303404
a00001565	303405
a00001566	303406
a00001567	303407
a00001568	303408
a00001569	303409
a00001570	303410
a00001571	303411
a00001572	303412
a00001573	303413
a00001574	303414
a00001575	303415
a00001576	303416
a00001577	303417
a00001578	303418
a00001579	303419
a00001580	303420
a00001581	303421
a00001582	303422
a00001583	303423
a00001584	303424
a00001585	303425
a00001586	303426
a00001587	303427
a00001588	303428
a00001589	303429
a00001590	303430
a00001591	303431
a00001592	303432
a00001593	303433
a00001594	303434
a00001595	303435
a00001596	303436
a00001597	303437
a00001598	303438
a00001599	303439
a00001600	303440
a00001601	303441
a00001602	303442
a00001603	303443
a00001604	303444
a00001605	303445
a00001606	303446
a00001607	303447
a00001608	303448
a00001609	303449
a00001610	303450
a00001611	303451
a00001612	303452
a00001613	303453
a00001614	303454
a00001615	303455
a00001616	303456
a00001617	303457
a00001618	303458
a00001619	303459
a00001620	303460
a00001621	303461
a00001622	303462
a00001623	303463
a00001624	303464
a00001625	303465
a00001626	303466
a00001627	303467
a00001628	303468
a00001629	303469
a00001630	303470
a00001631	303471
a00001632	303472
a00001633	303473
a00001634	303474
a00001635	303475
a00001636	303476
a00001637	303477
a00001638	303478
a00001639	303479
a00001640	303480
a00001641	303481
a00001642	303482
a00001643	303483
a00001644	303484
a00001645	303485
a00001646	303486
a00001647	303487
a00001648	303488
a00001649	303489
a00001650	303490
a00001651	303491
a00001652	303492
a00001653	303493
a00001654	303494
a00001655	303495
a00001656	303496
a00001657	303497
a00001658	303498
a00001659	303499
a00001660	303500
a00001661	303501
a00001662	303502
a00001663	303503
a00001664	303504
a00001665	303505
a00001666	303506
a00001667	303507
a00001668	303508
a00001669	303509
a00001670	303510
a00001671	303511
a00001672	303512
a00001673	303513
a00001674	303514
a00001675	303515
a00001676	303516
a00001677	303517
a00001678	303518
a00001679	303519
a00001680	303520
a00001681	303521
a00001682	303522
a00001683	303523
a00001684	303524
a00001685	303525
a00001686	303526
a00001687	303527
a00001688	303528
a00001689	303529
a00001690	303530
a00001691	303531
a00001692	303532
a00001693	303533
a00001694	303534
a00001695	303535
a00001696	303536
a00001697	303537
a00001698	303538
a00001699	303539
a00001700	303540
a00001701	303541
a00001702	303542
a00001703	303543
a00001704	303544
a00001705	303545
a00001706	303546
a00001707	303547
a00001708	303548
a00001709	303549
a00001710	303550
a00001711	303551
a00001712	303552
a00001713	303553
a00001714	303554
a00001715	303555
a00001716	303556
a00001717	303557
a00001718	303558
a00001719	303559
a00001720	303560
a00001721	303561
a00001722	303562
a00001723	303563
a00001724	303564
a00001725	303565
a00001726	303566
a00001727	303567
a00001728	303568
a00001729	303569
a00001730	303570
a00001731	303571
a00001732	303572
a00001733	303573
a00001734	303574
a00001735	303575
a00001736	303576
a00001737	303577
a00001738	303578
a00001739	303579
a00001740	303580
a00001741	303581
a00001742	303582
a00001743	303583
a00001744	303584
a00001745	303585
a00001746	303586
a00001747	303587
a00001748	303588
a00001749	303589
a00001750	303590
a00001751	303591
a00001752	303592
a00001753	303593
a00001754	303594
a00001755	303595
a00001756	303596
a00001757	303597
a00001758	303598
a00001759	303599
a00001760	303600
a00001761	303601
a00001762	303602
a00001763	303603
a00001764	303604
a00001765	303605
a00001766	303606
a00001767	303607
a00001768	303608
a00001769	303609
a00001770	303610
a00001771	303611
a00001772	303612
a00001773	303613
a00001774	303614
a00001775	303615
a00001776	303616
a00001777	303617
a00001778	303618
a00001779	303619
a00001780	303620
a00001781	303621
a00001782	303622
a00001783	303623
a00001784	303624
a00001785	303625
a00001786	303626
a00001787	303627
a00001788	303628
a00001789	303629
a00001790	303630
a00001791	303631
a00001792	303632
a00001793	303633
a00001794	303634
a00001795	303635
a00001796	303636
a00001797	303637
a00001798	303638
a00001799	303639
a00001800	303640
a00001801	303641
a00001802	303642
a00001803	303643
a00001804	303644
a00001805	303645
a00001806	303646
a00001807	303647
a00001808	303648
a00001809	303649
a00001810	303650
a00001811	303651
a00001812	303652
a00001813	303653
a00001814	303654
a00001815	303655
a00001816	303656
a00001817	303657
a00001818	303658
a00001819	303659
a00001820	303660
a00001821	303661
a00001822	303662
a00001823	303663
a00001824	303664
a00001825	303665
a00001826	303666
a00001827	303667
a00001828	303668
a00001829	303669
a00001830	303670
a00001831	303671
a00001832	303672
a00001833	303673
a00001834	303674
a00001835	303675
a00001836	303676
a00001837	303677
a00001838	303678
a00001839	303679
a00001840	303680
a00001841	303681
a00001842	303682
a00001843	303683
a00001844	303684
a00001845	303685
a00001846	303686
a00001847	303687
a00001848	303688
a00001849	303689
a00001850	303690
a00001851	303691
a00001852	303692
a00001853	303693
a00001854	303694
a00001855	303695
a00001856	303696
a00001857	303697
a00001858	303698
a00001859	303699
a00001860	303700
a00001861	303701
a00001862	303702
a00001863	303703
a00001864	303704
a00001865	303705
a00001866	303706
a00001867	303707
a00001868	303708
a00001869	303709
a00001870	303710
a00001871	303711
a00001872	303712
a00001873	303713
a00001874	303714
a00001875	303715
a00001876	303716
a00001877	303717
a00001878	303718
a00001879	303719
a00001880	303720
a00001881	303721
a00001882	303722
a00001883	303723
a00001884	303724
a00001885	303725
a00001886	303726
a00001887	303727
a00001888	303728
a00001889	303729
a00001890	303730
a00001891	303731
a00001892	303732
a00001893	303733
a00001894	303734
a00001895	303735
a00001896	303736
a00001897	303737
a00001898	303738
a00001899	303739
a00001900	303740
a00001901	303741
a00001902	303742
a00001903	303743
a00001904	303744
a00001905	303745
a00001906	303746
a00001907	303747
a00001908	303748
a00001909	303749
a00001910	303750
a00001911	303751
a00001912	303752
a00001913	303753
a00001914	303754
a00001915	303755
a00001916	303756
a00001917	303757
a00001918	303758
a00001919	303759
a00001920	303760
a00001921	303761
a00001922	303762
a00001923	303763
a00001924	303764
a00001925	303765
a00001926	303766
a00001927	303767
a00001928	303768
a00001929	303769
a00001930	303770
a00001931	303771
a00001932	303772
a00001933	303773
a00001934	303774
a00001935	303775
a00001936	303776
a00001937	303777
a00001938	303778
a00001939	303779
a00001940	303780
a00001941	303781
a00001942	303782
a00001943	303783
a00001944	303784
a00001945	303785
a00001946	303786
a00001947	303787
a00001948	303788
a00001949	303789
a00001950	303790
a00001951	303791
a00001952	303792
a00001953	303793
a00001954	303794
a00001955	303795
a00001956	303796
a00001957	303797
a00001958	303798
a00001959	303799
a00001960	303800
a00001961	303801
a00001962	303802
a00001963	303803
a00001964	303804
a00001965	303805
a00001966	303806
a00001967	303807
a00001968	303808
a00001969	303809
a00001970	303810
a00001971	303811
a00001972	303812
a00001973	303813
a00001974	303814
a00001975	303815
a00001976	303816
a00001977	303817
a00001978	303818
a00001979	303819
a00001980	303820
a00001981	303821
a00001982	303822
a00001983	303823
a00001984	303824
a00001985	303825
a00001986	303826
a00001987	303827
a00001988	303828
a00001989	303829
a00001990	303830
a00001991	303831
a00001992	303832
a00001993	303833
a00001994	303834
a00001995	303835
a00001996	303836
a00001997	303837
a00001998	303838
a00001999	303839
a00002000	303840
a00002001	303841
a00002002	303842
a00002003	303843
a00002004	303844
a00002005	303845
a00002006	303846
a00002007	303847
a00002008	303848
a00002009	303849
a00002010	303850
a00002011	303851
a00002012	303852
a00002013	303853
a00002014	303854
a00002015	303855
a00002016	303856
a00002017	303857
a00002018	303858
a00002019	303859
a00002020	303860
a00002021	303861
a00002022	303862
a00002023	303863
a00002024	303864
a00002025	303865
a00002026	303866
a00002027	303867
a00002028	303868
a00002029	303869
a00002030	303870
a00002031	303871
a00002032	303872
a00002033	303873
a00002034	303874
a00002035	303875
a00002036	303876
a00002037	303877
a00002038	303878
a00002039	303879
a00002040	303880
a00002041	303881
a00002042	303882
a00002043	303883
a00002044	303884
a00002045	303885
a00002046	303886
a00002047	303887
a00002048	303888
a00002049	303889
a00002050	303890
a00002051	303891
a00002052	303892
a00002053	303893
a00002054	303894
a00002055	303895
a00002056	303896
a00002057	303897
a00002058	303898
a00002059	303899
a00002060	303900
a00002061	303901
a00002062	303902
a00002063	303903
a00002064	303904
a00002065	303905
a00002066	303906
a00002067	303907
a00002068	303908
a00002069	303909
a00002070	303910
a00002071	303911
a00002072	303912
a00002073	303913
a00002074	303914
a00002075	303915
a00002076	303916
a00002077	303917
a00002078	303918
a00002079	303919
a00002080	303920
a00002081	303921
a00002082	303922
a00002083	303923
a00002084	303924
a00002085	303925
a00002086	303926
a00002087	303927
a00002088	303928
a00002089	303929
a00002090	303930
a00002091	303931
a00002092	303932
a00002093	303933
a00002094	303934
a00002095	303935
a00002096	303936
a00002097	303937
a00002098	303938
a00002099	303939
a00002100	303940
a00002101	303941
a00002102	303942
a00002103	303943
a00002104	303944
a00002105	303945
a00002106	303946
a00002107	303947
a00002108	303948
a00002109	303949
a00002110	303950
a00002111	303951
a00002112	303952
a00002113	303953
a00002114	303954
a00002115	303955
a00002116	303956
a00002117	303957
a00002118	303958
a00002119	303959
a00002120	303960
a00002121	303961
a00002122	303962
a00002123	303963
a00002124	303964
a00002125	303965
a00002126	303966
a00002127	303967
a00002128	303968
a00002129	303969
a00002130	303970
a00002131	303971
a00002132	303972
a00002133	303973
a00002134	303974
a00002135	303975
a00002136	303976
a00002137	303977
a00002138	303978
a00002139	303979
a00002140	303980
a00002141	303981
a00002142	303982
a00002143	303983
a00002144	303984
a00002145	303985
a00002146	303986
a00002147	303987
a00002148	303988
a00002149	303989
a00002150	303990
a00002151	303991
a00002152	303992
a00002153	303993
a00002154	303994
a00002155	303995
a00002156	303996
a00002157	303997
a00002158	303998
a00002159	303999
a00002160	304000
a00002161	304001
a00002162	304002
a00002163	304003
a00002164	304004
a00002165	304005
a00002166	304006
a00002167	304007
a00002168	304008
a00002169	304009
a00002170	304010
a00002171	304011
a00002172	304012
a00002173	304013
a00002174	304014
a00002175	304015
a00002176	304016
a00002177	304017
a00002178	304018
a00002179	304019
a00002180	304020
a00002181	304021
a00002182	304022
a00002183	304023
a00002184	304024
a00002185	304025
a00002186	304026
a00002187	304027
a00002188	304028
a00002189	304029
a00002190	304030
a00002191	304031
a00002192	304032
a00002193	304033
a00002194	304034
a00002195	304035
a00002196	304036
a00002197	304037
a00002198	304038
a00002199	304039
a00002200	304040
a00002201	304041
a00002202	304042
a00002203	304043
a00002204	304044
a00002205	304045
a00002206	304046
a00002207	304047
a00002208	304048
a00002209	304049
a00002210	304050
a00002211	304051
a00002212	304052
a00002213	304053
a00002214	304054
a00002215	304055
a00002216	304056
a00002217	304057
a00002218	304058
a00002219	304059
a00002220	304060
a00002221	304061
a00002222	304062
a00002223	304063
a00002224	304064
a00002225	304065
a00002226	304066
a00002227	304067
a00002228	304068
a00002229	304069
a00002230	304070
a00002231	304071
a00002232	304072
a00002233	304073
a00002234	304074
a00002235	304075
a00002236	304076
a00002237	304077
a00002238	304078
a00002239	304079
a00002240	304080
a00002241	304081
a00002242	304082
a00002243	304083
a00002244	304084
a00002245	304085
a00002246	304086
a00002247	304087
a00002248	304088
a00002249	304089
a00002250	304090
a00002251	304091
a00002252	304092
a00002253	304093
a00002254	304094
a00002255	304095
a00002256	304096
a00002257	304097
a00002258	304098
a00002259	304099
a00002260	304100
a00002261	304101
a00002262	304102
a00002263	304103
a00002264	304104
a00002265	304105
a00002266	304106
a00002267	304107
a00002268	304108
a00002269	304109
a00002270	304110
a00002271	304111
a00002272	304112
a00002273	304113
a00002274	304114
a00002275	304115
a00002276	304116
a00002277	304117
a00002278	304118
a00002279	304119
a00002280	304120
a00002281	304121
a00002282	304122
a00002283	304123
a00002284	304124
a00002285	304125
a00002286	304126
a00002287	304127
a00002288	304128
a00002289	304129
a00002290	304130
a00002291	304131
a00002292	304132
a00002293	304133
a00002294	304134
a00002295	304135
a00002296	304136
a00002297	304137
a00002298	304138
a00002299	304139
a00002300	304140
a00002301	304141
a00002302	304142
a00002303	304143
a00002304	304144
a00002305	304145
a00002306	304146
a00002307	304147
a00002308	304148
a00002309	304149
a00002310	304150
a00002311	304151
a00002312	304152
a00002313	304153
a00002314	304154
a00002315	304155
a00002316	304156
a00002317	304157
a00002318	304158
a00002319	304159
a00002320	304160
a00002321	304161
a00002322	304162
a00002323	304163
a00002324	304164
a00002325	304165
a00002326	304166
a00002327	304167
a00002328	304168
a00002329	304169
a00002330	304170
a00002331	304171
a00002332	304172
a00002333	304173
a00002334	304174
a00002335	304175
a00002336	304176
a00002337	304177
a00002338	304178
a00002339	304179
a00002340	304180
a00002341	304181
a00002342	304182
a00002343	304183
a00002344	304184
a00002345	304185
a00002346	304186
a00002347	304187
a00002348	304188
a00002349	304189
a00002350	304190
a00002351	304191
a00002352	304192
a00002353	304193
a00002354	304194
a00002355	304195
a00002356	304196
a00002357	304197
a00002358	304198
a00002359	304199
a00002360	304200
a00002361	304201
a00002362	304202
a00002363	304203
a00002364	304204
a00002365	304205
a00002366	304206
a00002367	304207
a00002368	304208
a00002369	304209
a00002370	304210
a00002371	304211
a00002372	304212
a00002373	304213
a00002374	304214
a00002375	304215
a00002376	304216
a00002377	304217
a00002378	304218
a00002379	304219
a00002380	304220
a00002381	304221
a00002382	304222
a00002383	304223
a00002384	304224
a00002385	304225
a00002386	304226
a00002387	304227
a00002388	304228
a00002389	304229
a00002390	304230
a00002391	304231
a00002392	304232
a00002393	304233
a00002394	304234
a00002395	304235
a00002396	304236
a00002397	304237
a00002398	304238
a00002399	304239
a00002400	304240
a00002401	304241
a00002402	304242
a00002403	304243
a00002404	304244
a00002405	304245
a00002406	304246
a00002407	304247
a00002408	304248
a00002409	304249
a00002410	304250
a00002411	304251
a00002412	304252
a00002413	304253
a00002414	304254
a00002415	304255
a00002416	304256
a00002417	304257
a00002418	304258
a00002419	304259
a00002420	304260
a00002421	304261
a00002422	304262
a00002423	304263
a00002424	304264
a00002425	304265
a00002426	304266
a00002427	304267
a00002428	304268
a00002429	304269
a00002430	304270
a00002431	304271
a00002432	304272
a00002433	304273
a00002434	304274
a00002435	304275
a00002436	304276
a00002437	304277
a00002438	304278
a00002439	304279
a00002440	304280
a00002441	304281
a00002442	304282
a00002443	304283
a00002444	304284
a00002445	304285
a00002446	304286
a00002447	304287
a00002448	304288
a00002449	304289
a00002450	304290
a00002451	304291
a00002452	304292
a00002453	304293
a00002454	304294
a00002455	304295
a00002456	304296
a00002457	304297
a00002458	304298
a00002459	304299
a00002460	304300
a00002461	304301
a00002462	304302
a00002463	304303
a00002464	304304
a00002465	304305
a00002466	304306
a00002467	304307
a00002468	304308
a00002469	304309
a00002470	304310
a00002471	304311
a00002472	304312
a00002473	304313
a00002474	304314
a00002475	304315
a00002476	304316
a00002477	304317
a00002478	304318
a00002479	304319
a00002480	304320
a00002481	304321
a00002482	304322
a00002483	304323
a00002484	304324
a00002485	304325
a00002486	304326
a00002487	304327
a00002488	304328
a00002489	304329
a00002490	304330
a00002491	304331
a00002492	304332
a00002493	304333
a00002494	304334
a00002495	304335
a00002496	304336
a00002497	304337
a00002498	304338
a00002499	304339
a00002500	304340
a00002501	304341
a00002502	304342
a00002503	304343
a00002504	304344
a00002505	304345
a00002506	304346
a00002507	304347
a00002508	304348
a00002509	304349
a00002510	304350
a00002511	304351
a00002512	304352
a00002513	304353
a00002514	304354
a00002515	304355
a00002516	304356
a00002517	304357
a00002518	304358
a00002519	304359
a00002520	304360
a00002521	304361
a00002522	304362
a00002523	304363
a00002524	304364
a00002525	304365
a00002526	304366
a00002527	304367
a00002528	304368
a00002529	304369
a00002530	304370
a00002531	304371
a00002532	304372
a00002533	304373
a00002534	304374
a00002535	304375
a00002536	304376
a00002537	304377
a00002538	304378
a00002539	304379
a00002540	304380
a00002541	304381
a00002542	304382
a00002543	304383
a00002544	304384
a00002545	304385
a00002546	304386
a00002547	304387
a00002548	304388
a00002549	304389
a00002550	304390
a00002551	304391
a00002552	304392
a00002553	304393
a00002554	304394
a00002555	304395
a00002556	304396
a00002557	304397
a00002558	304398
a00002559	304399
a00002560	304400
a00002561	304401
a00002562	304402
a00002563	304403
a00002564	304404
a00002565	304405
a00002566	304406
a00002567	304407
a00002568	304408
a00002569	304409
a00002570	304410
a00002571	304411
a00002572	304412
a00002573	304413
a00002574	304414
a00002575	304415
a00002576	304416
a00002577	304417
a00002578	304418
a00002579	304419
a00002580	304420
a00002581	304421
a00002582	304422
a00002583	304423
a00002584	304424
a00002585	304425
a00002586	304426
a00002587	304427
a00002588	304428
a00002589	304429
a00002590	304430
a00002591	304431
a00002592	304432
a00002593	304433
a00002594	304434
a00002595	304435
a00002596	304436
a00002597	304437
a00002598	304438
a00002599	304439
a00002600	304440
a00002601	304441
a00002602	304442
a00002603	304443
a00002604	304444
a00002605	304445
a00002606	304446
a00002607	304447
a00002608	304448
a00002609	304449
a00002610	304450
a00002611	304451
a00002612	304452
a00002613	304453
a00002614	304454
a00002615	304455
a00002616	304456
a00002617	304457
a00002618	304458
a00002619	304459
a00002620	304460
a00002621	304461
a00002622	304462
a00002623	304463
a00002624	304464
a00002625	304465
a00002626	304466
a00002627	304467
a00002628	304468
a00002629	304469
a00002630	304470
a00002631	304471
a00002632	304472
a00002633	304473
a00002634	304474
a00002635	304475
a00002636	304476
a00002637	304477
a00002638	304478
a00002639	304479
a00002640	304480
a00002641	304481
a00002642	304482
a00002643	304483
a00002644	304484
a00002645	304485
a00002646	304486
a00002647	304487
a00002648	304488
a00002649	304489
a00002650	304490
a00002651	304491
a00002652	304492
a00002653	304493
a00002654	304494
a00002655	304495
a00002656	304496
a00002657	304497
a00002658	304498
a00002659	304499
a00002660	304500
a00002661	304501
a00002662	304502
a00002663	304503
a00002664	304504
a00002665	304505
a00002666	304506
a00002667	304507
a00002668	304508
a00002669	304509
a00002670	304510
a00002671	304511
a00002672	304512
a00002673	304513
a00002674	304514
a00002675	304515
a00002676	304516
a00002677	304517
a00002678	304518
a00002679	304519
a00002680	304520
a00002681	304521
a00002682	304522
a00002683	304523
a00002684	304524
a00002685	304525
a00002686	304526
a00002687	304527
a00002688	304528
a00002689	304529
a00002690	304530
a00002691	304531
a00002692	304532
a00002693	304533
a00002694	304534
a00002695	304535
a00002696	304536
a00002697	304537
a00002698	304538
a00002699	304539
a00002700	304540
a00002701	304541
a00002702	304542
a00002703	304543
a00002704	304544
a00002705	304545
a00002706	304546
a00002707	304547
a00002708	304548
a00002709	304549
a00002710	304550
a00002711	304551
a00002712	304552
a00002713	304553
a00002714	304554
a00002715	304555
a00002716	304556
a00002717	304557
a00002718	304558
a00002719	304559
a00002720	304560
a00002721	304561
a00002722	304562
a00002723	304563
a00002724	304564
a00002725	304565
a00002726	304566
a00002727	304567
a00002728	304568
a00002729	304569
a00002730	304570
a00002731	304571
a00002732	304572
a00002733	304573
a00002734	304574
a00002735	304575
a00002736	304576
a00002737	304577
a00002738	304578
a00002739	304579
a00002740	304580
a00002741	304581
a00002742	304582
a00002743	304583
a00002744	304584
a00002745	304585
a00002746	304586
a00002747	304587
a00002748	304588
a00002749	304589
a00002750	304590
a00002751	304591
a00002752	304592
a00002753	304593
a00002754	304594
a00002755	304595
a00002756	304596
a00002757	304597
a00002758	304598
a00002759	304599
a00002760	304600
a00002761	304601
a00002762	304602
a00002763	304603
a00002764	304604
a00002765	304605
a00002766	304606
a00002767	304607
a00002768	304608
a00002769	304609
a00002770	304610
a00002771	304611
a00002772	304612
a00002773	304613
a00002774	304614
a00002775	304615
a00002776	304616
a00002777	304617
a00002778	304618
a00002779	304619
a00002780	304620
a00002781	304621
a00002782	304622
a00002783	304623
a00002784	304624
a00002785	304625
a00002786	304626
a00002787	304627
a00002788	304628
a00002789	304629
a00002790	304630
a00002791	304631
a00002792	304632
a00002793	304633
a00002794	304634
a00002795	304635
a00002796	304636
a00002797	304637
a00002798	304638
a00002799	304639
a00002800	304640
a00002801	304641
a00002802	304642
a00002803	304643
a00002804	304644
a00002805	304645
a00002806	304646
a00002807	304647
a00002808	304648
a00002809	304649
a00002810	304650
a00002811	304651
a00002812	304652
a00002813	304653
a00002814	304654
a00002815	304655
a00002816	304656
a00002817	304657
a00002818	304658
a00002819	304659
a00002820	304660
a00002821	304661
a00002822	304662
a00002823	304663
a00002824	304664
a00002825	304665
a00002826	304666
a00002827	304667
a00002828	304668
a00002829	304669
a00002830	304670
a00002831	304671
a00002832	304672
a00002833	304673
a00002834	304674
a00002835	304675
a00002836	304676
a00002837	304677
a00002838	304678
a00002839	304679
a00002840	304680
a00002841	304681
a00002842	304682
a00002843	304683
a00002844	304684
a00002845	304685
a00002846	304686
a00002847	304687
a00002848	304688
a00002849	304689
a00002850	304690
a00002851	304691
a00002852	304692
a00002853	304693
a00002854	304694
a00002855	304695
a00002856	304696
a00002857	304697
a00002858	304698
a00002859	304699
a00002860	304700
a00002861	304701
a00002862	304702
a00002863	304703
a00002864	304704
a00002865	304705
a00002866	304706
a00002867	304707
a00002868	304708
a00002869	304709
a00002870	304710
a00002871	304711
a00002872	304712
a00002873	304713
a00002874	304714
a00002875	304715
a00002876	304716
a00002877	304717
a00002878	304718
a00002879	304719
a00002880	304720
a00002881	304721
a00002882	304722
a00002883	304723
a00002884	304724
a00002885	304725
a00002886	304726
a00002887	304727
a00002888	304728
a00002889	304729
a00002890	304730
a00002891	304731
a00002892	304732
a00002893	304733
a00002894	304734
a00002895	304735
a00002896	304736
a00002897	304737
a00002898	304738
a00002899	304739
a00002900	304740
a00002901	304741
a00002902	304742
a00002903	304743
a00002904	304744
a00002905	304745
a00002906	304746
a00002907	304747
a00002908	304748
a00002909	304749
a00002910	304750
a00002911	304751
a00002912	304752
a00002913	304753
a00002914	304754
a00002915	304755
a00002916	304756
a00002917	304757
a00002918	304758
a00002919	304759
a00002920	304760
a00002921	304761
a00002922	304762
a00002923	304763
a00002924	304764
a00002925	304765
a00002926	304766
a00002927	304767
a00002928	304768
a00002929	304769
a00002930	304770
a00002931	304771
a00002932	304772
a00002933	304773
a00002934	304774
a00002935	304775
a00002936	304776
a00002937	304777
a00002938	304778
a00002939	304779
a00002940	304780
a00002941	304781
a00002942	304782
a00002943	304783
a00002944	304784
a00002945	304785
a00002946	304786
a00002947	304787
a00002948	304788
a00002949	304789
a00002950	304790
a00002951	304791
a00002952	304792
a00002953	304793
a00002954	304794
a00002955	304795
a00002956	304796
a00002957	304797
a00002958	304798
a00002959	304799
a00002960	304800
a00002961	304801
a00002962	304802
a00002963	304803
a00002964	304804
a00002965	304805
a00002966	304806
a00002967	304807
a00002968	304808
a00002969	304809
a00002970	304810
a00002971	304811
a00002972	304812
a00002973	304813
a00002974	304814
a00002975	304815
a00002976	304816
a00002977	304817
a00002978	304818
a00002979	304819
a00002980	304820
a00002981	304821
a00002982	304822
a00002983	304823
a00002984	304824
a00002985	304825
a00002986	304826
a00002987	304827
a00002988	304828
a00002989	304829
a00002990	304830
a00002991	304831
a00002992	304832
a00002993	304833
a00002994	304834
a00002995	304835
a00002996	304836
a00002997	304837
a00002998	304838
a00002999	304839
a00003000	304840
a00003001	304841
a00003002	304842
a00003003	304843
a00003004	304844
a00003005	304845
a00003006	304846
a00003007	304847
a00003008	304848
a00003009	304849
a00003010	304850
a00003011	304851
a00003012	304852
a00003013	304853
a00003014	304854
a00003015	304855
a00003016	304856
a00003017	304857
a00003018	304858
a00003019	304859
a00003020	304860
a00003021	304861
a00003022	304862
a00003023	304863
a00003024	304864
a00003025	304865
a00003026	304866
a00003027	304867
a00003028	304868
a00003029	304869
a00003030	304870
a00003031	304871
a00003032	304872
a00003033	304873
a00003034	304874
a00003035	304875
a00003036	304876
a00003037	304877
a00003038	304878
a00003039	304879
a00003040	304880
a00003041	304881
a00003042	304882
a00003043	304883
a00003044	304884
a00003045	304885
a00003046	304886
a00003047	304887
a00003048	304888
a00003049	304889
a00003050	304890
a00003051	304891
a00003052	304892
a00003053	304893
a00003054	304894
a00003055	304895
a00003056	304896
a00003057	304897
a00003058	304898
a00003059	304899
a00003060	304900
a00003061	304901
a00003062	304902
a00003063	304903
a00003064	304904
a00003065	304905
a00003066	304906
a00003067	304907
a00003068	304908
a00003069	304909
a00003070	304910
a00003071	304911
a00003072	304912
a00003073	304913
a00003074	304914
a00003075	304915
a00003076	304916
a00003077	304917
a00003078	304918
a00003079	304919
a00003080	304920
a00003081	304921
a00003082	304922
a00003083	304923
a00003084	304924
a00003085	304925
a00003086	304926
a00003087	304927
a00003088	304928
a00003089	304929
a00003090	304930
a00003091	304931
a00003092	304932
a00003093	304933
a00003094	304934
a00003095	304935
a00003096	304936
a00003097	304937
a00003098	304938
a00003099	304939
a00003100	304940
a00003101	304941
a00003102	304942
a00003103	304943
a00003104	304944
a00003105	304945
a00003106	304946
a00003107	304947
a00003108	304948
a00003109	304949
a00003110	304950
a00003111	304951
a00003112	304952
a00003113	304953
a00003114	304954
a00003115	304955
a00003116	304956
a00003117	304957
a00003118	304958
a00003119	304959
a00003120	304960
a00003121	304961
a00003122	304962
a00003123	304963
a00003124	304964
a00003125	304965
a00003126	304966
a00003127	304967
a00003128	304968
a00003129	304969
a00003130	304970
a00003131	304971
a00003132	304972
a00003133	304973
a00003134	304974
a00003135	304975
a00003136	304976
a00003137	304977
a00003138	304978
a00003139	304979
a00003140	304980
a00003141	304981
a00003142	304982
a00003143	304983
a00003144	304984
a00003145	304985
a00003146	304986
a00003147	304987
a00003148	304988
a00003149	304989
a00003150	304990
a00003151	304991
a00003152	304992
a00003153	304993
a00003154	304994
a00003155	304995
a00003156	304996
a00003157	304997
a00003158	304998
a00003159	304999
a00003160	305000
a00003161	305001
a00003162	305002
a00003163	305003
a00003164	305004
a00003165	305005
a00003166	305006
a00003167	305007
a00003168	305008
a00003169	305009
a00003170	305010
a00003171	305011
a00003172	305012
a00003173	305013
a00003174	305014
a00003175	305015
a00003176	305016
a00003177	305017
a00003178	305018
a00003179	305019
a00003180	305020
a00003181	305021
a00003182	305022
a00003183	305023
a00003184	305024
a00003185	305025
a00003186	305026
a00003187	305027
a00003188	305028
a00003189	305029
a00003190	305030
a00003191	305031
a00003192	305032
a00003193	305033
a00003194	305034
a00003195	305035
a00003196	305036
a00003197	305037
a00003198	305038
a00003199	305039
a00003200	305040
a00003201	305041
a00003202	305042
a00003203	305043
a00003204	305044
a00003205	305045
a00003206	305046
a00003207	305047
a00003208	305048
a00003209	305049
a00003210	305050
a00003211	305051
a00003212	305052
a00003213	305053
a00003214	305054
a00003215	305055
a00003216	305056
a00003217	305057
a00003218	305058
a00003219	305059
a00003220	305060
a00003221	305061
a00003222	305062
a00003223	305063
a00003224	305064
a00003225	305065
a00003226	305066
a00003227	305067
a00003228	305068
a00003229	305069
a00003230	305070
a00003231	305071
a00003232	305072
a00003233	305073
a00003234	305074
a00003235	305075
a00003236	305076
a00003237	305077
a00003238	305078
a00003239	305079
a00003240	305080
a00003241	305081
a00003242	305082
a00003243	305083
a00003244	305084
a00003245	305085
a00003246	305086
a00003247	305087
a00003248	305088
a00003249	305089
a00003250	305090
a00003251	305091
a00003252	305092
a00003253	305093
a00003254	305094
a00003255	305095
a00003256	305096
a00003257	305097
a00003258	305098
a00003259	305099
a00003260	305100
a00003261	305101
a00003262	305102
a00003263	305103
a00003264	305104
a00003265	305105
a00003266	305106
a00003267	305107
a00003268	305108
a00003269	305109
a00003270	305110
a00003271	305111
a00003272	305112
a00003273	305113
a00003274	305114
a00003275	305115
a00003276	305116
a00003277	305117
a00003278	305118
a00003279	305119
a00003280	305120
a00003281	305121
a00003282	305122
a00003283	305123
a00003284	305124
a00003285	305125
a00003286	305126
a00003287	305127
a00003288	305128
a00003289	305129
a00003290	305130
a00003291	305131
a00003292	305132
a00003293	305133
a00003294	305134
a00003295	305135
a00003296	305136
a00003297	305137
a00003298	305138
a00003299	305139
a00003300	305140
a00003301	305141
a00003302	305142
a00003303	305143
a00003304	305144
a00003305	305145
a00003306	305146
a00003307	305147
a00003308	305148
a00003309	305149
a00003310	305150
a00003311	305151
a00003312	305152
a00003313	305153
a00003314	305154
a00003315	305155
a00003316	305156
a00003317	305157
a00003318	305158
a00003319	305159
a00003320	305160
a00003321	305161
a00003322	305162
a00003323	305163
a00003324	305164
a00003325	305165
a00003326	305166
a00003327	305167
a00003328	305168
a00003329	305169
a00003330	305170
a00003331	305171
a00003332	305172
a00003333	305173
a00003334	305174
a00003335	305175
a00003336	305176
a00003337	305177
a00003338	305178
a00003339	305179
a00003340	305180
a00003341	305181
a00003342	305182
a00003343	305183
a00003344	305184
a00003345	305185
a00003346	305186
a00003347	305187
a00003348	305188
a00003349	305189
a00003350	305190
a00003351	305191
a00003352	305192
a00003353	305193
a00003354	305194
a00003355	305195
a00003356	305196
a00003357	305197
a00003358	305198
a00003359	305199
a00003360	305200
a00003361	305201
a00003362	305202
a00003363	305203
a00003364	305204
a00003365	305205
a00003366	305206
a00003367	305207
a00003368	305208
a00003369	305209
a00003370	305210
a00003371	305211
a00003372	305212
a00003373	305213
a00003374	305214
a00003375	305215
a00003376	305216
a00003377	305217
a00003378	305218
a00003379	305219
a00003380	305220
a00003381	305221
a00003382	305222
a00003383	305223
a00003384	305224
a00003385	305225
a00003386	305226
a00003387	305227
a00003388	305228
a00003389	305229
a00003390	305230
a00003391	305231
a00003392	305232
a00003393	305233
a00003394	305234
a00003395	305235
a00003396	305236
a00003397	305237
a00003398	305238
a00003399	305239
a00003400	305240
a00003401	305241
a00003402	305242
a00003403	305243
a00003404	305244
a00003405	305245
a00003406	305246
a00003407	305247
a00003408	305248
a00003409	305249
a00003410	305250
a00003411	305251
a00003412	305252
a00003413	305253
a00003414	305254
a00003415	305255
a00003416	305256
a00003417	305257
a00003418	305258
a00003419	305259
a00003420	305260
a00003421	305261
a00003422	305262
a00003423	305263
a00003424	305264
a00003425	305265
a00003426	305266
a00003427	305267
a00003428	305268
a00003429	305269
a00003430	305270
a00003431	305271
a00003432	305272
a00003433	305273
a00003434	305274
a00003435	305275
a00003436	305276
a00003437	305277
a00003438	305278
a00003439	305279
a00003440	305280
a00003441	305281
a00003442	305282
a00003443	305283
a00003444	305284
a00003445	305285
a00003446	305286
a00003447	305287
a00003448	305288
a00003449	305289
a00003450	305290
a00003451	305291
a00003452	305292
a00003453	305293
a00003454	305294
a00003455	305295
a00003456	305296
a00003457	305297
a00003458	305298
a00003459	305299
a00003460	305300
a00003461	305301
a00003462	305302
a00003463	305303
a00003464	305304
a00003465	305305
a00003466	305306
a00003467	305307
a00003468	305308
a00003469	305309
a00003470	305310
a00003471	305311
a00003472	305312
a00003473	305313
a00003474	305314
a00003475	305315
a00003476	305316
a00003477	305317
a00003478	305318
a00003479	305319
a00003480	305320
a00003481	305321
a00003482	305322
a00003483	305323
a00003484	305324
a00003485	305325
a00003486	305326
a00003487	305327
a00003488	305328
a00003489	305329
a00003490	305330
a00003491	305331
a00003492	305332
a00003493	305333
a00003494	305334
a00003495	305335
a00003496	305336
a00003497	305337
a00003498	305338
a00003499	305339
a00003500	305340
a00003501	305341
a00003502	305342
a00003503	305343
a00003504	305344
a00003505	305345
a00003506	305346
a00003507	305347
a00003508	305348
a00003509	305349
a00003510	305350
a00003511	305351
a00003512	305352
a00003513	305353
a00003514	305354
a00003515	305355
a00003516	305356
a00003517	305357
a00003518	305358
a00003519	305359
a00003520	305360
a00003521	305361
a00003522	305362
a00003523	305363
a00003524	305364
a00003525	305365
a00003526	305366
a00003527	305367
a00003528	305368
a00003529	305369
a00003530	305370
a00003531	305371
a00003532	305372
a00003533	305373
a00003534	305374
a00003535	305375
a00003536	305376
a00003537	305377
a00003538	305378
a00003539	305379
a00003540	305380
a00003541	305381
a00003542	305382
a00003543	305383
a00003544	305384
a00003545	305385
a00003546	305386
a00003547	305387
a00003548	305388
a00003549	305389
a00003550	305390
a00003551	305391
a00003552	305392
a00003553	305393
a00003554	305394
a00003555	305395
a00003556	305396
a00003557	305397
a00003558	305398
a00003559	305399
a00003560	305400
a00003561	305401
a00003562	305402
a00003563	305403
a00003564	305404
a00003565	305405
a00003566	305406
a00003567	305407
a00003568	305408
a00003569	305409
a00003570	305410
a00003571	305411
a00003572	305412
a00003573	305413
a00003574	305414
a00003575	305415
a00003576	305416
a00003577	305417
a00003578	305418
a00003579	305419
a00003580	305420
a00003581	305421
a00003582	305422
a00003583	305423
a00003584	305424
a00003585	305425
a00003586	305426
a00003587	305427
a00003588	305428
a00003589	305429
a00003590	305430
a00003591	305431
a00003592	305432
a00003593	305433
a00003594	305434
a00003595	305435
a00003596	305436
a00003597	305437
a00003598	305438
a00003599	305439
a00003600	305440
a00003601	305441
a00003602	305442
a00003603	305443
a00003604	305444
a00003605	305445
a00003606	305446
a00003607	305447
a00003608	305448
a00003609	305449
a00003610	305450
a00003611	305451
a00003612	305452
a00003613	305453
a00003614	305454
a00003615	305455
a00003616	305456
a00003617	305457
a00003618	305458
a00003619	305459
a00003620	305460
a00003621	305461
a00003622	305462
a00003623	305463
a00003624	305464
a00003625	305465
a00003626	305466
a00003627	305467
a00003628	305468
a00003629	305469
a00003630	305470
a00003631	305471
a00003632	305472
a00003633	305473
a00003634	305474
a00003635	305475
a00003636	305476
a00003637	305477
a00003638	305478
a00003639	305479
a00003640	305480
a00003641	305481
a00003642	305482
a00003643	305483
a00003644	305484
a00003645	305485
a00003646	305486
a00003647	305487
a00003648	305488
a00003649	305489
a00003650	305490
a00003651	305491
a00003652	305492
a00003653	305493
a00003654	305494
a00003655	305495
a00003656	305496
a00003657	305497
a00003658	305498
a00003659	305499
a00003660	305500
a00003661	305501
a00003662	305502
a00003663	305503
a00003664	305504
a00003665	305505
a00003666	305506
a00003667	305507
a00003668	305508
a00003669	305509
a00003670	305510
a00003671	305511
a00003672	305512
a00003673	305513
a00003674	305514
a00003675	305515
a00003676	305516
a00003677	305517
a00003678	305518
a00003679	305519
a00003680	305520
a00003681	305521
a00003682	305522
a00003683	305523
a00003684	305524
a00003685	305525
a00003686	305526
a00003687	305527
a00003688	305528
a00003689	305529
a00003690	305530
a00003691	305531
a00003692	305532
a00003693	305533
a00003694	305534
a00003695	305535
a00003696	305536
a00003697	305537
a00003698	305538
a00003699	305539
a00003700	305540
a00003701	305541
a00003702	305542
a00003703	305543
a00003704	305544
a00003705	305545
a00003706	305546
a00003707	305547
a00003708	305548
a00003709	305549
a00003710	305550
a00003711	305551
a00003712	305552
a00003713	305553
a00003714	305554
a00003715	305555
a00003716	305556
a00003717	305557
a00003718	305558
a00003719	305559
a00003720	305560
a00003721	305561
a00003722	305562
a00003723	305563
a00003724	305564
a00003725	305565
a00003726	305566
a00003727	305567
a00003728	305568
a00003729	305569
a00003730	305570
a00003731	305571
a00003732	305572
a00003733	305573
a00003734	305574
a00003735	305575
a00003736	305576
a00003737	305577
a00003738	305578
a00003739	305579
a00003740	305580
a00003741	305581
a00003742	305582
a00003743	305583
a00003744	305584
a00003745	305585
a00003746	305586
a00003747	305587
a00003748	305588
a00003749	305589
a00003750	305590
a00003751	305591
a00003752	305592
a00003753	305593
a00003754	305594
a00003755	305595
a00003756	305596
a00003757	305597
a00003758	305598
a00003759	305599
a00003760	305600
a00003761	305601
a00003762	305602
a00003763	305603
a00003764	305604
a00003765	305605
a00003766	305606
a00003767	305607
a00003768	305608
a00003769	305609
a00003770	305610
a00003771	305611
a00003772	305612
a00003773	305613
a00003774	305614
a00003775	305615
a00003776	305616
a00003777	305617
a00003778	305618
a00003779	305619
a00003780	305620
a00003781	305621
a00003782	305622
a00003783	305623
a00003784	305624
a00003785	305625
a00003786	305626
a00003787	305627
a00003788	305628
a00003789	305629
a00003790	305630
a00003791	305631
a00003792	305632
a00003793	305633
a00003794	305634
a00003795	305635
a00003796	305636
a00003797	305637
a00003798	305638
a00003799	305639
a00003800	305640
a00003801	305641
a00003802	305642
a00003803	305643
a00003804	305644
a00003805	305645
a00003806	305646
a00003807	305647
a00003808	305648
a00003809	305649
a00003810	305650
a00003811	305651
a00003812	305652
a00003813	305653
a00003814	305654
a00003815	305655
a00003816	305656
a00003817	305657
a00003818	305658
a00003819	305659
a00003820	305660
a00003821	305661
a00003822	305662
a00003823	305663
a00003824	305664
a00003825	305665
a00003826	305666
a00003827	305667
a00003828	305668
a00003829	305669
a00003830	305670
a00003831	305671
a00003832	305672
a00003833	305673
a00003834	305674
a00003835	305675
a00003836	305676
a00003837	305677
a00003838	305678
a00003839	305679
a00003840	305680
a00003841	305681
a00003842	305682
a00003843	305683
a00003844	305684
a00003845	305685
a00003846	305686
a00003847	305687
a00003848	305688
a00003849	305689
a00003850	305690
a00003851	305691
a00003852	305692
a00003853	305693
a00003854	305694
a00003855	305695
a00003856	305696
a00003857	305697
a00003858	305698
a00003859	305699
a00003860	305700
a00003861	305701
a00003862	305702
a00003863	305703
a00003864	305704
a00003865	305705
a00003866	305706
a00003867	305707
a00003868	305708
a00003869	305709
a00003870	305710
a00003871	305711
a00003872	305712
a00003873	305713
a00003874	305714
a00003875	305715
a00003876	305716
a00003877	305717
a00003878	305718
a00003879	305719
a00003880	305720
a00003881	305721
a00003882	305722
a00003883	305723
a00003884	305724
a00003885	305725
a00003886	305726
a00003887	305727
a00003888	305728
a00003889	305729
a00003890	305730
a00003891	305731
a00003892	305732
a00003893	305733
a00003894	305734
a00003895	305735
a00003896	305736
a00003897	305737
a00003898	305738
a00003899	305739
a00003900	305740
a00003901	305741
a00003902	305742
a00003903	305743
a00003904	305744
a00003905	305745
a00003906	305746
a00003907	305747
a00003908	305748
a00003909	305749
a00003910	305750
a00003911	305751
a00003912	305752
a00003913	305753
a00003914	305754
a00003915	305755
a00003916	305756
a00003917	305757
a00003918	305758
a00003919	305759
a00003920	305760
a00003921	305761
a00003922	305762
a00003923	305763
a00003924	305764
a00003925	305765
a00003926	305766
a00003927	305767
a00003928	305768
a00003929	305769
a00003930	305770
a00003931	305771
a00003932	305772
a00003933	305773
a00003934	305774
a00003935	305775
a00003936	305776
a00003937	305777
a00003938	305778
a00003939	305779
a00003940	305780
a00003941	305781
a00003942	305782
a00003943	305783
a00003944	305784
a00003945	305785
a00003946	305786
a00003947	305787
a00003948	305788
a00003949	305789
a00003950	305790
a00003951	305791
a00003952	305792
a00003953	305793
a00003954	305794
a00003955	305795
a00003956	305796
a00003957	305797
a00003958	305798
a00003959	305799
a00003960	305800
a00003961	305801
a00003962	305802
a00003963	305803
a00003964	305804
a00003965	305805
a00003966	305806
a00003967	305807
a00003968	305808
a00003969	305809
a00003970	305810
a00003971	305811
a00003972	305812
a00003973	305813
a00003974	305814
a00003975	305815
a00003976	305816
a00003977	305817
a00003978	305818
a00003979	305819
a00003980	305820
a00003981	305821
a00003982	305822
a00003983	305823
a00003984	305824
a00003985	305825
a00003986	305826
a00003987	305827
a00003988	305828
a00003989	305829
a00003990	305830
a00003991	305831
a00003992	305832
a00003993	305833
a00003994	305834
a00003995	305835
a00003996	305836
a00003997	305837
a00003998	305838
a00003999	305839
a00004000	305840
a00004001	305841
a00004002	305842
a00004003	305843
a00004004	305844
a00004005	305845
a00004006	305846
a00004007	305847
a00004008	305848
a00004009	305849
a00004010	305850
a00004011	305851
a00004012	305852
a00004013	305853
a00004014	305854
a00004015	305855
a00004016	305856
a00004017	305857
a00004018	305858
a00004019	305859
a00004020	305860
a00004021	305861
a00004022	305862
a00004023	305863
a00004024	305864
a00004025	305865
a00004026	305866
a00004027	305867
a00004028	305868
a00004029	305869
a00004030	305870
a00004031	305871
a00004032	305872
a00004033	305873
a00004034	305874
a00004035	305875
a00004036	305876
a00004037	305877
a00004038	305878
a00004039	305879
a00004040	305880
a00004041	305881
a00004042	305882
a00004043	305883
a00004044	305884
a00004045	305885
a00004046	305886
a00004047	305887
a00004048	305888
a00004049	305889
a00004050	305890
a00004051	305891
a00004052	305892
a00004053	305893
a00004054	305894
a00004055	305895
a00004056	305896
a00004057	305897
a00004058	305898
a00004059	305899
a00004060	305900
a00004061	305901
a00004062	305902
a00004063	305903
a00004064	305904
a00004065	305905
a00004066	305906
a00004067	305907
a00004068	305908
a00004069	305909
a00004070	305910
a00004071	305911
a00004072	305912
a00004073	305913
a00004074	305914
a00004075	305915
a00004076	305916
a00004077	305917
a00004078	305918
a00004079	305919
a00004080	305920
a00004081	305921
a00004082	305922
a00004083	305923
a00004084	305924
a00004085	305925
a00004086	305926
a00004087	305927
a00004088	305928
a00004089	305929
a00004090	305930
a00004091	305931
a00004092	305932
a00004093	305933
a00004094	305934
a00004095	305935
a00004096	305936
a00004097	305937
a00004098	305938
a00004099	305939
a00004100	305940
a00004101	305941
a00004102	305942
a00004103	305943
a00004104	305944
a00004105	305945
a00004106	305946
a00004107	305947
a00004108	305948
a00004109	305949
a00004110	305950
a00004111	305951
a00004112	305952
a00004113	305953
a00004114	305954
a00004115	305955
a00004116	305956
a00004117	305957
a00004118	305958
a00004119	305959
a00004120	305960
a00004121	305961
a00004122	305962
a00004123	305963
a00004124	305964
a00004125	305965
a00004126	305966
a00004127	305967
a00004128	305968
a00004129	305969
a00004130	305970
a00004131	305971
a00004132	305972
a00004133	305973
a00004134	305974
a00004135	305975
a00004136	305976
a00004137	305977
a00004138	305978
a00004139	305979
a00004140	305980
a00004141	305981
a00004142	305982
a00004143	305983
a00004144	305984
a00004145	305985
a00004146	305986
a00004147	305987
a00004148	305988
a00004149	305989
a00004150	305990
a00004151	305991
a00004152	305992
a00004153	305993
a00004154	305994
a00004155	305995
a00004156	305996
a00004157	305997
a00004158	305998
a00004159	305999
a00004160	306000
a00004161	306001
a00004162	306002
a00004163	306003
a00004164	306004
a00004165	306005
a00004166	306006
a00004167	306007
a00004168	306008
a00004169	306009
a00004170	306010
a00004171	306011
a00004172	306012
a00004173	306013
a00004174	306014
a00004175	306015
a00004176	306016
a00004177	306017
a00004178	306018
a00004179	306019
a00004180	306020
a00004181	306021
a00004182	306022
a00004183	306023
a00004184	306024
a00004185	306025
a00004186	306026
a00004187	306027
a00004188	306028
a00004189	306029
a00004190	306030
a00004191	306031
a00004192	306032
a00004193	306033
a00004194	306034
a00004195	306035
a00004196	306036
a00004197	306037
a00004198	306038
a00004199	306039
a00004200	306040
a00004201	306041
a00004202	306042
a00004203	306043
a00004204	306044
a00004205	306045
a00004206	306046
a00004207	306047
a00004208	306048
a00004209	306049
a00004210	306050
a00004211	306051
a00004212	306052
a00004213	306053
a00004214	306054
a00004215	306055
a00004216	306056
a00004217	306057
a00004218	306058
a00004219	306059
a00004220	306060
a00004221	306061
a00004222	306062
a00004223	306063
a00004224	306064
a00004225	306065
a00004226	306066
a00004227	306067
a00004228	306068
a00004229	306069
a00004230	306070
a00004231	306071
a00004232	306072
a00004233	306073
a00004234	306074
a00004235	306075
a00004236	306076
a00004237	306077
a00004238	306078
a00004239	306079
a00004240	306080
a00004241	306081
a00004242	306082
a00004243	306083
a00004244	306084
a00004245	306085
a00004246	306086
a00004247	306087
a00004248	306088
a00004249	306089
a00004250	306090
a00004251	306091
a00004252	306092
a00004253	306093
a00004254	306094
a00004255	306095
a00004256	306096
a00004257	306097
a00004258	306098
a00004259	306099
a00004260	306100
a00004261	306101
a00004262	306102
a00004263	306103
a00004264	306104
a00004265	306105
a00004266	306106
a00004267	306107
a00004268	306108
a00004269	306109
a00004270	306110
a00004271	306111
a00004272	306112
a00004273	306113
a00004274	306114
a00004275	306115
a00004276	306116
a00004277	306117
a00004278	306118
a00004279	306119
a00004280	306120
a00004281	306121
a00004282	306122
a00004283	306123
a00004284	306124
a00004285	306125
a00004286	306126
a00004287	306127
a00004288	306128
a00004289	306129
a00004290	306130
a00004291	306131
a00004292	306132
a00004293	306133
a00004294	306134
a00004295	306135
a00004296	306136
a00004297	306137
a00004298	306138
a00004299	306139
a00004300	306140
a00004301	306141
a00004302	306142
a00004303	306143
a00004304	306144
a00004305	306145
a00004306	306146
a00004307	306147
a00004308	306148
a00004309	306149
a00004310	306150
a00004311	306151
a00004312	306152
a00004313	306153
a00004314	306154
a00004315	306155
a00004316	306156
a00004317	306157
a00004318	306158
a00004319	306159
a00004320	306160
a00004321	306161
a00004322	306162
a00004323	306163
a00004324	306164
a00004325	306165
a00004326	306166
a00004327	306167
a00004328	306168
a00004329	306169
a00004330	306170
a00004331	306171
a00004332	306172
a00004333	306173
a00004334	306174
a00004335	306175
a00004336	306176
a00004337	306177
a00004338	306178
a00004339	306179
a00004340	306180
a00004341	306181
a00004342	306182
a00004343	306183
a00004344	306184
a00004345	306185
a00004346	306186
a00004347	306187
a00004348	306188
a00004349	306189
a00004350	306190
a00004351	306191
a00004352	306192
a00004353	306193
a00004354	306194
a00004355	306195
a00004356	306196
a00004357	306197
a00004358	306198
a00004359	306199
a00004360	306200
a00004361	306201
a00004362	306202
a00004363	306203
a00004364	306204
a00004365	306205
a00004366	306206
a00004367	306207
a00004368	306208
a00004369	306209
a00004370	306210
a00004371	306211
a00004372	306212
a00004373	306213
a00004374	306214
a00004375	306215
a00004376	306216
a00004377	306217
a00004378	306218
a00004379	306219
a00004380	306220
a00004381	306221
a00004382	306222
a00004383	306223
a00004384	306224
a00004385	306225
a00004386	306226
a00004387	306227
a00004388	306228
a00004389	306229
a00004390	306230
a00004391	306231
a00004392	306232
a00004393	306233
a00004394	306234
a00004395	306235
a00004396	306236
a00004397	306237
a00004398	306238
a00004399	306239
a00004400	306240
a00004401	306241
a00004402	306242
a00004403	306243
a00004404	306244
a00004405	306245
a00004406	306246
a00004407	306247
a00004408	306248
a00004409	306249
a00004410	306250
a00004411	306251
a00004412	306252
a00004413	306253
a00004414	306254
a00004415	306255
a00004416	306256
a00004417	306257
a00004418	306258
a00004419	306259
a00004420	306260
a00004421	306261
a00004422	306262
a00004423	306263
a00004424	306264
a00004425	306265
a00004426	306266
a00004427	306267
a00004428	306268
a00004429	306269
a00004430	306270
a00004431	306271
a00004432	306272
a00004433	306273
a00004434	306274
a00004435	306275
a00004436	306276
a00004437	306277
a00004438	306278
a00004439	306279
a00004440	306280
a00004441	306281
a00004442	306282
a00004443	306283
a00004444	306284
a00004445	306285
a00004446	306286
a00004447	306287
a00004448	306288
a00004449	306289
a00004450	306290
a00004451	306291
a00004452	306292
a00004453	306293
a00004454	306294
a00004455	306295
a00004456	306296
a00004457	306297
a00004458	306298
a00004459	306299
a00004460	306300
a00004461	306301
a00004462	306302
a00004463	306303
a00004464	306304
a00004465	306305
a00004466	306306
a00004467	306307
a00004468	306308
a00004469	306309
a00004470	306310
a00004471	306311
a00004472	306312
a00004473	306313
a00004474	306314
a00004475	306315
a00004476	306316
a00004477	306317
a00004478	306318
a00004479	306319
a00004480	306320
a00004481	306321
a00004482	306322
a00004483	306323
a00004484	306324
a00004485	306325
a00004486	306326
a00004487	306327
a00004488	306328
a00004489	306329
a00004490	306330
a00004491	306331
a00004492	306332
a00004493	306333
a00004494	306334
a00004495	306335
a00004496	306336
a00004497	306337
a00004498	306338
a00004499	306339
a00004500	306340
a00004501	306341
a00004502	306342
a00004503	306343
a00004504	306344
a00004505	306345
a00004506	306346
a00004507	306347
a00004508	306348
a00004509	306349
a00004510	306350
a00004511	306351
a00004512	306352
a00004513	306353
a00004514	306354
a00004515	306355
a00004516	306356
a00004517	306357
a00004518	306358
a00004519	306359
a00004520	306360
a00004521	306361
a00004522	306362
a00004523	306363
a00004524	306364
a00004525	306365
a00004526	306366
a00004527	306367
a00004528	306368
a00004529	306369
a00004530	306370
a00004531	306371
a00004532	306372
a00004533	306373
a00004534	306374
a00004535	306375
a00004536	306376
a00004537	306377
a00004538	306378
a00004539	306379
a00004540	306380
a00004541	306381
a00004542	306382
a00004543	306383
a00004544	306384
a00004545	306385
a00004546	306386
a00004547	306387
a00004548	306388
a00004549	306389
a00004550	306390
a00004551	306391
a00004552	306392
a00004553	306393
a00004554	306394
a00004555	306395
a00004556	306396
a00004557	306397
a00004558	306398
a00004559	306399
a00004560	306400
a00004561	306401
a00004562	306402
a00004563	306403
a00004564	306404
a00004565	306405
a00004566	306406
a00004567	306407
a00004568	306408
a00004569	306409
a00004570	306410
a00004571	306411
a00004572	306412
a00004573	306413
a00004574	306414
a00004575	306415
a00004576	306416
a00004577	306417
a00004578	306418
a00004579	306419
a00004580	306420
a00004581	306421
a00004582	306422
a00004583	306423
a00004584	306424
a00004585	306425
a00004586	306426
a00004587	306427
a00004588	306428
a00004589	306429
a00004590	306430
a00004591	306431
a00004592	306432
a00004593	306433
a00004594	306434
a00004595	306435
a00004596	306436
a00004597	306437
a00004598	306438
a00004599	306439
a00004600	306440
a00004601	306441
a00004602	306442
a00004603	306443
a00004604	306444
a00004605	306445
a00004606	306446
a00004607	306447
a00004608	306448
a00004609	306449
a00004610	306450
a00004611	306451
a00004612	306452
a00004613	306453
a00004614	306454
a00004615	306455
a00004616	306456
a00004617	306457
a00004618	306458
a00004619	306459
a00004620	306460
a00004621	306461
a00004622	306462
a00004623	306463
a00004624	306464
a00004625	306465
a00004626	306466
a00004627	306467
a00004628	306468
a00004629	306469
a00004630	306470
a00004631	306471
a00004632	306472
a00004633	306473
a00004634	306474
a00004635	306475
a00004636	306476
a00004637	306477
a00004638	306478
a00004639	306479
a00004640	306480
a00004641	306481
a00004642	306482
a00004643	306483
a00004644	306484
a00004645	306485
a00004646	306486
a00004647	306487
a00004648	306488
a00004649	306489
a00004650	306490
a00004651	306491
a00004652	306492
a00004653	306493
a00004654	306494
a00004655	306495
a00004656	306496
a00004657	306497
a00004658	306498
a00004659	306499
a00004660	306500
a00004661	306501
a00004662	306502
a00004663	306503
a00004664	306504
a00004665	306505
a00004666	306506
a00004667	306507
a00004668	306508
a00004669	306509
a00004670	306510
a00004671	306511
a00004672	306512
a00004673	306513
a00004674	306514
a00004675	306515
a00004676	306516
a00004677	306517
a00004678	306518
a00004679	306519
a00004680	306520
a00004681	306521
a00004682	306522
a00004683	306523
a00004684	306524
a00004685	306525
a00004686	306526
a00004687	306527
a00004688	306528
a00004689	306529
a00004690	306530
a00004691	306531
a00004692	306532
a00004693	306533
a00004694	306534
a00004695	306535
a00004696	306536
a00004697	306537
a00004698	306538
a00004699	306539
a00004700	306540
a00004701	306541
a00004702	306542
a00004703	306543
a00004704	306544
a00004705	306545
a00004706	306546
a00004707	306547
a00004708	306548
a00004709	306549
a00004710	306550
a00004711	306551
a00004712	306552
a00004713	306553
a00004714	306554
a00004715	306555
a00004716	306556
a00004717	306557
a00004718	306558
a00004719	306559
a00004720	306560
a00004721	306561
a00004722	306562
a00004723	306563
a00004724	306564
a00004725	306565
a00004726	306566
a00004727	306567
a00004728	306568
a00004729	306569
a00004730	306570
a00004731	306571
a00004732	306572
a00004733	306573
a00004734	306574
a00004735	306575
a00004736	306576
a00004737	306577
a00004738	306578
a00004739	306579
a00004740	306580
a00004741	306581
a00004742	306582
a00004743	306583
a00004744	306584
a00004745	306585
a00004746	306586
a00004747	306587
a00004748	306588
a00004749	306589
a00004750	306590
a00004751	306591
a00004752	306592
a00004753	306593
a00004754	306594
a00004755	306595
a00004756	306596
a00004757	306597
a00004758	306598
a00004759	306599
a00004760	306600
a00004761	306601
a00004762	306602
a00004763	306603
a00004764	306604
a00004765	306605
a00004766	306606
a00004767	306607
a00004768	306608
a00004769	306609
a00004770	306610
a00004771	306611
a00004772	306612
a00004773	306613
a00004774	306614
a00004775	306615
a00004776	306616
a00004777	306617
a00004778	306618
a00004779	306619
a00004780	306620
a00004781	306621
a00004782	306622
a00004783	306623
a00004784	306624
a00004785	306625
a00004786	306626
a00004787	306627
a00004788	306628
a00004789	306629
a00004790	306630
a00004791	306631
a00004792	306632
a00004793	306633
a00004794	306634
a00004795	306635
a00004796	306636
a00004797	306637
a00004798	306638
a00004799	306639
a00004800	306640
a00004801	306641
a00004802	306642
a00004803	306643
a00004804	306644
a00004805	306645
a00004806	306646
a00004807	306647
a00004808	306648
a00004809	306649
a00004810	306650
a00004811	306651
a00004812	306652
a00004813	306653
a00004814	306654
a00004815	306655
a00004816	306656
a00004817	306657
a00004818	306658
a00004819	306659
a00004820	306660
a00004821	306661
a00004822	306662
a00004823	306663
a00004824	306664
a00004825	306665
a00004826	306666
a00004827	306667
a00004828	306668
a00004829	306669
a00004830	306670
a00004831	306671
a00004832	306672
a00004833	306673
a00004834	306674
a00004835	306675
a00004836	306676
a00004837	306677
a00004838	306678
a00004839	306679
a00004840	306680
a00004841	306681
a00004842	306682
a00004843	306683
a00004844	306684
a00004845	306685
a00004846	306686
a00004847	306687
a00004848	306688
a00004849	306689
a00004850	306690
a00004851	306691
a00004852	306692
a00004853	306693
a00004854	306694
a00004855	306695
a00004856	306696
a00004857	306697
a00004858	306698
a00004859	306699
a00004860	306700
a00004861	306701
a00004862	306702
a00004863	306703
a00004864	306704
a00004865	306705
a00004866	306706
a00004867	306707
a00004868	306708
a00004869	306709
a00004870	306710
a00004871	306711
a00004872	306712
a00004873	306713
a00004874	306714
a00004875	306715
a00004876	306716
a00004877	306717
a00004878	306718
a00004879	306719
a00004880	306720
a00004881	306721
a00004882	306722
a00004883	306723
a00004884	306724
a00004885	306725
a00004886	306726
a00004887	306727
a00004888	306728
a00004889	306729
a00004890	306730
a00004891	306731
a00004892	306732
a00004893	306733
a00004894	306734
a00004895	306735
a00004896	306736
a00004897	306737
a00004898	306738
a00004899	306739
a00004900	306740
a00004901	306741
a00004902	306742
a00004903	306743
a00004904	306744
a00004905	306745
a00004906	306746
a00004907	306747
a00004908	306748
a00004909	306749
a00004910	306750
a00004911	306751
a00004912	306752
a00004913	306753
a00004914	306754
a00004915	306755
a00004916	306756
a00004917	306757
a00004918	306758
a00004919	306759
a00004920	306760
a00004921	306761
a00004922	306762
a00004923	306763
a00004924	306764
a00004925	306765
a00004926	306766
a00004927	306767
a00004928	306768
a00004929	306769
a00004930	306770
a00004931	306771
a00004932	306772
a00004933	306773
a00004934	306774
a00004935	306775
a00004936	306776
a00004937	306777
a00004938	306778
a00004939	306779
a00004940	306780
a00004941	306781
a00004942	306782
a00004943	306783
a00004944	306784
a00004945	306785
a00004946	306786
a00004947	306787
a00004948	306788
a00004949	306789
a00004950	306790
a00004951	306791
a00004952	306792
a00004953	306793
a00004954	306794
a00004955	306795
a00004956	306796
a00004957	306797
a00004958	306798
a00004959	306799
a00004960	306800
a00004961	306801
a00004962	306802
a00004963	306803
a00004964	306804
a00004965	306805
a00004966	306806
a00004967	306807
a00004968	306808
a00004969	306809
a00004970	306810
a00004971	306811
a00004972	306812
a00004973	306813
a00004974	306814
a00004975	306815
a00004976	306816
a00004977	306817
a00004978	306818
a00004979	306819
a00004980	306820
a00004981	306821
a00004982	306822
a00004983	306823
a00004984	306824
a00004985	306825
a00004986	306826
a00004987	306827
a00004988	306828
a00004989	306829
a00004990	306830
a00004991	306831
a00004992	306832
a00004993	306833
a00004994	306834
a00004995	306835
a00004996	306836
a00004997	306837
a00004998	306838
a00004999	306839
a00005000	306840
a00005001	306841
a00005002	306842
a00005003	306843
a00005004	306844
a00005005	306845
a00005006	306846
a00005007	306847
a00005008	306848
a00005009	306849
a00005010	306850
a00005011	306851
a00005012	306852
a00005013	306853
a00005014	306854
a00005015	306855
a00005016	306856
a00005017	306857
a00005018	306858
a00005019	306859
a00005020	306860
a00005021	306861
a00005022	306862
a00005023	306863
a00005024	306864
a00005025	306865
a00005026	306866
a00005027	306867
a00005028	306868
a00005029	306869
a00005030	306870
a00005031	306871
a00005032	306872
a00005033	306873
a00005034	306874
a00005035	306875
a00005036	306876
a00005037	306877
a00005038	306878
a00005039	306879
a00005040	306880
a00005041	306881
a00005042	306882
a00005043	306883
a00005044	306884
a00005045	306885
a00005046	306886
a00005047	306887
a00005048	306888
a00005049	306889
a00005050	306890
a00005051	306891
a00005052	306892
a00005053	306893
a00005054	306894
a00005055	306895
a00005056	306896
a00005057	306897
a00005058	306898
a00005059	306899
a00005060	306900
a00005061	306901
a00005062	306902
a00005063	306903
a00005064	306904
a00005065	306905
a00005066	306906
a00005067	306907
a00005068	306908
a00005069	306909
a00005070	306910
a00005071	306911
a00005072	306912
a00005073	306913
a00005074	306914
a00005075	306915
a00005076	306916
a00005077	306917
a00005078	306918
a00005079	306919
a00005080	306920
a00005081	306921
a00005082	306922
a00005083	306923
a00005084	306924
a00005085	306925
a00005086	306926
a00005087	306927
a00005088	306928
a00005089	306929
a00005090	306930
a00005091	306931
a00005092	306932
a00005093	306933
a00005094	306934
a00005095	306935
a00005096	306936
a00005097	306937
a00005098	306938
a00005099	306939
a00005100	306940
a00005101	306941
a00005102	306942
a00005103	306943
a00005104	306944
a00005105	306945
a00005106	306946
a00005107	306947
a00005108	306948
a00005109	306949
a00005110	306950
a00005111	306951
a00005112	306952
a00005113	306953
a00005114	306954
a00005115	306955
a00005116	306956
a00005117	306957
a00005118	306958
a00005119	306959
a00005120	306960
a00005121	306961
a00005122	306962
a00005123	306963
a00005124	306964
a00005125	306965
a00005126	306966
a00005127	306967
a00005128	306968
a00005129	306969
a00005130	306970
a00005131	306971
a00005132	306972
a00005133	306973
a00005134	306974
a00005135	306975
a00005136	306976
a00005137	306977
a00005138	306978
a00005139	306979
a00005140	306980
a00005141	306981
a00005142	306982
a00005143	306983
a00005144	306984
a00005145	306985
a00005146	306986
a00005147	306987
a00005148	306988
a00005149	306989
a00005150	306990
a00005151	306991
a00005152	306992
a00005153	306993
a00005154	306994
a00005155	306995
a00005156	306996
a00005157	306997
a00005158	306998
a00005159	306999
a00005160	307000
a00005161	307001
a00005162	307002
a00005163	307003
a00005164	307004
a00005165	307005
a00005166	307006
a00005167	307007
a00005168	307008
a00005169	307009
a00005170	307010
a00005171	307011
a00005172	307012
a00005173	307013
a00005174	307014
a00005175	307015
a00005176	307016
a00005177	307017
a00005178	307018
a00005179	307019
a00005180	307020
a00005181	307021
a00005182	307022
a00005183	307023
a00005184	307024
a00005185	307025
a00005186	307026
a00005187	307027
a00005188	307028
a00005189	307029
a00005190	307030
a00005191	307031
a00005192	307032
a00005193	307033
a00005194	307034
a00005195	307035
a00005196	307036
a00005197	307037
a00005198	307038
a00005199	307039
a00005200	307040
a00005201	307041
a00005202	307042
a00005203	307043
a00005204	307044
a00005205	307045
a00005206	307046
a00005207	307047
a00005208	307048
a00005209	307049
a00005210	307050
a00005211	307051
a00005212	307052
a00005213	307053
a00005214	307054
a00005215	307055
a00005216	307056
a00005217	307057
a00005218	307058
a00005219	307059
a00005220	307060
a00005221	307061
a00005222	307062
a00005223	307063
a00005224	307064
a00005225	307065
a00005226	307066
a00005227	307067
a00005228	307068
a00005229	307069
a00005230	307070
a00005231	307071
a00005232	307072
a00005233	307073
a00005234	307074
a00005235	307075
a00005236	307076
a00005237	307077
a00005238	307078
a00005239	307079
a00005240	307080
a00005241	307081
a00005242	307082
a00005243	307083
a00005244	307084
a00005245	307085
a00005246	307086
a00005247	307087
a00005248	307088
a00005249	307089
a00005250	307090
a00005251	307091
a00005252	307092
a00005253	307093
a00005254	307094
a00005255	307095
a00005256	307096
a00005257	307097
a00005258	307098
a00005259	307099
a00005260	307100
a00005261	307101
a00005262	307102
a00005263	307103
a00005264	307104
a00005265	307105
a00005266	307106
a00005267	307107
a00005268	307108
a00005269	307109
a00005270	307110
a00005271	307111
a00005272	307112
a00005273	307113
a00005274	307114
a00005275	307115
a00005276	307116
a00005277	307117
a00005278	307118
a00005279	307119
a00005280	307120
a00005281	307121
a00005282	307122
a00005283	307123
a00005284	307124
a00005285	307125
a00005286	307126
a00005287	307127
a00005288	307128
a00005289	307129
a00005290	307130
a00005291	307131
a00005292	307132
a00005293	307133
a00005294	307134
a00005295	307135
a00005296	307136
a00005297	307137
a00005298	307138
a00005299	307139
a00005300	307140
a00005301	307141
a00005302	307142
a00005303	307143
a00005304	307144
a00005305	307145
a00005306	307146
a00005307	307147
a00005308	307148
a00005309	307149
a00005310	307150
a00005311	307151
a00005312	307152
a00005313	307153
a00005314	307154
a00005315	307155
a00005316	307156
a00005317	307157
a00005318	307158
a00005319	307159
a00005320	307160
a00005321	307161
a00005322	307162
a00005323	307163
a00005324	307164
a00005325	307165
a00005326	307166
a00005327	307167
a00005328	307168
a00005329	307169
a00005330	307170
a00005331	307171
a00005332	307172
a00005333	307173
a00005334	307174
a00005335	307175
a00005336	307176
a00005337	307177
a00005338	307178
a00005339	307179
a00005340	307180
a00005341	307181
a00005342	307182
a00005343	307183
a00005344	307184
a00005345	307185
a00005346	307186
a00005347	307187
a00005348	307188
a00005349	307189
a00005350	307190
a00005351	307191
a00005352	307192
a00005353	307193
a00005354	307194
a00005355	307195
a00005356	307196
a00005357	307197
a00005358	307198
a00005359	307199
a00005360	307200
a00005361	307201
a00005362	307202
a00005363	307203
a00005364	307204
a00005365	307205
a00005366	307206
a00005367	307207
a00005368	307208
a00005369	307209
a00005370	307210
a00005371	307211
a00005372	307212
a00005373	307213
a00005374	307214
a00005375	307215
a00005376	307216
a00005377	307217
a00005378	307218
a00005379	307219
a00005380	307220
a00005381	307221
a00005382	307222
a00005383	307223
a00005384	307224
a00005385	307225
a00005386	307226
a00005387	307227
a00005388	307228
a00005389	307229
a00005390	307230
a00005391	307231
a00005392	307232
a00005393	307233
a00005394	307234
a00005395	307235
a00005396	307236
a00005397	307237
a00005398	307238
a00005399	307239
a00005400	307240
