manifestation_id	title	language	certainty
150	Esthera Regina	Latin	Certain
151	Didascalus	Latin	Certain
152	Iosephus	Latin	Certain
153	Iuditha	Latin	Certain
154	Naaman	Latin	Certain
155	Nehemias	Latin	Certain
156	Pseudostratiotae	Latin	Certain
157	Saulus	Latin	Certain
158	Tobaeus	Latin	Certain
159	Adamus exul	Latin	Certain
160	L’hypocrite demasqué	French	Certain
161	L’orgeuil humilié ou Aman	French	Certain
162	Sedecias	Latin	Certain
163	Sergius vel capitis caput	Latin	Certain
164	Scenica Progymnasmata hoc est Ludicra praeexercitamenta	Latin	Certain
165	Eydel is het waght te stellen,, En te breken liefdens bandt:	Dutch	Certain
166	In amore stabili vana sit custodia	Latin	Certain
167	Judicium temerarium sive Adolphus Teutonum comes	Latin	Certain
168	t lichtveerdig oordeel door Adolphus	Dutch	Certain
169	Joseph se fratribus manifestans	Latin	Certain
170	Prodigus ad frugem revocatus	Latin	Certain
170	De verquister tot beternis gebragt	Dutch	Certain
171	Salomon unctus	Latin	Certain
171	Salomon gezalfd	Dutch	Certain
172	Den allerkinderen-dag	Dutch	Certain
173	Salomona met haer zeven zonen Machabeen	Dutch	Certain
174	Dry-dobbel verlies van Sapricius door den haet teghen Nicephorus	Dutch	Uncertain
175	Franciscus De Borgia in’t hof van den keyser kloeckmoedigh	Dutch	Uncertain
176	Joseph	Latin	Certain
177	Auriacus sive libertas saucia	Latin	Certain
178	Christus patiens	Latin	Certain
179	Maria Graeca	Latin	Certain
180	Rosimunda	Latin	Certain
181	Paulus Kien	Latin	Certain
182	Triumphus Ecclesiae	Latin	Certain
183	Aeternus Pater in Jephte	Latin	Certain
184	Adonias et Salomon	Latin	Certain
185	Brandende ende lichtende lanterne	Dutch	Certain
186	Lucerna ardens	Latin	Certain
187	Mauritius imperator	Latin	Certain
188	Mauritius orientis imperator	Latin	Certain
189	Menecrates	Latin	Certain
190	Jesus in templo inventus	Latin	Certain
191	Calvinus	Latin	Certain
192	Servus nequam	Latin	Certain
193	Athalia	Latin	Certain
193	Athalia	Dutch	Certain
194	Donec eris felix	Latin	Certain
194	Soo lanck gy sult geluckig zyn	Dutch	Certain
195	Jonathas	Latin	Certain
196	Mulier vidua	Latin	Certain
197	Titus Manlius	Latin	Certain
198	Morophilus	Latin	Certain
199	Nisus et Eurialus	Latin	Certain
200	Pambo Eremita	Latin	Certain
201	S. Aloysius	Latin	Certain
202	Serpens in deserto exaltatus	Latin	Certain
203	Nabuchodonosor	Latin	Certain
203	Nabuchodonosor	Dutch	Certain
204	Domitianus	Latin	Certain
205	Putagius	Latin	Certain
206	Clinia	Latin	Certain
207	Cyrus	Latin	Certain
208	Theophilus	Latin	Certain
209	Achab poenitens	Latin	Certain
210	Philargyrus	Latin	Certain
211	Vray modelle des Evesques remontré en Sainct Iean l’Apostre	French	Certain
212	S. Henricus pius, fortis, pacificus, imperator	Latin	Certain
213	Manasses coninck van Ierusalem	Dutch	Uncertain
214	Rechtveerdich oordeel Godts ofte Mauritius Keyser vanden Oosten	Dutch	Uncertain
215	Christelycke vraecke in Wamba coninck der Gothen in Spaignien	Dutch	Uncertain
216	H. Xaverius apostel vanden Oosten ondervvijser der ionckheyt	Dutch	Uncertain
217	Ionathas Machabaevs oppersten priester en capiteyn van het volck des heeren.	Dutch	Certain
218	Tragoedie Evstachivs in alle teghenspoet, onvvinbaer	Dutch	Certain
219	Den Glorieusen strydt voor de wet Godts ende Victorie van Eleazarus	Dutch	Certain
220	Saul ghestraft om sijne onghehoorsaemheydt	Dutch	Uncertain
221	Den h. Martinvs bischop van Tovrs	Dutch	Uncertain
222	Eer-vluchtigen Alexander	Dutch	Uncertain
223	Isaacius Angelus keyser vanden Oosten en Balduinus van Vlaenderen	Dutch	Certain
224	Ongheluckighe eersucht van Adonias, in wiens plaetse Salomon ghestelt wort	Dutch	Uncertain
225	Trebellius Coninck van Bulgarien	Dutch	Uncertain
226	Maurice empereur du Levant	French	Certain
227	David en Jonathas malkandren beminnende	Dutch	Uncertain
228	Ismael	Latin	Certain
229	Jephte	Latin	Certain
230	Adam et Eva	Latin	Certain
231	Potitus	Latin	Certain
232	Pastor bonus	Latin	Certain
233	Chrysomisus	Latin	Certain
234	Le malade imaginaire comedie	French	Certain
235	Christus Xylonicus	Latin	Certain
236	Susanna	Latin	Certain
237	Ananias	Latin	Certain
238	Daniel	Latin	Certain
239	Pentecoste	Latin	Certain
240	Triumphus Christi	Latin	Certain
241	Typhlus	Latin	Certain
242	Semiramis	Dutch	Certain
242	Semiramis	Latin	Certain
243	Veranderinge van het menschelyck lot, ofte Origenon ende Dafrosa	Dutch	Uncertain
244	Sedecias	Latin	Certain
428	Soter gloriosus	Latin	Certain
245	Hypocrisis: de hypocrisis falsa religione, ficta disciplina	Latin	Certain
246	Adelphi	Latin	Certain
246	Adelphi	Dutch	Certain
247	Andria	Latin	Certain
247	Andria	Dutch	Certain
248	Eunuchus	Latin	Certain
248	Eunuchus	Dutch	Certain
249	Heautontimorumenos	Latin	Certain
249	Heautontimorumenos	Dutch	Certain
250	Hecyra	Latin	Certain
250	Hecyra	Dutch	Certain
251	Phormio	Latin	Certain
251	Phormio	Dutch	Certain
252	Adelphi	Latin	Certain
252	Adelphi	Dutch	Certain
253	Andria	Latin	Certain
253	Andria	Dutch	Certain
254	Eunuchus	Latin	Certain
254	Eunuchus	Dutch	Certain
255	Heautontimorumenos	Latin	Certain
255	Heautontimorumenos	Dutch	Certain
256	Hecyra	Latin	Certain
256	Hecyra	Dutch	Certain
257	Phormio	Latin	Certain
257	Phormio	Dutch	Certain
258	Adelphi	Latin	Certain
258	Adelphi	Dutch	Certain
259	Andria	Latin	Certain
259	Andria	Dutch	Certain
260	Eunuchus	Latin	Certain
260	Eunuchus	Dutch	Certain
261	Heautontimorumenos	Latin	Certain
261	Heautontimorumenos	Dutch	Certain
262	Hecyra	Latin	Certain
262	Hecyra	Dutch	Certain
263	Phormio	Latin	Certain
263	Phormio	Dutch	Certain
264	Joseph den Patriarch	Dutch	Certain
265	Blyden inganck van Phoebus ende Musen	Dutch	Uncertain
266	Goddelycke wysheyt voor den Godts-dienst door den coninck Salomon	Dutch	Uncertain
267	Mardochaeus over den doodt-vyandt der Ioden Aman, triomferende	Dutch	Uncertain
268	Triomphe de la foy catholique representée dans Marc et Marcelliain	French	Certain
269	Rycken vreck in weelde ghestraft ende Lazarus in ellende gheloont	Dutch	Uncertain
270	Onnoosel bloedt vergoten door Ugolinus, prince van Hetrurie	Dutch	Uncertain
271	Vruchten van leet-wesen	Dutch	Certain
272	Zedelyck schou-speel	Dutch	Certain
273	Eustachius	Latin	Certain
274	Clodoaldus prince van Denemarcken	Dutch	Certain
275	De Doodt aen rycke, hooveerdighe versmaeders des Cruys Christi	Dutch	Uncertain
276	Mors divitibus superbis infelix pauperibus ac crucis christi cultoribus felix	Latin	Certain
277	Gvilielmvs eerst hertoghe van Aqvitanien van S. Avgvstyns orden	Dutch	Certain
278	Gorcomienses sive Fidei exilium	Latin	Certain
279	Sedecias	Latin	Certain
280	Salomon	Latin	Certain
281	Princeps Auriacus, sive libertas defensa	Latin	Certain
282	Auriacus	Latin	Certain
283	Sapricio-Nicephorus	Latin	Certain
284	Alexander soone van Alexander	Dutch	Uncertain
285	La compagnie de Iesus esparse par tovt le monde	French	Certain
286	Svbiect de la tragicomedie de Ioseph= tiree dv chapitre trente-septiesme= trente-noevfiesme= &c. ivsqves av qvarante-hvictiesme de la Genese. Laquelle se representera le lendemain de la procession= en la court du college de la ville de Tovrnay= par les escoliers de la Compagnie de Iesvs.	French	Certain
287	Joseph	Latin	Certain
288	Joseph	Latin	Certain
289	Acolastus	Latin	Certain
290	H. Nicolaus Tollentinas	Latin	Uncertain
291	Nehemias	Latin	Certain
292	Tobaeus	Latin	Certain
293	Naaman	Latin	Certain
294	Saulus conversus	Latin	Certain
295	Lazarus mendicus	Latin	Certain
296	Destructio Jerosolymitana sub Sedecia	Latin	Certain
297	Ajax lorarius	Latin	Certain
298	Philedonius	Latin	Certain
299	Cyrus coningh der Persianen overwonnen door Tomeris coninginne van Schytien	Dutch	Certain
300	Cyrus Persarum rex a Tomeri Schytiae regina superatus	Latin	Certain
301	Diogenes Romanus	Latin	Certain
302	Poliodorus rusticus	Latin	Certain
303	Ortus in occasu, sive Semiramidis ad solium Assyriae ascensus	Latin	Certain
304	Philenus	Latin	Certain
305	Bustum Sodomae	Latin	Certain
306	Amnon	Latin	Certain
307	Ottocarus Bohemiae rex	Latin	Certain
308	Conradinus	Latin	Certain
309	Crispus	Latin	Certain
310	Eustachius	Latin	Certain
311	Gorcomienses sive Fidei exilium	Latin	Certain
312	Henricus Octavus seu schisma Anglicarum	Latin	Certain
313	Ioanna Darcia	Latin	Certain
314	Ottocarus Bohemiae rex	Latin	Certain
315	Rodericus fatalis	Latin	Certain
316	Stanislaus	Latin	Certain
317	Theodoricus	Latin	Certain
318	Thomas Cantuariensis	Latin	Certain
319	Carcer Babylonius	Latin	Certain
320	Edessa, sive Hester	Latin	Certain
321	Herodes saeviens	Latin	Certain
322	Rodericus fatalis	Latin	Certain
323	Hypocrisis: de hypocrisis falsa religione, ficta disciplina	Latin	Certain
324	Drama inter Lovaniensem Nympham, & duos Genios	Latin	Certain
325	Drama inter Phoebum, et Lovaniensem Eremum, ac Minervam	Latin	Certain
326	Joseph	Latin	Certain
429	Esther	Latin	Certain
430	Maria Graeca	Latin	Certain
431	Rosimunda	Latin	Certain
327	Het hooveerdigh huys van Tarquinius moordaedigh en bloedt-schendig in ballinghschap ghesonden / ... door de jonckheydt van het collegie van den grooten vader Augustinus ... 1 ende 2 september 1716.	Dutch	Uncertain
328	Veranderinghe der menschelycke fortunen ofte Horibinon ende Dafrosa	Dutch	Uncertain
329	Vreyheydt der kercke bevochten door Henricus, beschermt door Ludovicus	Dutch	Uncertain
330	Christus patiens	Latin	Certain
331	Ongheluckighe uyt-werckinghe der wraecke vertoont in Hormisda	Dutch	Certain
332	Strophio	Dutch	Certain
333	Adamus exul	Latin	Certain
334	Herodes infanticida	Latin	Certain
335	Bardas	Latin	Certain
336	Vertoogh-spel van het Leven des Heijlighen Henricus I	Dutch	Uncertain
337	Pendularia	Latin	Certain
338	Balthasar, sone van Nabuchodonosor, den lesten coninck van Babylonien	Dutch	Certain
339	Umfredus	Latin	Certain
340	Ghestrafte onghetrouwigheyd ofte Sedecias Coninck van Juda	Dutch	Uncertain
341	Jephte	Latin	Uncertain
342	Jepthe	Dutch	Certain
343	Lucius Cinna	Dutch	Certain
344	Saul	Dutch	Certain
345	Esther	Dutch	Certain
346	Octavianus Augustus	Latin	Certain
347	Wraeck-lust in Octavianus Augustus	Dutch	Certain
348	Adiatorix	Latin	Certain
349	Aristobulus et Antigonus	Latin	Certain
350	Omsichtigheydt der Coninghen, ofte Horatii ende Curiatii	Dutch	Certain
351	Ingratitudo per Elenahan	Latin	Certain
352	Ondancbaerheyt van Elenahan	Dutch	Certain
353	Amor in odia sive Menalippa	Latin	Certain
354	Horatiorum Curatiorumque conflictus	Latin	Certain
355	Langh-ghewensten vrede	Dutch	Uncertain
356	Wraecklust in Octavianus Augustus	Dutch	Certain
357	Acolastus	Latin	Certain
358	Acolastus	Latin	Certain
359	Cyrus Persarum rex	Latin	Certain
360	Dulce bellum inexpertis	Latin	Certain
361	Baltassar	Dutch	Certain
362	Charmides	Dutch	Certain
363	Onderghebrachte Goddeloosheyt ofte Clodoaldus bekeert	Dutch	Certain
363	Subacta impietas, sive Clodoaldus	Latin	Certain
364	Avaritia	Latin	Certain
365	Eugenius triumphans	Latin	Certain
366	Daniel in de kuyl der leeuwen	Dutch	Certain
367	Daniel in lacu leonum	Latin	Certain
368	Athanasius inter varias calamitates	Latin	Certain
369	Ontrauwige arglistigheyt verandert in zegenpralende loosheyt	Dutch	Uncertain
370	Stratagema perfidiae	Latin	Certain
371	Revolutio imperii Sinarum ad Tartoros facta circa 1644	Latin	Certain
372	Keyser Mauritius	Dutch	Certain
373	Baiazetes Ottomanus Turcarum Imperator	Latin	Certain
374	Zeno Isauricus	Dutch	Certain
375	Balduinus imperator Constantinopolitanus	Latin	Certain
375	Baudewyn graeff van Vlaenderen ende Henegauwe, keyser van Constantinopolen	Dutch	Certain
376	S. Ignatius de Loiola, instelder der societeyt Jesu	Dutch	Certain
377	Morosophus de vera ac personata sapientia	Latin	Certain
378	Samarites	Latin	Certain
379	Heylighen ende onverwonnen bisschop van Milanen Ambrosius	Dutch	Certain
380	Tragedie: vanden h. Thomas aerts-bisschop van Cantelbergh= ende martelaer.	Dutch	Certain
381	Inconstantis Fortunae lusus in tribus Constantinopoleos imperatoribus	Latin	Certain
382	La terre abandonnée et visitée de nouveau par la paix	French	Certain
383	Iosephus	Latin	Certain
384	Iuditha	Latin	Certain
385	Naaman	Latin	Certain
386	Nehemias	Latin	Certain
387	Saulus	Latin	Certain
388	Tobaeus	Latin	Certain
389	Iosephus	Latin	Certain
390	Iuditha	Latin	Certain
391	Naaman	Latin	Certain
392	Nehemias	Latin	Certain
393	Saulus	Latin	Certain
394	Tobaeus	Latin	Certain
395	Ananias	Latin	Certain
396	Daniel	Latin	Certain
397	Pentecoste	Latin	Certain
398	Susanna	Latin	Certain
399	Triumphus Christi	Latin	Certain
400	Typhlus	Latin	Certain
401	Iosephus	Latin	Certain
402	Iuditha	Latin	Certain
403	Naaman	Latin	Certain
404	Nehemias	Latin	Certain
405	Saulus	Latin	Certain
406	Tobaeus	Latin	Certain
407	Tobaeus	Latin	Certain
408	Iosephus	Latin	Certain
409	Iuditha	Latin	Certain
410	Naaman	Latin	Certain
411	Nehemias	Latin	Certain
412	Saulus	Latin	Certain
413	Tobaeus	Latin	Certain
414	Pseudostratiotae	Latin	Certain
415	Rebelles	Latin	Certain
416	Aluta	Latin	Certain
417	Aluta	Latin	Certain
418	Rebelles	Latin	Certain
419	Petriscus	Latin	Certain
420	Asotus	Latin	Certain
421	Andrisca	Latin	Certain
422	Samarites	Latin	Certain
423	Rebelles	Latin	Certain
424	Aluta	Latin	Certain
425	Rebelles	Latin	Certain
426	Aluta	Latin	Certain
427	Bassarus	Latin	Certain
432	Palamedes	Latin	Certain
433	Prudentia carnis	Latin	Certain
434	Aran et Titus	Latin	Certain
435	Balduinus, Grave van Vlaenderen, Keyser van Constantinopolen	Dutch	Certain
436	Ambrosias	Latin	Certain
437	Iovianus	Latin	Certain
438	Ananias	Latin	Certain
439	Baptistes	Latin	Certain
440	Cunae	Latin	Certain
441	Daniel	Latin	Certain
442	Dyscoli	Latin	Certain
443	Iosephus	Latin	Certain
444	Iuditha	Latin	Certain
445	Naaman	Latin	Certain
446	Nehemias	Latin	Certain
447	Pentecoste	Latin	Certain
448	Pseudostratiotae	Latin	Certain
449	Saulus	Latin	Certain
450	Susanna	Latin	Certain
451	Tobaeus	Latin	Certain
452	Triumphus Christi	Latin	Certain
453	Typhlus	Latin	Certain
454	Vitulus	Latin	Certain
455	Isaacius Angelus Keyser van Griecken-landt ghedreven uyt het Ryck	Dutch	Uncertain
456	Tydelycke wellusten, ghe-eyndight met de eeuwigje onghenuchten	Dutch	Certain
457	Sanctus Franciscus Xaverius apostolus Indiae et Iaponiae	Latin	Certain
458	Triumphe van Iacobus ende Justus gebroeders ende martelaers van Iaponien	Dutch	Uncertain
459	S. Iean Baptiste decapité par le commandement d’Herodes	French	Certain
460	Xenophon met syne twee soonen Ioannes ende Arcadius	Dutch	Certain
461	Ioseph Aegypti prorex a fratribus agnitus	Latin	Certain
462	Manasses koningh van Juda	Dutch	Certain
463	Joseph	Latin	Certain
464	Miles Christianus	Latin	Certain
465	Tobaeus	Latin	Certain
466	Divus Alexander cognomento carbonarius	Latin	Certain
467	Divus Canutus martyr	Latin	Certain
468	Elko abbas Lidlumensium, ordinis praemonstratensis	Latin	Certain
469	Pseudo-Balduinus vulgo peregrinus Longobardus	Latin	Certain
470	Flavius Belisarius	Latin	Uncertain
471	Mauritius imperator	Latin	Certain
472	Trebellius rex Bulgarorum	Latin	Certain
473	Titvm Iaponem tragico-comoediam s. Francisco Xaverio primo Iaponvm apostolo sacram	Latin	Certain
474	Gallicanus	Latin	Certain
475	Den H. Libertus Martelaer	Dutch	Uncertain
476	La vierge Marie dame des Hongrois ov Estienne: premier roy de Hongri	French	Certain
477	Gloriosus B. Matris Theresae de subacto mundo triumphus	Latin	Certain
478	Verbeeldinghe van der arbeydt, ende vrvchten, der Societeyt Iesv	Dutch	Uncertain
479	Catholicae religionis de fera idololatria triumphus vel Abenner	Latin	Certain
480	Sicatora princeps Japoniae	Latin	Certain
481	Naaman	Latin	Certain
482	Severinus Boëtius	Latin	Certain
483	Sampson	Latin	Certain
484	Vitulus	Latin	Certain
485	Baptistes	Latin	Certain
486	Cunae	Latin	Certain
487	Dyscoli	Latin	Certain
488	Iosephus	Latin	Certain
489	Iuditha	Latin	Certain
490	Naaman	Latin	Certain
491	Nehemias	Latin	Certain
492	Pseudostratiotae	Latin	Certain
493	Saulus	Latin	Certain
494	Tobaeus	Latin	Certain
495	Waerachtighe liefde	Dutch	Certain
496	Siet voor eerst wie ghy betrouwt. Op dat op t’lest u niet berouwt	Dutch	Certain
497	Den Heylighen Joannes Baptista	Dutch	Certain
498	Judith Judaicae libertatis vindex	Latin	Certain
499	De stantvastigheydt in het Christen gheloof van Magdalena ende haere dochter Theresia	Dutch	Certain
500	Hecuba	Dutch	Certain
501	Jovianus post Julianum Romanorum imperator	Latin	Certain
502	Inconstantis Fortunae lusus in tribus Constantinopoleos imperatoribus	Latin	Certain
503	Aman	Latin	Certain
504	Symmachus et Boëtius	Latin	Certain
505	Sedecias	Latin	Certain
506	Doodt van Agathocles	Dutch	Uncertain
507	Twist tusschen de tragaedi ende comaedi over het ghebruyck tonneels	Dutch	Certain
508	Den veerdighen wille	Dutch	Certain
509	Wederlycke liefde van Nisus ende Euryalus	Dutch	Certain
510	Belofte van noyt te lieghen	Dutch	Certain
511	De wet Godts	Dutch	Certain
512	Jonathas	Latin	Certain
513	Asotus	Latin	Certain
514	Hecastus	Latin	Certain
515	Lazarus mendicus	Latin	Certain
516	Adamus	Latin	Certain
517	Adamus	Latin	Certain
518	Aluta	Latin	Certain
519	Andrisca	Latin	Certain
520	Bassarus	Latin	Certain
521	Josephus	Latin	Certain
522	Petriscus	Latin	Certain
523	Rebelles	Latin	Certain
524	Asotus	Latin	Certain
525	Hypomone seu patientia	Latin	Certain
526	Jesus scholasticus	Latin	Certain
527	Esthera Regina	Latin	Certain
528	Bassarus	Latin	Certain
529	Lazarus mendicus	Latin	Certain
530	Medea Euripidis	Latin	Certain
531	Onnoosele liefde tot Maria	Dutch	Certain
532	De christelycke leeringhe van vele misacht= ende verlaten=	Dutch	Uncertain
533	Christus patiens	Latin	Certain
534	Sophompaneas	Latin	Certain
535	Christus patiens	Latin	Certain
536	Sophompaneas	Latin	Certain
537	Solemnelen ende triumphanten Antwerpschen omme-ganck	Dutch	Certain
538	Iephthe	Latin	Certain
539	Iason comedia Leonina	Latin	Uncertain
540	Sanctus Hermenigildus Hispaniae Princeps	Latin	Certain
541	La Paix et reconciliation de deux illustres freres Iaromire et Udalric souverains de Boheme	French	Certain
542	Samarites	Latin	Certain
543	Acolastus	Latin	Certain
544	Acolastus	Latin	Certain
545	Nicephorus ende Sapricius	Dutch	Uncertain
546	Acolastus	Latin	Certain
547	Acolastus	Latin	Certain
548	Iphigénie en Tauride tragédie en trois actes, suivie de l'école des jeunes gens comédie	French	Certain
549	Description de la cavalcade= accompagnée de chars de triomphe= qui sera exécutée par les écoliers du college de la Compagnie de Jesus a l'occasion du jubilé de quatre cents ans du très-saint sacrement de miracles= à bruxelles le 16 & le 29 de juillet 1770.	French	Certain
550	Alexandre et Aristobule	French	Certain
551	Abel	Latin	Certain
551	Abel	Dutch	Certain
552	Klucht-spel getrokken uit de verbeteringe van den Almanach	Dutch	Certain
553	Comoedia e corretione calendarii	Latin	Certain
554	Abel	Latin	Certain
555	Cyri in Croesum clementia	Latin	Certain
556	Codrillos	Latin	Certain
557	Dormientes	Latin	Certain
558	Dos	Latin	Certain
559	Fernandes	Latin	Certain
560	Franciscanus	Latin	Certain
561	Gemma	Latin	Certain
562	Gymnasium	Latin	Certain
563	Lytrum	Latin	Certain
564	Marsupium	Latin	Certain
565	Prandium	Latin	Certain
566	Sepultus	Latin	Certain
567	Villicus	Latin	Certain
568	Epaminondas	Latin	Uncertain
569	Baasa delens stirpem Jeroboami	Latin	Certain
570	Adonibezec	Dutch	Certain
571	Fino den dommen	Dutch	Certain
572	Hongers-noodt van Samarien	Dutch	Uncertain
573	Lubbert Lubbertse dommen knecht	Dutch	Uncertain
574	Philantus	Dutch	Certain
575	Triumphe vande vier cardinale deughden	Dutch	Certain
576	Ghedempte goddeloosheydt ofte Clodoaldus	Dutch	Certain
577	Susanna Belgica	Dutch	Certain
578	De al-verblijdende victorie	Dutch	Certain
579	Weder-strydt tussen Oostenryck en Otthoman opghehitst door Furien	Dutch	Certain
580	Quaedt door syn quaedt ghewêer-wraeckt	Dutch	Uncertain
581	Perfidia vindicata sive Sedecias per Nabuchodonosorem punitus	Latin	Uncertain
582	Leopoldus ende Josephus in den onder-ganck van Mahomet	Dutch	Uncertain
583	Thestylis levende ende stervende uyt liefde tot de H. Maeghet Maria	Dutch	Certain
584	Adonibezec	Dutch	Certain
585	Hermenegildus	Dutch	Certain
586	Manlius Torquatus	Latin	Uncertain
587	Vader die uw Kind bemint	Dutch	Uncertain
588	Boer door loosen treck, en uytgevonden raet, die komt tot eenen ed’len staet	Dutch	Uncertain
589	Goddelycke vraeck ofte Balthassar Chaldeusche Coninck	Dutch	Uncertain
590	Damon et Pythias	Latin	Certain
591	Staurophilus	Latin	Uncertain
592	Ingratus in patrem filius	Latin	Certain
593	Jacob et Esau	Latin	Certain
594	Malum consilium consultori pessimum	Latin	Certain
595	Mucius Scoevola	Latin	Certain
596	Sapor	Latin	Certain
597	Isaac	Latin	Certain
598	Patris indulgentiâ corruptus filius	Latin	Certain
599	Susanna	Latin	Certain
600	Amantes commilitones	Latin	Certain
601	Jonathas	Latin	Certain
602	Tobias redux	Latin	Certain
603	Ongheluckigh eynde van Saül Eersten Coningh van Israel	Dutch	Uncertain
604	Crispus	Dutch	Certain
605	Phoenissae	Greek	Certain
605	Phoenissae	Latin	Certain
606	Keyser Carel den Vijfden vraeck nemende over Joannes Fredericus	Dutch	Uncertain
607	Haet en nyd tusschen C. Marius en Sylla	Dutch	Uncertain
608	Joseph	Latin	Certain
609	Joseph	Latin	Certain
610	Phoenissae	Greek	Certain
610	Phoenissae	Latin	Certain
611	Wreet-dadige eerzugt van Herodes koning der Joden	Dutch	Certain
612	Iamires hertoogh van Bohemen, ende zijn broeders Boleslavs ende Odalricvs	Dutch	Certain
612	Iamire duc de Boheme, & ses freres Boleslas & Odalric	French	Certain
613	Dido	Latin	Certain
614	Ioseph	Latin	Certain
615	Joas	Latin	Certain
616	Jonathas et David, par amicorum	Latin	Certain
617	Isacius Angelus Keyser van Constantinopelen	Dutch	Certain
618	Blind-recht	Dutch	Uncertain
619	Manassus Joodschen coningh	Dutch	Certain
620	Societyt Iesu hondert iaeren langh beschermt tegen haere vyanden	Dutch	Certain
621	Hermenigildus den oudtsten sone vanden coninck Levigildus	Dutch	Certain
622	Diable ennemy de la verité	French	Certain
623	H. Pelagia ongheluckigh in haere ydelheyt, gheluckigh in bekeeringhe	Dutch	Uncertain
624	Maria Stuarta	Dutch	Certain
624	Marie Stuart	French	Certain
625	Clodovaeus van de dolinghe der afgoderye keerende tot het gheloof	Dutch	Certain
626	Leersucht ongestadigh verthoont in den toom-loosen Acephalos	Dutch	Uncertain
627	Radbodus Coninck van Vrieslandt	Dutch	Certain
627	Chatiment de la penitence differée dans Radbodus roi de Frise	French	Certain
628	Zopyrus	Dutch	Certain
628	Zopyrus	French	Certain
629	Maria Stuarta	Dutch	Certain
630	Godefridus Bullionius, coninck van Jerusalem	Dutch	Certain
630	Godefroy de Boullion, roy de Jérusalem	French	Certain
631	De doot van Maria Stuarta	Dutch	Certain
632	Mechelen uyt-muntende door Godts-diensticheydt, vermaert, edel	Dutch	Uncertain
633	Mechlinia pia, docta, nobilis	Latin	Certain
634	Miser e potente e misero potens Aman Mardochaeus	Latin	Certain
635	Voor den armen. Maria Stuart	Dutch	Uncertain
636	Trebellivs koninck van Bvlgarien	Dutch	Uncertain
637	Mauritius den Keyser	Dutch	Certain
638	Triomphe der Goddelycke liefde	Dutch	Certain
639	Jovinianus, Romanorum Imperator	Latin	Certain
640	Gonzalus Silveria	Dutch	Certain
641	Mardochaeus auctoribus eloquentiae studiosis	Latin	Certain
642	Ghestrafte ghiericheyt vertoont in Mauritius Keyser vanden Oosten	Dutch	Uncertain
643	Trebellivs christen coninck van bvlgarien= overwinder zyns selfs= ende van zynen wederspannigen sone.	Dutch	Uncertain
644	Manasses conick van Juda	Dutch	Certain
645	Boëtius, Borghmeester van Roomen	Dutch	Certain
646	De godtvrvchticheyt der kinderen streckende tot ghelvck der ovders wordt bewesen in xenophon raedts-heere van constantinopolen.	Dutch	Uncertain
647	Heylighen Franciscus Xaverius, Apostel van Indien ende Iaponien	Dutch	Uncertain
648	Laetsten nacht van Coningh Balthasar	Dutch	Uncertain
649	Eleazarvs ende de seven heylighe Machabaei voorvechters van godts wet	Dutch	Uncertain
650	Vyandtschap onsaligh aen Sapricivs bly-eyndigh aen Nicephorvs	Dutch	Uncertain
651	Eustachivs ende sijne huysvrouvve Theopista, met hun soonen agapivs= ende theopistvs door teghenspoedt, eñ voorspoedt beproeft= met de martelie ghecroont.	Dutch	Uncertain
652	Cort-ryck van Demipho, voor eenen dagh Graef van Vlaenderen	Dutch	Uncertain
653	S. Hermenegilde fils de Leouigilde roy de Visi-Gots martyr	French	Certain
654	Tragedie Romanvs Diogenes, emperevr de l'Orient	Dutch	Uncertain
655	Oprechte liefde in Calliopius en sijne moeder Theoclia	Dutch	Uncertain
656	Clodoalde prince du royaume de Danemarck	French	Certain
657	Sigismundus, Coninck van Bvrgondien	Dutch	Uncertain
658	Menecrates	French	Certain
659	Justus Ucondonus in ballinckschap gesonden door Taycosama	Dutch	Certain
660	Mauritius keyser vanden Oosten	Dutch	Certain
661	Representations pieuses faictes en la represence d’Isabella Clara Eugenia	French	Certain
662	Ghedaghtenisse des doots, vertoont inden persoon vanden keyser Henricvs den Eersten	Dutch	Uncertain
663	Absalon	Latin	Certain
664	Pompeius Magnus	Latin	Certain
665	Lidericus oppersten jagher oft forestier van Vlaenderen	Dutch	Certain
666	Mirakel van Calvinus, ghedaen tot bevestinghe ende slot van sijne bedrieghelijcke, botte ende valsche Ketterye	Dutch	Certain
667	Salomon, coninck van Israël	Dutch	Uncertain
668	Ionckheydt vanden H. Ioannes Baptista	Dutch	Uncertain
669	Justus martelaer	Dutch	Uncertain
670	Ryckenvreck ende Lazarus	Dutch	Certain
671	Den vrvchtbarighen aerbeyt der Societeyt Iesv door de vier deelen des wereldts	Dutch	Certain
672	Het ongelijc leven en sterven vanden Rijcken-Vreck ende van Lazarus	Dutch	Certain
673	Mauritius Keyser van Roomen	Dutch	Uncertain
674	Joseph	French	Certain
675	Alexander Macedo	Latin	Certain
676	Christelycke Sterckheydt ofte Marcvs ende Marcellianvs ghebroeders martelaers	Dutch	Uncertain
677	Theatrum pietatis et impietatis in Jaromiro et Udalrico	Latin	Certain
678	Horatius sororicida	Latin	Certain
679	Sedecias	Dutch	Uncertain
680	Celse	French	Uncertain
681	Pedantus, sçavant imaginaire	French	Uncertain
682	Abraham	Latin	Certain
683	Bamba Hispaniae rex	Latin	Certain
684	Sisaras	Dutch	Uncertain
685	Aegyptus conservata procurante Joseph	Latin	Certain
686	Daniel	Latin	Certain
687	Aepytus	Latin	Certain
688	Joseph	Dutch	Certain
689	Judocus	Dutch	Certain
689	Judocus	Latin	Certain
690	Constantia christiana in Nabore, et Felice	Latin	Certain
690	Christelijke standvastigheid in Nabor en Felix	Dutch	Certain
691	Joannes Aratus	Latin	Certain
691	Joannes Aratus	Dutch	Certain
692	Chremes filium suum Chaeream philosophiae animum cupiebat adjungere	Latin	Certain
693	Cyrus	Latin	Certain
694	David	Latin	Certain
695	Perfidus Ibrahim et fidelis Mahomet	Latin	Certain
696	Theophilus	Latin	Certain
697	[Christelijke standvastigheid]	Dutch	Uncertain
698	Babylas	Dutch	Certain
698	Constantia christiana sive Babylas	Latin	Certain
699	Oft dat ghy zyt geneust	Dutch	Certain
699	Nasutus sis usque licet	Latin	Certain
700	Justinianus	Dutch	Certain
700	Justinianus	Latin	Certain
701	Sigismundus	Dutch	Certain
701	Sigismundus	Latin	Certain
702	De hooveerdigheyt gestraft ofte Baltassar	Dutch	Certain
703	Nobilis esse cupit dives ignobilis ante	Latin	Certain
704	Quid nimium est fugito	Latin	Certain
705	Superbia punita sive Baltassar	Latin	Certain
706	Abram triumphans	Latin	Certain
707	Acolin et Rubaea	Latin	Certain
708	Dolis icta, non victa innocentia Philysandri	Latin	Certain
709	Ecclesiae immunitas sive Thomas Cantuariensis	Latin	Certain
710	Grillus	Latin	Certain
711	Henricus fatalis	Latin	Certain
712	Semper avarus eget	Latin	Certain
713	Surgit origo mali de turpi saepe sodali	Latin	Certain
714	Mato ultimae fecis rusticus	Latin	Certain
715	Pressa, non oppressa fidelitas	Latin	Certain
716	Alludit patiens patienti Mopsus Iöbo	Latin	Certain
717	Christus patiens	Latin	Certain
718	Joannes puer impus parricida	Latin	Certain
719	Job	Latin	Certain
720	Stultus stultitiâ luditur ipse sua	Latin	Certain
721	Moÿse exposé et trouvé	French	Certain
722	Sainct Gallican	French	Certain
723	Ioseph den Patriarche	Dutch	Certain
724	De gheboorte ons heeren Jesu Christi	Dutch	Certain
725	Demipho	French	Certain
726	Amour triomphant de la mort, Asmonde sur Asvite	French	Certain
727	Juste Ucundone banny par Taycosama	French	Certain
728	Crispe	French	Uncertain
729	Le medecin malgré-luy	French	Uncertain
730	Baltassar koninck van Babylonien	Dutch	Certain
730	Balthasar roy de Babylone	French	Certain
731	Abraham le pacifique	French	Certain
731	Den vreedsamighen Abraham	Dutch	Certain
732	Manasses koninck van Juda	Dutch	Certain
732	Manasses roy de Jude	French	Certain
733	Mithridates	Dutch	Certain
733	Mithridate	French	Certain
734	Themistocles	Dutch	Certain
734	Themistocles	French	Certain
735	Sedecias	Dutch	Certain
735	Sédécie	French	Certain
736	Mal retourne à son autheur, en la personne de Polyphon	French	Certain
737	Diogenes Romanus	Dutch	Certain
737	Diogene Romain	French	Certain
738	Samuel den bode van God	Latin	Certain
738	Samuel den bode van God	Dutch	Certain
739	Deus humiliabit calumniatorem	Latin	Certain
739	God sal den valschen beclapper vernederen	Dutch	Certain
740	Thomas Japon	Latin	Certain
741	Andronicus	Latin	Certain
741	Andronicus	Dutch	Certain
742	Davus dolis à Mago instructus	Latin	Certain
742	Davus door een Toveraer in arg-listigheden bedreven	Dutch	Certain
743	Thomas Apostolus	Latin	Uncertain
744	Lot ab angelis ductus é Sodoma	Latin	Certain
745	Asmundus et Asuitus	Latin	Uncertain
746	Soter gloriosus	Latin	Certain
747	Magdalis	Latin	Certain
748	Mors	Latin	Certain
749	Aluredus, sive Alfredus	Latin	Certain
750	Christus patiens	Latin	Certain
751	Ioannes Protasius Arimandonus	Latin	Certain
752	Joseph	Latin	Certain
753	Chosroes	Latin	Certain
754	Crispus	Latin	Certain
755	Flavia	Latin	Certain
756	s. Adrianvs martyr	Latin	Certain
757	Sapor Admonitvs	Latin	Certain
758	Suevia	Latin	Certain
759	Sedecias	Latin	Certain
760	Abimelech	Latin	Certain
761	Saul	Latin	Certain
762	Amnon	Latin	Certain
763	Bustum Sodomae	Latin	Certain
764	Iephthe	Latin	Certain
765	Sampson	Latin	Certain
766	Sedechias	Latin	Certain
767	Asami in Diogenem clementia	Latin	Certain
768	Ebrius in feretro	Latin	Certain
769	Christus patiens	Latin	Certain
770	Plautianus intimum Severo	Latin	Certain
771	Res, de quâ duo laborant, saepe tertio cedit	Latin	Certain
772	Sennacherib Rex Assyriorum a Deo punitus	Latin	Certain
773	Subdola centoculos juvenum fraus decipit Argos	Latin	Certain
774	Civis nobilitatem affectans	Latin	Certain
775	Curae caesarum	Latin	Certain
776	Drolio sylvester	Latin	Certain
777	Jonathas Machabaeus	Latin	Certain
778	Alexii Angeli	Latin	Certain
779	Discordia conjugum	Latin	Certain
780	Novus saeculi Aristides	Latin	Certain
781	Rusticus	Latin	Certain
782	Castigat mores Mopsus ridendo modernos	Latin	Certain
783	Felicitas	Latin	Certain
784	Intelligentem non posse phantasmata speculari, docet Mopsus	Latin	Certain
785	Mirabilis Cyri et Ariennae fortuna	Latin	Certain
786	Augustinus ecclesiae propugnator acerrimus	Latin	Certain
787	Pessimus est aeger, qui fertur imagine morbi	Latin	Certain
788	Subdolus ut vixit	Latin	Certain
789	Tragica belli Mithridatici coronis	Latin	Certain
790	Mors Darii in Besso per Alexandrum vindicata	Latin	Certain
791	Prima dabit tactum, visumque	Latin	Certain
792	Varia sortis alea sive Severinus Boetius à Theodorico trucidatus	Latin	Certain
793	Dolus a Phenenna conceptus, ab Almigerino punitus	Latin	Certain
794	Eripit ex olla Sosiam Pallaestrio fidus	Latin	Certain
795	Fallitur is, faciles cunctis qui commodat aures	Latin	Certain
796	Samson	Latin	Certain
797	Sosia languebat, melior tunc esse volebat	Latin	Certain
798	Divinae justitiae tuba, sive justum Dei judicium in Mauritio	Latin	Certain
799	Phaëton	Latin	Certain
800	Turpe senex miles: turpe senilis amor	Latin	Certain
801	Vincitur in pugnis Hispanus ab Horspide Maphon	Latin	Certain
802	Megadorus	Latin	Uncertain
803	Rodericus rex et Julianus comes	Latin	Certain
804	Daniel in lacu leonum	Latin	Certain
805	Rollo fraude docet Mopsum submittere Bertam	Latin	Uncertain
806	Saepe dat infaustum finem	Latin	Certain
807	Stratagema amoris	Latin	Certain
808	Baltassaris per Cyrum et Darium occasus à Daniële	Latin	Certain
809	Centoculus sis	Latin	Certain
810	Duringus punitus	Latin	Certain
811	Vin vivas felix?	Latin	Certain
812	Podagricus	Latin	Certain
812	Den flerecynist	Dutch	Certain
813	Jephte	Latin	Certain
813	Jephte	Dutch	Certain
814	Cha-abas Persiae rex	Latin	Certain
814	Cha-abas koning van Persien	Dutch	Certain
815	Avarus	Latin	Certain
815	Den gierigaert	Dutch	Certain
816	Drolio Sylvester	Latin	Uncertain
817	Phricodemi tyrannidem in Philone vindicans Themisto	Latin	Certain
818	Esther	Latin	Certain
818	Esther	Dutch	Certain
819	Praecautio inutilis	Latin	Certain
819	Onprofytige voorsorge	Dutch	Certain
820	Dure senex nimiùm prohibens connubia natae	Latin	Uncertain
821	Triumphus christianae fidei	Latin	Certain
822	Cosrhoës Persiae rex	Latin	Certain
822	Cosrhoës koning van Persien	Dutch	Certain
823	Diabolus claudus	Latin	Certain
824	Een’ die zig doot gelooft	Dutch	Uncertain
825	Verduldige liefde van Joseph	Dutch	Uncertain
826	Achab rex Israël	Latin	Certain
826	Achab koning van Israël	Dutch	Certain
827	Laet Medecyn en raed een treurig hert beproeven	Dutch	Uncertain
828	Leonis Armenii	Latin	Certain
829	Medicus invitus	Latin	Certain
830	Stultitia languido remedia est	Latin	Certain
831	Subdola centoculos	Latin	Certain
831	Hebt hondert oogen	Dutch	Certain
832	Superbia Sennacherib	Latin	Certain
832	De hooveerdigheyd van Sennacherib	Dutch	Certain
833	Alphonsus vincens in bono malum	Latin	Certain
834	Megadorus civis nobilitatem affectans	Latin	Uncertain
835	Wulpsche jonkheyd in Manasses	Dutch	Uncertain
836	Octo similes	Latin	Certain
836	De acht gelycke	Dutch	Certain
837	Saul, rex Israël	Latin	Certain
837	Saul, koning van Israël	Dutch	Certain
838	Quod dolus	Latin	Certain
838	’t Geen loosheyd listig had gestigt, Maekt jonkheyds dwaesheyd onverrigt	Dutch	Certain
839	Wambanus Hispanorum rex	Latin	Certain
839	Wambanus koning van Spagnien	Dutch	Certain
840	Constantinus den Grooten, eersten Christenen keyzer	Dutch	Uncertain
841	Fide, videque cui	Latin	Uncertain
842	Justinianus imperator	Latin	Certain
843	Niet is ’er dat een Mensch meer smert, Als dobbel loosheyt van het hert	Dutch	Uncertain
844	Damon et Pythias	Latin	Certain
845	Samaritana	Latin	Certain
846	Staurophilus	Latin	Certain
847	Vinitor	Latin	Certain
848	Heli	Latin	Certain
849	Aman et Mardochaeus	Latin	Certain
850	Asarhaddon	Latin	Certain
851	Salomona	Latin	Certain
852	Polyeuctus	Latin	Certain
853	Justus ende Pastor	Dutch	Certain
854	Darius Medus, veri Dei cultum in Oriente restituens	Latin	Certain
854	Darius Coning van Babylonien	Dutch	Certain
855	Sibi nocet ille, quisquis insonti nocet	Latin	Certain
855	Men maekt voor sig een straf bereyd,, Als men verdrukt d’onnooselheyd	Dutch	Certain
856	Alexander et Aritobulus	Latin	Certain
857	Amiras	Latin	Certain
858	Athalia	Dutch	Certain
859	Mors Xerxis Persarum Regis	Latin	Certain
860	Abia	Latin	Certain
861	Elias in coelum raptus	Latin	Certain
862	Rumoldus	Latin	Certain
863	David poenitens	Latin	Certain
864	Judithae de Holoferne triumphus	Latin	Certain
865	Vervolginge van het kindeken Jesus afgebeeld in de vervolginge van het kind Moyses	Dutch	Uncertain
866	Joannes Baptista	Latin	Certain
867	Cacophilus	Latin	Certain
868	Cyri in Croesum clementia	Latin	Certain
869	Horatius sororicida	Latin	Certain
870	Terwijl dat Thetis veyst	Dutch	Uncertain
871	Divina charitas victrix	Latin	Certain
872	Josaphat	Latin	Certain
873	Bamba	Latin	Certain
874	Boer die tegen danck, doctoor word met bedwanck	Dutch	Uncertain
875	Hanc dabit illusus morosi nasus avari	Latin	Certain
876	Kindeken Jesus gevonden in den tempel	Dutch	Certain
877	Salomona et Jacobus	Latin	Certain
877	Salomona moeder der Machabeen ende Jacobus haeren jongsten soon	Dutch	Certain
878	Maria Stuart	Latin	Certain
879	Ex avaro prodigus	Latin	Certain
879	Vreck geworden verquister	Dutch	Certain
880	Inopia et copia Samariae sub rege Joram	Latin	Certain
881	Eliacim et Joachaz	Latin	Certain
882	Judicium Salomonis	Latin	Certain
883	Si quisquam exoptat sortem mutare	Latin	Certain
884	Den borger edelman	Dutch	Uncertain
885	Haeres ex asse	Latin	Certain
886	Jonathas	Dutch	Certain
887	Joseph uxorem ducens Aseneth	Latin	Certain
888	Overlastige	Dutch	Uncertain
889	Trebellius Bulgarorum rex	Latin	Certain
890	Manasses	Latin	Certain
891	Als den vader is te goed, het kind niet als ondeugden voed	Dutch	Uncertain
892	Juvenis Mercator	Latin	Certain
893	Nabuchodonosor regno restitutus	Latin	Certain
894	Sennacherib	Latin	Certain
895	Interitus	Latin	Certain
896	Achan	Latin	Certain
897	De waerheyd die baert nijd	Dutch	Uncertain
898	Midas	Latin	Certain
899	Salomona met haer zeven zonen Machabeen	Dutch	Uncertain
900	Fides	Latin	Certain
901	Daniel super sapientes Babylonis consitutus	Latin	Certain
902	Dromo	Latin	Certain
903	Sisaras	Latin	Certain
904	Distractus	Latin	Certain
905	Jonathas	Latin	Certain
906	Ryks-versmading van de dry kinderen van Jacobus konink van Schotland	Dutch	Uncertain
907	Ulysses	Latin	Certain
908	Baasa delens stirpem Jeroboami	Latin	Certain
908	Baasa heeft doodgeslaegen	Dutch	Certain
909	Durus herus famuli deluditur	Latin	Certain
909	Een al te strengen heer word van zyn knecht geplaegt	Dutch	Certain
910	De bruyd der gezangen	Dutch	Uncertain
911	Een al te strengen heer wotd van zijn knecht geplaegt	Dutch	Uncertain
912	Quaeden raed aldermeest den raedtsman schaedt	Dutch	Uncertain
913	Sanctissimum Sacramentum	Latin	Certain
914	Inconsiderandus	Latin	Certain
915	Amasias rex Judae	Latin	Certain
916	Perfectio evangelica sive Antoium eremum ingrediens	Latin	Certain
917	Impius-illusus	Latin	Certain
918	Joas coronatus	Latin	Certain
919	Aristophanes hooveerdigheid bespot door Davus schalk beleyd	Dutch	Uncertain
920	Ostanus en Taphernes	Dutch	Certain
921	Wanneer de ouders zijn verblind, men ongeschikte-kinders vind	Dutch	Uncertain
922	Evilmerodachi in Joachin clementia	Latin	Certain
923	Jephte	Latin	Certain
924	Adonias	Latin	Certain
925	Josephus fratres agnoscens	Latin	Certain
925	Joseph zyne broeders herkennende	Dutch	Certain
926	Subdolus ut vixit	Latin	Certain
926	Zoo listig als hy heeft geleeft	Dutch	Certain
927	Audaces fortuna juvat timidosque repellit	Latin	Certain
928	Lucta amoris patrem inter et filios sive Adiatorix	Latin	Certain
929	Paedagogus ludificatus	Latin	Certain
929	Den bespotten paedagoog	Dutch	Certain
930	Romanus Diogenes	Latin	Certain
930	Den Roomschen Diogenes	Dutch	Certain
931	Defuncto ficto frustrà medicina paratur: Ad mentem ut redeat, sufficit ipsa fames	Latin	Certain
932	Eleazar en Salomona met haer zeven zonen de Machabeën	Dutch	Certain
933	Ulferus Merciae rex	Latin	Certain
934	Zyt met uw lot te Vred’, men zal met U niet gekken	Dutch	Uncertain
935	Regnum unius diei, sive Semiramis	Latin	Certain
935	Het ryk van eenen dag ofte Semiramis	Dutch	Certain
936	Fallitur, astuto faciles qui commodat aures	Latin	Certain
937	Gelooft geen schalk	Dutch	Uncertain
938	Neanias divina virtute ad fidem conversus, alias Procopius	Latin	Certain
939	Nobilium titulos capienten errore Colonum, Rustica calliditas	Latin	Uncertain
940	Themistocles	Latin	Certain
940	Themistocles	Dutch	Certain
941	Theophane	Latin	Certain
941	Theophane	Dutch	Certain
942	Divortium	Latin	Certain
943	Uxoria lis	Latin	Certain
943	Het houwelyckx krakeel	Dutch	Certain
944	Petrus I, Russiae monarcha	Latin	Certain
944	Petrus I, monarch van Rusland	Dutch	Certain
945	Fit comes ex Mopso; post hâc fit ut ante colonus	Latin	Certain
945	Mopsus van Boer wordt Graef; dan weêr Boer, en houd staen, dat ’t droomen is geweest	Dutch	Certain
946	Sanctius, Navarrae et Castellae Rex	Latin	Certain
946	Sanctius, Koning van Navarre en Castilien	Dutch	Certain
947	Richardae fidelitas coronata ab Othone III	Latin	Certain
947	De waere getrouwigheyd van Richarda aen haeren man Robertus	Dutch	Certain
948	Adolphus Teutonum comes	Latin	Certain
948	Adolphus grave van Duytsland	Dutch	Certain
949	De verduldige liefde van Joseph	Dutch	Certain
950	Overlast der rykdommen	Dutch	Certain
951	Esther	Latin	Certain
951	Esther	Dutch	Certain
952	Stultitia languido remedium optimum	Latin	Certain
952	Gekheyd verdryft het best de Swaermoedigheyd	Dutch	Certain
953	Joseph	Latin	Certain
954	Joseph	Latin	Certain
955	Joseph	Latin	Certain
956	Saul	Latin	Certain
957	Asotus	Latin	Certain
958	Bassarus	Latin	Certain
959	Ovis perdita	Latin	Certain
960	Eleazarus	Latin	Certain
961	L. Junius Brutus	Latin	Certain
961	L. Junius Brutus	Dutch	Certain
962	Senex stolidè urbanus	Latin	Certain
962	Plomp-beleefden ouden-man	Dutch	Certain
963	Christus Patiens	Latin	Certain
964	Dido	Latin	Certain
965	Occasio arrepta neglecta, Huius commoda, illius incommoda	Latin	Certain
966	Conradinus	Latin	Certain
967	Crispus	Latin	Certain
968	Joseph	Latin	Certain
969	Sub impio Turcarum imperatore Frechreddi	Latin	Certain
970	Arlequinus Cartouche	Latin	Certain
971	Lazarus mendicus	Latin	Certain
972	Asotus	Latin	Certain
973	Petriscus	Latin	Certain
974	Petriscus	Latin	Certain
975	Lazarus mendicus	Latin	Certain
976	Aluta	Latin	Certain
977	Andrisca	Latin	Certain
978	Joseph	Latin	Certain
979	Joseph	Latin	Certain
980	Lazarus mendicus	Latin	Certain
981	Fuga Mundi in Bernardo et Fratribus	Latin	Certain
982	Paulus fugiens	Latin	Certain
983	Iphigenia	Latin	Certain
984	Christus patiens	Latin	Certain
985	Eustachius	Latin	Certain
986	S. Joannes Gualbertus	Latin	Certain
987	Christus patiens	Latin	Certain
988	Christus patiens	Latin	Certain
989	Christus patiens	Latin	Certain
990	Sophompaneas	Latin	Certain
991	Acolastus	Latin	Certain
992	Lazarus mendicus	Latin	Certain
993	Acolastus	Latin	Certain
994	Acolastus	Latin	Certain
995	Joseph	Latin	Certain
996	Samarites	Latin	Certain
997	Asotus	Latin	Certain
998	Samarites	Latin	Certain
999	Didascalus	Latin	Certain
1000	Aluta	Latin	Certain
1001	Rebelles	Latin	Certain
1002	Sophompaneas	Latin	Certain
1003	Christus patiens	Latin	Certain
1004	Maria Graeca	Latin	Certain
1005	Rosimunda	Latin	Certain
1006	Herodes infanticida	Latin	Certain
1007	Christus patiens	Latin	Certain
1008	Adelphi	Dutch	Certain
1009	Andria	Dutch	Certain
1010	Eunuchus	Dutch	Certain
1011	Heautontimorumenos	Dutch	Certain
1012	Hecyra	Dutch	Certain
1013	Phormio	Dutch	Certain
1014	Adelphi	Latin	Certain
1014	Adelphi	Dutch	Certain
1015	Andria	Latin	Certain
1015	Andria	Dutch	Certain
1016	Eunuchus	Latin	Certain
1016	Eunuchus	Dutch	Certain
1017	Heautontimorumenos	Latin	Certain
1017	Heautontimorumenos	Dutch	Certain
1018	Hecyra	Latin	Certain
1018	Hecyra	Dutch	Certain
1019	Phormio	Latin	Certain
1019	Phormio	Dutch	Certain
1020	Adelphi	Dutch	Certain
1021	Andria	Dutch	Certain
1022	Eunuchus	Dutch	Certain
1023	Heautontimorumenos	Dutch	Certain
1024	Hecyra	Dutch	Certain
1025	Phormio	Dutch	Certain
1026	Ioannes Zemisces keyser van Constantinopelen verwinder door hulpe van Maria	Dutch	Certain
1027	Tragicomedie s. Sebastien martyr	French	Certain
1028	Nabuchodonosor in zyn ryk herstelt	Dutch	Uncertain
1029	Fritlandus	Latin	Certain
1030	Esther	Dutch	Certain
1031	Canutus den IV. Coninck van Denemercken	Dutch	Certain
1032	Rosimunda	Latin	Certain
1033	Esther	Latin	Certain
1034	Eustachius drama como-tragicum	Latin	Certain
1035	Andronicus Comnenus	French	Certain
1036	Artabanus	Latin	Certain
1037	Exilium Tarquinii	Latin	Certain
1038	Tobaeus	Latin	Certain
1039	Tobaeus	Latin	Certain
1040	Acolastus	Latin	Certain
1041	Andromeda Belgica	Latin	Certain
1042	Alexander en Mathildis	Dutch	Certain
1043	Absalom	Dutch	Certain
1044	Achas	Latin	Certain
1045	Samaritanus	Latin	Certain
1046	Terballus	Latin	Certain
1047	Jacobi et Francisci in Jesulum pietas, in pios fratres mutuus amor	Latin	Certain
1048	Jacobus Machabaeorum natu minimus	Latin	Certain
1049	Samuel puer	Latin	Certain
1050	Mortuus imaginarius	Latin	Certain
1051	Salomona	Latin	Certain
1052	Theognostus	Latin	Certain
1053	Hermenigildus	Dutch	Certain
1054	Jephtias	Dutch	Certain
1055	Kindeken Jesus gevonden in den tempel	Dutch	Certain
1056	Zoydono	Latin	Certain
1057	Incomparabilis Heros Maria Stuarta	Latin	Certain
1058	Joas coninc van Juda	Dutch	Certain
1059	Soo d’oude songen, pypen de jongen	Dutch	Uncertain
1060	Cynindoxus venator gloriosus	Latin	Certain
1061	David	Latin	Certain
1062	Nicocles et Periander	Latin	Certain
1063	Avaritia punita	Latin	Certain
1064	Polyeuctus	Latin	Certain
1065	Mulier Hebraea	Latin	Certain
1066	Nero	Latin	Certain
1066	Nero	Dutch	Certain
1067	Divina Charitas victrix	Latin	Certain
1067	De goddelyke liefde zegepralende	Dutch	Certain
1068	David Goliathi victor	Latin	Certain
1069	Fur delusus comoedia	Latin	Certain
1070	Innocentia triumphans	Latin	Certain
1070	De onnoozelheyd zegenpralende	Dutch	Certain
1071	Limella	Latin	Certain
1072	Jovianus imperator	Latin	Certain
1072	Jovianus Keyser	Dutch	Certain
1073	Jonathas et Tryphon	Latin	Certain
1074	Moyses	Latin	Certain
1075	Umbrae	Latin	Certain
1076	Jacobus den jongsten van de Machabeen	Dutch	Certain
1077	Jacobus Machabaeorum natu minimus	Latin	Certain
1078	Invica Sebastiani in fide constantia	Latin	Certain
1079	Theodoricus	Latin	Certain
1080	Achab moriens	Latin	Certain
1081	Andronicus	Latin	Certain
1082	Debitor evangelicus	Latin	Certain
1083	Morhelius	Latin	Certain
1084	Den val der engelen	Dutch	Uncertain
1085	Obedientia Abrahae	Latin	Certain
1086	Samaria fame et obsidione liberata	Latin	Certain
1086	Samaria	Dutch	Certain
1087	Calistus	Latin	Certain
1087	Calistus	Dutch	Certain
1088	Calista	Latin	Certain
1089	Asami in Romanum Diogenem clementia	Latin	Certain
1090	Asa	Latin	Certain
1091	Punita Saulis posteritas	Latin	Certain
1092	Stanislaus Kostka de werelt verlaetende	Dutch	Uncertain
1093	Hymenaeum serenissimis princibus Guilielmo Hyacintho	Latin	Uncertain
1094	Den H. Propheet Daniel	Dutch	Certain
1095	Den blyde weder-komste van den Heylighen Landelinus	Dutch	Certain
1096	Hypocrisis: de hypocrisis falsa religione, ficta disciplina	Latin	Certain
1097	Mauritius Keyser	Dutch	Uncertain
2775	Plausus quercetanus applaususque Adriano van Cattenbroec	Latin	Uncertain
1098	David cadens et resurgens	Latin	Certain
1099	Ivventvs Edmvndi	Latin	Uncertain
1100	Error tragicus in Iosepho Agnito	Latin	Certain
1101	Sapricio-Nicephorus	Latin	Uncertain
1102	Action theatrale des devx contraires estandarts: de Iesvs Christ et Lvcifer	French	Certain
1103	Begintsel ende voort-ganck vande Societeyt Iesu	Dutch	Certain
1104	De duobus vexillis Christi et Luciferi, sive S. Ignatius	Latin	Certain
1105	Macchiavelli	Latin	Certain
1106	Acolastus	Latin	Certain
1107	Acolastus	Latin	Certain
1108	Joseph	Latin	Certain
1109	Serenissimo Archeduci Ernesto, Belgii supremo Gubernatori	Latin	Certain
1110	Empereur Henry et Kunégunde	French	Certain
1111	David. Sterck, gheluckich, ende goedertieren teghen sijne vijanden	Dutch	Uncertain
1112	Ioseph	Latin	Certain
1113	Modernus filius prodigus	Latin	Certain
1114	Samson	Latin	Certain
1115	Perfidia sibi vindex seu Julianus Comes	Latin	Certain
1116	Curae regum	Latin	Certain
1117	David en Jonathas	Dutch	Certain
1118	Ioseph	Dutch	Certain
1119	Heylighe vyf wonden	Dutch	Uncertain
1120	Ghecroonde memorie des doodts inden heylighen Henricus	Dutch	Uncertain
1121	Boosheyt rechtveerdighlijck ghestraft in Gerardus van Britannien	Dutch	Uncertain
1122	Ghetrouwigheyt van Belgica in alle haer beroerten aen Carolvs den II.	Dutch	Uncertain
1123	Plausus luctificae mortis	Latin	Certain
1124	Susanna	Latin	Certain
1125	Hecastus	Latin	Certain
1126	Joseph	Latin	Certain
1127	Joseph	Latin	Certain
1128	Ruth	Latin	Certain
1129	Ruth	Latin	Certain
1130	Acolastus	Latin	Certain
1131	Acolastus	Latin	Certain
1132	Andrisca	Latin	Certain
1133	Hecastus	Latin	Certain
1134	Josephus	Latin	Certain
1135	Andrisca	Latin	Certain
1136	Dunstan	Dutch	Certain
1137	B. Ioannem Calibitam	Latin	Certain
1138	Sigismundus Koning van Bourgoignien	Dutch	Certain
1139	Staet-gierigheydt bestraft in Amalaberga ende Hermofredus	Dutch	Certain
1140	Staet-gierigheyt bestraft in Amalaberga ende Hermofredus	Dutch	Certain
1141	Wat is de werelt? ’t is maer schyn	Dutch	Uncertain
1142	De doodt, die door bedrog een ander tracht te plaegen	Dutch	Certain
1143	Joseph a fratribus venditus	Latin	Certain
1144	Ladislaus XV. Bohemorum rex	Latin	Certain
1145	Malum consilium consultori pessimum	Latin	Certain
1146	Subdola diverso tantatur hypocrisis astu	Latin	Certain
1147	Joannes Nepomucenus	Dutch	Uncertain
1148	Joannes Nepomucenus martelaer	Dutch	Certain
1149	Joannes Nepomucenus martyr	Latin	Certain
1150	B. Didacus d’Ortis proto-martyr	Latin	Certain
1151	Quis dolus affirmet, valeat quid fallere mortem	Latin	Certain
1152	Quis dolus affirmet, valeat quod fallere mortem	Latin	Certain
1153	Rarus homo, aut nullus, si verus quaeris, in orbe est	Latin	Certain
1154	Ambitionis catastrophe sive Demetrius Griska Russiae autocrator	Latin	Certain
1155	Ambitiosis catastrophe, Demetrius Grisca Russiae autocrator	Latin	Certain
1156	Als d’hoovaerdy’ is groot en bot	Dutch	Uncertain
1157	Ladislaus XV. Bohemorum rex	Latin	Certain
1158	Petrus I. Russiae autocrator corripiens	Latin	Certain
1159	Superba Tarquinii domus exilio multata	Latin	Certain
1160	T Hoovaerdig huys van Tarquinius in ballinckschap gesonden	Dutch	Certain
1161	Alphonsus	Latin	Certain
1162	Occupationem pessimam dedit Deus filiis hominum	Latin	Certain
1163	Salomon, wys door Gotds gave, sot door vrauwen-liefde	Dutch	Uncertain
1164	Mauritius keyser vanden Oosten, van Godt ghestraft	Dutch	Uncertain
1165	Eere Godts over de vier gewesten des werelts door de Societeyt Iesu	Dutch	Certain
1166	Heyligen Guillielmus, hertogh van Aquitanien	Dutch	Uncertain
1167	Voorspoedighe Wapenen in Iudas Machabaeus	Dutch	Uncertain
1168	Ruth ofte de ziele sich bereydende tot het H. Sacrament des Autaers	Dutch	Certain
1169	Isaacius Angelus, Keyser van Griecken-landt	Dutch	Certain
1170	Bertulfus	Dutch	Certain
1171	Exercitatio scholastica quinque classium	Latin	Certain
1172	Verloren Soon wulps door de Rijckdommen: aerm door de wulpsheyt	Dutch	Uncertain
1173	Ambrosius vervoordert tot het Bisdom van Milanen	Dutch	Uncertain
1174	Manasses goddeloos, gestraft, ende bekeert	Dutch	Uncertain
1175	Clodoaldvs visv ac prole orbatvs vtrivsqve restitvtione felix	Latin	Uncertain
1176	Iephte Israelis iudex	Latin	Certain
1177	Bassarus	Latin	Certain
1178	Acolastus	Latin	Certain
1179	Andrisca	Latin	Certain
1180	Christus Xilonicus	Latin	Certain
1181	Hecastus	Latin	Certain
1182	Joseph	Latin	Certain
1183	Ovis perdita	Latin	Certain
1184	Samarites	Latin	Certain
1185	Vier-hondert-jarighen zeghen-prael naer den slagh van Woeringhen	Dutch	Uncertain
1186	Aman et Mardochée	French	Certain
1187	Assuerus deprimens Amanum exaltans Mardochaeum ope Estheris	Latin	Certain
1188	De christelycke leeringhe verdruckt door de onachtsaemheydt	Dutch	Certain
1189	Themistocles	Latin	Certain
1190	Adelphophilus comoedia	Latin	Certain
1191	Cn. Pompeius	Dutch	Certain
1192	Petrus van Luxemborgh een kindt	Dutch	Certain
1193	Blanda patrum segnes facit indulgentia natos	Latin	Certain
1194	Cyrus	Latin	Certain
1195	Nicanor	Latin	Certain
1196	Eschines	Latin	Certain
1197	Manichæus	Latin	Certain
1198	Naas	Latin	Certain
1199	Antichrist	Dutch	Certain
1200	Helsche geesten	Dutch	Certain
1201	Imperii sacrilega tyrannide foedati	Latin	Certain
1202	Jonathas Apphus	Latin	Certain
1203	Pergentinus en Laurentius broeders	Dutch	Certain
1204	Pictoribus alta potestas	Latin	Certain
1205	Salome	Latin	Certain
1206	Sapor	Latin	Uncertain
1207	Superbo Sapori alludit Iphaniophilus	Latin	Certain
1208	Maffo	Latin	Uncertain
1209	Theresia met haeren broeder Jacobus	Dutch	Uncertain
1210	Timotheus	Latin	Uncertain
1211	Titus Manlius	Latin	Certain
1212	Benjamin ducendus in Aegyptum	Latin	Certain
1213	David en Goliath	Dutch	Uncertain
1214	Joseph venditus	Latin	Certain
1215	Vinitores	Latin	Certain
1216	Wys naer schyn, en nochtans bot, Wort van ieder-een bespot	Dutch	Uncertain
1217	Constantius	Latin	Certain
1218	Jonathas et David	Latin	Certain
1219	Rustico-philosophus	Latin	Certain
1220	Athalia	Latin	Certain
1221	Cresphon	Latin	Certain
1222	Demeae interludium	Latin	Certain
1223	Joseph a fratribus adoratus	Latin	Certain
1224	Jupiter Menecrates	Latin	Certain
1225	Jesus onder de leeraers	Dutch	Uncertain
1226	Croesus	Latin	Certain
1227	Gedeon	Latin	Certain
1228	Jonathas	Latin	Certain
1229	Joseph van syne broeders verkocht	Dutch	Uncertain
1230	Philippus	Latin	Certain
1231	Sedecias	Latin	Certain
1232	L. Papyrius Roomsch opper-heer	Dutch	Uncertain
1233	Magdalena ende Theresia	Dutch	Uncertain
1234	Joseph van syne broeders erkent	Dutch	Uncertain
1235	Moyses gestelt op den Nilus	Dutch	Uncertain
1236	Sophia met haere dry dochters fides, spes, ende charitas	Dutch	Uncertain
1237	Judicium divae Caeciliae Virginis	Latin	Certain
1238	Joakim rex juda	Latin	Certain
1239	Nabuchodonosor regno restitutus	Latin	Certain
1240	Lapsus angelorum	Latin	Certain
1241	Jacobus Machabaeorum natu-minimus	Latin	Certain
1242	Job	Latin	Certain
1243	Susanna	Latin	Certain
1243	Susanna	Dutch	Certain
1244	Aman et Mardochaeus	Latin	Certain
1244	Aman en Mardochaeus	Dutch	Certain
1245	Manasses herstelt in syn ryk	Latin	Certain
1245	Manasses regno restitutus	Dutch	Certain
1246	Sedecias	Latin	Certain
1246	Sedecias	Dutch	Certain
1247	Augusta stervende voor het geloof	Dutch	Certain
1248	Christus redemptor allegoricè adumbratus	Latin	Certain
1249	Jephte	Latin	Certain
1249	Jephte	Dutch	Certain
1250	Jephte	Latin	Certain
1250	Jephte	Dutch	Certain
1251	Astyanax	Latin	Certain
1252	Liefde des Zone Gods tot het menschelyk geslacht	Dutch	Certain
1253	Judicium Salomonis	Latin	Certain
1253	Het oordeel van Salomon	Dutch	Certain
1254	Filii jambri	Latin	Certain
1254	Zonen van Jambri	Dutch	Certain
1255	Tryphonis in Jonatham perfidia	Latin	Certain
1255	De trouwloosheid van Tryphon tot Jonathas	Dutch	Certain
1256	Joannes Baptista	Latin	Certain
1257	Adam en Eva	Dutch	Certain
1258	Pharao	Latin	Certain
1258	Pharao	Dutch	Certain
1259	Pharao	Latin	Certain
1259	Pharao	Dutch	Certain
1260	Martyrium septem fratrum Machabaeorum	Latin	Certain
1261	Mors	Latin	Certain
1262	De passione Domini Nostri Jesu Christi	Latin	Certain
1263	Sidrach, Misach ende Abdenago	Dutch	Uncertain
1264	David	Latin	Certain
1265	Eleazarus	Latin	Certain
1266	Baana et Rechab	Latin	Certain
1267	Dido	Latin	Certain
1268	Eustachius	Latin	Certain
1269	Coliphonius	Latin	Certain
1270	Wambanus	Latin	Certain
1271	Zacharias	Latin	Certain
1272	Cyrinus	Latin	Certain
1273	Fremundus sone van den Hertog van Algaria de werelt vluchtende	Dutch	Uncertain
1274	Judocus	Latin	Certain
1275	Pantamatesterus	Latin	Certain
1276	Theodemena	Dutch	Uncertain
1277	Thomas Coninck van Arima door keyser Daifusama omghebracht	Dutch	Uncertain
1278	Amasias	Latin	Certain
1279	Parthenophila	Latin	Certain
1280	Rodericus rex, et Julianus comes	Latin	Certain
1281	Inconstans vitae theatrum	Latin	Certain
1282	Iosephus	Latin	Certain
1283	Iuditha	Latin	Certain
1284	Naaman	Latin	Certain
1285	Nehemias	Latin	Certain
1286	Saulus	Latin	Certain
1287	Tobaeus	Latin	Certain
1288	Baptistes	Latin	Certain
1289	Cunae	Latin	Certain
1290	Daniel	Latin	Certain
1291	Dyscoli	Latin	Certain
1292	Iuditha	Latin	Certain
1293	Josephus	Latin	Certain
1294	Naaman	Latin	Certain
1295	Nehemias	Latin	Certain
1296	Pentecoste	Latin	Certain
1297	Pseudostratiotae	Latin	Certain
1298	Saulus	Latin	Certain
1299	Susanna	Latin	Certain
1300	Triumphus Christi	Latin	Certain
1301	Typhlus	Latin	Certain
1302	Vitulus	Latin	Certain
1303	Aluta	Latin	Certain
1304	Rebelles	Latin	Certain
1305	Lazarus mendicus	Latin	Certain
1306	Aluta	Latin	Certain
1307	Rebelles	Latin	Certain
1308	Acolastus	Latin	Certain
1309	Acolastus	Latin	Certain
1310	Ananias	Latin	Certain
1311	Daniel	Latin	Certain
1312	Pentecoste	Latin	Certain
1313	Susanna	Latin	Certain
1314	Triumphus Christi	Latin	Certain
1315	Typhlus	Latin	Certain
1316	Chosroes	Latin	Certain
1317	Adiatorix	Latin	Certain
1318	Miles gloriosus variè illusus	Latin	Certain
1319	Asarhaddon, rex Assyriorum	Latin	Certain
1320	Tranio sutor advocatus	Latin	Certain
1321	Achan	Dutch	Certain
1322	Agar	Latin	Certain
1323	Cosmophila	Dutch	Certain
1324	Die wilt te wys syn, en is bot; Die wort van ider een bespot	Dutch	Certain
1325	Fremundus	Latin	Certain
1326	Hermenegildus	Latin	Certain
1327	Mauritius Orientis imperator	Latin	Certain
1328	Numitor et Amulius	Latin	Certain
1329	Constantia	Latin	Certain
3315	Judas Machabaeus	Latin	Certain
1330	Landelinus	Latin	Certain
3320	Puer	Latin	Certain
3323	Redivivus	Latin	Certain
1331	Achior dux Ammonitarum	Latin	Certain
1332	Adam et Eva	Latin	Certain
1333	Bacchus imaginarius ad saniorem mentem reducitur	Latin	Certain
1334	Herodes	Latin	Certain
1335	Jacob et Esau	Latin	Certain
1336	Samuel	Latin	Certain
1337	Daniel	Dutch	Certain
1337	Daniel	French	Certain
1338	Desiderius	Dutch	Certain
1339	Fremundus	Latin	Certain
1340	Herodes	Latin	Certain
1341	Jdomeneus	Dutch	Certain
1342	Jesulum inter et Mariam ac Josephum quotidianum commercium	Latin	Certain
1343	Joseph	Latin	Certain
1344	Triumph vande broederlycke liefde	Dutch	Certain
1345	De seven broeders Machabeen	Dutch	Certain
1346	Epicureus larvatus	Latin	Certain
1347	Jonathas	Latin	Certain
1348	Neophytus martyr	Latin	Certain
1349	S. Aloysius Gonzaga	Latin	Certain
1350	Sedecias	Latin	Certain
1351	Septem Fratres Machabaei	Latin	Certain
1352	Verlost Bethulien	Dutch	Uncertain
1353	Adonibezec	Latin	Certain
1354	Catilina	Latin	Certain
1355	Certamen Tragoediam inter et Comoediam	Latin	Certain
1356	Guatzettus	Dutch	Certain
1357	Joannes Calybita	Latin	Certain
1358	Mercurius	Latin	Certain
1359	Mustapha ende Ziangir	Dutch	Certain
1360	Quo semel est imbuta recens servabit odorem testa diu	Latin	Certain
1361	Salomon et Adonias	Latin	Certain
1362	Typhlogenomenus	Latin	Certain
1363	Sedecias	Dutch	Certain
1364	Athalia	Dutch	Certain
1365	Constantini Orientis Imperatoris	Latin	Certain
1366	Core, Dathan et Abiron	Latin	Certain
1367	Daniël	Latin	Certain
1368	Heliodorus	Latin	Certain
1369	Lazarus a mortuis excitatus	Latin	Certain
1370	Solymannus	Latin	Certain
1371	Stanislaus Kostka	Dutch	Certain
1372	Ostanus et Taphernes	Latin	Certain
1373	Rebecca a creditoribus vexata	Latin	Certain
1374	Theodoricus	Latin	Certain
1375	Antichrist	Dutch	Certain
1376	Antichristus	Latin	Certain
1377	Tycho	Dutch	Certain
1378	Jaddus	Latin	Certain
1379	Alexander den Grooten	Dutch	Certain
1380	Charinus et Parmeno	Latin	Certain
1381	Christus judex	Latin	Certain
1382	Fuga saeculi in Petro de Morono	Latin	Certain
1383	Henoch et Elias	Latin	Certain
1384	Lazarus	Dutch	Certain
1385	Malum consilium consultori pessimum	Latin	Certain
1386	Thomas	Latin	Certain
1387	Torquatus in filium severus pater	Latin	Certain
1388	Alexander	Latin	Certain
1389	Alexander	Dutch	Certain
1390	Antipho et Phaedromus	Latin	Certain
1391	Asarhaddon	Latin	Certain
1392	Cartouchius incarceratus	Latin	Certain
1393	Chrysogonus	Latin	Certain
1394	Philomachus	Latin	Certain
1395	Den eerst-geboren Soon van David uyt Bethsabea	Dutch	Certain
1396	Syrus	Latin	Certain
1397	Chremes vreest voor ’t leven van synen sone	Dutch	Uncertain
1398	Joannes, Michael ende Ignatius	Dutch	Uncertain
1399	Jovianus Keyser	Dutch	Uncertain
1400	Polyphontes	Latin	Certain
1401	Achan	Latin	Certain
1402	Aman	Latin	Certain
1403	Megaronides	Latin	Certain
1404	Prospiticus Hypocrita	Latin	Certain
1405	Sisara	Dutch	Certain
1406	Sisara	Latin	Certain
1407	Thomas Morus	Latin	Certain
1408	Vitus puer	Latin	Certain
1409	David	Latin	Certain
1410	Hermenegildus	Dutch	Certain
1411	Jonathas	Latin	Certain
1412	Pergentini et Laurentini in fide constantia	Latin	Certain
1413	Jaromirus	Latin	Certain
1414	Daniel	Latin	Certain
1415	De auro abscondito ac hero ludificato	Latin	Certain
1416	Gualberti in hostem clementia	Latin	Certain
1417	Histriones malevoli conversi	Latin	Certain
1418	Maacha	Latin	Certain
1419	Saulus Christi fidem amplectens	Latin	Certain
1420	Joseph a fratribus agnitus	Latin	Certain
1421	Mesa	Latin	Certain
1422	Severus Romanorum imperator	Latin	Certain
1422	Severe empereur des Romains	French	Certain
1423	Maacha	Latin	Uncertain
1424	David de Gabaoniten bevredigende	Dutch	Uncertain
1425	Euripus	Latin	Certain
1426	Ajax lorarius	Latin	Certain
1427	Iosephus	Latin	Certain
1428	Iuditha	Latin	Certain
1429	Naaman	Latin	Certain
1430	Nehemias	Latin	Certain
1431	Pseudostratiotae	Latin	Certain
1432	Saulus	Latin	Certain
1433	Tobaeus	Latin	Certain
1434	Iosephus	Latin	Certain
1435	Iuditha	Latin	Certain
1436	Naaman	Latin	Certain
1437	Nehemias	Latin	Certain
1438	Saulus	Latin	Certain
1439	Tobaeus	Latin	Certain
1440	Pseudostratiotae	Latin	Certain
1441	Conradinus	Latin	Certain
1442	Crispus	Latin	Certain
1443	Eustachius	Latin	Certain
1444	Fritlandus	Latin	Certain
1445	Gorcomienses sive Fidei exilium	Latin	Certain
1446	Henricus Octavus seu schisma Anglicarum	Latin	Certain
1447	Hermenegildus	Latin	Certain
1448	Ioanna Darcia	Latin	Certain
1449	Lambertus	Latin	Certain
1450	Maximus	Latin	Certain
1451	Ottocarus Bohemiae rex	Latin	Certain
1452	Stanislaus	Latin	Certain
1453	Theodoricus	Latin	Certain
1454	Thomas Cantuariensis	Latin	Certain
1455	Herculis Averno domito ac caelo sustentato apotheosis	Latin	Certain
1456	Fornax	Latin	Certain
1457	Elias	Latin	Certain
1458	Aman	Latin	Certain
1459	Divus Eustachius, sive Fidei et Patientiae triumphus	Latin	Certain
1460	Carcer Babylonius	Latin	Certain
1461	Dives Epulo	Latin	Certain
1462	Iephthe	Latin	Certain
1463	Henricus Octavus seu schisma Anglicarum	Latin	Certain
1464	Maximus	Latin	Certain
1465	Divinae iustitiae theatrum sive Maria Othonis III imp. uxor	Latin	Certain
1466	De waerheyt ende de liefde	Dutch	Certain
1467	Kracht vande goede ende quaede op-voedinghe	Dutch	Certain
1468	Den bewaer-enghel verthoont in Raphaël den mede-geselle van Tobias	Dutch	Uncertain
1469	Sigismundus coninck van Burgundien	Dutch	Certain
1470	Drama. de waerheyt	Dutch	Certain
1471	Societeyt Iesu in haer eerste eeuvve cloeckelijck strijdende	Dutch	Certain
1472	Eulogius	Dutch	Certain
1473	Ioachimus met sijnen sone Iechonias	Dutch	Uncertain
1474	De offerande van Abraham	Dutch	Certain
1475	Joannes Calybita	Latin	Certain
1476	Trivmphe van het Catholyck gheloof sal verthoont worden in Hermenigildvs Coninck van Spagnien	Dutch	Certain
1477	Jephtias	French	Certain
1478	L’homme variable comme la lune	French	Certain
1479	Polyeucte	French	Certain
1480	Daniel	French	Certain
1481	Diable peintre	French	Certain
1482	Jean Calybite	French	Certain
1483	Triomphe de l’amour divin sur l’ambition	French	Certain
1484	Mal retourne à son autheur, en la personne de Polyphon	French	Certain
1485	Megadorus	French	Certain
1485	Megadorus	Dutch	Certain
1486	Diogenes redivivus	Latin	Certain
1487	Adelphi	Latin	Certain
1487	Adelphi	Dutch	Certain
1488	Andria	Latin	Certain
1488	Andria	Dutch	Certain
1489	Eunuchus	Latin	Certain
1489	Eunuchus	Dutch	Certain
1490	Heautontimorumenos	Latin	Certain
1490	Heautontimorumenos	Dutch	Certain
1491	Hecyra	Latin	Certain
1491	Hecyra	Dutch	Certain
1492	Phormio	Latin	Certain
1492	Phormio	Dutch	Certain
1493	Den heylighen Martinvs bisschop van Tovrs= ende patroon van Cortryck.	Dutch	Certain
1494	Thomas Morus, Cancellier van Enghelant	Dutch	Certain
1495	Het Christen-saet van Iaponien	Dutch	Certain
1496	Savl onghehoorsaem wort berooft van siin riick ende leven, en David	Dutch	Uncertain
1497	P. Gonzalvus Silveira	Dutch	Certain
1498	Theodoricus Arians-ketter, koninck der Gothen ende van Italien	Dutch	Certain
1499	Adamus exul	Latin	Certain
1500	Agathocles et Amyntas	Latin	Certain
1501	Landelinus	Latin	Certain
1502	Justinus	Latin	Certain
1503	Duo Vexilla unum Christi alterum Luciferi	Latin	Certain
1504	Battus	Latin	Certain
1505	Caecus a nativitate	Latin	Certain
1506	Innocentia beatissimae virginis ope triumphans	Latin	Certain
1507	Midas	Latin	Certain
1508	Salomona	Dutch	Uncertain
1509	Joas, Konink van Juda	Dutch	Certain
1510	Jovinianus	Latin	Certain
1511	Thestylis stervende van liefde tot de H. Maget Maria	Dutch	Certain
1512	Villicus	Latin	Certain
1513	Occasio	Latin	Certain
1514	Christus patiens	Latin	Certain
1515	Sophompaneas	Latin	Certain
1516	Morosophus de vera ac personata sapientia	Latin	Certain
1517	Justum Dei judicium in rebelles parentibus filios, in Jarba, Persarum regis filio	Latin	Certain
1518	Euripus	Latin	Certain
1519	San Antonio Magno. Sacada de la vida de San Antonio	Spanish	Certain
1520	Albert, cardinal et evesque de Liège	French	Certain
1521	Comedie Isabelle= fille d'Andre ii. Roy d'Hongrie=	French	Certain
1522	Phoenissae	Greek	Certain
1522	Phoenissae	Latin	Certain
1523	Carolus I Angliae rex decollatus	Latin	Certain
1523	[Karel I koning van Engeland onthoofd]	Dutch	Certain
1524	Combat nocturne, ou les morts vivants	French	Certain
1525	Jagt van Henricus den IV	Dutch	Certain
1526	Salomona met haere zeven zoonen de Machabëen	Dutch	Uncertain
1527	Phoenissae	Greek	Certain
1527	Phoenissae	Latin	Certain
1528	Christus patiens	Latin	Certain
1529	Iuditha	Latin	Certain
1530	Pseudostratiotae	Latin	Certain
1531	Tobaeus	Latin	Certain
1532	Andria	Latin	Uncertain
1533	Acolastus	Latin	Certain
1534	Tweede deel. Kort verhael van het ghene vertoont wordt door de Jonckheyt vande Scholen der eerw: PP. vande Societeyt Jesu binnen Brugge.	Dutch	Certain
1535	Verborghen schat in’t openbaer ghebroght, ofte vande herstellinghe over 100. jaeren van het weerdigh H. Bloedt inde Stadt Brugghe bewaert, ende vande Triomph-feest’, oft Honderdt-jaerigh Jubilé, met een Solemnele ende prachtighe Processie gheviert binnen Brugghe op den 3. van Mey 1686.	Dutch	Certain
1536	Henricus Koninck van Denemarcken Noortwegen ende Sweeden	Dutch	Certain
1537	Den Heyligen Ludovicus	Dutch	Certain
1537	Saint Louis	French	Certain
1538	Joseph door syne broeders vercoght aen d’Ismaëliten	Dutch	Uncertain
1539	Themistocles	Dutch	Uncertain
1540	David voor-vluchtisch	Dutch	Uncertain
1541	Manasses, Coninck van Juda	Dutch	Certain
1542	De Heylighe Glaphyra maghet het waerachtigh geloove beleydende	Dutch	Certain
1543	De verdruckte christelycke leeringe in staet herstelt door Catharina Clerx	Dutch	Certain
1544	Sedecias	Latin	Certain
1545	Sepultus	Latin	Certain
1546	Gabinia	Latin	Certain
1547	Manasses regno restitutus	Latin	Certain
1547	Manasse’s retabli sur le thrône	French	Certain
1548	Jesus inter doctores inventus	Latin	Certain
1549	Triumph van het Christen Gheloove in Titus Prince van Japonien	Dutch	Certain
1550	Severus	Latin	Certain
1551	David ad speluncam Engaddi	Latin	Certain
1552	Mithridates	Latin	Certain
1553	Annibal	Latin	Certain
1554	Romanus Diogenes Constantinopolitanus imperator	Latin	Uncertain
1555	Hypocrita	Latin	Certain
1556	Adiatorix	Dutch	Certain
1556	Adiatorix	French	Certain
1557	Den ghesonden siecken	Dutch	Certain
1557	Le malade imaginaire	French	Certain
1558	Sennacherib	Dutch	Uncertain
1559	Theozyta	Latin	Certain
1560	B. Aloysius Gonzaga	Latin	Certain
1561	Craesus Lydorum rex	Latin	Certain
1562	Theresia Begheirigh tot de Martelie	Dutch	Certain
1563	Joseph	Dutch	Certain
1564	Lapsus angelorum	Latin	Certain
1565	Mundi diluvium	Latin	Certain
1566	Thebais	Latin	Certain
1567	Usumcassanus Persarum rex	Latin	Certain
1568	Beverlei	Latin	Certain
1569	De gheveynstheyt wort ondeckt in eenen doctoor van parijs.	Dutch	Certain
1570	Ioannes Zemisces keyser van Constantinopelen	Dutch	Certain
1571	Boëtius	Dutch	Certain
1572	Nicephoro-Sapritius	Latin	Certain
1573	La clemence de Cyrus	French	Certain
1574	Tiridate	French	Certain
1575	Judas-Machabée	French	Certain
1576	Benjamin dans les fers	French	Certain
1577	Joseph agnitus	Latin	Certain
1578	Joseph venditus	Latin	Certain
1579	Acolastus	Latin	Certain
1580	Absalon rebellis in patrem	Latin	Certain
1581	Ovis perdita	Latin	Certain
1582	Acolastus	Latin	Certain
1583	Sisara	Latin	Uncertain
1584	Adonibezec	Latin	Uncertain
1585	Oppressa patientia exaltata sive Griseildis	Latin	Certain
1586	Marcus Atilius Regulus	Latin	Certain
1586	Marcus Atilius Regulus	Dutch	Certain
1587	Sedecias	Latin	Certain
1587	Sedecias	Dutch	Certain
1588	Athalia	Latin	Uncertain
1589	Brutus primus Reipublicae Romanae consul	Latin	Certain
1590	Ecercitatio scholastica [précédé d’une pièce de théâtre]	Latin	Certain
1591	Den droeven vall van den grooten keyser Aquilonius	Dutch	Certain
1592	Machabaei	Latin	Certain
1593	Baasa delens stirpem Jeroboami	Latin	Certain
1594	Baasa vernietigende het geslaght van Jeroboam	Dutch	Certain
1595	Daezer	Dutch	Certain
1596	Distractus	Latin	Certain
1597	Grylardo	Dutch	Certain
1598	Rosalia	Dutch	Certain
1599	Joas gedoodt	Dutch	Certain
1600	De roede van Aaron verandert in slange	Dutch	Certain
1601	Virga Aaronis versa in colubrum	Latin	Certain
1602	Abraham immolaturus filium	Latin	Certain
1603	Abraham vermaent tot den slacht-offer	Dutch	Certain
1604	Jonathas	Dutch	Certain
1605	Michael et Linus	Latin	Certain
1606	Eustachius	Dutch	Uncertain
1607	Jephtias	Dutch	Certain
1608	Laurentius animi virtute vincens	Latin	Certain
1609	Agatha et tres ejus filii: Joannes, Michael, Ignatius	Latin	Certain
1610	Heliodorus	Latin	Certain
1611	Prusias	Latin	Certain
1612	Titus ende Domitianus	Dutch	Certain
1613	Titus et Domitianus	Latin	Certain
1614	Avari comoedia	Latin	Certain
1615	Danaus	Latin	Certain
1616	Dardannus	Latin	Certain
1617	Divina misericordia in Absalone	Latin	Certain
1618	Judicium Manlianum	Latin	Certain
1619	Pseudolus	Latin	Certain
1620	Stephana conversus	Latin	Certain
1621	Amor filii Dei in genus humanum in Mesae filio adumbratus	Latin	Certain
1622	Infida regni societas sub Caracalla et Geta imperatoribus	Latin	Certain
1623	Mithridates	Latin	Certain
1624	Nobilis imaginarius	Latin	Certain
1625	Baltassar	Latin	Certain
1626	Inopia et Copia Samariae sub rege Joram	Latin	Certain
1627	Superbia punita sive Aman	Latin	Certain
1628	Guilielmo Philippo e Marchionibus de Herzelles	Latin	Certain
1629	Everwachus	Latin	Certain
1630	Filius prodigus	Latin	Certain
1631	Chaerea	Latin	Certain
1632	Poena talionis in Polyphonte Messeniorum rege	Latin	Certain
1633	Pastor bonus	Latin	Certain
1634	David	Latin	Certain
1635	Amor Filii Dei in genus humanum	Latin	Certain
1636	Cultus deiparae	Latin	Certain
1637	Heliodorus	Latin	Certain
1638	Pseudo-Alexander	Latin	Certain
1639	Salomonis et Adoniae reconciliato	Latin	Certain
1640	Sergius Paulus	Latin	Certain
1641	Servus nequam	Latin	Certain
1642	Solymannus	Latin	Certain
1643	Illustrissimo ac reverendissimo domino d. Henrico Josepho van Susteren decimo quarto brugensium episcopo perpetuo Flandriae cancellario &c. felicibus auspiciis mechliniae inaugurato brugenses infulas gratulatur & applaudit l gymnasium Mechliniense Societatis Jesu anno MDCCXVI. [achteraan= blz. 15:] argumentum convivalis applausus.	Latin	Certain
1644	Amor, sive Dei Filius rursus a peccatoribus crucifixus	Latin	Certain
1645	Servus malus	Latin	Certain
1646	Julstus et Pastor	Latin	Certain
1647	Balthassar	Latin	Certain
1648	Cyrus	Latin	Certain
1649	Rustico-nobilis	Latin	Certain
1650	Samuel	Latin	Certain
1651	Sapiens et fatuus	Latin	Certain
1652	Benjamin ducendus in Aegyptum	Latin	Certain
1653	Maria Magdalene ad sepulchrum Domini	Latin	Certain
1654	Jacob	Latin	Certain
1655	M. Attilius Regulus	Latin	Certain
1656	Reconciliatio Jacob et Esau	Latin	Certain
1657	Athalia	Latin	Certain
1658	Fide, sed cui, vide	Latin	Certain
1659	Mendicorum importunitas	Latin	Certain
1660	Neokephalaiôseôs error	Latin	Certain
1661	Astarches et Nearches	Latin	Certain
1662	Astyages Harpagi ultor	Latin	Certain
1663	Conturbat domum suam, qui sectatur avaritiam	Latin	Certain
1664	Syrus domui correctoriae addictus, à patre in gratiam recipiatur	Latin	Certain
1665	Baasa delens stirpem Jeroboami	Latin	Certain
1666	Distractus	Latin	Certain
1667	Clodoaldus	Latin	Certain
1668	Paena talionis in vinitore	Latin	Certain
1669	Jovinian humilié par son ange	French	Certain
1670	Sigericus	French	Certain
1670	Sigericus	Dutch	Certain
1671	Manasse	French	Certain
1671	Manasses	Dutch	Certain
1672	Theodorus de wereldt versmaedende	Dutch	Certain
1673	Clodovaeus coninck van Vranckryck	Dutch	Uncertain
1674	Esther	Dutch	Certain
1675	Eutropius	Dutch	Certain
1676	Palimbius verweckt van de doodt	Dutch	Uncertain
1677	Esther	Dutch	Certain
1677	Esther	French	Certain
1678	Benedictus	Dutch	Certain
1679	Hermannus	Dutch	Certain
1680	Jephte’ tragedie	French	Certain
1681	Jonathas	French	Certain
1682	Jovien	French	Certain
1683	Abraham	French	Certain
1684	Un garçon nommé Bononte	French	Certain
1685	Isaac	French	Certain
1686	Saul	French	Certain
1687	Tite Japon	French	Certain
1688	Naboth	Dutch	Certain
1688	Naboth	French	Certain
1689	Triumphante crooninghe vanden Keyser ende Keyserinne	Dutch	Certain
1690	Wonderbare volstandigheyt van Herina	Dutch	Certain
1691	Nabuchodonosor wordt door sonde van Mensch’ in Beeste verandert	Dutch	Uncertain
1692	Sophompaneas	Latin	Certain
1693	Christus patiens	Latin	Certain
1694	Christus patiens	Latin	Certain
1695	Sophompaneas	Latin	Certain
1696	Cunae	Latin	Certain
1697	Daniel	Latin	Certain
1698	Pseudostratiotae	Latin	Certain
1699	Susanna	Latin	Certain
1700	Triumphus Christi	Latin	Certain
1701	Vitulus	Latin	Certain
1702	Fabula comica; in commendationem aedificii, egenis senibus Harlemi extruendi	Latin	Certain
1703	Voor-reden ende tusschen-spraken van Fabula comica; in commendationem aedificii, egenis senibus Harlemi extruendi	Latin	Certain
1704	Daniel	Dutch	Uncertain
1705	Vervolginghe van Michael Arimandonus	Dutch	Uncertain
1706	Herodes ascalonita	Latin	Certain
1707	Apollonivs Tyanaevs.	Dutch	Certain
1708	Het vonnisse van Anastasius	Dutch	Uncertain
1709	Daniel in het belijden vanden waeren godt Stantvastigh, onder de verhongerde leeuwen ongehindert over sijne vyanden triompherende	Dutch	Certain
1710	Grisellis	Latin	Certain
1711	Etheocles	Latin	Uncertain
1712	Saul	Latin	Certain
1713	Judith	Latin	Uncertain
1714	Judith	Latin	Uncertain
1715	Simon et Mattheús Titi japonis filii	Latin	Certain
1716	Clodoaldus	Latin	Certain
1717	Stratiophilus	Latin	Certain
1718	Als niet compt tot iedt [...] In den hooghveirdighen Faustilus	Dutch	Certain
1719	Cyri in Armenium clementia	Latin	Certain
1720	Lazarus mendicus	Latin	Certain
1721	Romulus et Remus	Latin	Uncertain
1722	Triumphe van het H. Cruys ons Heere Jesu Christi	Dutch	Uncertain
1723	Wambanus	Latin	Uncertain
1724	Clodoalde	French	Certain
1725	Amantes commilitones	Latin	Uncertain
1726	Asmundus et Asuitus	Latin	Certain
1727	Bekeeringe van Theodorús den jonghelinck	Dutch	Certain
1728	Subacta impietas sive Clodoaldus	Latin	Certain
1729	De jonckheyt van s'werelds ydelheyt	Dutch	Certain
1730	Divina providentia	Latin	Uncertain
1731	Fidei	Latin	Certain
1732	Thyestes	Dutch	Certain
1733	Ingratitudo hominis redempti per Elenahan in Belisa	Latin	Certain
1734	Judith	Latin	Certain
1735	Lycaster	Latin	Certain
1736	Ballio	Latin	Certain
1737	Mancipium fidele, sive Mahomet paricidam Brahim puniens	Latin	Certain
1738	Ninive	Dutch	Certain
1739	Acolin et Rubaea	Latin	Certain
1740	Heterobulus	Latin	Certain
1741	Joas	Dutch	Certain
1742	Chosroes	Latin	Certain
1742	Chosroes	Dutch	Certain
1743	Heli	Dutch	Certain
1744	Blasphemia damnata sive Leontinus	Latin	Certain
1745	Flavius Belisarius	Latin	Certain
1746	Joseph fratres agnoscens	Latin	Certain
1747	Mopsus Jupiter imaginarius	Latin	Certain
1748	Nabuchodonosor rex Babylonis	Latin	Certain
1749	S. Petrus vinculis solutus	Latin	Certain
1750	Joseph agnitus	Latin	Certain
1751	Wambani de Ervigio vindicta christiana	Latin	Certain
1752	Srobulus	Latin	Certain
1753	Supernae gratiae	Latin	Certain
1754	Christus Xylonicus	Latin	Certain
1755	Impii facinoris vindex victoriosus Carolus V	Latin	Certain
1756	Tyndarus	Latin	Certain
1757	Jonathas	Latin	Certain
1758	Jonathas	Latin	Certain
1759	Ludovicus	Dutch	Certain
1760	Philopompus	Latin	Certain
1761	Spectaculum vindictae	Latin	Certain
1762	Triumphus SS. Crucis	Latin	Certain
1763	Zelus Joiadae	Latin	Certain
1764	Helus	Latin	Certain
1765	Accianus	Latin	Certain
1766	Allegoriae	Latin	Certain
1767	Amor	Latin	Certain
1768	Arimandus	Latin	Certain
1769	Caecus videns	Latin	Certain
1770	Demipho	Latin	Certain
1771	Gamostelus	Latin	Certain
1772	Henricus Sueciae, Norvegiae, Daniae rex	Latin	Certain
1773	Herodes	Latin	Certain
1774	Hyrcanus	Latin	Uncertain
1775	Jesus laesus	Latin	Certain
1776	Lucifer	Latin	Certain
1777	Lucta	Latin	Certain
1778	Philotas sive perfidia punita	Latin	Certain
1779	Themistocles	Latin	Certain
1780	Ambitio punita	Latin	Certain
1781	Baltassar	Dutch	Certain
1782	Euclio comoedia	Latin	Certain
1783	Felicitas	Latin	Certain
1784	Nil nisi principium belli	Latin	Certain
1785	Siu vis ludere	Latin	Certain
1786	Aristobulus	Latin	Certain
1787	Chrisocancrio	Latin	Certain
1788	Fide; sed cui vide	Latin	Certain
1789	Innocentia a Daniele defensa	Latin	Certain
1790	Rebellio punita	Latin	Certain
1791	Tarachus	Latin	Certain
1792	Ulferus	Latin	Certain
1793	Vindictae furor	Latin	Certain
1794	Fides Christiana	Latin	Certain
1795	Henricus Daniae, Sueciae, et Norvegiae rex	Latin	Certain
1796	Qui spernit homines	Latin	Certain
1797	Crebrò larva nocet	Latin	Certain
1798	Crudelitas punita	Latin	Certain
1799	Horatius	Latin	Certain
1800	Inexpectatus	Latin	Certain
1801	S. Sigismundus Burgundiae Rex	Latin	Certain
1802	Sanctus Hermengildus	Latin	Certain
1803	Laurentias	Latin	Certain
1804	Amasias	Latin	Certain
1805	Athanasius tusschen de verscheyde ellenden	Dutch	Certain
1806	Athenais per Theodosium assumpta	Latin	Certain
1807	Christiana Ansolonii in hostem pietas	Latin	Certain
1808	Crudelitas sive peria	Latin	Certain
1809	Farrarius	Latin	Certain
1810	Ignotos caveas	Latin	Certain
1811	Ingratitudo filialis	Latin	Certain
1812	Ingratitudo in parentes	Latin	Certain
1813	Liefde overwinnende den haet ofte Basilius overwonnen door Timocrates	Dutch	Uncertain
1814	Pseudo-Balduinus	Latin	Certain
1815	Quo semel est imbuta recens servabit odorem testa diu	Latin	Certain
1816	Sequitur superbos	Latin	Certain
1817	Vivitur ex rapto	Latin	Certain
1818	Avariria sive Avarbolus	Latin	Certain
1819	Divinus martyr Canutus	Latin	Certain
1820	Ducitur astutiis	Latin	Certain
1821	Furius	Latin	Certain
1822	Judicium temerarium, sive Adolphus Teutonum comes	Latin	Certain
1823	Martyrium sive Procopius	Latin	Certain
1824	Qui stultè pergit	Latin	Certain
1825	Scaramouche medicus	Latin	Certain
1826	Stultitia languido remedium est optimum	Latin	Certain
1827	Superbia vindicata sive Ugolinus	Latin	Certain
1828	Vis invidiae sive Belisarius	Latin	Certain
1829	Exodus sive transitus maris rubri	Latin	Certain
1830	Alexander Magnus	Latin	Certain
1831	Ballio nanus	Latin	Certain
1832	Crudelis ultio	Latin	Certain
1833	Diversis mediis	Latin	Certain
1834	Dolus a Phenenna, ab almigerino punitas	Latin	Certain
1835	Faeminum pectus	Latin	Certain
1836	Invidiae ultor	Latin	Certain
1837	Joseph per invidiam	Latin	Certain
1838	Pamphilus ut sapiat	Latin	Certain
1839	Richardae in conjugem suum Robertum pia fidelitas ab Othone III	Latin	Certain
1840	Sit quisque semper	Latin	Certain
1841	Sydrach, Misach, et Abdenago	Latin	Certain
1842	Viribus enervis variè ridetur imago	Latin	Certain
1843	Boetius	Latin	Certain
1844	Eudocia et Romanus Diogenes imperatores	Latin	Certain
1845	Fide, sed cui, vide	Latin	Certain
1846	Ut lapsu graviore ruant tolluntur in altum	Latin	Certain
1847	Demetrius	Latin	Certain
1848	Eleazarus	Latin	Certain
1849	Ingratitudo Bruti in patrem Severianum punita	Latin	Certain
1850	Lyricus e potu comprendit vivere frugi	Latin	Certain
1851	Titus Manlius	Latin	Certain
1852	Decipitur crebro, faciles qui commodat aures	Latin	Certain
1853	Delirus totus tandem sibi redditur astu	Latin	Certain
1854	Epicurus amans lunae, deluditur astu	Latin	Certain
1855	Excidium Hierosolymitanum	Latin	Certain
1856	Paternum consilium in Aechino Xenophanis filio demonstatum	Latin	Certain
1857	Polycrito sive criticus	Latin	Certain
1858	Praesumptio humana divinitus punita sive Nabuchodonosor rex Babyloniae	Latin	Certain
1859	Vindicta divina sive Balthassar	Latin	Certain
1860	Didascalus	Latin	Certain
1861	De instauratione Hierosolymae	Latin	Certain
1862	Blasphemia punita	Latin	Certain
1863	Fide, sed cui, Vide	Latin	Certain
1864	Fuga sancti Josephi in Aegyptum	Latin	Certain
1865	Saulus conversus	Latin	Certain
1866	Joseph	Latin	Certain
1867	Philobertus Nauta	Latin	Certain
1868	S. Josephus perditum jesulum quaeritans	Latin	Certain
1869	Wyngaerd des Heeren ofte Abessalom	Dutch	Certain
1870	Alamus	Latin	Uncertain
1871	Saulus conversus	Latin	Certain
1872	Diogenes Romanus	Latin	Certain
1873	Exodus	Latin	Certain
1874	Fallitur is crebrò, faciles qui commodat aures	Latin	Certain
1875	Fraus fraude punita	Latin	Certain
1876	Ioannes Baptista ab Herode, Galilaeae Tetrarcha, capite minutus	Latin	Certain
1877	Joseph	Latin	Uncertain
1878	Kesius ex Piscatore miles rusticum decepit	Latin	Certain
1879	Ludovicus Imperator à filiis suis orbatus imperio	Latin	Certain
1880	Maria Magdalenæ ad sepulchrum domini	Latin	Certain
1881	Ajax lorarius	Latin	Certain
1882	Sedecias	Latin	Certain
1883	Lazarus	Latin	Certain
1884	Tycho	Latin	Uncertain
1885	Adiatorix	Latin	Uncertain
1886	Contentio Figuristas inter et alias Classis de Patrocinio Sancti Josephi	Latin	Certain
1887	Exaltatio sanctae crucis	Latin	Certain
1888	Grave curiositas est vitium	Latin	Certain
1889	Petrus praedicans / Lysocilogenes	Latin	Certain
1890	Leander	Latin	Certain
1891	Redemptio nostra	Latin	Certain
1892	Manasses Rex Judae perfidus	Latin	Certain
1893	Mutus daenonium habens	Latin	Uncertain
1894	Nequitia Hypocritae Sanctitatis fuco larvata	Latin	Certain
1895	Sedecias	Latin	Uncertain
1896	Sortis et amoris inconstans favor, sive Origenon cum Dafrosa	Latin	Certain
1897	Tolluntur in altum Ut lapsu graviore ruant	Latin	Certain
1898	Acrio dat sanctum verum	Latin	Certain
1899	Christus Patiens in Isaaco	Latin	Uncertain
1900	Constantia S. Martyris Joannis Nepomuceni	Latin	Certain
1901	Eleazarus	Latin	Certain
1902	Petrus praedicans / Lysocilogenes	Latin	Certain
1903	Mosus vitam rusticalem pertaesus	Latin	Certain
1904	Macchabaeus sive constantia	Latin	Certain
1905	Themistocles	Latin	Uncertain
1906	Tori conjugalis amor inter Julium Sabinum et Eponinam	Latin	Certain
1907	Matthaeus	Latin	Certain
1908	Austriae pietas in Carolo V	Latin	Certain
1909	Charmides	Latin	Certain
1910	Illustrissimo Guilielmo Delvaulx decimo sexto Iprensium Episcopo	Latin	Uncertain
1911	Moyses adoptatus	Latin	Certain
1912	Nobilis esse volens vario deluditur astu	Latin	Certain
1913	Sanctus Hermengildus a martyrii laurea redimitus	Latin	Certain
1914	Si nubere foret novitiatus	Latin	Certain
1915	Simeon obses in Aegypto	Latin	Uncertain
1916	Martyrium S. Catharinae	Latin	Certain
1917	Verdruckte Godtvruchtigheijdt afgebeeld in Godelieve	Dutch	Uncertain
1918	Zopyrus	Latin	Certain
1919	Iosephus	Latin	Certain
1920	Amor in odio, sive Basilius	Latin	Certain
1921	Asarhaddon rex Assyriorum	Latin	Certain
1922	Defuncto ficto frustrà medicina paratur	Latin	Certain
1923	Naaman	Latin	Certain
1924	Ecclesia ab haereticis oppressa	Latin	Certain
1925	Moyses	Latin	Certain
1926	Nehemias	Latin	Certain
1927	Moyses legifer	Latin	Certain
1928	Poliodorums rusticus	Latin	Certain
1929	Pueri Hebraeorum	Latin	Uncertain
1930	Saulus conversus	Latin	Certain
1931	Ecclesiae immunitas sive Thomas Cantuariensis	Latin	Certain
1932	Invicta pietas sive Ezechias Rex Juda	Latin	Certain
1933	Stulti nec vitare venientia possunt, nec ferre praesentia	Latin	Certain
1934	Xantippus humiliatus	Latin	Certain
1935	Tobaeus	Latin	Certain
1936	Sedecias	Latin	Certain
1937	Calidorus	Latin	Certain
1938	Nimia Temeritas infaustum sortitur exitum	Latin	Certain
1939	Pia Alexandri fuga et mors	Latin	Certain
1940	Thomas Morus Angliae cancellarius	Latin	Certain
1941	Amor heroicus	Latin	Certain
1942	Eliae sacrificium	Latin	Certain
1943	Eucio quantumvis Dives meditatur avarè	Latin	Certain
1944	Ingenium cuivis homini proclive ad habendum	Latin	Certain
1945	Ingratitudo Bruti in patrem severianum punita	Latin	Certain
1946	Joseph in fratius pius	Latin	Certain
1947	Carolus VII Franciae rex per Joannam Darciam de Anglis tiumphans	Latin	Certain
1948	Magnus Athanasius	Latin	Certain
1949	Clericus eques	Latin	Certain
1950	Te conjuge bonis	Latin	Certain
1951	Xantippus	Latin	Certain
1952	Fides, et amor sive Themistocles gloriose occumbens	Latin	Certain
2053	Isaias	Latin	Certain
1953	Humfredus nobilis	Latin	Certain
1954	Malè conjugati rustici	Latin	Certain
1955	Pellitur è medicina sapientia, vi geritur res	Latin	Certain
1956	Ambitio fraudulenta sive Demetrius Griska	Latin	Certain
1957	Civis nobilitatem affectans	Latin	Certain
1958	Decipitur crebrò, faciles qui commodat aures	Latin	Certain
1959	Justinianus imperator Belisarium de Cabade triumphantem excaecans	Latin	Certain
1960	Esther sub rege Assuero	Latin	Certain
1961	Mascarillus medicus	Latin	Certain
1962	Mens fallax	Latin	Certain
1963	Superbia fraudulenter vindicata	Latin	Certain
1964	Absalom Patri Davidi Rebellis	Latin	Certain
1965	Judas Machabaeus	Latin	Certain
1966	Vivere vis felix? thesauros quaerere noli	Latin	Certain
1967	David avulsus a Jonatha	Latin	Certain
1968	Inconstans C. Marii fortuna	Latin	Certain
1969	Joannes Damascenus Mariani cultus defensor egregrius	Latin	Certain
1970	Serius aut citius qui fallit, fallitur ipse	Latin	Certain
1971	Hecastus	Latin	Certain
1972	Gratia triumphans in Eugenia	Latin	Certain
1973	Manasses Rex Juda	Latin	Certain
1974	Constantinus	Latin	Certain
1975	Stultitia languido remedium est optimum	Latin	Certain
1976	Joas interfectus	Latin	Certain
1977	Andronicus	Latin	Certain
1978	Elias	Latin	Certain
1979	Individuus Amor Ansbertae	Latin	Certain
1980	Levigildus	Latin	Certain
1981	Scaramouche medicus	Latin	Certain
1982	Athanes	Latin	Certain
1983	Athanes	Latin	Certain
1984	Fausta	Latin	Certain
1985	Fide inexpertâ hominibus credere, semper temerarium est	Latin	Certain
1986	Parricidium fato punitum	Latin	Certain
1987	Quod dolus evincit, juvenis dementia tollit	Latin	Certain
1988	Richardae in conjugem suum Robertum pia fidelitas, ab Othone III	Latin	Certain
1989	Fides Getae	Latin	Certain
1990	Fortunatus Sosia	Latin	Certain
1991	Jonathas	Latin	Certain
1992	Quod displicet ausu, Perplacet eventu	Latin	Certain
1993	Romanus Diogenes utriusque fortunae synopsis	Latin	Certain
1994	Romanus Diogenes utriusque fortunae synopsis	Latin	Certain
1995	Laurentius door kloeckmoedighydt overwinnende ’t vier	Dutch	Uncertain
1996	Mater supra modum mirabilis sive Salomona septem suos filios deducens	Latin	Certain
1997	Andreas et Bela	Latin	Certain
1998	Obliviosus	Latin	Certain
1999	Macchabaeus sive constantia	Latin	Certain
2000	Adonibezec	Latin	Certain
2001	Matthaeus	Latin	Certain
2002	Delusus gorgonius	Latin	Certain
2003	Een boer seer plomp van aert	Dutch	Uncertain
2004	Eumetus	Latin	Certain
2005	Fames Samariae	Latin	Certain
2006	Impietas Pyrenaei	Latin	Certain
2007	Rusticus in urbe famulans	Latin	Certain
2008	Daniël somnii interpres	Latin	Certain
2009	Modernus impostor	Latin	Certain
2010	Rusticus astrologus	Latin	Certain
2011	Sennacherib	Latin	Certain
2012	Dum fueris felix	Latin	Certain
2013	Fit comes ex Mopso	Latin	Certain
2014	Innocentia victrix	Latin	Certain
2015	Irene imperatrix	Latin	Certain
2016	Sedecias	Latin	Certain
2017	Esther	Latin	Uncertain
2018	Excellentssimo Joanni Henrico	Latin	Certain
2019	Daniel	Latin	Certain
2020	Iosephus	Latin	Certain
2021	Iuditha	Latin	Certain
2022	Naaman	Latin	Certain
2023	Nehemias	Latin	Certain
2024	Saulus	Latin	Certain
2025	Tobaeus	Latin	Certain
4019	Reverendo domino Coussens Bavonis Canononico	Latin	Certain
2026	Phoenissae	Latin	Certain
2027	Adonias	Latin	Certain
2028	Chosroes	Latin	Certain
2029	Door list van syne vrouw, den Duyvel is gewis veraermoed	Dutch	Uncertain
2030	Fraudibus uxoris Doemon deceptus	Latin	Uncertain
2031	Absalonis in Patrem rebellio punita	Latin	Certain
4093	Nobilissimis Magistratûs Gandavensis Viginti-Sex-Viris	Latin	Certain
2032	Studentes, sive comoedia de vita studiosorum	Latin	Certain
2033	Studentes, sive comoedia de vita studiosorum	Latin	Certain
2034	Verbeterde zoonen ofte geluk uyt ongeluk	Dutch	Certain
2035	Aurora	Latin	Certain
2036	De agno Dei	Latin	Certain
2037	Hercules	Latin	Certain
2038	Iudicium Minois	Latin	Certain
2039	Judicium Salomonis	Latin	Certain
2040	Occiditur a Davide Goliath	Latin	Certain
2041	Sacchaeus	Latin	Certain
2042	Nabath	Latin	Certain
2043	Thamar	Latin	Certain
2044	Tobias	Latin	Certain
2045	Sancta Catharina	Latin	Certain
4124	Dido	Latin	Certain
2046	Abraham et Maria	Latin	Certain
2047	Ahasverus	Latin	Certain
2048	Arsenius et Theodosius	Latin	Certain
2049	Baiazetes	Latin	Certain
2050	Catherina Barbara	Latin	Certain
2051	Ernestus	Latin	Certain
2052	Gertrudis	Latin	Certain
2054	Iudicium extremum	Latin	Certain
2055	Iustinianus	Latin	Certain
2056	Lutosae lapsus et restauratio hominis	Latin	Certain
2057	Magi tres	Latin	Certain
2058	Mauritius	Latin	Certain
2059	Perseus	Latin	Certain
2060	Pyramus et Thisbe	Latin	Certain
2061	Rex Saturnalium	Latin	Certain
2062	Salomon	Latin	Certain
2063	Susanna	Latin	Certain
2064	Thamara	Latin	Certain
2065	Virtus Humana	Latin	Certain
2066	Auriacus	Latin	Certain
2067	Dido	Latin	Certain
2068	Nabugodonosor	Dutch	Certain
2069	Dives epulo	Latin	Certain
2070	Euribates Pseudomagnus	Latin	Certain
2071	Maria Stuarta	Latin	Certain
2072	Anastasius sive perfidia fulminata	Latin	Certain
2073	Rosimonda	Dutch	Certain
2074	Umfredus	Latin	Certain
2075	Moses Nomoclastes	Latin	Uncertain
2076	Alexius	Latin	Certain
2077	Achmetus et Melechus	Latin	Certain
2078	Caesar	Latin	Certain
2079	Carolus	Latin	Uncertain
2080	Christus iterum patiens	Latin	Certain
2081	D. Petro Govarts	Latin	Certain
2082	Diogenes	Latin	Certain
2083	Joseph venditus	Latin	Certain
2084	Ludovicus in vinculis	Latin	Certain
2085	S. Ignatius	Latin	Certain
2086	Saul et Dauid	Latin	Certain
2087	Themis Zaleuci	Latin	Certain
2088	Zeno	Latin	Certain
2089	Cain	Latin	Certain
2090	Cain et Abel	Latin	Certain
2091	Jonathas	Latin	Certain
2092	Alexander en Mechtildis	Latin	Certain
2093	Ambitio, sive Athalia, crudelis, impia, infelix	Latin	Certain
2094	Amicitia vinculum indissolubile in Asmundo et Asuito	Latin	Certain
2095	Christi servatoris nostri adventus	Latin	Certain
2096	Christus Patiens, pro Philota, servulo mortis reo	Latin	Certain
2097	Codri regis in patriam pietas	Latin	Certain
2098	Corriolanus	Latin	Certain
2099	David Pastor Rex, citharâ mulcens Saulis furorem	Latin	Certain
2100	Duellum inter Christum, et Saulum	Latin	Certain
2101	Fides jnexpugnabilis Catharinae a Maximino oppugnata	Latin	Certain
2102	Fortunae et amoris inconstantia in Eudocia	Latin	Certain
2103	Fratres Machabaei	Latin	Certain
2104	Hermenigildus princeps Hispaniæ pro fide certans occumbens	Latin	Certain
2105	Holofernes capite minutus	Latin	Certain
2106	Illustre Fidei coniugalis exemplum in Ansberta & Bertulfum	Latin	Certain
2107	Insigne pietatis monumentum, in Jepthe	Latin	Certain
2108	Jephte Israelitarum vindex filiam pro salute patriae Deo immolans	Latin	Certain
2109	Joseph patriarcha venditus exaltatus	Latin	Certain
2110	Joseph Patriarcha, depressus, et deploratus	Latin	Certain
2111	Lis inter Neptunum et Bacchum judice Apolline composita	Latin	Certain
2112	Omnibus amicitiae cultoribus amoris et fidei exemplum in Tyndaro et Grypho	Latin	Certain
2113	Parallelum inter Christum et Joramirum	Latin	Certain
2114	Potitus puer, patre daemone tyranno maior	Latin	Certain
2115	S. Sigismundus Burgundiae rex peccans paenitens, punitus	Latin	Certain
2116	Salamona septem Machabeorum mater patiens	Latin	Certain
2117	Sapricius et Nicephorus	Latin	Certain
2118	Sedecias Judae et Beniamin ultimus rex rebellis captus excoecatus	Latin	Certain
2119	Sigismundus Burgundionum rex	Latin	Certain
2120	Susanna Belgica, sive innocentia in Genoveva, uxore Sifride	Latin	Certain
2121	Terballus Bulgariæ rex jmpius, captus excæcatus	Latin	Certain
2122	Titus Japon et duo eius filii Simon et Matthaeus martyres	Latin	Certain
2123	Triumphus Crucis sive Maxentius a Constantino debellatus	Latin	Certain
2124	Triumphus justitiae et amoris in Zaleuco legislatore	Latin	Certain
2125	Triumphus veri amoris in Fr. de Solis en Joanne Laurentio	Latin	Certain
2126	Vindicta Christiana de Pereandro a Nicocle sumpta	Latin	Certain
2127	Sanctus Franciscus Xaverius	Latin	Certain
2128	Christelyke stantvastighijt van Titus, Japoonsch edelman, Simon ende Matthaeus	Dutch	Certain
2129	Jaromirus getrauw aen sijnen broeder Udalricus	Dutch	Certain
2130	Menaechmi Plautina contracta	Latin	Certain
2131	Tijpus veri Amoris sive Gualbertus de vindicta subactâ Triumphans	Latin	Certain
2132	Trebellius rex Bulgarorum	Latin	Certain
2133	Mauritius imperator	Latin	Uncertain
2134	Convivium philosophicum	Latin	Certain
2135	Conradinus	Latin	Uncertain
2136	Bertúlphús	Latin	Certain
2137	Gloriosa e regno fuga in Alexandri Scotiae regis liberis	Latin	Certain
2138	David profugus et restitutus	Latin	Certain
2139	[Sebastianus] Aen den hoogweirdigsten Heer Petrus Govarts	Dutch	Uncertain
2140	David poenitens	Latin	Certain
2141	Ride, sed quem, vide	Latin	Uncertain
2142	Julius Caesar	Dutch	Certain
4227	Agon rex Banthami	Latin	Certain
2143	Baptistes	Latin	Certain
2144	Dyscoli	Latin	Certain
2145	Thamara	Latin	Certain
2146	Haema-Christias, van het H. Bloet ons Heeren Iesv Christi	Dutch	Certain
2146	Haema-Christias	Latin	Certain
2146	Haema-Christias	French	Certain
2147	Tobaeus	Latin	Certain
2148	Theophilus	Latin	Certain
2149	Legio Thebaea	Latin	Certain
2150	Tobaeus	Latin	Certain
2151	Ieroboam	Latin	Uncertain
2152	Domus evangelici patris familias	Latin	Certain
2153	Lucta carnis et spiritus in S. Augustini conversione	Latin	Certain
2154	B. Mariae Magdalenae erotici threni	Latin	Certain
2155	Martyrium Antiocheni	Latin	Certain
2156	Alfredus	Latin	Certain
2157	Grisellis	Latin	Certain
2158	B. Nicolai Maraei liberalis animus	Latin	Certain
2159	Absalonis moesta catastrophe	Latin	Certain
2160	Conjugium B. Madelgarii cum B. Waldetrude	Latin	Certain
2161	Drama jambicum de paenitentia Theophili	Latin	Certain
2162	S. Procopii conversio	Latin	Certain
2163	Scientissimi custodis gubernatorisque reipublicae perpendiculum	Latin	Certain
2164	Ulyssias	Latin	Certain
2165	Thomas Morvs.	Latin	Certain
2166	Gloria posthuma virtutum Albertus	Latin	Certain
2167	Honnevr, indvstrie, et travail excitent les hommes a inventer et exercer des arts	French	Certain
2168	Actio declamatoria	Latin	Uncertain
2169	Norbert	French	Certain
2170	Alfredus	Latin	Certain
2171	Reparatus	Latin	Certain
2172	Nicephorus ende Sapricius	Dutch	Certain
2173	D. Servatii Tungrensium, Trajectensiumque episcopi electio	Latin	Certain
2174	Le martyr de Theodore general d'arme'e de l'emperevr Licine= & gouuerneur D'heraclée.	French	Uncertain
2175	Occasio arrepta neglecta, Huius commoda, illius incommoda	Latin	Certain
2176	S. Stanislavs Cracoviensis episcopvs et martyr	Latin	Certain
2177	Lidericus sive justicia incorrupta	Latin	Certain
2178	Nabvchodonosor	French	Certain
2179	Phoenissae	Latin	Certain
2180	Dido	Latin	Certain
2181	Manasses Coninck van het Ioodsche landt	Dutch	Certain
2182	Manasses pii Ezeciae filius	Latin	Certain
2183	Theophilvs	Latin	Certain
2184	D. Antonius magnus eremi cultor	Latin	Certain
2185	Nabuchodonosor Coninck van Babylonien	Dutch	Certain
2186	Salomon van synen vader ghestelt in het riick	Dutch	Uncertain
2187	Sedecias	Latin	Uncertain
2188	Theodoricus Coninck van Italien	Dutch	Certain
2189	Sapricio-Nicephorus	Latin	Uncertain
2190	Alexander et Mechtildis regis Scotorum liberi	Latin	Certain
2191	Allegoria pastoritia	Latin	Certain
2192	De blyde inkomste van syne conincklycke hoogheydt den cardinael Ferdinandvs infante van Spaignien=	Dutch	Certain
2193	Gloria S. Benedicti Montes Sacri Cassinus, Serratus, Blandinius	Latin	Certain
2194	Hesione Belgica	Latin	Certain
2195	Ioannes Angliae rex	Latin	Certain
2196	Terballvs	Latin	Certain
2197	Adolescens ad meliorem frugem conversus vi Dominicae passionis	Latin	Certain
2198	Mauritius	Latin	Certain
2199	Sebastianus rex Monomotapae	Latin	Certain
2200	Diogenes den Philosooph	Dutch	Certain
2201	Manasses	Latin	Certain
2202	Philargyrus amentiae humanae exemplum	Latin	Certain
2203	Hecastus	Latin	Certain
2204	Regnvm deo rebellem respuit, subditum asciscit in Savle ac Davide	Latin	Certain
2205	Septenarivs Brvxellae in septimontio romano illustratus et patriae svae	Latin	Certain
2206	Trebellivs roy de Bvlgarie	French	Uncertain
2207	Drama comicum amputandum putabam	Latin	Certain
2208	Conversio S. Augustini	Latin	Certain
2209	Ioannes Calybita	Dutch	Certain
2210	Sedecias	Latin	Certain
2211	Tragi-comoedia s. Wernervs martyr	Latin	Certain
2212	Voluptas somnium	Latin	Certain
2213	Kennethus	Dutch	Certain
2214	Arsaces Armeniae rex	Latin	Certain
2215	Drama s. Theodorvs martyr	Latin	Certain
2216	Humfredus	Latin	Uncertain
2217	Innocentiae convivium	Latin	Certain
2218	Recta edvcatio	Latin	Certain
2219	Landelinus	Latin	Certain
2220	Clvchtigh ende iammerlyck eynde van kermissen ende maeltyden	Dutch	Certain
2221	Fratrum discordia felix sive Stanislaus fuga victor	Latin	Certain
2222	Ludi seculares	Latin	Certain
2223	Lvdvs saecvlaris de ortv et progressv Societatis Iesv	Latin	Certain
2224	Sangvis sangvinem	Latin	Certain
2225	Zeno Imperator	Latin	Certain
2226	Alfredus	Latin	Certain
2227	Den heylighen Sigismvndvs coningh van Burgundien	Dutch	Uncertain
2228	Mors	Latin	Certain
2229	Reparatus	Latin	Certain
2230	Stavrostrophvs door de vreese te vergeefs bevochten door de goddelycke liefde over-wonnen	Dutch	Uncertain
2231	Ioannes Angliae rex	Latin	Certain
2232	Rarvm christianae pavpertatis docvmentvm in Chrysomiso	Latin	Certain
2233	Louys le Debonnaire Empereur débouté de son throsne et restably	French	Certain
2234	Verheffinghe van t’ H. Cruys door Heraclius verwinder van Cosrhoes	Dutch	Certain
2235	Amicitia in Phaedro & Charino	Latin	Certain
2236	Amicorum omnia communia	Latin	Certain
2237	Menecrates	Latin	Certain
2238	Grisellis	Latin	Certain
2239	Godtvruchtigh ende vermaeckelick bedrogh: Ioannes Calybita	Dutch	Certain
2240	Joas coninck van Juda	Dutch	Certain
2241	Zeno	Latin	Certain
2242	Petriscus	Latin	Certain
2243	D. Ioannis Chrysostomi gloriosa reductio	Latin	Certain
2244	Interludium conviviale domino D. Crueseno episcopo	Latin	Certain
2245	Regis regum unigenitus Christvs patiens pro Philota servulo	Latin	Uncertain
2246	Manasses rex Juda	Latin	Certain
2247	Amicitia foedere sancita duris rebus probata	Latin	Certain
2248	Bermhertige straffe Godts aenden Keyser Tiberius Mauritius	Dutch	Certain
2249	Evlogivs	Latin	Certain
2250	Joseph Patri redditus	Latin	Certain
2251	Alexander et Mechtildis regis Scotorum liberi	Latin	Certain
2252	Josue dux Israel	Latin	Certain
2253	Hermenigildus Hispaniae princeps martyr Leovigildi regis filius	Latin	Certain
2254	Justum Dei judicium, seu Mauritius Orientis Imperator	Latin	Certain
2255	Justum Dei judicium in Sancto puero Ephraem admirandum	Latin	Certain
2256	Nederlandt door oorlogh verdruckt, verbeeldt door Mathatias en Judas	Dutch	Certain
2257	Avaritia punita, seu Mauritius orientis imperator	Latin	Certain
2258	Den ghestraften Saul	Dutch	Certain
2259	Inimicitiae fructus S. Nicephoro remittenti, Sapricio retinenti	Latin	Certain
2260	Lex divina sub Antiocho patiens: in Eleazaro et vii Machabaeis	Latin	Certain
2261	Impietatis Talio, sive Polyphontes patris ac filiorum interfector	Latin	Certain
2262	Mauritius orientis imperator	Latin	Certain
2263	Mauritivs romanorvm jmperator metvens	Latin	Certain
2264	Joseph a fratribus venditus, Aegypti Dominus a fratribus et patre agnitus	Latin	Certain
2265	Mardochée enlevé par les adversités, triomphe de l’arrogant Aman	French	Certain
2266	Versa est in luctum cythara mea	Latin	Certain
2267	Hecastus	Latin	Certain
2268	B. Macarius sive Hayto ex rege Armeniae canonicus	Latin	Certain
2269	Victoria martyrum de ferocia tyrannorum in Procopio et Theodosia	Latin	Uncertain
2270	Aman et Mardochaeus	Latin	Certain
2271	Manasses filius Ezeciae	Latin	Certain
2272	Wambanus gloriosè adeptus regnum gloriosius abdicans	Latin	Certain
2273	Verus et sincerus amor Davidis et Jonathae	Latin	Certain
2274	Verus et sincerus amor Davidis et Jonathae	Latin	Certain
2275	Sancto Patri lumen oculorum per Jesum restitutum	Latin	Certain
2276	Hooftbaringhe oste gheboorte van de goddine Pallas uyt de Herssene van Jupiter	Dutch	Certain
2277	Jhs Mra Jph Falco	Latin	Uncertain
2278	Dei Matris in Philo Simonis benignitas	Latin	Certain
2279	Euclio	Latin	Uncertain
2280	Invicta S. Adriani et nataliæ Constantia	Latin	Certain
2281	Vinctus	Latin	Certain
2282	Tobaeus	Latin	Certain
2283	De Menaechmi	Latin	Certain
2284	Glorieuse doodt van Adrianus onder Maximianus	Latin	Certain
2285	Ludus	Latin	Uncertain
2286	Sanctus puer Jesus singulari crucis amore ardens	Latin	Uncertain
2287	Lucifer – Cain – Abel	Latin	Uncertain
2288	Curculio rusticus	Latin	Certain
2289	Amicitia vera jn duobus Mercatoribus Europeo et Jndo	Latin	Certain
2290	Constantia in Eleazaro, in Machabaeis fratribus, in Salomona	Latin	Uncertain
2291	Pompei Magni de grandi fortuna catastrophe	Latin	Certain
2292	Illustri Japonum familia Thomas a Justina Coniuges pro Christo	Latin	Uncertain
2293	Sancti Adriani in fide Constantia	Latin	Uncertain
2294	Amantium fides exhibebitur in Niso et Eurijalo	Latin	Uncertain
2295	Innocentia puerilis Beatissime virgini ad modum grata	Latin	Uncertain
2296	Jnvicta Alphonsi Cartheiae praefecti in Regem fides	Latin	Uncertain
2297	Sancta Romana et Apostolica Ecclesia	Latin	Certain
2298	Treurspel in Ursicus	Dutch	Uncertain
2299	Vita aduersis emendata in Manasse Judæa Rege	Latin	Uncertain
2300	Ganda ethnica, catholica, Hispanica	Latin	Certain
2301	Amor in parentem in tribus Japoniæ fratribus	Latin	Certain
2302	Divae Theresae martyrium expetentis amor et puerilis innocentia	Latin	Uncertain
2303	Salutaris mortis et judicij recordatio in Saladino et Simbaldo	Latin	Certain
2304	Christus Patiens pro Philota mortis reo, ex Bernardi apologo	Latin	Certain
2305	Filiorum infelix in parento rebellio exhibebitur in Jarba Persa	Latin	Certain
2306	Mtr Curtius Liefhebbers des vaderlant afbeelsel van Jesus Christus	Dutch	Uncertain
2307	Saul et David	Latin	Certain
2308	Controversia inter diem en noctem	Latin	Certain
2309	Innocentia puerilis in Puero Spirensi convivium referente	Latin	Certain
2310	Jonas Propheta, ceu Justitia Divina misericorditer puniens	Latin	Certain
2311	S. Stephanus per Deiparam primus Hungariae rex	Latin	Certain
2312	Figura et Veritas	Latin	Certain
2313	Amarum amare	Latin	Certain
2314	Campana Arragonica, seu Petrus	Latin	Certain
2315	Eduardus et Elfreda	Latin	Certain
2316	Curtius amans patriæ Christus amans naturæ humanæ	Latin	Certain
2317	Jonathas	Latin	Certain
2318	Laus Deo semper pecuniæ obediunt omnia, sive Plutus	Latin	Certain
2319	Ortus in occasu	Latin	Certain
2320	Sancti Landelini infelix fuga felicior reditus	Latin	Uncertain
2321	Singularis in P: V: Pietas in Thestili	Latin	Uncertain
2322	Joseph Aegijpti prorex	Latin	Certain
2323	Joseph van syne broeders ghekent	Dutch	Uncertain
2324	Solijmannus	Dutch	Certain
2325	Treur-tonneel der liefde, ende droefheydt, van den lydenden ende stervenden Jesus	Dutch	Uncertain
2326	Joseph venditus	Latin	Certain
2327	Solijmús inocens parricida et nocens parriidij vindex	Latin	Certain
2328	Stupenda	Latin	Uncertain
2329	Gloriosa e regno fuga in Alexandri Scotiae regis liberis	Latin	Certain
2330	Victrix innocentia in Leone orientis imperatore	Latin	Uncertain
2331	Fraterna charitas martijrii palma coronata in Justino	Latin	Certain
2332	Triumphus verae amititiae inter Nicomachum et Emilianum	Latin	Certain
2333	Asmodaeus veritati inimicus exhibebitur in Menedemo	Latin	Uncertain
2334	Baltassar	Latin	Certain
2335	De onnooselheyt van Hermenigildus	Dutch	Certain
2336	De stantvastighijt in het Christen geloof	Dutch	Certain
2337	Isaacus Christi Patientis tijpus	Latin	Uncertain
2338	Joseph a fratribus venditus	Latin	Certain
2339	Justus Ucondonus sive invicta in fide constantia	Latin	Uncertain
2340	Landelinus	Latin	Uncertain
2341	Leo Orientis imperator	Latin	Uncertain
2342	Ludus divinae providentiae	Latin	Uncertain
2343	Marcii Coriolani pietas in matrem	Latin	Certain
2344	Pueri duo Lusitani cum praeceptore a Jesu invitati	Latin	Certain
2345	Theophili mira per beatam Virginem	Latin	Uncertain
2346	Thijestes	Latin	Certain
2347	Caecus a nativitate a Christo visu donatus	Latin	Certain
2348	Caecus á nativitate â Christo visu donatus	Latin	Certain
2349	Alexander et Aristubulus	Latin	Certain
2350	Arminius, Germaniae vindex, primus Augusti Caesaris victor	Latin	Certain
2351	Boëtius	Dutch	Certain
2352	De jonckheijt door den boosen gheest verdruckt	Dutch	Certain
2353	Diederick	Dutch	Uncertain
2354	Ergasilus ervaeren gaudief	Dutch	Uncertain
2355	Groote vrúcht vande Christelijcke leeringhe	Dutch	Certain
2356	Hermenegildus verae fidei defensor	Latin	Certain
2357	Ionathas	Latin	Certain
2358	Iustus Ucondonus Japon	Latin	Certain
2359	Mauritius orientis imperator	Latin	Certain
2360	Otto, Derden Keyser van dien naeme	Dutch	Uncertain
2361	Pamphilus	Latin	Uncertain
2362	Patrocinium	Latin	Certain
2363	Triumph der waerheydt	Dutch	Uncertain
2364	Triumphantelycken jubilé	Dutch	Uncertain
2365	Tweedracht	Dutch	Certain
2366	Tweedracht tussen de andere wetenschappen ende Christelycke Leere	Dutch	Certain
2367	Constans Pythiae et Damonis Amor	Latin	Certain
2368	Solymus	Latin	Certain
2369	Vlúchte der weirelt inden H. Petrus de Morono	Dutch	Certain
2370	Wambanus	Latin	Uncertain
2371	Carolus den Grooten. Keyser ende coninck van Vranckryck	Dutch	Certain
2371	Charle-Magne. Empereur et roy de France	French	Certain
2372	Iperúncús	Dutch	Uncertain
2373	Arcus	Latin	Uncertain
2374	Athalia	Latin	Certain
2375	Blanda patrúm segnes facit indúlgentia natos. horatiús	Latin	Certain
2376	Daniel	Latin	Certain
2377	Darius a suis crudeliter occisus	Latin	Certain
