id	origin	earliest	latest	form	form_type	is_anonymous	genre	subgenre	has_dramaweb_scan	has_dramaweb_transcription	ceneton_scan	ceneton_transcription	external_scan	external_transcription	fingerprint	literature	remarks	link_ub_antwerp	link_kbb	link_ub_gent	link_bnf	link_kb	link_google	link_bll
150	M129	1563-01-01	1563-12-31	Reprint	Full edition	f			t	t				f	156008 - a1 A2 et$frate : a2 B2 nterci - b1 B3 $regi - b2 H5 ibus$									
151	M57	1540-01-01	1540-12-31	Reprint	Full edition	f			f	f	https://www.let.leidenuniv.nl/Dutch/Ceneton/Facsimiles/ZovitiusDidascalus1540		http://books.google.nl/books?id=uwcUAAAAQAAJ&printsec=frontcover&dq=inauthor:%22Jacobus+Zovitius%22&hl=nl&sa=X&ei=ELrgUOfaLaSe0QWX84HIBA&redir_esc=y#v=onepage&q&f=false	f	000008 - a1 A.ii. me$b : a2 A.iii. o$ - b1 B A.iiii. dum$i : b2 C.iii. s$con									
152	M168	1592-01-01	1592-12-31	Reprint	Full edition	f	Comedy	Sacred comedy	f	f				f	159208 - a1 A2 er$ : a2 P5 ,$ - b1 Q mus : b2 T2 onia - c1 T3 holast : c2 Hh5 re$vetern									
153	M169	1592-01-01	1592-12-31	First Printing	Full edition	f	Comedy	Sacred comedy	f	f				f	159208 - a1 A2 er$ : a2 T2 onia - b1 T3 holast : b2 Y5 ccurr - c1 Z p : c2 Hh5 re$vetern									
154	M170	1592-01-01	1592-12-31	Reprint	Full edition	f	Comedy		f	f				f	159208 - a1 A2 er$ : a2 M I - b1 M2 eat$m : b2 P5 .$ - c1 Q mus : c2 Hh5 re$vetern									
155	M171	1592-01-01	1592-12-31	Reprint	Full edition	f	Comedy	Sacred comedy	f	f				f	159208 - a1 A2 er$ : a2 E3 aud - b1 E4 bus : b2 H3 ndae$ - c1 H4 ribus : c2 Hh5 re$vetern									
156	M172	1592-01-01	1592-12-31	First Printing	Full edition	f	Comedy	Farce	f	f				f	159208 - a1 A2 er$ - b1 Z p : b2 Bb3 talibus - c2 Hh5 re$vetern									
157	M173	1592-01-01	1592-12-31	First Printing	Full edition	f	Comedy	Sacred comedy	f	f				f	159208 - a1 A2 er$ : a2 H3 ndae$ - b1 H4 ribus : b2 M I - c1 M2 eat$m c2 Hh5 re$vetern									
158	M174	1592-01-01	1592-12-31	Reprint	Full edition	f	Comedy	Sacred comedy	f	f	https://www.let.leidenuniv.nl/Dutch/Ceneton/Facsimiles/SchonaeusTobaeus1591			f	159208 - a1 A2 er$ : a2 Aiij dis$A - b1 A4 s$ra : b2 E3 aud - c1 E4 bus : c2 2H5 re$vetern									
159	M218	1601-01-01	1601-12-31	First Printing	Full edition	f	Tragedy		t	t	https://www.let.leidenuniv.nl/Dutch/Ceneton/Facsimiles/GrotiusAdamusExul1601	https://www.let.leidenuniv.nl/Dutch/Ceneton/GrotiusAdamusExul1601.html	http://books.google.be/books?id=pRY_AAAAcAAJ&printsec=frontcover&hl=nl&source=gbs_ge_summary_r&cad=0#v=onepage&q&f=false	f	160104 - a1 Aij q$e : a2 B an - b1 Bij $ : b2 Lij oni,$ - c1 a us : c2 gij ile$f									
160	M1504	1730-01-01	1730-12-31	Synopsis (printed)	Synopsis	f	Comedy		f	f				f	4									
161	M1505	1730-01-01	1730-12-31	Synopsis (printed)	Synopsis	f	Tragedy		f	f				f	4									
162	M272	1615-01-01	1615-12-31	First Printing	Full edition	f	Tragedy		t	t			https://api.digitale-sammlungen.de/iiif/presentation/v2/bsb11220009/manifest	f										
163	M2131	1515-01-01	1525-12-31	First Printing	Full edition	f			f	f				f	000004 - b1 Aij mum : b2 Bij $									
164	M7	1520-01-01	1520-12-31	First Printing	Full edition	f			f	f				f	000004 - b1 Aij cia : b2 Biij e.									
165	M1770	1744-01-01	1744-12-31	Synopsis (printed)	Synopsis	f	Comedy		f	f				f		Goran Proot, 'Het toneel van de Antwerpse Augustijnen (1671-1783)' in: De Gulden Passer. Jaargang 76-77 (1998-1999), p. 183-194, via: https://www.dbnl.org/tekst/_gul005199801_01/_gul005199801_01_0008.php								
166	M1771	1744-01-01	1744-12-31	Synopsis (printed)	Synopsis	f	Comedy		f	f				f										
167	M1774	1744-01-01	1744-12-31	Synopsis (printed)	Synopsis	f	Tragicomedy		f	f				f		Goran Proot, 'Het toneel van de Antwerpse Augustijnen (1671-1783)' in: De Gulden Passer. Jaargang 76-77 (1998-1999), p. 183-194, via: https://www.dbnl.org/tekst/_gul005199801_01/_gul005199801_01_0008.php								
168	M1778	1744-01-01	1744-12-31	Synopsis (printed)	Synopsis	f	Comical tragedy		f	f				f		Goran Proot, 'Het toneel van de Antwerpse Augustijnen (1671-1783)' in: De Gulden Passer. Jaargang 76-77 (1998-1999), p. 183-194, via: https://www.dbnl.org/tekst/_gul005199801_01/_gul005199801_01_0008.php								
169	M1780	1744-01-01	1744-12-31	Synopsis (printed)	Synopsis	f			f	f				f					https://opac.kbr.be/LIBRARY/doc/SYRACUSE/18400950 					
170	M1823	1749-01-01	1749-12-31	Mention	Fragment	f	Comedy		f	f	https://www.let.leidenuniv.nl/Dutch/Ceneton/Facsimiles/SJSalomonMechelen1749	https://www.let.leidenuniv.nl/Dutch/Ceneton/SJSalomonMechelen1749.html		f		Goran Proot, Spectacula Iesuitica Belgica Antiqua (SIBA). Pars I: Provincia Flandro-Belgica (Antwerpen, 2008), p. 1-836								
171	M1833	1749-01-01	1749-12-31	Synopsis (printed)	Synopsis	f			f	f	https://www.let.leidenuniv.nl/Dutch/Ceneton/Facsimiles/SJSalomonMechelen1749	https://www.let.leidenuniv.nl/Dutch/Ceneton/SJSalomonMechelen1749.html		f		Goran Proot, Spectacula Iesuitica Belgica Antiqua (SIBA). Pars I: Provincia Flandro-Belgica (Antwerpen, 2008), p. 1-836								
172	M1904	1756-01-01	1756-12-31	Mention	Fragment	f	Comedy	Farce	f	f	https://www.let.leidenuniv.nl/Dutch/Ceneton/Facsimiles/SJSalomonaAntwerpen1756	https://www.let.leidenuniv.nl/Dutch/Ceneton/SJSalomonaAntwerpen1756.html	http://anet.ua.ac.be/desktop/anet/core/index.phtml?language=&euser=&session=&service=opacua&robot=&deskservice=desktop&desktop=anet&workstation=&extra=	f		Goran Proot, Spectacula Iesuitica Belgica Antiqua (SIBA). Pars I: Provincia Flandro-Belgica (Antwerpen, 2008), p. 1-836								
173	M1909	1756-01-01	1756-12-31	Synopsis (printed)	Synopsis	f	Tragedy		f	f	https://www.let.leidenuniv.nl/Dutch/Ceneton/Facsimiles/SJSalomonaAntwerpen1756	https://www.let.leidenuniv.nl/Dutch/Ceneton/SJSalomonaAntwerpen1756.html	http://anet.ua.ac.be/desktop/anet/core/index.phtml?language=&euser=&session=&service=opacua&robot=&deskservice=desktop&desktop=anet&workstation=&extra=	f		Goran Proot, Spectacula Iesuitica Belgica Antiqua (SIBA). Pars I: Provincia Flandro-Belgica (Antwerpen, 2008), p. 1-836								
174	M642	1656-01-01	1656-12-31	Synopsis (printed)	Synopsis	f			f	f	https://www.let.leidenuniv.nl/Dutch/Ceneton/Facsimiles/SJSapriciusBrugge1656	https://www.let.leidenuniv.nl/Dutch/Ceneton/SJSapriciusBrugge1656.html		f										
175	M779	1671-01-01	1671-12-31	Synopsis (printed)	Synopsis	f			f	f			http://books.google.nl/books?id=DwgUAAAAQAAJ&printsec=frontcover&hl=nl#v=onepage&q&f=false	f										
176	M41	1539-01-01	1539-12-31	Reprint	Full edition	f	Comedy	Sacred comedy	f	f				f	153908 - a1 A2 $q$dif : a2 A3 inis$ - b1 A4 æterum : b2 D4 S.$ - c1 D5 ;$lacert									
177	M219	1602-01-01	1602-12-31	First Printing	Full edition	f	Tragedy		t	t		https://www.let.leidenuniv.nl/Dutch/Ceneton/HeinsiusAuriacus1602.html	https://books.google.nl/books?id=Ki08oXL_3S4C&printsec=frontcover&hl=nl&source=gbs_ge_summary_r&cad=0#v=onepage&q&f=false	f	160204 - a1 A5 [=A3] ba : b2 D2 $ius - b1 A dus$i : b2 L3 uine - c1 M2 ent - c2 S2 tr									
178	M284	1617-01-01	1617-12-31	Reprint	Full edition	f	Tragedy		f	f				f	161708 - a1 Gg AT - b1 Gg2 noscor$ : b2 Kk3 IS.									
179	M333	1625-01-01	1625-12-31	Reprint	Full edition	f	Tragedy		f	f				f	162524 - a1 *2 qu : a2 D5 ELE - b1 E co : b2 F mn - c1 F3 $mox$ : c2 I4 s$ta									
180	M334	1625-01-01	1625-12-31	Reprint	Full edition	f	Tragedy		f	f				f	162524 - a1 F3 $mox$ - b1 F4 nis$ : b2 G6 $Qui - c1 H o : c2 I4 s$ta									
181	M1019	1703-01-01	1703-12-31	Synopsis (printed)	Synopsis	f	Tragedy		f	f				f		Goran Proot, Spectacula Iesuitica Belgica Antiqua (SIBA). Pars I: Provincia Flandro-Belgica (Antwerpen, 2008), p. 1-836								
182	M1076	1711-01-01	1711-12-31	Synopsis (printed)	Synopsis	f			f	f				f					https://opac.kbr.be/LIBRARY/doc/SYRACUSE/18400064					
183	M1110	1715-01-01	1715-12-31	Synopsis (printed)	Synopsis	f			f	f				f					https://opac.kbr.be/LIBRARY/doc/SYRACUSE/18400104					
184	M1111	1715-01-01	1715-12-31	Synopsis (printed)	Synopsis	f			f	f				f					https://opac.kbr.be/LIBRARY/doc/SYRACUSE/18400265					
185	M2237	1691-01-01	1715-12-31	Synopsis (printed)	Synopsis	f			f	f				f					https://opac.kbr.be/LIBRARY/doc/SYRACUSE/18402716					
186	M2238	1691-01-01	1715-12-31	Synopsis (printed)	Synopsis	f			f	f				f					https://opac.kbr.be/LIBRARY/doc/SYRACUSE/18402741 					
277	M450	1636-01-01	1636-12-31	Synopsis (printed)	Synopsis	f			f	f				f	4									
187	M905	1695-01-01	1695-12-31	Synopsis (printed)	Synopsis	f			f	f				f		Goran Proot, Spectacula Iesuitica Belgica Antiqua (SIBA). Pars I: Provincia Flandro-Belgica (Antwerpen, 2008), p. 1-836								
188	M912	1697-01-01	1697-12-31	Synopsis (printed)	Synopsis	f			f	f				f	4	Goran Proot, Spectacula Iesuitica Belgica Antiqua (SIBA). Pars I: Provincia Flandro-Belgica (Antwerpen, 2008), p. 1-836								
189	M917	1697-01-01	1697-12-31	Synopsis (printed)	Synopsis	f			f	f				f	4									
190	M1418	1728-01-01	1728-12-31	Synopsis (printed)	Synopsis	f			f	f				f										
191	M1438	1729-01-01	1729-12-31	Synopsis (printed)	Synopsis	f	Comedy		f	f			http://anet.ua.ac.be/desktop/anet/core/index.phtml?language=&euser=&session=&service=opacua&robot=&deskservice=desktop&desktop=anet&workstation=&extra=	f				https://anet.be/record/opacuantwerpen/c:lvd:14023730/N						
192	M1464	1729-01-01	1729-12-31	Synopsis (printed)	Synopsis	f			f	f			http://anet.ua.ac.be/desktop/anet/core/index.phtml?language=&euser=&session=&service=opacua&robot=&deskservice=desktop&desktop=anet&workstation=&extra=	f				https://anet.be/record/opacuantwerpen/c:lvd:14052660/N						
193	M1479	1730-01-01	1730-12-31	Synopsis (printed)	Synopsis	f	Tragedy		f	f	https://www.let.leidenuniv.nl/Dutch/Ceneton/Facsimiles/SJAthaliaKortrijk1730			f	2	Goran Proot, Spectacula Iesuitica Belgica Antiqua (SIBA). Pars I: Provincia Flandro-Belgica (Antwerpen, 2008), p. 1-836								
194	M1480	1730-01-01	1730-12-31	Synopsis (printed)	Synopsis	f	Comedy		f	f				f	2	Goran Proot, Spectacula Iesuitica Belgica Antiqua (SIBA). Pars I: Provincia Flandro-Belgica (Antwerpen, 2008), p. 1-836								
195	M1501	1730-01-01	1730-12-31	Synopsis (printed)	Synopsis	f	Comical tragedy		f	f			http://anet.ua.ac.be/desktop/anet/core/index.phtml?language=&euser=&session=&service=opacua&robot=&deskservice=desktop&desktop=anet&workstation=&extra=	f										
196	M1512	1730-01-01	1730-12-31	Synopsis (printed)	Synopsis	f			f	f				f										
197	M1527	1730-01-01	1730-12-31	Synopsis (printed)	Synopsis	f			f	f			http://anet.ua.ac.be/desktop/anet/core/index.phtml?language=&euser=&session=&service=opacua&robot=&deskservice=desktop&desktop=anet&workstation=&extra=	f										
198	M1554	1731-01-01	1731-12-31	Synopsis (printed)	Synopsis	f	Comedy		f	f				f										
199	M1557	1731-01-01	1731-12-31	Synopsis (printed)	Synopsis	f			f	f				f	2									
200	M1558	1731-01-01	1731-12-31	Synopsis (printed)	Synopsis	f			f	f				f	2									
201	M1560	1731-01-01	1731-12-31	Synopsis (printed)	Synopsis	f			f	f				f										
202	M1562	1731-01-01	1731-12-31	Synopsis (printed)	Synopsis	f	Tragedy		f	f				f										
203	M1576	1732-01-01	1732-12-31	Synopsis (printed)	Synopsis	f			f	f				f		Goran Proot, Spectacula Iesuitica Belgica Antiqua (SIBA). Pars I: Provincia Flandro-Belgica (Antwerpen, 2008), p. 1-836								
204	M1585	1732-01-01	1732-12-31	Synopsis (printed)	Synopsis	f	Tragedy		f	f				f	4									
205	M1604	1732-01-01	1732-12-31	Synopsis (printed)	Synopsis	f	Comedy		f	f				f		Goran Proot, Spectacula Iesuitica Belgica Antiqua (SIBA). Pars I: Provincia Flandro-Belgica (Antwerpen, 2008), p. 1-836								
206	M1634	1733-01-01	1733-12-31	Synopsis (printed)	Synopsis	f			f	f				f	000004 - 									
207	M1637	1733-01-01	1733-12-31	Synopsis (printed)	Synopsis	f			f	f				f										
208	M1660	1733-01-01	1733-12-31	Synopsis (printed)	Synopsis	f			f	f				f										
209	M1695	1737-01-01	1737-12-31	Synopsis (printed)	Synopsis	f	Tragedy		f	f				f	2									
210	M1700	1737-01-01	1737-12-31	Synopsis (printed)	Synopsis	f	Comedy		f	f				f	2									
211	M632	1654-01-01	1654-12-31	Synopsis (printed)	Synopsis	f			f	f				f							https://catalogue.bnf.fr/ark:/12148/cb38684404m			
212	M638	1655-01-01	1655-12-31	Synopsis (printed)	Synopsis	f			f	f				f	4	Goran Proot, Spectacula Iesuitica Belgica Antiqua (SIBA). Pars I: Provincia Flandro-Belgica (Antwerpen, 2008), p. 1-836								
213	M669	1658-01-01	1658-12-31	Synopsis (printed)	Synopsis	f			f	f	https://www.let.leidenuniv.nl/Dutch/Ceneton/Facsimiles/SJManassesIeper1658	https://www.let.leidenuniv.nl/Dutch/Ceneton/SJManassesIeper1658.html		f										
214	M692	1661-01-01	1661-12-31	Synopsis (printed)	Synopsis	f			f	f				f										
215	M695	1662-01-01	1662-12-31	Synopsis (printed)	Synopsis	f			f	f				f										
216	M698	1662-01-01	1662-12-31	Synopsis (printed)	Synopsis	f			f	f				f										
217	M701	1662-01-01	1662-12-31	Synopsis (printed)	Synopsis	f			f	f				f		Goran Proot, Spectacula Iesuitica Belgica Antiqua (SIBA). Pars I: Provincia Flandro-Belgica (Antwerpen, 2008), p. 1-836								
218	M730	1663-01-01	1663-12-31	Synopsis (printed)	Synopsis	f	Tragedy		f	f				f	166304	Goran Proot, Spectacula Iesuitica Belgica Antiqua (SIBA). Pars I: Provincia Flandro-Belgica (Antwerpen, 2008), p. 1-836								
219	M732	1664-01-01	1664-12-31	Synopsis (printed)	Synopsis	f			f	f				f	166404	Goran Proot, Spectacula Iesuitica Belgica Antiqua (SIBA). Pars I: Provincia Flandro-Belgica (Antwerpen, 2008), p. 1-836								
220	M736	1664-01-01	1664-12-31	Synopsis (printed)	Synopsis	f			f	f				f										
221	M742	1665-01-01	1665-12-31	Synopsis (printed)	Synopsis	f			f	f				f	166504									
222	M743	1665-01-01	1665-12-31	Synopsis (printed)	Synopsis	f			f	f				f	166504									
223	M752	1666-01-01	1666-12-31	Synopsis (printed)	Synopsis	f			f	f				f	166604	Goran Proot, Spectacula Iesuitica Belgica Antiqua (SIBA). Pars I: Provincia Flandro-Belgica (Antwerpen, 2008), p. 1-836								
224	M754	1666-01-01	1666-12-31	Synopsis (printed)	Synopsis	f	Tragedy		f	f	https://www.let.leidenuniv.nl/Dutch/Ceneton/Facsimiles/SJCasselAdonias1666			f	4									
225	M810	1678-01-01	1678-12-31	Synopsis (printed)	Synopsis	f			f	f				f										
226	M831	1680-01-01	1680-12-31	Synopsis (printed)	Synopsis	f	Tragedy		f	f				f	4	Goran Proot, Spectacula Iesuitica Belgica Antiqua (SIBA). Pars I: Provincia Flandro-Belgica (Antwerpen, 2008), p. 1-836								
227	M841	1682-01-01	1682-12-31	Synopsis (printed)	Synopsis	f			f	f				f	168208									
228	M1103	1715-01-01	1715-12-31	Synopsis (printed)	Synopsis	f			f	f			http://anet.ua.ac.be/desktop/anet/core/index.phtml?language=&euser=&session=&service=opacua&robot=&deskservice=desktop&desktop=anet&workstation=&extra=	f				https://anet.be/record/opacuantwerpen/c:lvd:14031503/N						
229	M1137	1717-01-01	1717-12-31	Synopsis (printed)	Synopsis	f	Tragedy		f	f			http://anet.ua.ac.be/desktop/anet/core/index.phtml?language=&euser=&session=&service=opacua&robot=&deskservice=desktop&desktop=anet&workstation=&extra=	f				https://anet.be/record/opacuantwerpen/c:lvd:14029061/N						
230	M1144	1718-01-01	1718-12-31	Synopsis (printed)	Synopsis	f	Tragedy		t	t			http://anet.ua.ac.be/desktop/anet/core/index.phtml?language=&euser=&session=&service=opacua&robot=&deskservice=desktop&desktop=anet&workstation=&extra=	f										
231	M1154	1718-01-01	1718-12-31	Synopsis (printed)	Synopsis	f			f	f			http://anet.ua.ac.be/desktop/anet/core/index.phtml?language=&euser=&session=&service=opacua&robot=&deskservice=desktop&desktop=anet&workstation=&extra=	f				https://anet.be/record/opacuantwerpen/c:lvd:14051212/N						
232	M1194	1721-01-01	1721-12-31	Synopsis (printed)	Synopsis	f			f	f			http://anet.ua.ac.be/desktop/anet/core/index.phtml?language=&euser=&session=&service=opacua&robot=&deskservice=desktop&desktop=anet&workstation=&extra=	f				https://anet.be/record/opacuantwerpen/c:lvd:856958/N						
233	M1212	1722-01-01	1722-12-31	Synopsis (printed)	Synopsis	f	Comedy		f	f			http://anet.ua.ac.be/desktop/anet/core/index.phtml?language=&euser=&session=&service=opacua&robot=&deskservice=desktop&desktop=anet&workstation=&extra=	f				https://anet.be/record/opacuantwerpen/c:lvd:14023792/N						
335	M275	1616-01-01	1616-12-31	Synopsis (printed)	Synopsis	f			f	f				f										
336	M293	1619-01-01	1619-12-31	Synopsis (printed)	Synopsis	f			f	f			https://reader.digitale-sammlungen.de/de/fs1/object/display/bsb10007739_00003.html	f										
234	M1291	1724-01-01	1724-12-31	Synopsis (printed)	Synopsis	f	Comedy		f	f			http://anet.ua.ac.be/desktop/anet/core/index.phtml?language=&euser=&session=&service=opacua&robot=&deskservice=desktop&desktop=anet&workstation=&extra=	f		Goran Proot, Spectacula Iesuitica Belgica Antiqua (SIBA). Pars I: Provincia Flandro-Belgica (Antwerpen, 2008), p. 1-836		https://anet.be/record/opacuantwerpen/c:lvd:14049677/N						
235	M40	1539-01-01	1539-12-31	Reprint	Full edition	f			f	f				f	153908 - b1 A3 re : b2 E4 $tua									
236	M509	1639-01-01	1639-12-31	Reprint	Full edition	f			f	f				f										
237	M482	1639-01-01	1639-12-31	Reprint	Full edition	f			f	f				f										
238	M486	1639-01-01	1639-12-31	Reprint	Full edition	f			f	f				f										
239	M501	1639-01-01	1639-12-31	Reprint	Full edition	f			f	f				f	b1 M uid : b2 O2 loqu									
240	M511	1639-01-01	1639-12-31	Reprint	Full edition	f			f	f				f	000008 - a1 G4 und - b1 G5 $no : b2 I5 s,$									
241	M512	1639-01-01	1639-12-31	Reprint	Full edition	f			f	f				f										
242	M1090	1714-01-01	1714-12-31	Synopsis (printed)	Synopsis	f			f	f				f						https://lib.ugent.be/catalog/rug01:000792831				
243	M1178	1720-01-01	1720-12-31	Synopsis (printed)	Synopsis	f	Tragedy		f	f	https://www.let.leidenuniv.nl/Dutch/Ceneton/Facsimiles/AugustijnenOrigenon1720		https://books.google.be/books?id=c_xLAAAAcAAJ&printsec=frontcover&hl=nl&source=gbs_ge_summary_r&cad=0#v=onepage&q&f=false	f										
244	M430	1634-01-01	1634-12-31	Reprint	Full edition	f	Tragedy		f	f				f	163408 - b1 L M : b2 N2 m$t									
245	M83	1544-01-01	1544-12-31	First Printing	Full edition	f			t	t		https://www.let.leidenuniv.nl/Dutch/Ceneton/GnapheusHypocrisis1544.html	https://reader.digitale-sammlungen.de/resolve/display/bsb10926445.html	f										
246	M559	1646-01-01	1646-12-31	First Printing	Full edition	f	Comedy		f	f				f	164608 - b1 O ing : b2 R6 n.									
247	M560	1646-01-01	1646-12-31	First Printing	Full edition	f	Comedy		f	f				f	164612 - a1 *2 s$Os : a2 A S$a - b1 A2 oppen : b2 D6 n$Va									
248	M561	1646-01-01	1646-12-31	First Printing	Full edition	f	Comedy		f	f				f	164608 - b1 E2 van$d : b2 I3 $ete									
249	M562	1646-01-01	1646-12-31	First Printing	Full edition	f	Comedy		f	f				f	164608 - a1 I5 $sen - b1 I6 dat : b2 N6 $en$k									
250	M563	1646-01-01	1646-12-31	First Printing	Full edition	f			f	f				f	164608 - a1 Y pu - b1 Y2 van$ : b2 Cc wete - c1 Cc2 9 : Cc4 anim									
251	M564	1646-01-01	1646-12-31	First Printing	Full edition	f	Comedy		f	f				f	164608 - b1 S ch : b2 Xl,6 $ic									
252	M582	1646-01-01	1646-12-31	Reprint	Full edition	f	Comedy		f	f				f							https://catalogue.bnf.fr/ark:/12148/cb425337199			
253	M583	1646-01-01	1646-12-31	Reprint	Full edition	f	Comedy		f	f				f	165012 - a1 A S$a : b1 A2 lopp : b2 D6 ader						https://catalogue.bnf.fr/ark:/12148/cb425337199			
254	M584	1646-01-01	1646-12-31	Reprint	Full edition	f	Comedy		f	f				f							https://catalogue.bnf.fr/ark:/12148/cb425337199			
255	M585	1646-01-01	1646-12-31	Reprint	Full edition	f	Comedy		f	f				f							https://catalogue.bnf.fr/ark:/12148/cb425337199			
256	M586	1646-01-01	1646-12-31	Reprint	Full edition	f	Comedy		f	f				f							https://catalogue.bnf.fr/ark:/12148/cb425337199			
257	M587	1646-01-01	1646-12-31	Reprint	Full edition	f	Comedy		f	f				f							https://catalogue.bnf.fr/ark:/12148/cb425337199			
258	M711	1663-01-01	1663-12-31	Reprint	Full edition	f			f	f			https://books.google.nl/books?id=1jlBAAAAcAAJ&printsec=frontcover&dq=Belgica+interpretatione&hl=nl&sa=X&ved=0ahUKEwiGoZ3W-vvJAhVDpw4KHV2gACcQ6AEIKTAC#v=onepage&q=Belgica%20interpretatione&f=false	f	166308 - b1 V g : b2 Bb4 at$ma									
259	M713	1663-01-01	1663-12-31	Reprint	Full edition	f			f	f			https://books.google.nl/books?id=1jlBAAAAcAAJ&printsec=frontcover&dq=Belgica+interpretatione&hl=nl&sa=X&ved=0ahUKEwiGoZ3W-vvJAhVDpw4KHV2gACcQ6AEIKTAC#v=onepage&q=Belgica%20interpretatione&f=false	f	166308 - a1 *2 o,$q : a2 A TU - b1 A2 $uyt : b2 F4 uldi									
260	M715	1663-01-01	1663-12-31	Reprint	Full edition	f			f	f			https://books.google.nl/books?id=1jlBAAAAcAAJ&printsec=frontcover&dq=Belgica+interpretatione&hl=nl&sa=X&ved=0ahUKEwiGoZ3W-vvJAhVDpw4KHV2gACcQ6AEIKTAC#v=onepage&q=Belgica%20interpretatione&f=false	f	166308 - a1 G a. - b1 G2 an$de : b2 N4 dien									
261	M717	1663-01-01	1663-12-31	Reprint	Full edition	f			f	f			https://books.google.nl/books?id=1jlBAAAAcAAJ&printsec=frontcover&dq=Belgica+interpretatione&hl=nl&sa=X&ved=0ahUKEwiGoZ3W-vvJAhVDpw4KHV2gACcQ6AEIKTAC#v=onepage&q=Belgica%20interpretatione&f=false	f	166308 - 									
262	M719	1663-01-01	1663-12-31	Reprint	Full edition	f	Comedy		f	f			https://books.google.nl/books?id=1jlBAAAAcAAJ&printsec=frontcover&dq=Belgica+interpretatione&hl=nl&sa=X&ved=0ahUKEwiGoZ3W-vvJAhVDpw4KHV2gACcQ6AEIKTAC#v=onepage&q=Belgica%20interpretatione&f=false	f	166308 - b1 Kk se$d : b2 Pp ND - c1 Pp2 m$ha : c1 Qq3 dè$dicta									
263	M721	1663-01-01	1663-12-31	Reprint	Full edition	f			f	f			https://books.google.nl/books?id=1jlBAAAAcAAJ&printsec=frontcover&dq=Belgica+interpretatione&hl=nl&sa=X&ved=0ahUKEwiGoZ3W-vvJAhVDpw4KHV2gACcQ6AEIKTAC#v=onepage&q=Belgica%20interpretatione&f=false	f	166308 - 									
264	M637	1655-01-01	1655-12-31	Synopsis (printed)	Synopsis	f			f	f				f		Goran Proot, Spectacula Iesuitica Belgica Antiqua (SIBA). Pars I: Provincia Flandro-Belgica (Antwerpen, 2008), p. 1-836								
265	M731	1664-01-01	1664-12-31	Synopsis (printed)	Synopsis	f			f	f	https://www.let.leidenuniv.nl/Dutch/Ceneton/Facsimiles/SJPhoebusGent1664			f										
266	M733	1664-01-01	1664-12-31	Synopsis (printed)	Synopsis	f			f	f				f		Goran Proot, Spectacula Iesuitica Belgica Antiqua (SIBA). Pars I: Provincia Flandro-Belgica (Antwerpen, 2008), p. 1-836								
267	M735	1664-01-01	1664-12-31	Synopsis (printed)	Synopsis	f			f	f				f	4									
268	M737	1664-01-01	1664-12-31	Synopsis (printed)	Synopsis	f			f	f				f										
269	M746	1665-01-01	1665-12-31	Synopsis (printed)	Synopsis	f			f	f				f										
270	M756	1666-01-01	1666-12-31	Synopsis (printed)	Synopsis	f			f	f				f	4									
271	M758	1666-01-01	1666-12-31	Synopsis (printed)	Synopsis	f			f	f				f		Goran Proot, Spectacula Iesuitica Belgica Antiqua (SIBA). Pars I: Provincia Flandro-Belgica (Antwerpen, 2008), p. 1-836								
272	M760	1666-01-01	1666-12-31	Synopsis (printed)	Synopsis	f			f	f				f	4	Goran Proot, Spectacula Iesuitica Belgica Antiqua (SIBA). Pars I: Provincia Flandro-Belgica (Antwerpen, 2008), p. 1-836								
273	M786	1672-01-01	1672-12-31	Synopsis (printed)	Synopsis	f			f	f			http://books.google.be/books?id=ScQ8AAAAcAAJ&printsec=frontcover&hl=nl&source=gbs_ge_summary_r&cad=0#v=onepage&q&f=false	f		Goran Proot, Spectacula Iesuitica Belgica Antiqua (SIBA). Pars I: Provincia Flandro-Belgica (Antwerpen, 2008), p. 1-836				https://lib.ugent.be/catalog/rug01:001305430				
274	M828	1680-01-01	1680-12-31	Synopsis (printed)	Synopsis	f			f	f				f	000004 - b1 A2 eldig	Goran Proot, Spectacula Iesuitica Belgica Antiqua (SIBA). Pars I: Provincia Flandro-Belgica (Antwerpen, 2008), p. 1-836								
275	M842	1682-01-01	1682-12-31	Fragment	Fragment	f			f	f				f		Goran Proot, Spectacula Iesuitica Belgica Antiqua (SIBA). Pars I: Provincia Flandro-Belgica (Antwerpen, 2008), p. 1-836	Koppelen op M- of E-niveau aan Ceneton045070							
276	M847	1682-01-01	1682-12-31	Synopsis (printed)	Synopsis	f			f	f			http://books.google.be/books?id=WsQ8AAAAcAAJ&printsec=frontcover&hl=nl&source=gbs_ge_summary_r&cad=0#v=onepage&q&f=false	f		Goran Proot, Spectacula Iesuitica Belgica Antiqua (SIBA). Pars I: Provincia Flandro-Belgica (Antwerpen, 2008), p. 1-836	Koppelen op M- of E-niveau aan Ceneton049320			https://lib.ugent.be/catalog/rug01:001305436			https://books.google.be/books?vid=GENT900000082120&printsec=frontcover#v=onepage&q&f=false	
278	M243	1610-01-01	1610-12-31	First Printing	Full edition	f	Tragedy		t	t			http://books.google.be/books?id=fHETAAAAQAAJ&printsec=frontcover&hl=nl&source=gbs_ge_summary_r&cad=0#v=onepage&q&f=false	f	161008 - a1 A2 urop : a2 B4 $G - b1 B3 it,$si : b2 H5 are$ne				https://opac.kbr.be/LIBRARY/doc/SYRACUSE/17210238			https://opc-kb.oclc.org/DB=1/XMLPRS=Y/PPN?PPN=266286631		
279	M299	1620-01-01	1620-12-31	Reprint	Full edition	f	Tragedy		f	f				f	162012 - b1 A o : b2 C6 e$quo									
280	M132	1564-01-01	1564-01-01		Full edition	f			t	t			https://books.google.nl/books?id=r9RJmlyPBVkC&printsec=frontcover&hl=nl&source=gbs_ge_summary_r&cad=0#v=onepage&q&f=false	f										
281	M195	1598-01-01	1598-12-31	First Printing	Full edition	f	Tragedy		t	t				f	159804 - a1 *2 Bel : a2 *3 ,$ - b1 A MP : b2 F3 irit									
282	M202	1599-01-01	1599-12-31	First Printing	Full edition	f	Tragedy		f	f				f	159908 - a1 a2 d$ab - b1 B u : b2 c4 $puer									
283	M609	1650-01-01	1650-12-31	Synopsis (printed)	Synopsis	f	Tragedy		f	f				f		Goran Proot, Spectacula Iesuitica Belgica Antiqua (SIBA). Pars I: Provincia Flandro-Belgica (Antwerpen, 2008), p. 1-836								
284	M678	1660-01-01	1660-12-31	Synopsis (printed)	Synopsis	f			f	f				f	4									
285	M526	1640-01-01	1640-12-31	Synopsis (printed)	Synopsis	f			f	f				f		Goran Proot, Spectacula Iesuitica Belgica Antiqua (SIBA). Pars I: Provincia Flandro-Belgica (Antwerpen, 2008), p. 1-836								
286	M244	1610-01-01	1610-12-31	Synopsis (printed)	Synopsis	f	Tragicomedy		f	f				f									https://books.google.nl/books?id=iOQ9AAAAcAAJ&hl=nl&pg=PP1#v=onepage&q&f=false	
287	M31	1534-01-01	1540-12-31	Reprint	Full edition	f	Comedy	Sacred comedy	f	f				f										
288	M72	1541-01-01	1541-12-31	Reprint	Full edition	f	Comedy	Sacred comedy	f	f				f										
289	M76	1542-01-01	1542-12-31	Reprint	Full edition	f	Comedy		f	f				f	154208 - a1 Aij t$poß : a2 Aiiij ne$grau - b1 B $i : b2 Eij mptè$m									
290	M624	1653-01-01	1653-12-31	Synopsis (printed)	Synopsis	f			f	f				f										
291	M141	1570-01-01	1570-12-31	First Printing	Full edition	f	Comedy	Sacred comedy	f	f	https://www.let.leidenuniv.nl/Dutch/Ceneton/Facsimiles/SchonaeusNehemias1570	https://www.let.leidenuniv.nl/Dutch/Ceneton/SchonaeusNehemias1570.html		f	157008 - b1 A2 sp : a2 A4 en, - b1 A5 oedia : b2 D4 $in$									
292	M152	1580-01-01	1580-12-31	Reprint	Full edition	f			f	f				f										
293	M153	1581-01-01	1581-12-31	Reprint	Full edition	f	Comedy		f	f				f	158108 - a1 A2 m$ : a2 A4 ssu - b1 A5 pta$ : b2 D5 bi$ar									
294	M154	1581-01-01	1581-12-31	Reprint	Full edition	f			f	f	https://www.let.leidenuniv.nl/Dutch/Ceneton/Facsimiles/SchonaeusSaulus1581			f										
295	M159	1589-01-01	1589-12-31	Reprint	Full edition	f								f										
296	M1123	1716-01-01	1716-12-31	Synopsis (printed)	Synopsis	f			f	f				f					https://opac.kbr.be/LIBRARY/doc/SYRACUSE/18400167					
297	M217	1600-01-01	1600-12-31	Reprint	Full edition	f	Tragedy		f	f				f	160008 - b1 AA2 axume$o : b2 DD5 is$									
298	M658	1657-01-01	1657-12-31	First Printing	Full edition	f			t	t		https://www.let.leidenuniv.nl/Dutch/Ceneton/EndenPhiledonius1657.html		f	165704 - a1 *2 ch$l - b1 A ra : b2 Ee od$									
299	M1160	1719-01-01	1719-12-31	Synopsis (printed)	Synopsis	f			f	f				f			Koppelen op M- of E-niveau aan Ceneton006400			https://lib.ugent.be/catalog/rug01:000792945				
300	M1161	1719-01-01	1719-12-31	Synopsis (printed)	Synopsis	f			f	f				f			Koppelen op M- of E-niveau aan Ceneton006390			https://lib.ugent.be/catalog/rug01:000792943				
301	M1408	1728-01-01	1728-12-31	Synopsis (printed)	Synopsis	f			f	f				f										
302	M1425	1728-01-01	1728-12-31	Synopsis (printed)	Synopsis	f			f	f				f										
303	M1515	1730-01-01	1730-12-31	Synopsis (printed)	Synopsis	f			f	f				f	2									
304	M1518	1730-01-01	1730-12-31	Synopsis (printed)	Synopsis	f	Comedy		f	f				f	2									
305	M270	1615-01-01	1615-12-31	First Printing	Full edition	f			t	t				f	162508 - a1 A2 .$ad - a2 A5 $pa - b1 B gn : b2 D5 agit									
306	M279	1617-01-01	1617-12-31	First Printing	Full edition	f			t	t			http://books.google.be/books?id=xLATAAAAQAAJ&printsec=frontcover&hl=nl&source=gbs_ge_summary_r&cad=0#v=onepage&q&f=false	f										
307	M329	1624-01-01	1624-12-31	First Printing	Full edition	f	Tragedy		f	f				f										
308	M381	1631-01-01	1631-12-31	Reprint	Full edition	f			f	f				f										
309	M382	1631-01-01	1631-12-31	Reprint	Full edition	f			f	f				f										
310	M386	1631-01-01	1631-12-31	First Printing	Full edition	f			f	f				f										
311	M387	1631-01-01	1631-12-31	Reprint	Full edition	f			f	f				f										
312	M388	1631-01-01	1631-12-31	Reprint	Full edition	f	Tragedy		f	f	https://www.let.leidenuniv.nl/Dutch/Ceneton/Facsimiles/VernulaeusHenricusVIII1631			f										
313	M389	1631-01-01	1631-12-31	First Printing	Full edition	f			f	f				f										
314	M394	1631-01-01	1631-12-31	Reprint	Full edition	f	Tragedy		f	f				f										
315	M396	1631-01-01	1631-12-31	First Printing	Full edition	f			f	f				f										
316	M397	1631-01-01	1631-12-31	First Printing	Full edition	f			f	f				f										
317	M398	1631-01-01	1631-12-31	First Printing	Full edition	f			f	f				f										
318	M399	1631-01-01	1631-12-31	First Printing	Full edition	f			f	f				f										
319	M242	1610-01-01	1610-12-31	First Printing	Full edition	f			t	t				f										
320	M95	1549-01-01	1549-12-31	First Printing	Full edition	f			t	t			https://books.google.nl/books?id=i28TAAAAQAAJ&printsec=frontcover&dq=eutrachelus&hl=nl&sa=X&ved=0ahUKEwiYnsnRvoPKAhXCgQ8KHS7VAsEQ6AEIJTAB#v=onepage&q=eutrachelus&f=false	f										
321	M554	1645-01-01	1645-12-31	Reprint	Full edition	f			f	f			https://books.google.nl/books?id=El8kPQOkSDgC&pg=PA7&dq=Rodericus+fatalis&hl=nl&sa=X&ved=0ahUKEwi2_7OT3KbnAhXSalAKHd95BDAQ6AEIKjAA#v=onepage&q=Rodericus%20fatalis&f=false	f										
322	M557	1645-01-01	1645-12-31	Reprint	Full edition	f			f	f			https://books.google.nl/books?id=El8kPQOkSDgC&pg=PA7&lpg=PA7&dq=Rodericus+fatalis&source=bl&ots=l8jhdoVrQr&sig=ACfU3U16Uw8tcCzozJ8hOZd9qIQeyCtgIw&hl=nl&sa=X&ved=2ahUKEwikzoP8yofiAhXFZVAKHQ9ODCEQ6AEwBnoECAMQAQ#v=onepage&q=Rodericus%20fatalis&f=false	f										
323	M133	1564-01-01	1564-12-31	Reprint	Full edition	f			f	f				f										
324	M688	1661-01-01	1661-12-31	First Printing	Full edition	f			f	f		https://www.let.leidenuniv.nl/Dutch/Ceneton/Canisius.html		f	166108 - a1 * i - b1 A RA : b2 R es									
325	M689	1661-01-01	1661-12-31	First Printing	Full edition	f			f	f				f	166108 - a1 C C$ - b1 Cij $Vir : b2 C4 $hoc									
326	M136	1567-01-01	1567-12-31	Reprint	Full edition	f			f	f				f										
327	M1114	1716-01-01	1716-12-31	Synopsis (printed)	Synopsis	f			f	f			http://books.google.be/books?id=nlFbAAAAQAAJ&printsec=frontcover&hl=nl&source=gbs_ge_summary_r&cad=0#v=onepage&q&f=false	f										
328	M1369	1726-01-01	1726-12-31	Synopsis (printed)	Synopsis	f			f	f			http://books.google.be/books?id=oFFbAAAAQAAJ&printsec=frontcover&hl=nl&source=gbs_ge_summary_r&cad=0#v=onepage&q&f=false	f										
329	M1397	1727-01-01	1727-12-31	Synopsis (printed)	Synopsis	f			f	f				f										
330	M2247	1735-01-01	1745-12-31	Reprint	Full edition	f			f	f				f										
331	M755	1666-01-01	1666-12-31	Synopsis (printed)	Synopsis	f			f	f				f	4									
332	M757	1666-01-01	1666-12-31	Synopsis (printed)	Synopsis	f	Comedy	Farce	f	f				f	4									
333	M1864	1752-01-01	1752-12-31	Reprint	Full edition	f			f	f				f										
334	M401	1632-01-01	1632-12-31	Reprint	Full edition	f	Tragedy		t	t		https://www.let.leidenuniv.nl/Dutch/Ceneton/HeinsiusHerodes1632.html	http://books.google.nl/books?id=mzw8AAAAcAAJ&printsec=frontcover&dq=herodes+infanticida&hl=nl&sa=X&ei=UsX2UcPCEo3VPK30gJgJ&ved=0CDQQ6AEwAA#v=onepage&q=herodes%20infanticida&f=false	f	163208 - a1 A2 t,$q : a2 A4 endae - b1 B a$t : b2 E2 plen - c1 E4 s$oon$ : c2 E5 pon$hek									
337	M294	1620-01-01	1620-12-31	First Printing	Full edition	f	Comedy		t	t			https://books.google.nl/books?id=OduFMdLsZcwC&pg=PA241&lpg=PA241&dq=PISTOCLERV+s+adolefcens&source=bl&ots=rcTjn32drm&sig=ACfU3U3aopy000jqMPcLnuhZc1BBAbkMlA&hl=nl&sa=X&ved=2ahUKEwi1nqGGv7fuAhXD1qQKHWHSBUwQ6AEwAXoECAIQAg#v=onepage&q=PISTOCLERV%20s%20adolefcens&f=false	f										
338	M364	1629-01-01	1629-12-31	Synopsis (printed)	Synopsis	f			f	f				f		Goran Proot, Spectacula Iesuitica Belgica Antiqua (SIBA). Pars I: Provincia Flandro-Belgica (Antwerpen, 2008), p. 1-836								
339	M368	1629-01-01	1629-12-31	Synopsis (printed)	Synopsis	f	Tragedy		f	f				f		Goran Proot, Spectacula Iesuitica Belgica Antiqua (SIBA). Pars I: Provincia Flandro-Belgica (Antwerpen, 2008), p. 1-836								
340	M1001	1702-01-01	1702-12-31	Synopsis (printed)	Synopsis	f			f	f				f										
341	M1003	1702-01-01	1702-12-31	Synopsis (printed)	Synopsis	f			f	f				f										
342	M1010	1703-01-01	1703-12-31	Synopsis (printed)	Synopsis	f	Tragedy		f	f				f		Goran Proot, Spectacula Iesuitica Belgica Antiqua (SIBA). Pars I: Provincia Flandro-Belgica (Antwerpen, 2008), p. 1-836								
343	M1029	1704-01-01	1704-12-31	Synopsis (printed)	Synopsis	f	Tragedy		f	f				f		Goran Proot, Spectacula Iesuitica Belgica Antiqua (SIBA). Pars I: Provincia Flandro-Belgica (Antwerpen, 2008), p. 1-836								
344	M1030	1704-01-01	1704-12-31	Synopsis (printed)	Synopsis	f	Tragedy		f	f				f		Goran Proot, Spectacula Iesuitica Belgica Antiqua (SIBA). Pars I: Provincia Flandro-Belgica (Antwerpen, 2008), p. 1-836								
345	M1039	1705-01-01	1705-12-31	Synopsis (printed)	Synopsis	f			f	f				f		Goran Proot, Spectacula Iesuitica Belgica Antiqua (SIBA). Pars I: Provincia Flandro-Belgica (Antwerpen, 2008), p. 1-836								
346	M1051	1708-01-01	1708-12-31	Synopsis (printed)	Synopsis	f			f	f				f			Koppelen op M- of E-niveau aan het ID met hetelfde Ceneton_ID			https://lib.ugent.be/catalog/rug01:000792543				
347	M1052	1708-01-01	1708-12-31	Synopsis (printed)	Synopsis	f			f	f				f			Koppelen op M- of E-niveau aan het ID met hetelfde Ceneton_ID			https://lib.ugent.be/catalog/rug01:000792545				
348	M1055	1709-01-01	1709-12-31	Synopsis (printed)	Synopsis	f			f	f			http://anet.ua.ac.be/desktop/anet/core/index.phtml?language=&euser=&session=&service=opacua&robot=&deskservice=desktop&desktop=anet&workstation=&extra=	f										
349	M1058	1710-01-01	1710-12-31	Synopsis (printed)	Synopsis	f	Tragedy		f	f				f		Goran Proot, Spectacula Iesuitica Belgica Antiqua (SIBA). Pars I: Provincia Flandro-Belgica (Antwerpen, 2008), p. 1-836								
350	M1061	1710-01-01	1710-12-31	Synopsis (printed)	Synopsis	f			f	f				f			Koppelen op M- of E-niveau aan Ceneton006380			https://lib.ugent.be/catalog/rug01:000792644				
351	M1071	1711-01-01	1711-12-31	Synopsis (printed)	Synopsis	f			f	f				f			Koppelen op M- of E-niveau aan Ceneton006830			https://lib.ugent.be/catalog/rug01:000792649				
352	M1074	1711-01-01	1711-12-31	Synopsis (printed)	Synopsis	f			f	f				f			Koppelen op M- of E-niveau aan Ceneton006610			https://lib.ugent.be/catalog/rug01:000792693				
353	M1077	1712-01-01	1712-12-31	Synopsis (printed)	Synopsis	f			f	f				f										
354	M907	1696-01-01	1696-12-31	Synopsis (printed)	Synopsis	f	Comedy		f	f				f										
355	M925	1698-01-01	1698-12-31	Synopsis (printed)	Synopsis	f			f	f				f										
356	M952	1699-01-01	1699-12-31	Synopsis (printed)	Synopsis	f			f	f				f						https://lib.ugent.be/catalog/rug01:000792540				
357	M26	1536-01-01	1536-12-31	Reprint	Full edition	f			f	f				f										
358	M33	1538-01-01	1538-12-31	Reprint	Full edition	f			f	f				f										
359	M1406	1728-01-01	1728-12-31	Synopsis (printed)	Synopsis	f			f	f				f	4									
360	M1409	1728-01-01	1728-12-31	Mention	Fragment	f			f	f				f		Goran Proot, Spectacula Iesuitica Belgica Antiqua (SIBA). Pars I: Provincia Flandro-Belgica (Antwerpen, 2008), p. 1-836								
361	M1485	1730-01-01	1730-12-31	Synopsis (printed)	Synopsis	f	Tragedy		f	f				f	2	Goran Proot, Spectacula Iesuitica Belgica Antiqua (SIBA). Pars I: Provincia Flandro-Belgica (Antwerpen, 2008), p. 1-836								
362	M1488	1730-01-01	1730-12-31	Synopsis (printed)	Synopsis	f	Interlude		f	f				f	2									
363	M1112	1716-01-01	1716-12-31	Synopsis (printed)	Synopsis	f			f	f				f						https://lib.ugent.be/catalog/rug01:000792839				
364	M1113	1716-01-01	1716-12-31	Synopsis (printed)	Synopsis	f			f	f				f										
365	M1132	1717-01-01	1717-12-31	Synopsis (printed)	Synopsis	f			f	f				f										
366	M392	1720-01-01	1720-12-31	Synopsis (printed)	Synopsis	f			f	f				f			Ceneton-ID komt tweemaal voor. Koppelen op M- of E-niveau aan M1170			https://lib.ugent.be/catalog/rug01:000792947				
367	M1170	1720-01-01	1720-12-31	Synopsis (printed)	Synopsis	f			f	f				f			Ceneton-ID komt tweemaal voor. Koppelen op M- of E-niveau aan M392			https://lib.ugent.be/catalog/rug01:000792946				
368	M1208	1722-01-01	1722-12-31	Synopsis (printed)	Synopsis	f			f	f				f		Ferdinand Vanderhaeghen, Bibliographie Gantoise. Bibliographie gantoise: 1ère partie du XVIIIe siècle (Gent, 1801)	Koppelen op M- of E-niveau aan Ceneton006230			https://lib.ugent.be/catalog/rug01:000792968				
369	M1253	1723-01-01	1723-12-31	Synopsis (printed)	Synopsis	f			f	f				f										
370	M1263	1723-01-01	1723-12-31	Synopsis (printed)	Synopsis	f			f	f				f										
371	M1257	1723-01-01	1723-12-31	Synopsis (printed)	Synopsis	f	Comical tragedy		f	f				f										
372	M278	1616-01-01	1616-12-31	Synopsis (printed)	Synopsis	f	Tragedy		f	f				f	4	Goran Proot, Spectacula Iesuitica Belgica Antiqua (SIBA). Pars I: Provincia Flandro-Belgica (Antwerpen, 2008), p. 1-836								
373	M288	1618-01-01	1618-12-31	Synopsis (printed)	Synopsis	f	Tragedy		f	f				f		Goran Proot, Spectacula Iesuitica Belgica Antiqua (SIBA). Pars I: Provincia Flandro-Belgica (Antwerpen, 2008), p. 1-836								
374	M301	1620-01-01	1620-12-31	Synopsis (printed)	Synopsis	f	Tragedy		f	f				f		Goran Proot, Spectacula Iesuitica Belgica Antiqua (SIBA). Pars I: Provincia Flandro-Belgica (Antwerpen, 2008), p. 1-836								
375	M308	1621-01-01	1621-12-31	Synopsis (printed)	Synopsis	f	Comical tragedy		f	f	https://www.let.leidenuniv.nl/Dutch/Ceneton/Facsimiles/SJBalduinusBoudewynIeper1621	https://www.let.leidenuniv.nl/Dutch/Ceneton/SJBalduinusBoudewynIeper1621.html	https://books.google.nl/books?id=f38-AAAAcAAJ&pg=PP7&lpg=PP7&dq=Balduinus+Constantinopolitanus&source=bl&ots=4L9UQ1zttH&sig=-318JgI0MzFLE6SVMJ78yd7UbfI&hl=nl&sa=X&ved=0ahUKEwiOmdWLhNfUAhUIZ1AKHbmyC_IQ6AEILzAC#v=onepage&q=Balduinus%20Constantinopolitanus&f=false	f		Goran Proot, Spectacula Iesuitica Belgica Antiqua (SIBA). Pars I: Provincia Flandro-Belgica (Antwerpen, 2008), p. 1-836								
376	M314	1622-01-01	1622-12-31	Synopsis (printed)	Synopsis	f	Comical tragedy		f	f				f		Goran Proot, Spectacula Iesuitica Belgica Antiqua (SIBA). Pars I: Provincia Flandro-Belgica (Antwerpen, 2008), p. 1-836								
377	M207	1599-01-01	1599-12-31	Reprint	Full edition	f			f	f				f										
378	M38	1539-01-01	1539-12-31	Reprint	Full edition	f	Comedy		t	t				f	153908 - a1 A2 il- - b1 A3 ,$ : b2 B5 ime									
379	M282	1617-01-01	1617-12-31	Synopsis (printed)	Synopsis	f	Tragicomedy		f	f				f		Goran Proot, Spectacula Iesuitica Belgica Antiqua (SIBA). Pars I: Provincia Flandro-Belgica (Antwerpen, 2008), p. 1-836								
380	M312	1621-01-01	1621-12-31	Synopsis (printed)	Synopsis	f	Tragedy		f	f				f		Goran Proot, Spectacula Iesuitica Belgica Antiqua (SIBA). Pars I: Provincia Flandro-Belgica (Antwerpen, 2008), p. 1-836								
381	M830	1680-01-01	1680-12-31	Synopsis (printed)	Synopsis	f			f	f			http://books.google.be/books?id=VsQ8AAAAcAAJ&printsec=frontcover&hl=nl&source=gbs_ge_summary_r&cad=0#v=onepage&q&f=false	f										
382	M1086	1713-01-01	1713-12-31	Synopsis (printed)	Synopsis	f			f	f			http://anet.ua.ac.be/desktop/anet/core/index.phtml?language=&euser=&session=&service=opacua&robot=&deskservice=desktop&desktop=anet&workstation=&extra=	f				https://anet.be/record/opacuantwerpen/c:lvd:14052762/N						
383	M186	1595-01-01	1595-12-31	Reprint	Full edition	f			f	f				f										
384	M187	1595-01-01	1595-12-31	Reprint	Full edition	f			f	f				f	b2 Aa5$hostes									
385	M190	1595-01-01	1595-12-31	Reprint	Full edition	f	Comedy		f	f				f										
386	M191	1595-01-01	1595-12-31	Reprint	Full edition	f			f	f				f										
387	M192	1595-01-01	1595-12-31	Reprint	Full edition	f			f	f				f										
388	M193	1595-01-01	1595-12-31	Reprint	Full edition	f			f	f				f										
389	M205	1599-01-01	1599-12-31	Reprint	Full edition	f			f	f				f										
390	M206	1599-01-01	1599-12-31	Reprint	Full edition	f			f	f				f	a1 X Be									
391	M208	1599-01-01	1599-12-31	Reprint	Full edition	f	Comedy		f	f				f	159908 - a1 †2 uo$s : a2 A in - b1 A2 ,$ : b2 D5 isti$Do									
392	M209	1596-01-01	1602-12-31	Reprint	Full edition	f			f	f				f										
393	M211	1599-01-01	1599-12-31	Reprint	Full edition	f			f	f				f	a1 N i.									
394	M213	1599-01-01	1599-12-31	Reprint	Full edition	f			f	f				f	159908 - a1 †2 uo$s : a2 D5 isti$do - b1 E ri : b2 H5 s.$AN									
395	M220	1602-01-01	1602-12-31	First Printing	Full edition	f			f	f				f										
396	M221	1602-01-01	1602-12-31	Reprint	Full edition	f			f	f				f										
397	M222	1602-01-01	1602-12-31	First Printing	Full edition	f			f	f				f										
398	M223	1602-01-01	1602-12-31	Reprint	Full edition	f			f	f				f										
399	M224	1602-01-01	1602-12-31	Reprint	Full edition	f			f	f				f										
400	M225	1602-01-01	1602-12-31	First Printing	Full edition	f			f	f				f										
401	M228	1604-01-01	1604-12-31	Reprint	Full edition	f			f	f				f	a1 R rc									
402	M229	1604-01-01	1604-12-31	Reprint	Full edition	f			f	f				f										
403	M230	1604-01-01	1604-12-31	Reprint	Full edition	f			f	f				f	b1 A is									
404	M231	1604-01-01	1604-12-31	Reprint	Full edition	f			f	f				f										
405	M232	1604-01-01	1604-12-31	Reprint	Full edition	f			f	f				f										
406	M233	1604-01-01	1604-12-31	Reprint	Full edition	f			f	f				f										
407	M241	1609-01-01	1609-12-31	Reprint	Full edition	f			f	f				f										
408	M255	1614-01-01	1614-12-31	Reprint	Full edition	f			t	t				f										
409	M256	1614-01-01	1614-12-31	Reprint	Full edition	f			t	t				f										
410	M257	1614-01-01	1614-12-31	Reprint	Full edition	f			t	t				f										
411	M258	1614-01-01	1614-12-31	Reprint	Full edition	f			t	t				f										
412	M259	1614-01-01	1614-12-31	Reprint	Full edition	f			t	t				f										
413	M260	1614-01-01	1614-12-31	Reprint	Full edition	f			t	t				f										
414	M262	1614-01-01	1614-12-31	Reprint	Full edition	f			f	f				f										
415	M19	1535-01-01	1535-12-31	First Printing	Full edition	f			t	t	https://www.let.leidenuniv.nl/Dutch/Ceneton/Facsimiles/MacropediusRebelles1535			f	000008 - a1 A2 u[m]$ : a2 A3 o.$ - b1 B1 pus.$ : b2 D3 secro.									
416	M20	1535-01-01	1535-12-31	First Printing	Full edition	f			f	f		https://www.let.leidenuniv.nl/Dutch/Ceneton/MacropediusAluta1535.html		f										
417	M2132	1532-01-01	1542-12-31	Reprint	Full edition	f			f	f				f										
418	M2133	1532-01-01	1542-12-31	Reprint	Full edition	f			f	f				f										
419	M25	1536-01-01	1536-12-31	First Printing	Full edition	f	Comedy		f	f	https://www.let.leidenuniv.nl/Dutch/Ceneton/Facsimiles/MacropediusPetriscus1536		http://books.google.be/books?id=L3YTAAAAQAAJ&printsec=frontcover&hl=nl&source=gbs_ge_summary_r&cad=0#v=onepage&q&f=false	f	000008 - a1 A2 ctemin : a2 A3 ttemini - b1 A4 .$ : b2 D5 ti$emphyt									
420	M28	1537-01-01	1537-12-31	First Printing	Full edition	f			f	f				f	153708 - a1 A2 m$gaud : a2 A3 rant,$ - b1 A4 tinis,$ : b2 E5 $pascer									
421	M36	1538-01-01	1538-12-31	Reprint	Full edition	f			f	f			http://books.google.be/books?id=bDlNAAAAcAAJ&printsec=frontcover&hl=nl&source=gbs_ge_summary_r&cad=0#v=onepage&q&f=false	f	153808 - a1 A.2. ci$trimet : a2 A.3. $qua$nil$pr- b1 A.4. feris$Geor : b2 D.3. am$ingres									
422	M37	1539-01-01	1539-12-31	First Printing	Full edition	f	Comedy		f	f				f	153908 - b1 A2 uin$ : b2 C4 m$									
423	M43	1539-01-01	1539-12-31	Reprint	Full edition	f			f	f				f	000008 - a1 A2 ,$ - b1 A3 nseo : b2 C14. tq;$discip									
424	M44	1539-01-01	1539-12-31	Reprint	Full edition	f	Comedy		f	f	https://www.let.leidenuniv.nl/Dutch/Ceneton/Facsimiles/MacropediusAluta1539			f	000008 - a1 E2 bules$p - b1 E3 edat$d : b2 F3 e.$									
425	M45	1539-01-01	1539-12-31	Reprint	Full edition	f			f	f			http://books.google.be/books?id=OHYTAAAAQAAJ&printsec=frontcover&hl=nl&source=gbs_ge_summary_r&cad=0#v=onepage&q&f=false	f	000008 - a1 A2 n-$ : a2 A3 seo.$ - b1 B1 cappus : b2 C4 tque$discipul									
426	M47	1539-01-01	1539-12-31	Reprint	Full edition	f			f	f				f	000008 - a1 D2 ules$pe : a2 D3 t$domi, - b1 E1 $sese$abs : b2 E4 e$si$vsque$ap					https://lib.ugent.be/catalog/rug01:001341147				
427	M50	1540-01-01	1540-12-31	First Printing	Full edition	f			t	t	https://www.let.leidenuniv.nl/Dutch/Ceneton/Facsimiles/MacropediusBassarus1540			f	154.08 - a1 A.ij. minis - b1 Aiiij. oquacula? : b2 Ciiii. nio.$Hie.$en									
428	M130	1563-01-01	1563-12-31	First Printing	Full edition	f	Comedy		t	t		https://www.let.leidenuniv.nl/Dutch/Ceneton/GoedthalsSoter1563.html	http://books.google.be/books?id=yyhKAAAAcAAJ&printsec=frontcover&hl=nl&source=gbs_ge_summary_r&cad=0#v=onepage&q&f=false	f	156308 - a1 A2 issi : a2 A5 o,$ - b1 B ed : b2 D5 res$									
429	M317	1623-01-01	1623-12-31	Reprint	Full edition	f	Comical tragedy		t	t				f	000008 - b1 H um : b2 K3 mani									
430	M318	1623-01-01	1623-12-31	Reprint	Full edition	f	Tragedy		t	t				f	000008 - a1 A2 similes : a2 A4 s$aequ - b1 B us : b2 D4 et$scelu									
431	M321	1623-01-01	1623-12-31	Reprint	Full edition	f	Tragedy		f	f				f	000008 - b1 E s$ : b2 G4 uis: [G4 is:$]									
432	M2130	1507-01-01	1517-12-31	First Printing	Full edition	f	Comedy	Comedy in Greek fashion	t	t				f	000004 - a1 aij m$ - b1 aiij$mi : b2 f1 eb - c1 fij s : c2 riiij elice									
433	M1047	1707-01-01	1707-12-31	Synopsis (printed)	Synopsis	f			f	f				f					https://opac.kbr.be/LIBRARY/doc/SYRACUSE/18400008					
434	M666	1658-01-01	1658-12-31	First Printing	Full edition	f	Tragedy		t	t	https://www.let.leidenuniv.nl/Dutch/Ceneton/Facsimiles/AelhuisenAranVos	https://www.let.leidenuniv.nl/Dutch/Ceneton/AelhuisenAranVos.html	https://books.google.nl/books?id=NlQzCzB_gh8C&pg=PA58&dq=mutua+vindicatio&hl=nl&sa=X&ved=0ahUKEwikkP7Z8-DgAhVF8OAKHa6DDAMQ6AEIKTAA#v=onepage&q=mutua%20vindicatio&f=false	f	165804 - b1 A3 tus$ : b2 I2 ga									
435	M324	1624-01-01	1624-12-31	Synopsis (printed)	Synopsis	f	Comical tragedy		f	f			https://books.google.nl/books?id=07Q9AAAAcAAJ&dq=Balduinus,+Grave+van+Vlaenderen,+Keyser+van+Constantinopolen&hl=nl&source=gbs_navlinks_s	f		Goran Proot, Spectacula Iesuitica Belgica Antiqua (SIBA). Pars I: Provincia Flandro-Belgica (Antwerpen, 2008), p. 1-836								
436	M287	1618-01-01	1618-12-31	First Printing	Full edition	f			f	f				f										
437	M290	1618-01-01	1618-12-31	First Printing	Full edition	f			f	f				f										
438	M565	1646-01-01	1646-12-31	Reprint	Full edition	f	Comedy		f	f				f	164608 - 									
439	M566	1646-01-01	1646-12-31	Reprint	Full edition	f	Comedy		f	f				f	164608 - a1 A5 $T - b1 B m, : b2 									
440	M567	1646-01-01	1646-12-31	Reprint	Full edition	f	Comedy		f	f				f	164608 - 									
441	M568	1646-01-01	1646-12-31	Reprint	Full edition	f	Comedy		f	f				f	164608 - 									
442	M569	1646-01-01	1646-12-31	Reprint	Full edition	f	Comedy		f	f				f	164608 - 									
443	M570	1646-01-01	1646-12-31	Reprint	Full edition	f	Comedy		f	f				f	164608 - 									
444	M571	1646-01-01	1646-12-31	Reprint	Full edition	f	Comedy		f	f				f	164608 - b1 T5 c$mi : b2 Z3 tab									
445	M572	1646-01-01	1646-12-31	Reprint	Full edition	f	Comedy		f	f				f	164608 - a1 A us - b1 A2 ron : b2 D5 fice									
446	M573	1646-01-01	1646-12-31	Reprint	Full edition	f	Comedy		f	f				f	164608 - 									
447	M574	1646-01-01	1646-12-31	Reprint	Full edition	f	Comedy		f	f				f	164608 - 									
448	M575	1646-01-01	1646-12-31	Reprint	Full edition	f	Comedy		f	f				f	164608 - 									
449	M576	1646-01-01	1646-12-31	Reprint	Full edition	f	Comedy		f	f				f	164608 - 									
450	M577	1646-01-01	1646-12-31	Reprint	Full edition	f	Comedy		f	f				f	164608 - a1 B em - b1 B2 $in : b2 D5 squ									
451	M578	1646-01-01	1646-12-31	Reprint	Full edition	f	Comedy		f	f				f	164608 - 									
452	M579	1646-01-01	1646-12-31	Reprint	Full edition	f	Comedy		f	f				f	164608 - 									
453	M580	1646-01-01	1646-12-31	Reprint	Full edition	f	Comedy		f	f				f	164608 - 									
454	M581	1646-01-01	1646-12-31	Reprint	Full edition	f	Comedy		f	f			https://books.google.nl/books?id=aqtiAAAAcAAJ&pg=RA2-PA175&lpg=RA2-PA175&dq=Et+quopacto+res+cesserit+ei+cum+execrabili&source=bl&ots=dxHzdFUd5v&sig=ACfU3U2kdOKgHTsQAYvo_4qSrKPzsCGyrA&hl=nl&sa=X&ved=2ahUKEwiwrO_z2_XuAhWOuaQKHU6qC6sQ6AEwAXoECAEQAw#v=onepage&q=Et%20quopacto%20res%20cesserit%20ei%20cum%20execrabili&f=false	f	164608 - 									
455	M673	1659-01-01	1659-12-31	Synopsis (printed)	Synopsis	f			f	f				f										
456	M684	1660-01-01	1660-12-31	Synopsis (printed)	Synopsis	f			f	f				f		Goran Proot, Spectacula Iesuitica Belgica Antiqua (SIBA). Pars I: Provincia Flandro-Belgica (Antwerpen, 2008), p. 1-836								
457	M685	1660-01-01	1660-12-31	Synopsis (printed)	Synopsis	f			f	f				f		Goran Proot, Spectacula Iesuitica Belgica Antiqua (SIBA). Pars I: Provincia Flandro-Belgica (Antwerpen, 2008), p. 1-836								
458	M693	1661-01-01	1661-12-31	Synopsis (printed)	Synopsis	f			f	f	https://www.let.leidenuniv.nl/Dutch/Ceneton/Facsimiles/SJIacobusAalst1661	https://www.let.leidenuniv.nl/Dutch/Ceneton/SJIacobusAalst1661.html		f										
459	M705	1662-01-01	1662-12-31	Synopsis (printed)	Synopsis	f			f	f				f							https://catalogue.bnf.fr/ark:/12148/cb386844038			
460	M708	1662-01-01	1662-12-31	Synopsis (printed)	Synopsis	f	Comical tragedy		f	f	https://www.let.leidenuniv.nl/Dutch/Ceneton/Facsimiles/SJXenophonAalst1662			f		Goran Proot, Spectacula Iesuitica Belgica Antiqua (SIBA). Pars I: Provincia Flandro-Belgica (Antwerpen, 2008), p. 1-836								
461	M607	1650-01-01	1650-12-31	Synopsis (printed)	Synopsis	f			f	f			https://www.bavarikon.de/object/bav:BSB-MDZ-00000BSB10152519	f		Goran Proot, Spectacula Iesuitica Belgica Antiqua (SIBA). Pars I: Provincia Flandro-Belgica (Antwerpen, 2008), p. 1-836								
462	M745	1665-01-01	1665-12-31	Synopsis (printed)	Synopsis	f			f	f				f	4	Goran Proot, Spectacula Iesuitica Belgica Antiqua (SIBA). Pars I: Provincia Flandro-Belgica (Antwerpen, 2008), p. 1-836								
463	M90	1546-01-01	1546-12-31	Reprint	Full edition	f			f	f				f										
464	M134	1565-01-01	1565-12-31	First Printing	Full edition	f	Comedy		f	f			http://books.google.be/books?id=QV8TAAAAQAAJ&printsec=frontcover&hl=nl&source=gbs_ge_summary_r&cad=0#v=onepage&q&f=false	f	156508 - a1 A2 nis$ : a1 B2 re$ - b1 B3 tiùs : b2 I3 g; - c1 I4 en : c2 K2 .$									
465	M143	1570-01-01	1570-12-31	First Printing	Full edition	f	Comedy	Sacred comedy	f	f			https://books.google.nl/books?id=tytbAAAAQAAJ&printsec=frontcover&dq=schonaeus&hl=nl&sa=X&ved=0ahUKEwjIxLSSzuHkAhVBLFAKHbSCB-YQ6AEIZzAJ#v=onepage&q=schonaeus&f=false	f										
466	M487	1639-01-01	1639-12-31	First Printing	Full edition	f			f	f			http://books.google.be/books?id=_N1IAAAAcAAJ&pg=PP5&hl=nl&source=gbs_selected_pages&cad=3#v=onepage&q&f=false	f										
467	M488	1639-01-01	1639-12-31	First Printing	Full edition	f			f	f			http://books.google.be/books?id=_N1IAAAAcAAJ&pg=PP5&hl=nl&source=gbs_selected_pages&cad=3#v=onepage&q&f=false	f	163908 - a1 B i : a2 B2 s.$Se - b1 B3 m$sa : b2 E3 ,$h									
468	M491	1639-01-01	1639-12-31	First Printing	Full edition	f			f	f			http://books.google.be/books?id=_N1IAAAAcAAJ&printsec=frontcover&hl=nl&source=gbs_ge_summary_r&cad=0#v=onepage&q&f=false	f										
469	M502	1639-01-01	1639-12-31	First Printing	Full edition	f			f	f			http://books.google.be/books?id=_N1IAAAAcAAJ&pg=PP5&hl=nl&source=gbs_selected_pages&cad=3#v=onepage&q&f=false	f										
470	M285	1617-01-01	1617-12-31	Synopsis (printed)	Synopsis	f			f	f				f										
471	M292	1619-01-01	1619-12-31	Synopsis (printed)	Synopsis	f			f	f				f										
472	M316	1622-01-01	1622-12-31	Synopsis (printed)	Synopsis	f	Tragicomedy		f	f				f		Goran Proot, Spectacula Iesuitica Belgica Antiqua (SIBA). Pars I: Provincia Flandro-Belgica (Antwerpen, 2008), p. 1-836								
473	M322	1623-01-01	1623-12-31	Synopsis (printed)	Synopsis	f	Tragicomedy		f	f				f										
474	M327	1624-01-01	1624-12-31	Synopsis (printed)	Synopsis	f	Comical tragedy		f	f				f										
475	M384	1631-01-01	1631-12-31	Synopsis (printed)	Synopsis	f	Tragicomedy		f	f	https://www.let.leidenuniv.nl/Dutch/Ceneton/Facsimiles/Libertus1631	https://www.let.leidenuniv.nl/Dutch/Ceneton/Libertus1631.html		f					https://opac.kbr.be/LIBRARY/doc/SYRACUSE/18399475					
476	M409	1633-01-01	1633-12-31	Synopsis (printed)	Synopsis	f			f	f				f		Goran Proot, Spectacula Iesuitica Belgica Antiqua (SIBA). Pars I: Provincia Flandro-Belgica (Antwerpen, 2008), p. 1-836								
477	M479	1639-01-01	1639-12-31	First Printing	Full edition	f			t	t				f	163908 - a1 *2 et.$Ia - b1 A us : b2 E3 nes$c									
478	M534	1640-01-01	1640-12-31	Synopsis (printed)	Synopsis	f			f	f				f										
479	M1724	1737-01-01	1743-12-31	Synopsis (printed)	Synopsis	f			f	f				f										
480	M918	1697-01-01	1697-12-31	Synopsis	Synopsis	f			f	f			http://anet.ua.ac.be/desktop/anet/core/index.phtml?language=&euser=&session=&service=opacua&robot=&deskservice=desktop&desktop=anet&workstation=&extra=	f		Goran Proot, Spectacula Iesuitica Belgica Antiqua (SIBA). Pars I: Provincia Flandro-Belgica (Antwerpen, 2008), p. 1-836		https://anet.be/record/opacuantwerpen/c:lvd:14052666/N						
481	M145	1572-01-01	1572-12-31	First Printing	Full edition	f	Comedy		f	f				f										
482	M982	1701-01-01	1701-12-31	Synopsis (printed)	Synopsis	f	Tragedy		f	f				f		Goran Proot, Spectacula Iesuitica Belgica Antiqua (SIBA). Pars I: Provincia Flandro-Belgica (Antwerpen, 2008), p. 1-836								
483	M440	1635-01-01	1635-12-31	Reprint	Full edition	f			f	f				f										
484	M369	1629-01-01	1629-12-31	Reprint	Full edition	f			f	f			https://books.google.nl/books?id=er6qQQ-WCUUC&pg=RA3-PA175&lpg=RA3-PA175&dq=Et+quopacto+res+cesserit+ei+cum+execrabili&source=bl&ots=bJuTjvSrUE&sig=ACfU3U2DQIGLEeFzQ2t24QWWiPDGWSUbEA&hl=nl&sa=X&ved=2ahUKEwiwrO_z2_XuAhWOuaQKHU6qC6sQ6AEwA3oECAUQAw#v=onepage&q=Et%20quopacto%20res%20cesserit%20ei%20cum%20execrabili&f=false	f	163908 - b1 K4 nis$ : b2 M4 is									
485	M483	1639-01-01	1639-12-31	Reprint	Full edition	f	Comedy		f	f				f	163908 - a1 A2 $&$ : a2 A5 odo - b1 B ll : b2 D NI									
486	M485	1639-01-01	1639-12-31	Reprint	Full edition	f			f	f				f										
487	M490	1639-01-01	1639-12-31	Reprint	Full edition	f	Comedy		f	f				f	163908 - b1 D2 $te$c : b2 E5 rep									
488	M496	1639-01-01	1639-12-31	Reprint	Full edition	f			f	f			https://books.google.nl/books?id=QodEAAAAcAAJ&pg=RA1-PA118&dq=%22Charae+eam+reliquimus%22&hl=nl&sa=X&ved=2ahUKEwjk4feKvtDsAhWQCewKHSsdA00Q6wEwAHoECAAQAQ#v=onepage&q=%22Charae%20eam%20reliquimus%22&f=false	f										
489	M497	1639-01-01	1639-12-31	Reprint	Full edition	f			f	f			https://books.google.nl/books?id=QodEAAAAcAAJ&pg=RA1-PA118&dq=%22Charae+eam+reliquimus%22&hl=nl&sa=X&ved=2ahUKEwjk4feKvtDsAhWQCewKHSsdA00Q6wEwAHoECAAQAQ#v=onepage&q=%22Charae%20eam%20reliquimus%22&f=false	f	163908 - a1 T5 c$m - b1 V al : b2 Z3 pta									
568	M1935	1759-01-01	1759-12-31	Synopsis (printed)	Synopsis	f	Tragedy		f	f				f										
490	M499	1639-01-01	1639-12-31	Reprint	Full edition	f	Comedy		f	f			https://books.google.nl/books?id=QodEAAAAcAAJ&pg=RA1-PA118&dq=%22Charae+eam+reliquimus%22&hl=nl&sa=X&ved=2ahUKEwjk4feKvtDsAhWQCewKHSsdA00Q6wEwAHoECAAQAQ#v=onepage&q=%22Charae%20eam%20reliquimus%22&f=false	f	000008 - a1 *2 cur : a2 A ni - b1 A2 atro : b2 D5 nefic									
491	M500	1639-01-01	1639-12-31	Reprint	Full edition	f			f	f			https://books.google.nl/books?id=QodEAAAAcAAJ&pg=RA1-PA118&dq=%22Charae+eam+reliquimus%22&hl=nl&sa=X&ved=2ahUKEwjk4feKvtDsAhWQCewKHSsdA00Q6wEwAHoECAAQAQ#v=onepage&q=%22Charae%20eam%20reliquimus%22&f=false	f	000008 - b1 I e : b2 L5 $prae									
492	M503	1639-01-01	1639-12-31	Reprint	Full edition	f			f	f				f										
493	M507	1639-01-01	1639-12-31	Reprint	Full edition	f			f	f			https://books.google.nl/books?id=QodEAAAAcAAJ&pg=RA1-PA118&dq=%22Charae+eam+reliquimus%22&hl=nl&sa=X&ved=2ahUKEwjk4feKvtDsAhWQCewKHSsdA00Q6wEwAHoECAAQAQ#v=onepage&q=%22Charae%20eam%20reliquimus%22&f=false	f	000008 - b1 M ia$ : b2 P4 $gra									
494	M510	1639-01-01	1639-12-31	Reprint	Full edition	f	Comedy		f	f		https://www.let.leidenuniv.nl/Dutch/Ceneton/b.html	https://books.google.nl/books?id=QodEAAAAcAAJ&pg=RA1-PA118&dq=%22Charae+eam+reliquimus%22&hl=nl&sa=X&ved=2ahUKEwjk4feKvtDsAhWQCewKHSsdA00Q6wEwAHoECAAQAQ#v=onepage&q=%22Charae%20eam%20reliquimus%22&f=false	f	000008 - b1 E f : b2 H5 suu									
495	M1006	1702-01-01	1702-12-31	Synopsis (printed)	Synopsis	f			f	f				f		Goran Proot, Spectacula Iesuitica Belgica Antiqua (SIBA). Pars I: Provincia Flandro-Belgica (Antwerpen, 2008), p. 1-836								
496	M1011	1703-01-01	1703-12-31	Synopsis (printed)	Synopsis	f	Comedy		f	f				f		Goran Proot, Spectacula Iesuitica Belgica Antiqua (SIBA). Pars I: Provincia Flandro-Belgica (Antwerpen, 2008), p. 1-836								
497	M1028	1704-01-01	1704-12-31	Synopsis (printed)	Synopsis	f			f	f				f		Goran Proot, Spectacula Iesuitica Belgica Antiqua (SIBA). Pars I: Provincia Flandro-Belgica (Antwerpen, 2008), p. 1-836								
498	M1033	1705-01-01	1705-12-31	Synopsis (printed)	Synopsis	f			f	f				f		Goran Proot, Spectacula Iesuitica Belgica Antiqua (SIBA). Pars I: Provincia Flandro-Belgica (Antwerpen, 2008), p. 1-836								
499	M1037	1705-01-01	1705-12-31	Synopsis (printed)	Synopsis	f			f	f				f		Goran Proot, Spectacula Iesuitica Belgica Antiqua (SIBA). Pars I: Provincia Flandro-Belgica (Antwerpen, 2008), p. 1-836								
500	M1041	1705-01-01	1705-12-31	Synopsis (printed)	Synopsis	f	Tragedy		f	f				f		Goran Proot, Spectacula Iesuitica Belgica Antiqua (SIBA). Pars I: Provincia Flandro-Belgica (Antwerpen, 2008), p. 1-836								
501	M1043	1706-01-01	1706-12-31	Synopsis (printed)	Synopsis	f			t	t	https://www.let.leidenuniv.nl/Dutch/Ceneton/Facsimiles/SJJovianusGent1706			f										
502	M860	1685-01-01	1685-12-31	Synopsis (printed)	Synopsis	f			f	f			http://books.google.be/books?id=-O4UAAAAQAAJ&printsec=frontcover&dq=tribus+Constantinopoleos&hl=nl&sa=X&ei=COyfUPT1H-eX0QXekIGYAQ&ved=0CDEQ6AEwAA#v=onepage&q&f=false	f										
503	M878	1690-01-01	1690-12-31	Synopsis (printed)	Synopsis	f	Tragedy		f	f			http://anet.ua.ac.be/desktop/anet/core/index.phtml?language=&euser=&session=&service=opacua&robot=&deskservice=desktop&desktop=anet&workstation=&extra=	f				https://anet.be/record/opacuantwerpen/c:lvd:14022274/N						
504	M903	1695-01-01	1695-12-31	Synopsis (printed)	Synopsis	f	Tragedy		f	f			https://books.google.be/books?vid=GENT900000048329&printsec=frontcover#v=onepage&q&f=false	f										
505	M909	1696-01-01	1696-12-31	Synopsis (printed)	Synopsis	f			f	f				f	-4									
506	M938	1699-01-01	1699-12-31	Synopsis (printed)	Synopsis	f			f	f				f										
507	M951	1699-01-01	1699-12-31	Synopsis (printed)	Synopsis	f			f	f				f		Goran Proot, Spectacula Iesuitica Belgica Antiqua (SIBA). Pars I: Provincia Flandro-Belgica (Antwerpen, 2008), p. 1-836								
508	M955	1700-01-01	1700-12-31	Synopsis (printed)	Synopsis	f			f	f				f		Goran Proot, Spectacula Iesuitica Belgica Antiqua (SIBA). Pars I: Provincia Flandro-Belgica (Antwerpen, 2008), p. 1-836								
509	M976	1700-01-01	1700-12-31	Synopsis (printed)	Synopsis	f			f	f				f		Goran Proot, Spectacula Iesuitica Belgica Antiqua (SIBA). Pars I: Provincia Flandro-Belgica (Antwerpen, 2008), p. 1-836								
510	M977	1701-01-01	1701-12-31	Synopsis (printed)	Synopsis	f			f	f				f		Goran Proot, Spectacula Iesuitica Belgica Antiqua (SIBA). Pars I: Provincia Flandro-Belgica (Antwerpen, 2008), p. 1-836								
511	M979	1701-01-01	1701-12-31	Synopsis (printed)	Synopsis	f			f	f				f		Goran Proot, Spectacula Iesuitica Belgica Antiqua (SIBA). Pars I: Provincia Flandro-Belgica (Antwerpen, 2008), p. 1-836								
512	M980	1701-01-01	1701-12-31	Synopsis (printed)	Synopsis	f	Tragicomedy		f	f				f		Goran Proot, Spectacula Iesuitica Belgica Antiqua (SIBA). Pars I: Provincia Flandro-Belgica (Antwerpen, 2008), p. 1-836								
513	M104	1552-01-01	1552-12-31	Reprint	Full edition	f	Comedy		f	f	https://www.let.leidenuniv.nl/Dutch/Ceneton/Facsimiles/MacropediusAsotus1552	https://www.let.leidenuniv.nl/Dutch/Ceneton/MacropediusAsotus1552.html	https://books.google.nl/books?id=HzUL7pp5jokC&printsec=frontcover&dq=Omnes+Georgii+Macropedii+fabulae+comicae&hl=nl&sa=X&ved=0ahUKEwjwiK7zy5XnAhXN5KQKHXNpBVMQ6AEIKzAA#v=onepage&q=Omnes%20Georgii%20Macropedii%20fabulae%20comicae&f=false	f	155208 - a1 A2 edic [a1 A2 dedi] : a2 A4 bus, - b1 A5 $pat : b2 F3 ma									
514	M105	1552-01-01	1552-12-31	Reprint	Full edition	f	Comedy	Sacred comedy	f	f	https://www.let.leidenuniv.nl/Dutch/Ceneton/Facsimiles/MacropediusHecastus1552	https://www.let.leidenuniv.nl/Dutch/Ceneton/MacropediusHecastus1552.html	https://books.google.nl/books?id=HzUL7pp5jokC&printsec=frontcover&dq=Omnes+Georgii+Macropedii+fabulae+comicae&hl=nl&sa=X&ved=0ahUKEwjwiK7zy5XnAhXN5KQKHXNpBVMQ6AEIKzAA#v=onepage&q=Omnes%20Georgii%20Macropedii%20fabulae%20comicae&f=false	f	000008 - a1 b e : a2 b5 er$d - b1 c Re : b2 h2 ore									
515	M106	1552-01-01	1552-12-31	Reprint	Full edition	f	Comedy		f	f	https://www.let.leidenuniv.nl/Dutch/Ceneton/Facsimiles/MacropediusLazarus1552		https://books.google.nl/books?id=HzUL7pp5jokC&printsec=frontcover&dq=Omnes+Georgii+Macropedii+fabulae+comicae&hl=nl&sa=X&ved=0ahUKEwjwiK7zy5XnAhXN5KQKHXNpBVMQ6AEIKzAA#v=onepage&q=Omnes%20Georgii%20Macropedii%20fabulae%20comicae&f=false	f	155208 - a1 G um : a2  G2 ,$ - b1 G3 yn : b2 									
516	M108	1552-01-01	1552-12-31	First Printing	Full edition	f			f	f	https://www.let.leidenuniv.nl/Dutch/Ceneton/Facsimiles/MacropediusAdamus1552	https://www.let.leidenuniv.nl/Dutch/Ceneton/MacropediusAdamus1552.html	https://books.google.nl/books?id=HzUL7pp5jokC&printsec=frontcover&dq=Omnes+Georgii+Macropedii+fabulae+comicae&hl=nl&sa=X&ved=0ahUKEwjwiK7zy5XnAhXN5KQKHXNpBVMQ6AEIKzAA#v=onepage&q=Omnes%20Georgii%20Macropedii%20fabulae%20comicae&f=false	f	155208 - a1 R o$ : a2 R3 em$ - b1 R4 ngui : b2 a7 uide									
517	M109	1552-01-01	1552-12-31	Reprint	Full edition	f			f	f			https://books.google.nl/books?id=RH_X7k9hA1sC&printsec=frontcover&hl=nl&source=gbs_ge_summary_r&cad=0#v=onepage&q&f=false	f	155208 - a1 A2 unt,$ : a2 A4 os$ta - b1 A5 rin : b2 I3 om									
518	M110	1553-01-01	1553-12-31	Reprint	Full edition	f	Comedy		f	f	https://www.let.leidenuniv.nl/Dutch/Ceneton/Facsimiles/MacropediusAluta1553	https://www.let.leidenuniv.nl/Dutch/Ceneton/MacropediusAluta1553.html	https://books.google.nl/books?id=HzUL7pp5jokC&printsec=frontcover&dq=Omnes+Georgii+Macropedii+fabulae+comicae&hl=nl&sa=X&ved=0ahUKEwjwiK7zy5XnAhXN5KQKHXNpBVMQ6AEIKzAA#v=onepage&q=Omnes%20Georgii%20Macropedii%20fabulae%20comicae&f=false	f	155308 - a1 A2 us$o : a2 A3 te.$ - b1 A4 ae$im : b1 C st,									
569	M2114	1776-01-01	1776-12-31	First Printing	Full edition	f	Tragedy		t	t	https://www.let.leidenuniv.nl/Dutch/Ceneton/Facsimiles/CarmelietenBaasa1776	https://www.let.leidenuniv.nl/Dutch/Ceneton/CarmelietenBaasa1776.html		f										
519	M111	1553-01-01	1553-12-31	Reprint	Full edition	f			f	f	https://www.let.leidenuniv.nl/Dutch/Ceneton/Facsimiles/MacropediusAndrisca1553	https://www.let.leidenuniv.nl/Dutch/Ceneton/MacropediusAndrisca1553.html	https://books.google.nl/books?id=HzUL7pp5jokC&printsec=frontcover&dq=Omnes+Georgii+Macropedii+fabulae+comicae&hl=nl&sa=X&ved=0ahUKEwjwiK7zy5XnAhXN5KQKHXNpBVMQ6AEIKzAA#v=onepage&q=Omnes%20Georgii%20Macropedii%20fabulae%20comicae&f=false	f	M2 $tri									
520	M112	1553-01-01	1553-12-31	Reprint	Full edition	f			f	f	https://www.let.leidenuniv.nl/Dutch/Ceneton/Facsimiles/MacropediusBassarus1553	https://www.let.leidenuniv.nl/Dutch/Ceneton/MacropediusBassarus1553.html	https://books.google.nl/books?id=HzUL7pp5jokC&printsec=frontcover&dq=Omnes+Georgii+Macropedii+fabulae+comicae&hl=nl&sa=X&ved=0ahUKEwjwiK7zy5XnAhXN5KQKHXNpBVMQ6AEIKzAA#v=onepage&q=Omnes%20Georgii%20Macropedii%20fabulae%20comicae&f=false	f	Q2 .$									
521	M113	1553-01-01	1553-12-31	Reprint	Full edition	f	Comedy		f	f	https://www.let.leidenuniv.nl/Dutch/Ceneton/Facsimiles/MacropediusJosephus1553		https://books.google.nl/books?id=HzUL7pp5jokC&printsec=frontcover&dq=Omnes+Georgii+Macropedii+fabulae+comicae&hl=nl&sa=X&ved=0ahUKEwjwiK7zy5XnAhXN5KQKHXNpBVMQ6AEIKzAA#v=onepage&q=Omnes%20Georgii%20Macropedii%20fabulae%20comicae&f=false	f	155208 - a1 L um : a2 L2 arti - b1 L3 ,$q : b2 Q4 t$mi$Io									
522	M114	1553-01-01	1553-12-31	Reprint	Full edition	f	Comedy		f	f	https://www.let.leidenuniv.nl/Dutch/Ceneton/Facsimiles/MacropediusPetriscus1553	https://www.let.leidenuniv.nl/Dutch/Ceneton/MacropediusPetriscus1553.html		f	155308 - a1 A2 us$o : a2 G2 opp 									
523	M115	1553-01-01	1553-12-31	Reprint	Full edition	f			f	f	https://www.let.leidenuniv.nl/Dutch/Ceneton/Facsimiles/MacropediusRebelles1553	https://www.let.leidenuniv.nl/Dutch/Ceneton/MacropediusRebelles1553.html		f	155308 - a1 A2 us$o : a2 C2 $& - b1 C3 ero, : b2 F5 o.$									
524	M117	1554-01-01	1554-12-31	Reprint	Full edition	f			f	f				f										
525	M118	1554-01-01	1554-12-31	First Printing	Full edition	f	Comedy	Sacred comedy	f	f	https://www.let.leidenuniv.nl/Dutch/Ceneton/Facsimiles/MacropediusHypomone1554		https://books.google.nl/books?id=HzUL7pp5jokC&printsec=frontcover&dq=Omnes+Georgii+Macropedii+fabulae+comicae&hl=nl&sa=X&ved=0ahUKEwjwiK7zy5XnAhXN5KQKHXNpBVMQ6AEIKzAA#v=onepage&q=Omnes%20Georgii%20Macropedii%20fabulae%20comicae&f=false	f	000008 - a1 i2 ense : a2 i4 $in$ - b1 k on : b2 m5 am$i									
526	M119	1556-01-01	1556-12-31	First Printing	Full edition	f			t	t	https://www.let.leidenuniv.nl/Dutch/Ceneton/Facsimiles/MacropediusJesus1556	https://www.let.leidenuniv.nl/Dutch/Ceneton/MacropediusJesus1556.html		f	155608 - a1 A2 agae - b1 A3 laca : b2 D2 ,$&$									
527	M126	1560-01-01	1560-12-31	First Printing	Full edition	f			f	f			http://books.google.be/books?id=SP8TAAAAQAAJ&printsec=frontcover&hl=nl&source=gbs_ge_summary_r&cad=0#v=onepage&q&f=false	f	156008 - a1 A2 et$frate : a2 B2 nterci - b1 B3 $regi - b2 H5 ibus$									
528	M52	1540-01-01	1540-12-31	Reprint	Full edition	f			f	f				f										
529	M64	1541-01-01	1541-12-31	First Printing	Full edition	f								f										
530	M82	1543-01-01	1543-12-31		Full edition	f			f	f				f										
531	M864	1686-01-01	1686-12-31	Synopsis (printed)	Synopsis	f			f	f				f		Goran Proot, Spectacula Iesuitica Belgica Antiqua (SIBA). Pars I: Provincia Flandro-Belgica (Antwerpen, 2008), p. 1-836								
532	M881	1691-01-01	1691-12-31	Synopsis (printed)	Synopsis	f			f	f				f										
533	M513	1639-01-01	1639-12-31	Reprint	Full edition	f			f	f				f	163912 - b1 S p : b2 T6 cep									
534	M514	1639-01-01	1639-12-31	Reprint	Full edition	f			f	f				f	163912 - b1 X , : b2 Y4 erur									
535	M553	1645-01-01	1645-12-31	Reprint	Full edition	f			f	f				f										
536	M558	1645-01-01	1645-12-31	Reprint	Full edition	f			f	f			https://books.google.nl/books?id=bm9EAAAAcAAJ&printsec=frontcover&dq=poemata+grotius&hl=nl&sa=X&ved=0ahUKEwio5pvp653NAhVMIcAKHVnKAa8Q6AEIHjAA#v=onepage&q=poemata%20grotius&f=false	f										
537	M928	1698-01-01	1698-12-31	Synopsis (printed)	Synopsis	f			f	f				f		Goran Proot, Spectacula Iesuitica Belgica Antiqua (SIBA). Pars I: Provincia Flandro-Belgica (Antwerpen, 2008), p. 1-836								
538	M239	1608-01-01	1608-12-31	First Printing	Full edition	f	Tragedy		t	t				f										
539	M289	1618-01-01	1618-12-31	Synopsis (printed)	Synopsis	f	Comedy		f	f				f	161804 - a1 A2 ,$ : a2 C ui - b1 C3 js,$l : b2 D no									
540	M619	1652-01-01	1652-12-31	Synopsis (printed)	Synopsis	f			f	f	https://www.let.leidenuniv.nl/Dutch/Ceneton/Facsimiles/SJHermenigildusBrussel1652			f										
541	M676	1659-01-01	1659-12-31	Synopsis (printed)	Synopsis	f			f	f				f							https://catalogue.bnf.fr/ark:/12148/cb370858294			
542	M79	1542-01-01	1542-12-31	Reprint	Full edition	f			f	f				f										
543	M16	1534-01-01	1534-12-31	Reprint	Full edition	f			f	f				f										
544	M2	1509-01-01	1515-12-31	First Printing	Full edition	f			f	f				f										
545	M728	1663-01-01	1663-12-31	Synopsis (printed)	Synopsis	f			f	f				f							https://catalogue.bnf.fr/ark:/12148/cb38684491c			
546	M128	1562-01-01	1562-12-31	Reprint	Full edition	f			f	f				f										
547	M137	1568-01-01	1568-12-31	Reprint	Full edition	f			f	f			https://books.google.nl/books?id=nOITAAAAQAAJ&printsec=frontcover&dq=acolastus&hl=nl&sa=X&ei=CWqWVarQHYH0UK7mudgP&ved=0CEMQ6wEwBQ#v=onepage&q=acolastus&f=false	f										
548	M2074	1771-01-01	1771-12-31	Synopsis (printed)	Synopsis	f			f	f			http://anet.ua.ac.be/desktop/anet/core/index.phtml?language=&euser=&session=&service=opacua&robot=&deskservice=desktop&desktop=anet&workstation=&extra=	f		Goran Proot, Spectacula Iesuitica Belgica Antiqua (SIBA). Pars I: Provincia Flandro-Belgica (Antwerpen, 2008), p. 1-836								
549	M2055	1770-01-01	1770-12-31	Synopsis (printed)	Synopsis	f			f	f				f		Koppeling met nog in te voeren stuk dat door Proot wordt genoemd: Bl 206.								
550	M1146	1718-01-01	1718-12-31	Synopsis (printed)	Synopsis	f	Tragedy		f	f			http://anet.ua.ac.be/desktop/anet/core/index.phtml?language=&euser=&session=&service=opacua&robot=&deskservice=desktop&desktop=anet&workstation=&extra=	f				https://anet.be/record/opacuantwerpen/c:lvd:14015690/N						
551	M2080	1772-01-01	1772-12-31	Synopsis (printed)	Synopsis	f	Tragedy		t	t				f				https://anet.be/brocade/brocade.phtml?UDdesk=uantwerpen&UDses=123873045%3A571637&UDstate=1&UDmode=&UDaccess=&UDrou=_EntryC%3Abopwexe&RDcgi=buttonselectfull&CDopSe=662790011&CDopSt=9&CDopLv=1&CDopOp=opacuantwerpen&RDrecord=c:lvd:12872450						
552	M2088	1772-01-01	1772-12-31	Synopsis (printed)	Synopsis	f	Comedy	Farce	f	f				f										
553	M2084	1772-01-01	1772-12-31	Synopsis (printed)	Synopsis	f	Comedy	Farce	f	f				f										
554	M1887	1755-01-01	1755-12-31	Synopsis (printed)	Synopsis	f			f	f				f										
555	M1889	1755-01-01	1755-12-31	Synopsis (printed)	Synopsis	f			f	f				f										
556	M812	1679-01-01	1679-12-31	First Printing	Full edition	f			f	f				f										
557	M814	1679-01-01	1679-12-31	First Printing	Full edition	f			f	f				f										
558	M815	1679-01-01	1679-12-31	First Printing	Full edition	f			f	f				f										
559	M816	1679-01-01	1679-12-31	First Printing	Full edition	f			f	f				f										
560	M817	1679-01-01	1679-12-31	First Printing	Full edition	f			f	f				f										
561	M818	1679-01-01	1679-12-31	First Printing	Full edition	f			f	f				f										
562	M819	1679-01-01	1679-12-31	First Printing	Full edition	f			f	f				f										
563	M820	1679-01-01	1679-12-31	First Printing	Full edition	f			f	f				f										
564	M821	1679-01-01	1679-12-31	First Printing	Full edition	f			f	f				f										
565	M824	1679-01-01	1679-12-31	First Printing	Full edition	f			f	f				f										
566	M825	1679-01-01	1679-12-31	First Printing	Full edition	f			f	f				f										
567	M826	1679-01-01	1679-12-31	First Printing	Full edition	f			f	f				f										
570	M1885	1754-01-01	1754-12-31	Synopsis (printed)	Synopsis	f	Tragedy		f	f				f								https://picarta.oclc.org/psi/xslt/DB=3.11/XMLPRS=Y/PPN?PPN=318577887		
571	M1886	1754-01-01	1754-12-31	Mention	Fragment	f	Comedy	Farce	f	f				f										
572	M1894	1755-01-01	1755-12-31	Synopsis (printed)	Synopsis	f	Comical tragedy		f	f				f	000004 - 									
573	M1896	1755-01-01	1755-12-31	Synopsis (printed)	Synopsis	f	Comedy		f	f				f	000004 - 									
574	M657	1656-01-01	1656-12-31	Synopsis (printed)	Synopsis	f			f	f				f					https://opac.kbr.be/LIBRARY/doc/SYRACUSE/14961106					
575	M781	1671-01-01	1671-12-31	Synopsis (printed)	Synopsis	f			f	f				f		Goran Proot, 'Het toneel van de Antwerpse Augustijnen (1671-1783)' in: De Gulden Passer. Jaargang 76-77 (1998-1999), p. 183-194, via: https://www.dbnl.org/tekst/_gul005199801_01/_gul005199801_01_0008.php								
576	M802	1674-01-01	1674-12-31	Synopsis (printed)	Synopsis	f			f	f				f		Goran Proot, 'Het toneel van de Antwerpse Augustijnen (1671-1783)' in: De Gulden Passer. Jaargang 76-77 (1998-1999), p. 183-194, via: https://www.dbnl.org/tekst/_gul005199801_01/_gul005199801_01_0008.php								
577	M856	1683-01-01	1683-12-31	Synopsis (printed)	Synopsis	f	Comical tragedy		f	f				f		Goran Proot, 'Het toneel van de Antwerpse Augustijnen (1671-1783)' in: De Gulden Passer. Jaargang 76-77 (1998-1999), p. 183-194, via: https://www.dbnl.org/tekst/_gul005199801_01/_gul005199801_01_0008.php			https://opac.kbr.be/LIBRARY/doc/SYRACUSE/18397449 					
578	M861	1686-01-01	1686-12-31	Synopsis (printed)	Synopsis	f	Comedy		f	f				f		Goran Proot, 'Het toneel van de Antwerpse Augustijnen (1671-1783)' in: De Gulden Passer. Jaargang 76-77 (1998-1999), p. 183-194, via: https://www.dbnl.org/tekst/_gul005199801_01/_gul005199801_01_0008.php								
579	M877	1689-01-01	1689-12-31	Synopsis (printed)	Synopsis	f	Tragedy		f	f				f	168904	Goran Proot, 'Het toneel van de Antwerpse Augustijnen (1671-1783)' in: De Gulden Passer. Jaargang 76-77 (1998-1999), p. 183-194, via: https://www.dbnl.org/tekst/_gul005199801_01/_gul005199801_01_0008.php								
580	M879	1690-01-01	1690-12-31	Synopsis (printed)	Synopsis	f			f	f				f	4									
581	M900	1694-01-01	1694-12-31	Synopsis (printed)	Synopsis	f			f	f				f	4									
582	M944	1699-01-01	1699-12-31	Synopsis (printed)	Synopsis	f			f	f	https://www.let.leidenuniv.nl/Dutch/Ceneton/Facsimiles/AugustijnenLeopoldus1688	https://www.let.leidenuniv.nl/Dutch/Ceneton/AugustijnenLeopoldus1688.html		f	0000 - 									
583	M1005	1702-01-01	1702-12-31	Synopsis (printed)	Synopsis	f			f	f				f		Goran Proot, Spectacula Iesuitica Belgica Antiqua (SIBA). Pars I: Provincia Flandro-Belgica (Antwerpen, 2008), p. 1-836								
584	M1016	1703-01-01	1703-12-31	Synopsis (printed)	Synopsis	f	Tragedy		f	f				f	170304	Goran Proot, Spectacula Iesuitica Belgica Antiqua (SIBA). Pars I: Provincia Flandro-Belgica (Antwerpen, 2008), p. 1-836								
585	M1186	1721-01-01	1721-12-31	Synopsis (printed)	Synopsis	f			f	f			http://anet.ua.ac.be/desktop/anet/core/index.phtml?language=&euser=&session=&service=opacua&robot=&deskservice=desktop&desktop=anet&workstation=&extra=	f				https://anet.be/record/opacuantwerpen/c:lvd:14028980/N						
586	M1292	1724-01-01	1724-12-31	Synopsis (printed)	Synopsis	f	Tragedy		f	f	https://www.let.leidenuniv.nl/Dutch/Ceneton/Facsimiles/SJManliusTorquatusBrugge1724			f	2									
587	M1305	1724-01-01	1724-12-31	Mention	Fragment	f	Comedy		f	f	https://www.let.leidenuniv.nl/Dutch/Ceneton/Facsimiles/SJManliusTorquatusBrugge1724			f										
588	M1402	1728-01-01	1728-12-31	Mention	Fragment	f	Comedy	Farce	f	f	https://www.let.leidenuniv.nl/Dutch/Ceneton/Facsimiles/AugustijnenBalthassar1728	https://www.let.leidenuniv.nl/Dutch/Ceneton/AugustijnenBalthassar1728.html	http://anet.ua.ac.be/desktop/anet/core/index.phtml?language=&euser=&session=&service=opacua&robot=&deskservice=desktop&desktop=anet&workstation=&extra=	f	4									
589	M1413	1728-01-01	1728-12-31	Synopsis (printed)	Synopsis	f	Tragedy		f	f	https://www.let.leidenuniv.nl/Dutch/Ceneton/Facsimiles/AugustijnenBalthassar1728	https://www.let.leidenuniv.nl/Dutch/Ceneton/AugustijnenBalthassar1728.html	http://anet.ua.ac.be/desktop/anet/core/index.phtml?language=&euser=&session=&service=opacua&robot=&deskservice=desktop&desktop=anet&workstation=&extra=	f	4									
590	M1491	1730-01-01	1730-12-31	Synopsis (printed)	Synopsis	f	Tragedy		f	f				f										
591	M1522	1730-01-01	1730-12-31	Mention	Fragment	f	Comedy		f	f				f										
592	M1548	1731-01-01	1731-12-31	Synopsis (printed)	Synopsis	f			f	f				f	4									
593	M1549	1731-01-01	1731-12-31	Synopsis (printed)	Synopsis	f			f	f				f	4	Goran Proot, Spectacula Iesuitica Belgica Antiqua (SIBA). Pars I: Provincia Flandro-Belgica (Antwerpen, 2008), p. 1-836								
594	M1553	1731-01-01	1731-12-31	Mention	Fragment	f	Comedy		f	f				f		Goran Proot, Spectacula Iesuitica Belgica Antiqua (SIBA). Pars I: Provincia Flandro-Belgica (Antwerpen, 2008), p. 1-836								
595	M1556	1731-01-01	1731-12-31	Synopsis (printed)	Synopsis	f			f	f				f	4	Goran Proot, Spectacula Iesuitica Belgica Antiqua (SIBA). Pars I: Provincia Flandro-Belgica (Antwerpen, 2008), p. 1-836								
596	M1561	1731-01-01	1731-12-31	Synopsis (printed)	Synopsis	f	Comical tragedy		f	f				f										
597	M1588	1732-01-01	1732-12-31	Synopsis (printed)	Synopsis	f			f	f				f										
598	M1602	1732-01-01	1732-12-31	Mention	Fragment	f			f	f				f										
599	M1610	1732-01-01	1732-12-31	Synopsis (printed)	Synopsis	f			f	f				f										
600	M1629	1733-01-01	1733-12-31	Synopsis (printed)	Synopsis	f			f	f				f	2	Goran Proot, Spectacula Iesuitica Belgica Antiqua (SIBA). Pars I: Provincia Flandro-Belgica (Antwerpen, 2008), p. 1-836								
601	M1643	1733-01-01	1733-12-31	Synopsis (printed)	Synopsis	f			f	f				f										
602	M1662	1733-01-01	1733-12-31	Synopsis (printed)	Synopsis	f			f	f				f		Goran Proot, Spectacula Iesuitica Belgica Antiqua (SIBA). Pars I: Provincia Flandro-Belgica (Antwerpen, 2008), p. 1-836								
603	M967	1700-01-01	1700-12-31	Synopsis (printed)	Synopsis	f	Tragedy		f	f				f										
604	M996	1702-01-01	1702-12-31	Synopsis (printed)	Synopsis	f	Tragedy		f	f				f		Goran Proot, Spectacula Iesuitica Belgica Antiqua (SIBA). Pars I: Provincia Flandro-Belgica (Antwerpen, 2008), p. 1-836								
605	M1899	1755-01-01	1755-12-31	Reprint	Full edition	f	Tragedy		f	f			https://books.google.nl/books?id=CMfvL0ZtiigC&pg=PA560&dq=euripidis+medea+phoenissae+grotii&hl=nl&sa=X&ved=0ahUKEwi1_pGWqJ3oAhWL-qQKHVzADpgQ6AEIXjAG#v=onepage&q=euripidis%20medea%20phoenissae%20grotii&f=false	f	175504 - a1 * de : a2 A2 t$J - b1 A3 ad$ : b2 Eeee2 NI - c1 Ffff2 i$mend : c2 Ooooo2 ai$en$phaei,$a									
606	M1453	1729-01-01	1729-12-31	Synopsis (printed)	Synopsis	f			f	f	https://www.let.leidenuniv.nl/Dutch/Ceneton/Facsimiles/AugustijnenCarel1729	https://www.let.leidenuniv.nl/Dutch/Ceneton/AugustijnenCarel1729.html	http://books.google.be/books?id=pVFbAAAAQAAJ&printsec=frontcover&hl=nl&source=gbs_ge_summary_r&cad=0#v=onepage&q&f=false	f										
607	M2110	1775-01-01	1775-12-31	Synopsis (printed)	Synopsis	f			f	f				f	000004 - 									
608	M29	1537-01-01	1537-12-31	Reprint	Full edition	f	Comedy	Sacred comedy	f	f				f	153708 - a1 Aij $nisi$e : a2 Aiiij .$ - b1 AV estia : b2 EV rum,									
609	M77	1542-01-01	1542-12-31	Reprint	Full edition	f	Comedy	Sacred comedy	f	f				f										
610	M371	1630-01-01	1630-12-31	First Printing	Full edition	f	Tragedy		t	t	https://www.let.leidenuniv.nl/Dutch/Ceneton/Facsimiles/GrotiusEuripidesPhoenissae1630	https://www.let.leidenuniv.nl/Dutch/Ceneton/GrotiusEuripidesPhoenissae1630.html	http://books.google.nl/books?id=g5C7Hg_dvlUC&pg=PR4-IA21&lpg=PR4-IA21&dq=%22contra+quam+Sophocles+Oedipode%22&source=bl&ots=eeJ4t0fYYH&sig=8Tekthu5jAVvf4nZvME-8dXZglY&hl=nl&sa=X&ei=j7VXUvPkHonB0gXv2ICIBw&ved=0CEIQ6AEwBA#v=onepage&q=%22contra%20quam%20Sophocles%20Oedipode%22&f=false	f	163008 - a1 a2 rum : a2 A3 Ioká - b1 A4 bet,$ : b2 H5 $dé.									
611	M1745	1742-01-01	1742-12-31	Synopsis (printed)	Synopsis	f			f	f				f	-4					https://lib.ugent.be/catalog/rug01:000785134				
612	M888	1693-01-01	1693-12-31	Synopsis (printed)	Synopsis	f	Tragedy		f	f	https://www.let.leidenuniv.nl/Dutch/Ceneton/Facsimiles/AugustijnenIamires1693	https://www.let.leidenuniv.nl/Dutch/Ceneton/AugustijnenIamires1693.html	http://books.google.be/books?id=eFFbAAAAQAAJ&printsec=frontcover&hl=nl&source=gbs_ge_summary_r&cad=0#v=onepage&q&f=false	f		Goran Proot, Spectacula Iesuitica Belgica Antiqua (SIBA). Pars I: Provincia Flandro-Belgica (Antwerpen, 2008), p. 1-836								
613	M125	1559-01-01	1559-12-31	First Printing	Full edition	f	Tragedy		f	f				f										
614	M600	1648-01-01	1648-12-31	Synopsis (printed)	Synopsis	f			f	f				f										
615	M726	1663-01-01	1663-12-31	Synopsis (printed)	Synopsis	f			f	f				f	000004 - a1 A2 rcibu									
616	M727	1663-01-01	1663-12-31	Synopsis (printed)	Synopsis	f			f	f				f	4									
617	M367	1629-01-01	1629-12-31	Synopsis (printed)	Synopsis	f	Tragicomedy		f	f				f		Goran Proot, Spectacula Iesuitica Belgica Antiqua (SIBA). Pars I: Provincia Flandro-Belgica (Antwerpen, 2008), p. 1-836								
618	M417	1634-01-01	1634-12-31	Synopsis (printed)	Synopsis	f			f	f				f										
619	M422	1634-01-01	1634-12-31	Synopsis (printed)	Synopsis	f	Comedy		f	f				f		Goran Proot, Spectacula Iesuitica Belgica Antiqua (SIBA). Pars I: Provincia Flandro-Belgica (Antwerpen, 2008), p. 1-836								
620	M533	1640-01-01	1640-12-31	Synopsis (printed)	Synopsis	f			f	f				f		Goran Proot, Spectacula Iesuitica Belgica Antiqua (SIBA). Pars I: Provincia Flandro-Belgica (Antwerpen, 2008), p. 1-836								
621	M1002	1702-01-01	1702-12-31	Synopsis (printed)	Synopsis	f	Tragedy		f	f				f		Goran Proot, Spectacula Iesuitica Belgica Antiqua (SIBA). Pars I: Provincia Flandro-Belgica (Antwerpen, 2008), p. 1-836								
622	M897	1694-01-01	1694-12-31	Synopsis (printed)	Synopsis	f	Comedy		f	f				f										
623	M915	1697-01-01	1697-12-31	Synopsis (printed)	Synopsis	f			f	f				f										
624	M920	1698-01-01	1698-12-31	Synopsis (printed)	Synopsis	f	Tragedy		f	f				f	4	Goran Proot, Spectacula Iesuitica Belgica Antiqua (SIBA). Pars I: Provincia Flandro-Belgica (Antwerpen, 2008), p. 1-836								
625	M922	1698-01-01	1698-12-31	Synopsis (printed)	Synopsis	f	Tragicomedy		f	f				f		Goran Proot, Spectacula Iesuitica Belgica Antiqua (SIBA). Pars I: Provincia Flandro-Belgica (Antwerpen, 2008), p. 1-836								
626	M926	1698-01-01	1698-12-31	Synopsis (printed)	Synopsis	f			f	f				f	169804									
627	M930	1699-01-01	1699-12-31	Synopsis (printed)	Synopsis	f			f	f				f		Goran Proot, Spectacula Iesuitica Belgica Antiqua (SIBA). Pars I: Provincia Flandro-Belgica (Antwerpen, 2008), p. 1-836								
628	M931	1699-01-01	1699-12-31	Synopsis (printed)	Synopsis	f	Comical tragedy		f	f				f		Goran Proot, Spectacula Iesuitica Belgica Antiqua (SIBA). Pars I: Provincia Flandro-Belgica (Antwerpen, 2008), p. 1-836								
629	M947	1699-01-01	1699-12-31	Synopsis (printed)	Synopsis	f			f	f				f		Goran Proot, Spectacula Iesuitica Belgica Antiqua (SIBA). Pars I: Provincia Flandro-Belgica (Antwerpen, 2008), p. 1-836								
630	M990	1702-01-01	1702-12-31	Synopsis (printed)	Synopsis	f			f	f				f		Goran Proot, Spectacula Iesuitica Belgica Antiqua (SIBA). Pars I: Provincia Flandro-Belgica (Antwerpen, 2008), p. 1-836								
631	M999	1702-01-01	1702-12-31	Synopsis (printed)	Synopsis	f			f	f				f		Goran Proot, Spectacula Iesuitica Belgica Antiqua (SIBA). Pars I: Provincia Flandro-Belgica (Antwerpen, 2008), p. 1-836								
632	M822	1679-01-01	1679-12-31	Synopsis (printed)	Synopsis	f			f	f				f			Koppelen op M- of E-niveau aan Ceneton052830							
633	M823	1679-01-01	1679-12-31	Synopsis (printed)	Synopsis	f			f	f				f			Koppelen op M- of E-niveau aan Ceneton052820							
634	M833	1677-01-01	1683-12-31	Synopsis (printed)	Synopsis	f			f	f				f										
635	M1853	1750-01-01	1750-12-31	Synopsis (printed)	Synopsis	f	Tragedy		f	f			http://books.google.nl/books?id=Ar08AAAAcAAJ&printsec=frontcover&hl=nl&output=html	f										
636	M286	1617-01-01	1617-12-31	Synopsis (printed)	Synopsis	f	Comical tragedy		f	f	https://www.let.leidenuniv.nl/Dutch/Ceneton/Facsimiles/SJTrebelliusRoermond1617	https://www.let.leidenuniv.nl/Dutch/Ceneton/SJTrebelliusRoermond1617.html	http://books.google.nl/books?id=cvREAAAAcAAJ&printsec=frontcover&hl=nl&source=gbs_ge_summary_r&cad=0#v=onepage&q&f=false	f										
637	M391	1631-01-01	1631-12-31	Synopsis (printed)	Synopsis	f	Comical tragedy		f	f				f		Goran Proot, Spectacula Iesuitica Belgica Antiqua (SIBA). Pars I: Provincia Flandro-Belgica (Antwerpen, 2008), p. 1-836					http://ark.bnf.fr/ark:/12148/cb38684474s			
638	M400	1631-01-01	1631-12-31	Synopsis (printed)	Synopsis	f			f	f				f		Goran Proot, Spectacula Iesuitica Belgica Antiqua (SIBA). Pars I: Provincia Flandro-Belgica (Antwerpen, 2008), p. 1-836								
639	M421	1634-01-01	1634-12-31	Synopsis (printed)	Synopsis	f			f	f				f										
640	M467	1638-01-01	1638-12-31	Synopsis (printed)	Synopsis	f			f	f				f					https://opac.kbr.be/LIBRARY/doc/SYRACUSE/18010292 					
641	M588	1647-01-01	1647-12-31	Synopsis (printed)	Synopsis	f			f	f				f										
642	M662	1657-01-01	1657-12-31	Synopsis (printed)	Synopsis	f	Tragedy		f	f				f										
643	M675	1659-01-01	1659-12-31	Synopsis (printed)	Synopsis	f			f	f				f	165904									
644	M683	1660-01-01	1660-12-31	Synopsis (printed)	Synopsis	f			f	f				f	2	Goran Proot, Spectacula Iesuitica Belgica Antiqua (SIBA). Pars I: Provincia Flandro-Belgica (Antwerpen, 2008), p. 1-836								
645	M687	1661-01-01	1661-12-31	Synopsis (printed)	Synopsis	f	Tragedy		f	f				f	4	Goran Proot, Spectacula Iesuitica Belgica Antiqua (SIBA). Pars I: Provincia Flandro-Belgica (Antwerpen, 2008), p. 1-836								
646	M696	1662-01-01	1662-12-31	Synopsis (printed)	Synopsis	f			f	f				f	166204									
647	M699	1662-01-01	1662-12-31	Synopsis (printed)	Synopsis	f			f	f				f	166204									
648	M703	1662-01-01	1662-12-31	Synopsis (printed)	Synopsis	f			f	f				f	166204									
649	M725	1663-01-01	1663-12-31	Synopsis (printed)	Synopsis	f			f	f				f	4									
650	M740	1664-01-01	1664-12-31	Synopsis (printed)	Synopsis	f	Tragedy		f	f				f	4									
651	M744	1665-01-01	1665-12-31	Synopsis (printed)	Synopsis	f	Tragedy	Martyr tragedy	f	f				f	166504									
652	M750	1666-01-01	1666-12-31	Synopsis (printed)	Synopsis	f	Comedy		f	f				f										
653	M773	1669-01-01	1669-12-31	Synopsis (printed)	Synopsis	f			f	f				f	166904									
654	M774	1669-01-01	1669-12-31	Synopsis (printed)	Synopsis	f	Tragedy		f	f				f	166904									
655	M780	1671-01-01	1671-12-31	Synopsis (printed)	Synopsis	f	Tragedy	Martyr tragedy	f	f				f	4									
656	M801	1673-01-01	1673-12-31	Synopsis (printed)	Synopsis	f	Tragedy		f	f				f	4									
657	M809	1678-01-01	1678-12-31	Synopsis (printed)	Synopsis	f	Tragedy		f	f				f	4									
658	M832	1680-01-01	1680-12-31	Synopsis (printed)	Synopsis	f	Comedy		f	f				f	4									
659	M883	1691-01-01	1691-12-31	Synopsis (printed)	Synopsis	f			f	f				f		Goran Proot, Spectacula Iesuitica Belgica Antiqua (SIBA). Pars I: Provincia Flandro-Belgica (Antwerpen, 2008), p. 1-836								
660	M893	1693-01-01	1693-12-31	Synopsis (printed)	Synopsis	f	Tragedy		f	f				f		Goran Proot, Spectacula Iesuitica Belgica Antiqua (SIBA). Pars I: Provincia Flandro-Belgica (Antwerpen, 2008), p. 1-836								
661	M320	1623-01-01	1623-12-31	Synopsis (printed)	Synopsis	f			f	f				f		Goran Proot, Spectacula Iesuitica Belgica Antiqua (SIBA). Pars I: Provincia Flandro-Belgica (Antwerpen, 2008), p. 1-836								
662	M328	1624-01-01	1624-12-31	Synopsis (printed)	Synopsis	f	Comical tragedy		f	f			http://books.google.nl/books?id=-lc_AAAAcAAJ&printsec=frontcover&dq=ghedaghtenisse+des+doots&hl=nl&sa=X&ei=27ndUKKrEauq0AXT2ICABg&redir_esc=y	f										
663	M330	1625-01-01	1625-12-31	First Printing	Full edition	f	Tragedy		f	f				f						https://lib.ugent.be/catalog/rug01:001236882				
716	M1437	1729-01-01	1729-12-31	Mention	Fragment	f	Comedy		f	f				f										
664	M431	1635-01-01	1635-12-31	First Printing	Full edition	f	Comical tragedy		t	t				f	163508 - a1 a2 ga : a2 a4 anu - b1 A ac : b2 D3 os$d - c1 A n : b2 B5 den									
665	M470	1638-01-01	1638-12-31		Full edition	f	Tragedy		f	f				f		Goran Proot, Spectacula Iesuitica Belgica Antiqua (SIBA). Pars I: Provincia Flandro-Belgica (Antwerpen, 2008), p. 1-836								
666	M471	1638-01-01	1638-12-31	Synopsis (printed)	Synopsis	f	Comedy		f	f				f		Goran Proot, Spectacula Iesuitica Belgica Antiqua (SIBA). Pars I: Provincia Flandro-Belgica (Antwerpen, 2008), p. 1-836								
667	M473	1638-01-01	1638-12-31	Synopsis (printed)	Synopsis	f			f	f				f										
668	M495	1639-01-01	1639-12-31	Synopsis (printed)	Synopsis	f			f	f				f										
669	M498	1639-01-01	1639-12-31	Synopsis (printed)	Synopsis	f			f	f				f										
670	M505	1639-01-01	1639-12-31	Synopsis (printed)	Synopsis	f			f	f				f		Goran Proot, Spectacula Iesuitica Belgica Antiqua (SIBA). Pars I: Provincia Flandro-Belgica (Antwerpen, 2008), p. 1-836								
671	M522	1640-01-01	1640-12-31	Synopsis (printed)	Synopsis	f			f	f				f		Goran Proot, Spectacula Iesuitica Belgica Antiqua (SIBA). Pars I: Provincia Flandro-Belgica (Antwerpen, 2008), p. 1-836								
672	M538	1641-01-01	1641-12-31	Synopsis (printed)	Synopsis	f			f	f				f		Goran Proot, Spectacula Iesuitica Belgica Antiqua (SIBA). Pars I: Provincia Flandro-Belgica (Antwerpen, 2008), p. 1-836								
673	M544	1642-01-01	1642-12-31	Synopsis (printed)	Synopsis	f			f	f				f										
674	M555	1645-01-01	1645-12-31	Synopsis (printed)	Synopsis	f	Tragicomedy		f	f				f		Goran Proot, Spectacula Iesuitica Belgica Antiqua (SIBA). Pars I: Provincia Flandro-Belgica (Antwerpen, 2008), p. 1-836								
675	M630	1654-01-01	1654-12-31	Synopsis (printed)	Synopsis	f			f	f				f	4	Goran Proot, Spectacula Iesuitica Belgica Antiqua (SIBA). Pars I: Provincia Flandro-Belgica (Antwerpen, 2008), p. 1-836								
676	M661	1657-01-01	1657-12-31	Synopsis (printed)	Synopsis	f			f	f				f										
677	M729	1663-01-01	1663-12-31	Synopsis (printed)	Synopsis	f			f	f				f										
678	M1846	1750-01-01	1750-12-31	Synopsis (printed)	Synopsis	f			f	f				f		Goran Proot, Spectacula Iesuitica Belgica Antiqua (SIBA). Pars I: Provincia Flandro-Belgica (Antwerpen, 2008), p. 1-836								
679	M1435	1728-01-01	1728-12-31	Synopsis (printed)	Synopsis	f	Tragedy		f	f			http://anet.ua.ac.be/desktop/anet/core/index.phtml?language=&euser=&session=&service=opacua&robot=&deskservice=desktop&desktop=anet&workstation=&extra=	f				https://anet.be/record/opacuantwerpen/c:lvd:14051337/N						
680	M1486	1730-01-01	1730-12-31	Synopsis (printed)	Synopsis	f	Tragedy		f	f				f	000004 - b1 A2 avan									
681	M1517	1730-01-01	1730-12-31	Mention	Fragment	f	Comedy		f	f				f	000004 - 									
682	M1034	1705-01-01	1705-12-31	Synopsis (printed)	Synopsis	f	Tragedy		f	f				f	170504	Goran Proot, Spectacula Iesuitica Belgica Antiqua (SIBA). Pars I: Provincia Flandro-Belgica (Antwerpen, 2008), p. 1-836								
683	M1150	1718-01-01	1718-12-31	Synopsis (printed)	Synopsis	f	Tragedy		f	f	https://www.let.leidenuniv.nl/Dutch/Ceneton/Facsimiles/SJBambaGent1718			f		Goran Proot, Spectacula Iesuitica Belgica Antiqua (SIBA). Pars I: Provincia Flandro-Belgica (Antwerpen, 2008), p. 1-836								
684	M1198	1721-01-01	1721-12-31	Synopsis (printed)	Synopsis	f			f	f			http://anet.ua.ac.be/desktop/anet/core/index.phtml?language=&euser=&session=&service=opacua&robot=&deskservice=desktop&desktop=anet&workstation=&extra=	f				https://anet.be/record/opacuantwerpen/c:lvd:14052715/N						
685	M1205	1722-01-01	1722-12-31	Synopsis (printed)	Synopsis	f			f	f				f										
686	M1216	1722-01-01	1722-12-31	Synopsis (printed)	Synopsis	f	Tragedy		f	f			http://anet.ua.ac.be/desktop/anet/core/index.phtml?language=&euser=&session=&service=opacua&robot=&deskservice=desktop&desktop=anet&workstation=&extra=	f				https://anet.be/record/opacuantwerpen/c:lvd:14024057/N						
687	M1239	1723-01-01	1723-12-31	Synopsis (printed)	Synopsis	f			f	f	https://www.let.leidenuniv.nl/Dutch/Ceneton/Facsimiles/SJAepytusGent1723			f										
688	M1248	1723-01-01	1723-12-31	Synopsis (printed)	Synopsis	f			f	f	https://www.let.leidenuniv.nl/Dutch/Ceneton/Facsimiles/SJJosephAalst1723			f		Goran Proot, Spectacula Iesuitica Belgica Antiqua (SIBA). Pars I: Provincia Flandro-Belgica (Antwerpen, 2008), p. 1-836								
689	M1267	1724-01-01	1724-12-31	Synopsis (printed)	Synopsis	f			f	f				f						https://lib.ugent.be/catalog/rug01:000792976				
690	M1268	1724-01-01	1724-12-31	Synopsis (printed)	Synopsis	f			f	f				f			Ceneton-ID komt tweemaal voor.			https://lib.ugent.be/catalog/rug01:000792980				
691	M1269	1724-01-01	1724-12-31	Synopsis (printed)	Synopsis	f			f	f				f			Ceneton-ID komt tweemaal voor.			https://lib.ugent.be/catalog/rug01:000792978				
692	M1277	1724-01-01	1724-12-31	Synopsis (printed)	Synopsis	f	Comedy	Farce	f	f				f										
693	M1279	1724-01-01	1724-12-31	Synopsis (printed)	Synopsis	f			f	f				f										
694	M1280	1724-01-01	1724-12-31	Synopsis (printed)	Synopsis	f	Tragedy		f	f	https://www.let.leidenuniv.nl/Dutch/Ceneton/Facsimiles/SJDavidGent1724	https://www.let.leidenuniv.nl/Dutch/Ceneton/SJDavidGent1724.html	http://anet.ua.ac.be/desktop/anet/core/index.phtml?language=&euser=&session=&service=opacua&robot=&deskservice=desktop&desktop=anet&workstation=&extra=	f		Goran Proot, Spectacula Iesuitica Belgica Antiqua (SIBA). Pars I: Provincia Flandro-Belgica (Antwerpen, 2008), p. 1-836		https://anet.be/record/opacuantwerpen/c:lvd:14024088/N						
695	M1296	1724-01-01	1724-12-31	Synopsis (printed)	Synopsis	f			f	f				f										
696	M1304	1724-01-01	1724-12-31	Synopsis (printed)	Synopsis	f			f	f			http://anet.ua.ac.be/desktop/anet/core/index.phtml?language=&euser=&session=&service=opacua&robot=&deskservice=desktop&desktop=anet&workstation=&extra=	f				https://anet.be/record/opacuantwerpen/c:lvd:14052857/N						
697	M1308	1725-01-01	1725-12-31	Synopsis (printed)	Synopsis	f	Tragedy		f	f				f						https://lib.ugent.be/catalog/rug01:000792989				
698	M1309	1725-01-01	1725-12-31	Synopsis (printed)	Synopsis	f			f	f				f						https://lib.ugent.be/catalog/rug01:000792989				
699	M1310	1725-01-01	1725-12-31		Fragment	f			f	f				f										
700	M1311	1725-01-01	1725-12-31	Synopsis (printed)	Synopsis	f			f	f				f						https://lib.ugent.be/catalog/rug01:000792987				
701	M1312	1725-01-01	1725-12-31	Synopsis (printed)	Synopsis	f			f	f				f						https://lib.ugent.be/catalog/rug01:000792983				
702	M1318	1725-01-01	1725-12-31	Synopsis (printed)	Synopsis	f			f	f				f			Koppelen op M- of E-niveau aan Ceneton007030			https://lib.ugent.be/catalog/rug01:000792990				
703	M1333	1725-01-01	1725-12-31	Synopsis (printed)	Synopsis	f			f	f				f										
704	M1335	1725-01-01	1725-12-31	Synopsis (printed)	Synopsis	f			f	f				f										
705	M1336	1725-01-01	1725-12-31	Synopsis (printed)	Synopsis	f			f	f				f			Koppelen op M- of E-niveau aan Ceneton006580			https://lib.ugent.be/catalog/rug01:000792991				
706	M1339	1726-01-01	1726-12-31	Synopsis (printed)	Synopsis	f			f	f			http://books.google.be/books?id=dfxLAAAAcAAJ&printsec=frontcover&dq=Abram+triumphans&hl=nl&sa=X&ei=SimqUKX6LYaZ0QWLt4GgDg&ved=0CC8Q6AEwAA	f										
707	M1340	1726-01-01	1726-12-31	Synopsis (printed)	Synopsis	f			f	f				f										
708	M1349	1726-01-01	1726-12-31	Synopsis (printed)	Synopsis	f			f	f				f										
709	M1350	1726-01-01	1726-12-31	Synopsis (printed)	Synopsis	f			f	f				f										
710	M1354	1726-01-01	1726-12-31	Synopsis (printed)	Synopsis	f			f	f				f										
711	M1355	1726-01-01	1726-12-31	Synopsis (printed)	Synopsis	f			f	f				f										
712	M1364	1726-01-01	1726-12-31	Synopsis (printed)	Synopsis	f			f	f				f										
713	M1366	1726-01-01	1726-12-31	Mention	Fragment	f			f	f				f										
714	M1384	1727-01-01	1727-12-31	Synopsis (printed)	Synopsis	f			f	f				f										
715	M1391	1727-01-01	1727-12-31	Synopsis (printed)	Synopsis	f			f	f				f										
717	M1439	1729-01-01	1729-12-31	Synopsis (printed)	Synopsis	f			f	f				f										
718	M1448	1729-01-01	1729-12-31	Synopsis (printed)	Synopsis	f			f	f				f										
719	M1449	1729-01-01	1729-12-31	Synopsis (printed)	Synopsis	f	Tragedy		f	f				f						https://lib.ugent.be/catalog/rug01:000793062				
720	M1466	1729-01-01	1729-12-31	Synopsis (printed)	Synopsis	f			f	f				f										
721	M1597	1732-01-01	1732-12-31	Synopsis (printed)	Synopsis	f			f	f				f		Goran Proot, Spectacula Iesuitica Belgica Antiqua (SIBA). Pars I: Provincia Flandro-Belgica (Antwerpen, 2008), p. 1-836								
722	M379	1630-01-01	1630-12-31	Synopsis (printed)	Synopsis	f	Comical tragedy		f	f				f										
723	M408	1633-01-01	1633-12-31	Synopsis (printed)	Synopsis	f	Tragicomedy		f	f				f							https://catalogue.bnf.fr/ark:/12148/cb386844216			
724	M843	1682-01-01	1682-12-31	Synopsis (printed)	Synopsis	f			f	f				f		Goran Proot, Spectacula Iesuitica Belgica Antiqua (SIBA). Pars I: Provincia Flandro-Belgica (Antwerpen, 2008), p. 1-836								
725	M844	1682-01-01	1682-12-31	Synopsis (printed)	Synopsis	f	Comedy		f	f				f		Goran Proot, Spectacula Iesuitica Belgica Antiqua (SIBA). Pars I: Provincia Flandro-Belgica (Antwerpen, 2008), p. 1-836								
726	M853	1683-01-01	1683-12-31	Synopsis (printed)	Synopsis	f			f	f				f										
727	M876	1689-01-01	1689-12-31	Synopsis (printed)	Synopsis	f			f	f				f										
728	M1542	1731-01-01	1731-12-31	Synopsis (printed)	Synopsis	f	Tragedy		f	f				f	4									
729	M1552	1731-01-01	1731-12-31	Mention	Fragment	f	Tragedy		f	f				f										
730	M1009	1703-01-01	1703-12-31	Synopsis (printed)	Synopsis	f			f	f				f		Goran Proot, Spectacula Iesuitica Belgica Antiqua (SIBA). Pars I: Provincia Flandro-Belgica (Antwerpen, 2008), p. 1-836								
731	M1013	1703-01-01	1703-12-31	Synopsis (printed)	Synopsis	f	Tragedy		f	f	https://www.let.leidenuniv.nl/Dutch/Ceneton/Facsimiles/SJAbrahamCassel1703	https://www.let.leidenuniv.nl/Dutch/Ceneton/SJAbrahamCassel1703.html	http://anet.ua.ac.be/desktop/anet/core/index.phtml?language=&euser=&session=&service=opacua&robot=&deskservice=desktop&desktop=anet&workstation=&extra=	f		Goran Proot, Spectacula Iesuitica Belgica Antiqua (SIBA). Pars I: Provincia Flandro-Belgica (Antwerpen, 2008), p. 1-836								
732	M889	1693-01-01	1693-12-31	Synopsis (printed)	Synopsis	f	Comical tragedy		f	f			http://anet.ua.ac.be/desktop/anet/core/index.phtml?language=&euser=&session=&service=opacua&robot=&deskservice=desktop&desktop=anet&workstation=&extra=	f	4	Goran Proot, Spectacula Iesuitica Belgica Antiqua (SIBA). Pars I: Provincia Flandro-Belgica (Antwerpen, 2008), p. 1-836		https://anet.be/record/opacuantwerpen/c:lvd:14049685/N						
733	M902	1695-01-01	1695-12-31	Synopsis (printed)	Synopsis	f			f	f	https://www.let.leidenuniv.nl/Dutch/Ceneton/Facsimiles/SJMithridatesIeper1695		http://books.google.be/books?id=11hbAAAAQAAJ&printsec=frontcover&hl=nl&source=gbs_ge_summary_r&cad=0#v=onepage&q&f=false	f	169504 - 									
734	M906	1696-01-01	1696-12-31	Synopsis (printed)	Synopsis	f	Comical tragedy		f	f				f		Goran Proot, Spectacula Iesuitica Belgica Antiqua (SIBA). Pars I: Provincia Flandro-Belgica (Antwerpen, 2008), p. 1-836				https://lib.ugent.be/catalog/bkt01:000313440				
735	M921	1698-01-01	1698-12-31	Synopsis (printed)	Synopsis	f	Tragedy		f	f	https://www.let.leidenuniv.nl/Dutch/Ceneton/Facsimiles/SJSedeciasIeper1698			f	000008 - b1 A2 l’a	Goran Proot, Spectacula Iesuitica Belgica Antiqua (SIBA). Pars I: Provincia Flandro-Belgica (Antwerpen, 2008), p. 1-836								
736	M927	1698-01-01	1698-12-31	Synopsis (printed)	Synopsis	f			f	f				f										
737	M988	1702-01-01	1702-12-31	Synopsis (printed)	Synopsis	f	Tragedy		f	f				f		Goran Proot, Spectacula Iesuitica Belgica Antiqua (SIBA). Pars I: Provincia Flandro-Belgica (Antwerpen, 2008), p. 1-836								
738	M1765	1744-01-01	1744-12-31	Synopsis (printed)	Synopsis	f	Tragedy		f	f	https://www.let.leidenuniv.nl/Dutch/Ceneton/Facsimiles/SJSamuelKortrijk1744			f										
739	M1766	1744-01-01	1744-12-31	Mention	Fragment	f			f	f				f										
740	M1781	1745-01-01	1745-12-31	Synopsis (printed)	Synopsis	f			t	t	https://www.let.leidenuniv.nl/Dutch/Ceneton/Facsimiles/SJThomasJaponKortijk1745	https://www.let.leidenuniv.nl/Dutch/Ceneton/SJThomasJaponKortijk1745.html		f										
741	M1783	1745-01-01	1745-12-31	Synopsis (printed)	Synopsis	f	Tragedy		f	f				f	2	Goran Proot, Spectacula Iesuitica Belgica Antiqua (SIBA). Pars I: Provincia Flandro-Belgica (Antwerpen, 2008), p. 1-836								
742	M1784	1745-01-01	1745-12-31	Synopsis (printed)	Synopsis	f	Comedy		f	f				f	2		Niet teruggevonden bij Proot							
743	M1796	1745-01-01	1745-12-31	Synopsis (printed)	Synopsis	f			f	f	https://www.let.leidenuniv.nl/Dutch/Ceneton/Facsimiles/SJThomasApostolusKortrijk1745	https://www.let.leidenuniv.nl/Dutch/Ceneton/SJThomasApostolusKortrijk1745.html		f										
744	M1797	1745-01-01	1745-12-31	Synopsis (printed)	Synopsis	f			f	f	https://www.let.leidenuniv.nl/Dutch/Ceneton/Facsimiles/SJLotKortrijk1745			f										
745	M1798	1746-01-01	1746-12-31	Synopsis (printed)	Synopsis	f			f	f	https://www.let.leidenuniv.nl/Dutch/Ceneton/Facsimiles/SJAsmundusKortrijk1746			f										
746	M131	1563-01-01	1563-12-31	Mention	Fragment	f	Comedy		f	f		https://www.let.leidenuniv.nl/Dutch/Ceneton/GoedthalsSoter1563.html	https://books.google.nl/books?id=ET_5K0dVyrQC&pg=PP9&dq=soter+gloriosvs&hl=nl&sa=X&ved=0ahUKEwiAjb3foLPpAhUG-6QKHQy_C4cQ6AEINzAB#v=onepage&q=soter%20gloriosvs&f=false	f	156308 - a1 A2 issi : a2 A5 o,$ - b1 B ed : b2 D5 res$									
747	M160	1589-01-01	1589-12-31	First Printing	Full edition	f			t	t				f										
748	M297	1620-01-01	1620-12-31	First Printing	Full edition	f	Comedy		f	f				f										http://explore.bl.uk/BLVU1:LSCOP-ALL:BLL01000986869
749	M2250	1620-01-01	1620-12-31	First Printing	Full edition	f	Tragicomedy		f	f				f										http://explore.bl.uk/BLVU1:LSCOP-ALL:BLL01000986869
750	M840	1682-01-01	1682-12-31	Reprint	Full edition	f			f	f				f										
751	M355	1628-01-01	1628-12-31	Synopsis (printed)	Synopsis	f			f	f				f										
752	M416	1634-01-01	1634-12-31	First Printing	Full edition	f			t	t			http://babel.hathitrust.org/cgi/pt?id=ucm.5324258469;seq=2;view=1up;num=i	f	1634 - 									
753	M418	1634-01-01	1634-12-31	Synopsis (printed)	Synopsis	f	Tragedy		f	f			http://babel.hathitrust.org/cgi/pt?id=ucm.5324258469;seq=2;view=1up;num=i	f	1634 - a1 b2 Y4 s$re									
754	M419	1634-01-01	1634-12-31	Synopsis (printed)	Synopsis	f	Tragedy		f	f			http://babel.hathitrust.org/cgi/pt?id=ucm.5324258469;seq=2;view=1up;num=i	f	163408 - a1 F3 OE : a2 F4 $AV - b1 F5 $fug : b2 L3 N									
755	M420	1634-01-01	1634-12-31	Synopsis (printed)	Synopsis	f			f	f			http://babel.hathitrust.org/cgi/pt?id=ucm.5324258469;seq=2;view=1up;num=i	f	1634									
756	M425	1634-01-01	1634-12-31	Synopsis (printed)	Synopsis	f	Tragedy	Martyr tragedy	f	f			http://babel.hathitrust.org/cgi/pt?id=ucm.5324258469;seq=2;view=1up;num=i	f	1634									
757	M426	1634-01-01	1634-12-31	Synopsis (printed)	Synopsis	f	Tragedy		f	f			http://babel.hathitrust.org/cgi/pt?id=ucm.5324258469;seq=2;view=1up;num=i	f	1634									
758	M428	1634-01-01	1634-12-31	Synopsis (printed)	Synopsis	f			f	f			http://babel.hathitrust.org/cgi/pt?id=ucm.5324258469;seq=2;view=1up;num=i	f	1634									
759	M429	1634-01-01	1634-12-31	Reprint	Full edition	f	Tragedy		f	f			http://babel.hathitrust.org/cgi/pt?id=ucm.5324258469;seq=2;view=1up;num=i	f	1634									
760	M343	1628-01-01	1628-12-31	First Printing	Full edition	f			t	t			https://books.google.nl/books?id=3Wg-AAAAcAAJ&printsec=frontcover&dq=Bustum+Sodomae&hl=nl&sa=X&ved=0ahUKEwiFx8jSzorTAhViKcAKHYNAChMQ6AEIVDAI#v=onepage&q&f=false	f										
761	M346	1628-01-01	1628-12-31	Reprint	Full edition	f			t	t			https://books.google.nl/books?id=3Wg-AAAAcAAJ&printsec=frontcover&dq=Bustum+Sodomae&hl=nl&sa=X&ved=0ahUKEwiFx8jSzorTAhViKcAKHYNAChMQ6AEIVDAI#v=onepage&q&f=false	f										
762	M349	1628-01-01	1628-12-31	Reprint	Full edition	f			f	f			https://books.google.nl/books?id=3Wg-AAAAcAAJ&printsec=frontcover&dq=Bustum+Sodomae&hl=nl&sa=X&ved=0ahUKEwiFx8jSzorTAhViKcAKHYNAChMQ6AEIVDAI#v=onepage&q&f=false	f										
763	M351	1628-01-01	1628-12-31	Reprint	Full edition	f			f	f			https://books.google.nl/books?id=3Wg-AAAAcAAJ&printsec=frontcover&dq=Bustum+Sodomae&hl=nl&sa=X&ved=0ahUKEwiFx8jSzorTAhViKcAKHYNAChMQ6AEIVDAI#v=onepage&q&f=false	f	162804 - a1 A2 â)$ : a2 A3 nio - b1 B p - b2 E3 ido									
764	M354	1628-01-01	1628-12-31	Reprint	Full edition	f			f	f			https://books.google.nl/books?id=3Wg-AAAAcAAJ&printsec=frontcover&dq=Bustum+Sodomae&hl=nl&sa=X&ved=0ahUKEwiFx8jSzorTAhViKcAKHYNAChMQ6AEIVDAI#v=onepage&q&f=false	f										
765	M359	1628-01-01	1628-12-31	First Printing	Full edition	f			f	f			https://books.google.nl/books?id=3Wg-AAAAcAAJ&printsec=frontcover&dq=Bustum+Sodomae&hl=nl&sa=X&ved=0ahUKEwiFx8jSzorTAhViKcAKHYNAChMQ6AEIVDAI#v=onepage&q&f=false	f										
766	M360	1628-01-01	1628-12-31	First Printing	Full edition	f			f	f			https://books.google.nl/books?id=3Wg-AAAAcAAJ&printsec=frontcover&dq=Bustum+Sodomae&hl=nl&sa=X&ved=0ahUKEwiFx8jSzorTAhViKcAKHYNAChMQ6AEIVDAI#v=onepage&q&f=false	f										
767	M2010	1766-01-01	1766-12-31	Synopsis (printed)	Synopsis	f	Tragedy		f	f				f	2									
768	M2013	1766-01-01	1766-12-31	Mention	Fragment	f	Comedy		f	f				f	2									
769	M839	1682-01-01	1682-12-31	Reprint	Full edition	f			f	f				f	000012 - a1 A2 &$h : a2 A3 tit. - b1 A4 Ephra : b2 C3 str									
770	M1811	1747-01-01	1747-12-31	Synopsis (printed)	Synopsis	f	Tragedy		f	f				f										
771	M1812	1747-01-01	1747-12-31	Synopsis (printed)	Synopsis	f	Comedy		f	f				f										
772	M1813	1747-01-01	1747-12-31	Synopsis (printed)	Synopsis	f	Tragedy		f	f				f										
773	M1814	1747-01-01	1747-12-31	Synopsis (printed)	Synopsis	f	Comedy		f	f				f										
774	M1815	1748-01-01	1748-12-31	Synopsis (printed)	Synopsis	f	Comedy		f	f				f										
775	M1816	1748-01-01	1748-12-31	Synopsis (printed)	Synopsis	f	Tragedy		f	f				f										
776	M1817	1748-01-01	1748-12-31	Synopsis (printed)	Synopsis	f	Comedy		f	f				f										
777	M1820	1748-01-01	1748-12-31	Synopsis (printed)	Synopsis	f	Tragedy		f	f				f										
778	M1825	1749-01-01	1749-12-31	Synopsis (printed)	Synopsis	f	Tragedy		f	f				f										
779	M1826	1749-01-01	1749-12-31	Synopsis (printed)	Synopsis	f	Comedy		f	f				f										
780	M1828	1749-01-01	1749-12-31	Synopsis (printed)	Synopsis	f	Tragedy		f	f				f										
781	M1831	1749-01-01	1749-12-31	Synopsis (printed)	Synopsis	f	Comedy		f	f				f										
782	M1841	1750-01-01	1750-12-31	Synopsis (printed)	Synopsis	f	Comedy		f	f				f										
783	M1845	1750-01-01	1750-12-31	Synopsis (printed)	Synopsis	f	Tragedy		f	f				f										
784	M1847	1750-01-01	1750-12-31	Synopsis (printed)	Synopsis	f	Comedy		f	f				f										
785	M1850	1750-01-01	1750-12-31	Synopsis (printed)	Synopsis	f	Tragedy		f	f				f										
786	M1857	1751-01-01	1751-12-31	Synopsis (printed)	Synopsis	f	Tragedy		f	f				f										
787	M1861	1751-01-01	1751-12-31	Synopsis (printed)	Synopsis	f	Comedy		f	f				f										
788	M1862	1751-01-01	1751-12-31	Synopsis (printed)	Synopsis	f	Comedy		f	f				f										
789	M1863	1751-01-01	1751-12-31	Synopsis (printed)	Synopsis	f	Tragedy		f	f				f										
790	M1867	1752-01-01	1752-12-31	Synopsis (printed)	Synopsis	f	Tragedy		f	f				f										
791	M1869	1752-01-01	1752-12-31	Synopsis (printed)	Synopsis	f	Comedy		f	f				f										
792	M1870	1752-01-01	1752-12-31	Synopsis (printed)	Synopsis	f	Tragedy		f	f				f										
793	M1872	1753-01-01	1753-12-31	Synopsis (printed)	Synopsis	f	Tragedy		f	f				f		Goran Proot, 'Het toneel van de Antwerpse Augustijnen (1671-1783)' in: De Gulden Passer. Jaargang 76-77 (1998-1999), p. 183-194, via: https://www.dbnl.org/tekst/_gul005199801_01/_gul005199801_01_0008.php								
794	M1873	1753-01-01	1753-12-31	Synopsis (printed)	Synopsis	f	Comedy		f	f				f										
795	M1874	1753-01-01	1753-12-31	Synopsis (printed)	Synopsis	f	Comedy		f	f				f										
796	M1875	1753-01-01	1753-12-31	Synopsis (printed)	Synopsis	f	Tragedy		f	f				f										
797	M1876	1753-01-01	1753-12-31	Synopsis (printed)	Synopsis	f	Comedy		f	f				f										
798	M1878	1754-01-01	1754-12-31	Synopsis (printed)	Synopsis	f	Tragedy		f	f				f										
799	M1879	1754-01-01	1754-12-31	Synopsis (printed)	Synopsis	f	Tragedy		f	f				f										
800	M1882	1754-01-01	1754-12-31	Synopsis (printed)	Synopsis	f	Comedy		f	f				f										
801	M1883	1754-01-01	1754-12-31	Synopsis (printed)	Synopsis	f	Tragedy		f	f				f										
802	M1898	1755-01-01	1755-12-31	Synopsis (printed)	Synopsis	f	Comedy		f	f				f										
803	M1900	1755-01-01	1755-12-31	Synopsis (printed)	Synopsis	f	Tragedy		f	f				f										
804	M1923	1758-01-01	1758-12-31	Synopsis (printed)	Synopsis	f	Tragedy		f	f				f										
805	M1927	1758-01-01	1758-12-31	Mention	Fragment	f	Comedy		f	f				f										
806	M1928	1758-01-01	1758-12-31	Synopsis (printed)	Synopsis	f	Comedy		f	f				f										
807	M1929	1758-01-01	1758-12-31	Synopsis (printed)	Synopsis	f	Tragedy		f	f				f										
808	M1931	1759-01-01	1759-12-31	Synopsis (printed)	Synopsis	f	Tragedy		f	f				f										
809	M1932	1759-01-01	1759-12-31	Mention	Fragment	f	Comedy		f	f				f										
810	M1933	1759-01-01	1759-12-31	Synopsis (printed)	Synopsis	f	Tragedy		f	f				f										
811	M1938	1759-01-01	1759-12-31	Mention	Fragment	f	Comedy		f	f				f										
812	M1941	1760-01-01	1760-12-31	Mention	Fragment	f	Comedy		f	f				f		Goran Proot, 'Het toneel van de Antwerpse Augustijnen (1671-1783)' in: De Gulden Passer. Jaargang 76-77 (1998-1999), p. 183-194, via: https://www.dbnl.org/tekst/_gul005199801_01/_gul005199801_01_0008.php								
813	M1942	1760-01-01	1760-12-31	Synopsis (printed)	Synopsis	f	Tragedy		f	f				f		Goran Proot, 'Het toneel van de Antwerpse Augustijnen (1671-1783)' in: De Gulden Passer. Jaargang 76-77 (1998-1999), p. 183-194, via: https://www.dbnl.org/tekst/_gul005199801_01/_gul005199801_01_0008.php								
814	M1947	1761-01-01	1761-12-31	Synopsis (printed)	Synopsis	f	Tragedy		f	f				f		Goran Proot, 'Het toneel van de Antwerpse Augustijnen (1671-1783)' in: De Gulden Passer. Jaargang 76-77 (1998-1999), p. 183-194, via: https://www.dbnl.org/tekst/_gul005199801_01/_gul005199801_01_0008.php								
815	M1948	1761-01-01	1761-12-31	Mention	Fragment	f	Comedy		f	f				f		Goran Proot, 'Het toneel van de Antwerpse Augustijnen (1671-1783)' in: De Gulden Passer. Jaargang 76-77 (1998-1999), p. 183-194, via: https://www.dbnl.org/tekst/_gul005199801_01/_gul005199801_01_0008.php								
816	M1951	1761-01-01	1761-12-31	Mention	Fragment	f	Comedy		f	f				f		Goran Proot, 'Het toneel van de Antwerpse Augustijnen (1671-1783)' in: De Gulden Passer. Jaargang 76-77 (1998-1999), p. 183-194, via: https://www.dbnl.org/tekst/_gul005199801_01/_gul005199801_01_0008.php								
817	M1954	1761-01-01	1761-12-31	Synopsis (printed)	Synopsis	f	Tragedy		f	f				f		Goran Proot, 'Het toneel van de Antwerpse Augustijnen (1671-1783)' in: De Gulden Passer. Jaargang 76-77 (1998-1999), p. 183-194, via: https://www.dbnl.org/tekst/_gul005199801_01/_gul005199801_01_0008.php			https://opac.kbr.be/LIBRARY/doc/SYRACUSE/18385772 					
818	M1958	1762-01-01	1762-12-31	Synopsis (printed)	Synopsis	f	Tragedy		f	f				f		Goran Proot, 'Het toneel van de Antwerpse Augustijnen (1671-1783)' in: De Gulden Passer. Jaargang 76-77 (1998-1999), p. 183-194, via: https://www.dbnl.org/tekst/_gul005199801_01/_gul005199801_01_0008.php								
819	M1959	1762-01-01	1762-12-31	Mention	Fragment	f	Comedy		f	f				f		Goran Proot, 'Het toneel van de Antwerpse Augustijnen (1671-1783)' in: De Gulden Passer. Jaargang 76-77 (1998-1999), p. 183-194, via: https://www.dbnl.org/tekst/_gul005199801_01/_gul005199801_01_0008.php								
820	M1963	1762-01-01	1762-12-31	Mention	Fragment	f	Comedy		f	f				f										
821	M1968	1762-01-01	1762-12-31	Synopsis (printed)	Synopsis	f	Tragedy		f	f				f		Goran Proot, 'Het toneel van de Antwerpse Augustijnen (1671-1783)' in: De Gulden Passer. Jaargang 76-77 (1998-1999), p. 183-194, via: https://www.dbnl.org/tekst/_gul005199801_01/_gul005199801_01_0008.php			https://opac.kbr.be/LIBRARY/doc/SYRACUSE/18385676  					
822	M1970	1763-01-01	1763-12-31	Synopsis (printed)	Synopsis	f	Tragedy		f	f				f		Goran Proot, 'Het toneel van de Antwerpse Augustijnen (1671-1783)' in: De Gulden Passer. Jaargang 76-77 (1998-1999), p. 183-194, via: https://www.dbnl.org/tekst/_gul005199801_01/_gul005199801_01_0008.php								
823	M1974	1763-01-01	1763-12-31	Mention	Fragment	f	Comedy		f	f				f										
824	M1975	1763-01-01	1763-12-31	Synopsis (printed)	Synopsis	f	Comedy		f	f				f										
825	M1979	1763-01-01	1763-12-31	Synopsis (printed)	Synopsis	f	Tragedy		f	f				f										
826	M1980	1764-01-01	1764-12-31	Synopsis (printed)	Synopsis	f	Tragedy		f	f				f		Goran Proot, 'Het toneel van de Antwerpse Augustijnen (1671-1783)' in: De Gulden Passer. Jaargang 76-77 (1998-1999), p. 183-194, via: https://www.dbnl.org/tekst/_gul005199801_01/_gul005199801_01_0008.php								
827	M1986	1764-01-01	1764-12-31	Mention	Fragment	f	Comedy		f	f				f										
828	M1987	1764-01-01	1764-12-31	Synopsis (printed)	Synopsis	f	Tragedy		f	f				f										
829	M1988	1764-01-01	1764-12-31	Mention	Fragment	f	Comedy		f	f				f										
830	M1990	1764-01-01	1764-12-31	Mention	Fragment	f	Comedy		f	f				f										
831	M1993	1765-01-01	1765-12-31	Mention	Fragment	f	Comedy		f	f				f		Goran Proot, 'Het toneel van de Antwerpse Augustijnen (1671-1783)' in: De Gulden Passer. Jaargang 76-77 (1998-1999), p. 183-194, via: https://www.dbnl.org/tekst/_gul005199801_01/_gul005199801_01_0008.php								
832	M1994	1765-01-01	1765-12-31	Synopsis (printed)	Synopsis	f	Tragedy		f	f				f		Goran Proot, 'Het toneel van de Antwerpse Augustijnen (1671-1783)' in: De Gulden Passer. Jaargang 76-77 (1998-1999), p. 183-194, via: https://www.dbnl.org/tekst/_gul005199801_01/_gul005199801_01_0008.php			https://opac.kbr.be/LIBRARY/doc/SYRACUSE/18385157 					
833	M1996	1765-01-01	1765-12-31	Synopsis (printed)	Synopsis	f	Tragedy		f	f				f										
834	M2001	1765-01-01	1765-12-31	Mention	Fragment	f	Tragedy		f	f				f										
835	M2004	1765-01-01	1765-12-31	Synopsis (printed)	Synopsis	f	Tragedy		f	f				f										
836	M2006	1766-01-01	1766-12-31	Mention	Fragment	f	Comedy		f	f				f		Goran Proot, 'Het toneel van de Antwerpse Augustijnen (1671-1783)' in: De Gulden Passer. Jaargang 76-77 (1998-1999), p. 183-194, via: https://www.dbnl.org/tekst/_gul005199801_01/_gul005199801_01_0008.php								
837	M2007	1766-01-01	1766-12-31	Synopsis (printed)	Synopsis	f	Tragedy		f	f				f		Goran Proot, 'Het toneel van de Antwerpse Augustijnen (1671-1783)' in: De Gulden Passer. Jaargang 76-77 (1998-1999), p. 183-194, via: https://www.dbnl.org/tekst/_gul005199801_01/_gul005199801_01_0008.php								
838	M2019	1767-01-01	1767-12-31	Mention	Fragment	f	Comedy		f	f				f		Goran Proot, 'Het toneel van de Antwerpse Augustijnen (1671-1783)' in: De Gulden Passer. Jaargang 76-77 (1998-1999), p. 183-194, via: https://www.dbnl.org/tekst/_gul005199801_01/_gul005199801_01_0008.php								
839	M2020	1767-01-01	1767-12-31	Synopsis (printed)	Synopsis	f	Tragedy		f	f				f		Goran Proot, 'Het toneel van de Antwerpse Augustijnen (1671-1783)' in: De Gulden Passer. Jaargang 76-77 (1998-1999), p. 183-194, via: https://www.dbnl.org/tekst/_gul005199801_01/_gul005199801_01_0008.php								
840	M2021	1767-01-01	1767-12-31	Synopsis (printed)	Synopsis	f	Tragedy		f	f				f										
841	M2024	1767-01-01	1767-12-31	Mention	Fragment	f	Comedy		f	f				f										
842	M2025	1767-01-01	1767-12-31	Synopsis (printed)	Synopsis	f	Tragedy		f	f				f		Goran Proot, 'Het toneel van de Antwerpse Augustijnen (1671-1783)' in: De Gulden Passer. Jaargang 76-77 (1998-1999), p. 183-194, via: https://www.dbnl.org/tekst/_gul005199801_01/_gul005199801_01_0008.php			https://opac.kbr.be/LIBRARY/doc/SYRACUSE/18385130 					
843	M2026	1767-01-01	1767-12-31	Mention	Fragment	f	Comedy		f	f				f										
844	M1441	1729-01-01	1729-12-31	Synopsis (printed)	Synopsis	f	Tragedy		f	f				f										
845	M1460	1729-01-01	1729-12-31	Synopsis (printed)	Synopsis	f			f	f			http://anet.ua.ac.be/desktop/anet/core/index.phtml?language=&euser=&session=&service=opacua&robot=&deskservice=desktop&desktop=anet&workstation=&extra=	f				https://anet.be/record/opacuantwerpen/c:lvd:14051303/N						
846	M1465	1729-01-01	1729-12-31	Mention	Fragment	f	Comedy		f	f				f										
847	M1472	1729-01-01	1729-12-31	Synopsis (printed)	Synopsis	f	Comical tragedy		f	f			http://anet.ua.ac.be/desktop/anet/core/index.phtml?language=&euser=&session=&service=opacua&robot=&deskservice=desktop&desktop=anet&workstation=&extra=	f				https://anet.be/record/opacuantwerpen/c:lvd:14054393/N						
848	M1069	1711-01-01	1711-12-31	Synopsis (printed)	Synopsis	f	Tragedy		f	f				f		Goran Proot, Spectacula Iesuitica Belgica Antiqua (SIBA). Pars I: Provincia Flandro-Belgica (Antwerpen, 2008), p. 1-836	Koppelen op M- of E-niveau aan Ceneton052440		https://opac.kbr.be/LIBRARY/doc/SYRACUSE/18015941 					
849	M1884	1754-01-01	1754-12-31	Synopsis (printed)	Synopsis	f			f	f				f					https://opac.kbr.be/LIBRARY/doc/SYRACUSE/18400991					
850	M1902	1756-01-01	1756-12-31	Synopsis (printed)	Synopsis	f			f	f				f										
851	M1908	1756-01-01	1756-12-31	Synopsis (printed)	Synopsis	f	Tragedy		f	f				f		Goran Proot, Spectacula Iesuitica Belgica Antiqua (SIBA). Pars I: Provincia Flandro-Belgica (Antwerpen, 2008), p. 1-836			https://opac.kbr.be/LIBRARY/doc/SYRACUSE/18020945 					
852	M1911	1756-01-01	1756-12-31	Synopsis (printed)	Synopsis	f			f	f				f					https://opac.kbr.be/LIBRARY/doc/SYRACUSE/18401131 					
853	M1912	1756-01-01	1756-12-31	Synopsis (printed)	Synopsis	f			f	f				f		Goran Proot, Spectacula Iesuitica Belgica Antiqua (SIBA). Pars I: Provincia Flandro-Belgica (Antwerpen, 2008), p. 1-836			https://opac.kbr.be/LIBRARY/doc/SYRACUSE/18401065					
854	M1913	1757-01-01	1757-12-31	Synopsis (printed)	Synopsis	f			f	f				f		Goran Proot, Spectacula Iesuitica Belgica Antiqua (SIBA). Pars I: Provincia Flandro-Belgica (Antwerpen, 2008), p. 1-836								
855	M1914	1757-01-01	1757-12-31	Synopsis (printed)	Synopsis	f			f	f				f		Goran Proot, Spectacula Iesuitica Belgica Antiqua (SIBA). Pars I: Provincia Flandro-Belgica (Antwerpen, 2008), p. 1-836								
856	M1920	1757-01-01	1757-12-31	Synopsis (printed)	Synopsis	f			f	f				f					https://opac.kbr.be/LIBRARY/doc/SYRACUSE/18401332 					
857	M1921	1758-01-01	1758-12-31	Synopsis (printed)	Synopsis	f	Tragedy		f	f				f					https://opac.kbr.be/LIBRARY/doc/SYRACUSE/18021026 					
858	M1922	1758-01-01	1758-12-31	Synopsis (printed)	Synopsis	f	Tragedy		f	f				f		Goran Proot, Spectacula Iesuitica Belgica Antiqua (SIBA). Pars I: Provincia Flandro-Belgica (Antwerpen, 2008), p. 1-836	Moet gekoppeld worden aan M994		https://opac.kbr.be/LIBRARY/doc/SYRACUSE/18021030; volgens KBB opgevoerd in 1763					
859	M1925	1758-01-01	1758-12-31	Synopsis (printed)	Synopsis	f	Tragedy		f	f				f										
860	M1930	1759-01-01	1759-12-31	Synopsis (printed)	Synopsis	f	Tragedy		f	f				f					https://opac.kbr.be/LIBRARY/doc/SYRACUSE/18022202 					
861	M1934	1759-01-01	1759-12-31	Synopsis (printed)	Synopsis	f			f	f				f										
862	M1939	1759-01-01	1759-12-31	Synopsis (printed)	Synopsis	f			f	f				f					https://opac.kbr.be/LIBRARY/doc/SYRACUSE/18401356 					
863	M1943	1760-01-01	1760-12-31	Synopsis (printed)	Synopsis	f			f	f				f										
864	M1944	1760-01-01	1760-12-31	Synopsis (printed)	Synopsis	f			f	f				f										
865	M1945	1760-01-01	1760-12-31	Synopsis (printed)	Synopsis	f			f	f				f										
866	M1946	1760-01-01	1760-12-31	Synopsis (printed)	Synopsis	f			f	f				f					https://opac.kbr.be/LIBRARY/doc/SYRACUSE/18401364 					
867	M1949	1761-01-01	1761-12-31	Synopsis (printed)	Synopsis	f			f	f				f										
868	M1950	1761-01-01	1761-12-31	Synopsis (printed)	Synopsis	f			f	f				f										
869	M1952	1761-01-01	1761-12-31	Synopsis (printed)	Synopsis	f			f	f				f										
870	M1955	1761-01-01	1761-12-31	Synopsis (printed)	Synopsis	f			f	f				f										
871	M1956	1761-01-01	1761-12-31	Synopsis (printed)	Synopsis	f			f	f				f					https://opac.kbr.be/LIBRARY/doc/SYRACUSE/18401586					
872	M1957	1761-01-01	1761-12-31	Synopsis (printed)	Synopsis	f			f	f				f					https://opac.kbr.be/LIBRARY/doc/SYRACUSE/18401389 					
873	M1961	1762-01-01	1762-12-31	Synopsis (printed)	Synopsis	f			f	f				f										
874	M1962	1762-01-01	1762-12-31	Synopsis (printed)	Synopsis	f			f	f				f										
875	M1964	1762-01-01	1762-12-31	Synopsis (printed)	Synopsis	f			f	f				f										
876	M1965	1762-01-01	1762-12-31	Synopsis (printed)	Synopsis	f			f	f				f		Goran Proot, Spectacula Iesuitica Belgica Antiqua (SIBA). Pars I: Provincia Flandro-Belgica (Antwerpen, 2008), p. 1-836								
877	M1966	1762-01-01	1762-12-31	Synopsis (printed)	Synopsis	f	Tragedy		f	f				f					https://opac.kbr.be/LIBRARY/doc/SYRACUSE/18022578 					
878	M1969	1762-01-01	1762-12-31	Synopsis (printed)	Synopsis	f			f	f				f					https://opac.kbr.be/LIBRARY/doc/SYRACUSE/18401646					
879	M1972	1763-01-01	1763-12-31	Mention	Fragment	f			f	f	https://www.let.leidenuniv.nl/Dutch/Ceneton/Facsimiles/SJJudiciumSalomonis1763			f		Goran Proot, Spectacula Iesuitica Belgica Antiqua (SIBA). Pars I: Provincia Flandro-Belgica (Antwerpen, 2008), p. 1-836								
880	M1973	1763-01-01	1763-12-31	Synopsis (printed)	Synopsis	f			f	f				f					https://opac.kbr.be/LIBRARY/doc/SYRACUSE/18401661					
881	M1976	1763-01-01	1763-12-31	Synopsis (printed)	Synopsis	f			f	f	https://www.let.leidenuniv.nl/Dutch/Ceneton/Facsimiles/SJEliacimMechelen1763			f										
882	M1977	1763-01-01	1763-12-31	Synopsis (printed)	Synopsis	f	Tragedy		f	f	https://www.let.leidenuniv.nl/Dutch/Ceneton/Facsimiles/SJJudiciumSalomonis1763	https://www.let.leidenuniv.nl/Dutch/Ceneton/SJJudiciumSalomonis1763.html		f										
883	M1978	1763-01-01	1763-12-31	Synopsis (printed)	Synopsis	f			f	f				f										
884	M1982	1764-01-01	1764-12-31	Synopsis (printed)	Synopsis	f	Comedy	Farce	f	f				f										
885	M1983	1764-01-01	1764-12-31	Synopsis (printed)	Synopsis	f			f	f				f										
886	M1984	1764-01-01	1764-12-31	Synopsis (printed)	Synopsis	f	Comical tragedy		f	f				f		Goran Proot, Spectacula Iesuitica Belgica Antiqua (SIBA). Pars I: Provincia Flandro-Belgica (Antwerpen, 2008), p. 1-836								
887	M1985	1764-01-01	1764-12-31	Synopsis (printed)	Synopsis	f			f	f				f										
888	M1989	1764-01-01	1764-12-31	Synopsis (printed)	Synopsis	f			f	f				f										
889	M1991	1764-01-01	1764-12-31	Synopsis (printed)	Synopsis	f			f	f				f										
890	M1992	1764-01-01	1764-12-31	Synopsis (printed)	Synopsis	f			f	f				f					https://opac.kbr.be/LIBRARY/doc/SYRACUSE/18401701 					
891	M1997	1765-01-01	1765-12-31	Synopsis (printed)	Synopsis	f			f	f				f										
892	M2000	1765-01-01	1765-12-31	Synopsis (printed)	Synopsis	f			f	f				f										
893	M2002	1765-01-01	1765-12-31	Synopsis (printed)	Synopsis	f			f	f				f										
894	M2003	1765-01-01	1765-12-31	Synopsis (printed)	Synopsis	f			f	f				f										
895	M2005	1765-01-01	1765-12-31	Synopsis (printed)	Synopsis	f			f	f				f					https://opac.kbr.be/LIBRARY/doc/SYRACUSE/18401752					
896	M2009	1766-01-01	1766-12-31	Synopsis (printed)	Synopsis	f	Tragedy		f	f				f					https://opac.kbr.be/LIBRARY/doc/SYRACUSE/18022857 					
897	M2012	1766-01-01	1766-12-31	Synopsis (printed)	Synopsis	f			f	f				f										
898	M2016	1766-01-01	1766-12-31	Synopsis (printed)	Synopsis	f	Comedy	Farce	f	f				f										
899	M2017	1766-01-01	1766-12-31	Synopsis (printed)	Synopsis	f			f	f				f										
900	M2018	1766-01-01	1766-12-31	Synopsis (printed)	Synopsis	f			f	f				f					https://opac.kbr.be/LIBRARY/doc/SYRACUSE/18401803					
901	M2022	1767-01-01	1767-12-31	Synopsis (printed)	Synopsis	f			f	f				f										
902	M2023	1767-01-01	1767-12-31	Synopsis (printed)	Synopsis	f	Comedy	Farce	f	f				f										
903	M2028	1767-01-01	1767-12-31	Synopsis (printed)	Synopsis	f			f	f				f					https://opac.kbr.be/LIBRARY/doc/SYRACUSE/18401852					
904	M2034	1768-01-01	1768-12-31	Synopsis (printed)	Synopsis	f	Comedy	Farce	f	f				f										
905	M2035	1768-01-01	1768-12-31	Synopsis (printed)	Synopsis	f	Comical tragedy		f	f				f										
906	M2038	1768-01-01	1768-12-31	Synopsis (printed)	Synopsis	f			f	f				f										
907	M2049	1769-01-01	1769-12-31	Synopsis (printed)	Synopsis	f			f	f				f					https://opac.kbr.be/LIBRARY/doc/SYRACUSE/18402244 					
908	M2052	1770-01-01	1770-12-31	Synopsis (printed)	Synopsis	f	Comedy		f	f	https://www.let.leidenuniv.nl/Dutch/Ceneton/Facsimiles/SJBaasaMechelen1770	https://www.let.leidenuniv.nl/Dutch/Ceneton/SJBaasaMechelen1770.html		f	000004 - 	Goran Proot, Spectacula Iesuitica Belgica Antiqua (SIBA). Pars I: Provincia Flandro-Belgica (Antwerpen, 2008), p. 1-836								
909	M2053	1770-01-01	1770-12-31	Synopsis (printed)	Synopsis	f	Comedy	Farce	f	f	https://www.let.leidenuniv.nl/Dutch/Ceneton/Facsimiles/SJBaasaMechelen1770	https://www.let.leidenuniv.nl/Dutch/Ceneton/SJBaasaMechelen1770.html		f	000004 - 		Koppelen, want volgt op M2052 (ook nog een afsluitend stuk met dansen vermeld, eveneens niet door Proot opgenomen)							
910	M2054	1770-01-01	1770-12-31	Synopsis (printed)	Synopsis	f			f	f				f										
911	M2056	1770-01-01	1770-12-31	Synopsis (printed)	Synopsis	f	Comedy	Farce	f	f				f										
912	M2062	1770-01-01	1770-12-31	Synopsis (printed)	Synopsis	f	Comedy	Farce	f	f				f										
913	M2064	1770-01-01	1770-12-31	Synopsis (printed)	Synopsis	f			f	f				f					https://opac.kbr.be/LIBRARY/doc/SYRACUSE/18402252 					
914	M2073	1771-01-01	1771-12-31	Synopsis (printed)	Synopsis	f			f	f				f										
915	M2076	1771-01-01	1771-12-31	Synopsis (printed)	Synopsis	f			f	f				f										
916	M2079	1771-01-01	1771-12-31	Synopsis (printed)	Synopsis	f			f	f				f					https://opac.kbr.be/LIBRARY/doc/SYRACUSE/18402809					
917	M2086	1772-01-01	1772-12-31	Synopsis (printed)	Synopsis	f			f	f				f										
918	M2087	1772-01-01	1772-12-31	Synopsis (printed)	Synopsis	f	Tragedy		f	f				f										
919	M2096	1773-01-01	1773-12-31	Synopsis (printed)	Synopsis	f	Comedy		f	f				f										
920	M2097	1773-01-01	1773-12-31	Synopsis (printed)	Synopsis	f	Comical tragedy		f	f				f					https://opac.kbr.be/LIBRARY/doc/SYRACUSE/18022977 					
921	M2098	1773-01-01	1773-12-31	Synopsis (printed)	Synopsis	f	Comical tragedy		f	f				f										
922	M2099	1773-01-01	1773-12-31	Synopsis (printed)	Synopsis	f	Tragedy		f	f				f										
923	M2100	1773-01-01	1773-12-31	Synopsis (printed)	Synopsis	f			f	f				f					https://opac.kbr.be/LIBRARY/doc/SYRACUSE/18402561					
924	M2121	1776-01-01	1776-12-31	Synopsis (printed)	Synopsis	f			f	f				f					https://opac.kbr.be/LIBRARY/doc/SYRACUSE/18402637 					
925	M2029	1768-01-01	1768-12-31	Synopsis (printed)	Synopsis	f	Tragedy		f	f				f		Goran Proot, 'Het toneel van de Antwerpse Augustijnen (1671-1783)' in: De Gulden Passer. Jaargang 76-77 (1998-1999), p. 183-194, via: https://www.dbnl.org/tekst/_gul005199801_01/_gul005199801_01_0008.php								
926	M2030	1768-01-01	1768-12-31	Mention	Fragment	f	Comedy		f	f				f		Goran Proot, 'Het toneel van de Antwerpse Augustijnen (1671-1783)' in: De Gulden Passer. Jaargang 76-77 (1998-1999), p. 183-194, via: https://www.dbnl.org/tekst/_gul005199801_01/_gul005199801_01_0008.php								
927	M2033	1768-01-01	1768-12-31	Mention	Fragment	f	Comedy		f	f				f										
1009	M596	1648-01-01	1648-12-31	First Printing	Full edition	f	Comedy		f	f				f	164812 - a1 *3 esic : a2 A2 nus.$ - b1 A3 ove : b2 D5 n$soo						https://catalogue.bnf.fr/ark:/12148/cb314436728			
1100	M466	1638-01-01	1638-12-31	Synopsis (printed)	Synopsis	f			f	f				f										
928	M2036	1768-01-01	1768-12-31	Synopsis (printed)	Synopsis	f	Tragedy		f	f				f		Goran Proot, 'Het toneel van de Antwerpse Augustijnen (1671-1783)' in: De Gulden Passer. Jaargang 76-77 (1998-1999), p. 183-194, via: https://www.dbnl.org/tekst/_gul005199801_01/_gul005199801_01_0008.php			https://opac.kbr.be/LIBRARY/doc/SYRACUSE/183847666  					
929	M2040	1769-01-01	1769-12-31	Mention	Fragment	f	Comedy		f	f				f		Goran Proot, 'Het toneel van de Antwerpse Augustijnen (1671-1783)' in: De Gulden Passer. Jaargang 76-77 (1998-1999), p. 183-194, via: https://www.dbnl.org/tekst/_gul005199801_01/_gul005199801_01_0008.php								
930	M2041	1769-01-01	1769-12-31	Synopsis (printed)	Synopsis	f	Tragedy		f	f				f		Goran Proot, 'Het toneel van de Antwerpse Augustijnen (1671-1783)' in: De Gulden Passer. Jaargang 76-77 (1998-1999), p. 183-194, via: https://www.dbnl.org/tekst/_gul005199801_01/_gul005199801_01_0008.php			https://opac.kbr.be/LIBRARY/doc/SYRACUSE/18384658 					
931	M2044	1769-01-01	1769-12-31	Mention	Fragment	f	Comedy		f	f				f		Goran Proot, 'Het toneel van de Antwerpse Augustijnen (1671-1783)' in: De Gulden Passer. Jaargang 76-77 (1998-1999), p. 183-194, via: https://www.dbnl.org/tekst/_gul005199801_01/_gul005199801_01_0008.php								
932	M2046	1769-01-01	1769-12-31	Synopsis (printed)	Synopsis	f	Tragedy		f	f				f		Goran Proot, 'Het toneel van de Antwerpse Augustijnen (1671-1783)' in: De Gulden Passer. Jaargang 76-77 (1998-1999), p. 183-194, via: https://www.dbnl.org/tekst/_gul005199801_01/_gul005199801_01_0008.php								
933	M2047	1769-01-01	1769-12-31	Synopsis (printed)	Synopsis	f	Tragedy		f	f				f										
934	M2048	1769-01-01	1769-12-31	Mention	Fragment	f	Comedy		f	f				f										
935	M2050	1770-01-01	1770-12-31	Synopsis (printed)	Synopsis	f	Tragedy		f	f				f		Goran Proot, 'Het toneel van de Antwerpse Augustijnen (1671-1783)' in: De Gulden Passer. Jaargang 76-77 (1998-1999), p. 183-194, via: https://www.dbnl.org/tekst/_gul005199801_01/_gul005199801_01_0008.php		https://opac.kbr.be/LIBRARY/doc/SYRACUSE/18384609						
936	M2058	1770-01-01	1770-12-31	Mention	Fragment	f	Comedy		f	f				f										
937	M2059	1770-01-01	1770-12-31	Mention	Fragment	f	Comedy		f	f				f										
938	M2060	1770-01-01	1770-12-31	Synopsis (printed)	Synopsis	f	Tragedy		f	f				f		Goran Proot, 'Het toneel van de Antwerpse Augustijnen (1671-1783)' in: De Gulden Passer. Jaargang 76-77 (1998-1999), p. 183-194, via: https://www.dbnl.org/tekst/_gul005199801_01/_gul005199801_01_0008.php			https://opac.kbr.be/LIBRARY/doc/SYRACUSE/18384634  					
939	M2061	1770-01-01	1770-12-31	Synopsis (printed)	Synopsis	f	Comedy		f	f				f										
940	M2065	1771-01-01	1771-12-31	Synopsis (printed)	Synopsis	f	Tragedy		f	f				f		Goran Proot, 'Het toneel van de Antwerpse Augustijnen (1671-1783)' in: De Gulden Passer. Jaargang 76-77 (1998-1999), p. 183-194, via: https://www.dbnl.org/tekst/_gul005199801_01/_gul005199801_01_0008.php								
941	M2081	1772-01-01	1772-12-31	Synopsis (printed)	Synopsis	f	Tragedy		f	f				f		Goran Proot, 'Het toneel van de Antwerpse Augustijnen (1671-1783)' in: De Gulden Passer. Jaargang 76-77 (1998-1999), p. 183-194, via: https://www.dbnl.org/tekst/_gul005199801_01/_gul005199801_01_0008.php								
942	M2085	1772-01-01	1772-12-31	Synopsis (printed)	Synopsis	f	Comedy		f	f				f		Goran Proot, 'Het toneel van de Antwerpse Augustijnen (1671-1783)' in: De Gulden Passer. Jaargang 76-77 (1998-1999), p. 183-194, via: https://www.dbnl.org/tekst/_gul005199801_01/_gul005199801_01_0008.php								
943	M2092	1773-01-01	1773-12-31	Synopsis (printed)	Synopsis	f	Comedy		f	f				f		Goran Proot, 'Het toneel van de Antwerpse Augustijnen (1671-1783)' in: De Gulden Passer. Jaargang 76-77 (1998-1999), p. 183-194, via: https://www.dbnl.org/tekst/_gul005199801_01/_gul005199801_01_0008.php								
944	M2093	1773-01-01	1773-12-31	Synopsis (printed)	Synopsis	f	Tragedy		f	f				f		Goran Proot, 'Het toneel van de Antwerpse Augustijnen (1671-1783)' in: De Gulden Passer. Jaargang 76-77 (1998-1999), p. 183-194, via: https://www.dbnl.org/tekst/_gul005199801_01/_gul005199801_01_0008.php								
945	M2101	1774-01-01	1774-12-31	Synopsis (printed)	Synopsis	f	Comedy		f	f				f		Goran Proot, 'Het toneel van de Antwerpse Augustijnen (1671-1783)' in: De Gulden Passer. Jaargang 76-77 (1998-1999), p. 183-194, via: https://www.dbnl.org/tekst/_gul005199801_01/_gul005199801_01_0008.php								
946	M2102	1774-01-01	1774-12-31	Synopsis (printed)	Synopsis	f	Tragedy		f	f				f		Goran Proot, 'Het toneel van de Antwerpse Augustijnen (1671-1783)' in: De Gulden Passer. Jaargang 76-77 (1998-1999), p. 183-194, via: https://www.dbnl.org/tekst/_gul005199801_01/_gul005199801_01_0008.php								
947	M2109	1775-01-01	1775-12-31	Synopsis (printed)	Synopsis	f	Tragedy		f	f				f		Goran Proot, 'Het toneel van de Antwerpse Augustijnen (1671-1783)' in: De Gulden Passer. Jaargang 76-77 (1998-1999), p. 183-194, via: https://www.dbnl.org/tekst/_gul005199801_01/_gul005199801_01_0008.php								
948	M2115	1776-01-01	1776-12-31	Synopsis (printed)	Synopsis	f	Tragedy		f	f				f		Goran Proot, 'Het toneel van de Antwerpse Augustijnen (1671-1783)' in: De Gulden Passer. Jaargang 76-77 (1998-1999), p. 183-194, via: https://www.dbnl.org/tekst/_gul005199801_01/_gul005199801_01_0008.php								
949	M2118	1776-01-01	1776-12-31	Synopsis (printed)	Synopsis	f	Tragedy		f	f				f		Goran Proot, 'Het toneel van de Antwerpse Augustijnen (1671-1783)' in: De Gulden Passer. Jaargang 76-77 (1998-1999), p. 183-194, via: https://www.dbnl.org/tekst/_gul005199801_01/_gul005199801_01_0008.php								
950	M2119	1776-01-01	1776-12-31	Synopsis (printed)	Synopsis	f	Comedy		f	f				f		Goran Proot, 'Het toneel van de Antwerpse Augustijnen (1671-1783)' in: De Gulden Passer. Jaargang 76-77 (1998-1999), p. 183-194, via: https://www.dbnl.org/tekst/_gul005199801_01/_gul005199801_01_0008.php								
951	M2122	1777-01-01	1777-12-31	Synopsis (printed)	Synopsis	f	Tragedy		f	f				f		Goran Proot, 'Het toneel van de Antwerpse Augustijnen (1671-1783)' in: De Gulden Passer. Jaargang 76-77 (1998-1999), p. 183-194, via: https://www.dbnl.org/tekst/_gul005199801_01/_gul005199801_01_0008.php								
952	M2123	1777-01-01	1777-12-31	Synopsis (printed)	Synopsis	f	Comedy		f	f				f		Goran Proot, 'Het toneel van de Antwerpse Augustijnen (1671-1783)' in: De Gulden Passer. Jaargang 76-77 (1998-1999), p. 183-194, via: https://www.dbnl.org/tekst/_gul005199801_01/_gul005199801_01_0008.php								
953	M24	1536-01-01	1536-12-31	First Printing	Full edition	f	Comedy	Sacred comedy	t	t				f										
954	M30	1537-01-01	1537-12-31	Reprint	Full edition	f	Comedy	Sacred comedy	f	f				f	153708 - a1 A2 itis : a1 A5 nti$ - b1 B $s : b2 D5 tem?$									
955	M34	1538-01-01	1538-12-31	Reprint	Full edition	f	Comedy	Sacred comedy	f	f				f	153808 - a1 A2 tiss : a1 A5 ega - b1 B er : b2 D5 ate									
956	M310	1621-01-01	1621-12-31	First Printing	Full edition	f			f	f				f										
957	M49	1540-01-01	1540-12-31	Reprint	Full edition	f			t	t				f	154008 - a1 A2 io.$ : a2 A3 ice - b1 A4 inis.$ : b2 E5 erem,									
958	M69	1541-01-01	1541-12-31	Reprint	Full edition	f	Comedy		f	f				f	154108 - a1 A2 tis.$ : a2 A3 i,$ad$ - b1 A4 bsque$ : b2 C5 c$fur									
959	M73	1541-01-01	1541-12-31	Reprint	Full edition	f			f	f				f	154108 - a1 A2 obis$di									
960	M1789	1745-01-01	1745-12-31	Synopsis (printed)	Synopsis	f	Tragedy		f	f				f										
961	M1854	1751-01-01	1751-12-31	Synopsis (printed)	Synopsis	f	Tragedy		f	f	https://www.let.leidenuniv.nl/Dutch/Ceneton/Facsimiles/SJBrutusMechelen1751	https://www.let.leidenuniv.nl/Dutch/Ceneton/SJBrutusMechelen1751.html		f		Goran Proot, Spectacula Iesuitica Belgica Antiqua (SIBA). Pars I: Provincia Flandro-Belgica (Antwerpen, 2008), p. 1-836			https://opac.kbr.be/LIBRARY/doc/SYRACUSE/18020465  					
1099	M456	1637-01-01	1637-12-31	Synopsis (printed)	Synopsis	f			f	f				f	163704									
962	M1855	1751-01-01	1751-12-31	Mention	Fragment	f	Comedy		f	f	https://www.let.leidenuniv.nl/Dutch/Ceneton/Facsimiles/SJBrutusMechelen1751	https://www.let.leidenuniv.nl/Dutch/Ceneton/SJBrutusMechelen1751.html		f		Goran Proot, Spectacula Iesuitica Belgica Antiqua (SIBA). Pars I: Provincia Flandro-Belgica (Antwerpen, 2008), p. 1-836								
963	M101	1550-01-01	1550-12-31	First Printing	Full edition	f	Tragedy		f	f			http://books.google.be/books?id=MwgUAAAAQAAJ&printsec=frontcover&hl=nl&source=gbs_ge_summary_r&cad=0#v=onepage&q&f=false	f										
964	M124	1559-01-01	1559-12-31	First Printing	Full edition	f	Tragedy		t	t				f										
965	M234	1605-01-01	1605-12-31	First Printing	Full edition	f			t	t				f										
966	M344	1628-01-01	1628-12-31	First Printing	Full edition	f	Tragedy		t	t				f	162808 - a1 *iiij auita : a1 *v digni - b1 A$m : b2 E5 ilis$ - c1 F na : c2 I m									
967	M345	1628-01-01	1628-12-31	First Printing	Full edition	f			t	t				f	162808 - a1 *iiij auita : a2 *v dign - A m : b2 E5 ilis$									
968	M92	1547-01-01	1547-12-31	Reprint	Full edition	f	Comedy	Sacred comedy	f	f				f	000008 - b1 l op : b2 n5 ia									
969	M1166	1719-01-01	1719-12-31	Synopsis (printed)	Synopsis	f	Comedy		f	f				f										
970	M1207	1722-01-01	1722-12-31	Synopsis (printed)	Synopsis	f	Comedy		f	f				f										
971	M65	1541-01-01	1541-12-31	Reprint	Full edition	f								f										
972	M67	1541-01-01	1541-12-31	Reprint	Full edition	f			f	f			http://objects.library.uu.nl/reader/index.php?obj=1874-342143&lan=en#page//12/85/05/128505189806134213781816617115997335156.jpg/mode/1up	f	154108 - a1 A.2. m$gaudi - b1 A.4. inis, : b2 E.5. ascerem									
973	M74	1541-01-01	1541-12-31	Reprint	Full edition	f			f	f				f										
974	M75	1541-01-01	1541-12-31	Reprint	Full edition	f			f	f				f	154108 - a1 Aij. $oblecte - b1 Aiiij. et)$mihi$fi : b2 D.5. mfytoi_x000B_									
975	M78	1542-01-01	1542-12-31	Reprint	Full edition	f			f	f			http://books.google.be/books?id=JnYTAAAAQAAJ&printsec=frontcover&hl=nl&source=gbs_ge_summary_r&cad=0#v=onepage&q&f=false	f	154108 - a1 A.II. $(ris$ : a2 A.3. ,$ - b1 A4 $vt$ : b2 D5 r$hoc$									
976	M80	1543-01-01	1543-12-31	Reprint	Full edition	f			f	f				f	154308 = a1 Eij. s$per - b1 Eiiij.ami : b2 Fiiij. i$usqu									
977	M81	1543-01-01	1543-12-31	Reprint	Full edition	f			f	f			https://books.google.nl/books?id=cn3QeIVSC-sC&printsec=frontcover&hl=nl&source=gbs_ge_summary_r&cad=0#v=onepage&q&f=false	f	154308 - a1 Aij. tri.$ : a2 Aiij. l$priu - b1 Aiiij. ia.$ : b2 Diij. iam.									
978	M89	1546-01-01	1546-12-31	Reprint	Full edition	f	Comedy	Sacred comedy	f	f				f										
979	M94	1548-01-01	1548-12-31	Reprint	Full edition	f	Comedy	Sacred comedy	f	f				f	154808 - a1 A2 it.$ : a2 B2 .$ - b1 B3 etus. : b2 E2 $hic - c1 E3 ,$ : c2 E4 m$									
980	M88	1545-01-01	1545-12-31	Reprint	Full edition	f			f	f				f										
981	M1411	1728-01-01	1728-12-31	Synopsis (printed)	Synopsis	f			f	f			http://anet.ua.ac.be/desktop/anet/core/index.phtml?language=&euser=&session=&service=opacua&robot=&deskservice=desktop&desktop=anet&workstation=&extra=	f		Goran Proot, Spectacula Iesuitica Belgica Antiqua (SIBA). Pars I: Provincia Flandro-Belgica (Antwerpen, 2008), p. 1-836								
982	M1458	1729-01-01	1729-12-31	Synopsis (printed)	Synopsis	f			f	f			http://anet.ua.ac.be/desktop/anet/core/index.phtml?language=&euser=&session=&service=opacua&robot=&deskservice=desktop&desktop=anet&workstation=&extra=	f				https://anet.be/record/opacuantwerpen/c:lvd:14049853/N						
983	M1497	1730-01-01	1730-12-31	Synopsis (printed)	Synopsis	f			f	f				f		Goran Proot, Spectacula Iesuitica Belgica Antiqua (SIBA). Pars I: Provincia Flandro-Belgica (Antwerpen, 2008), p. 1-836								
984	M748	1666-01-01	1666-12-31	Reprint	Full edition	f	Tragedy		f	f				f	166612 - b1 A2 ejus : b2 B7 tus$ve									
985	M1060	1710-01-01	1710-12-31	Synopsis (printed)	Synopsis	f	Tragedy		f	f			http://anet.ua.ac.be/desktop/anet/core/index.phtml?language=&euser=&session=&service=opacua&robot=&deskservice=desktop&desktop=anet&workstation=&extra=	f				https://anet.be/record/opacuantwerpen/c:lvd:14025585/N						
986	M1088	1713-01-01	1713-12-31	Synopsis (printed)	Synopsis	f			f	f			http://anet.ua.ac.be/desktop/anet/core/index.phtml?language=&euser=&session=&service=opacua&robot=&deskservice=desktop&desktop=anet&workstation=&extra=	f				https://anet.be/record/opacuantwerpen/c:lvd:14029113/N						
987	M1091	1714-01-01	1714-12-31	Reprint	Full edition	f			f	f				f										
988	M1099	1715-01-01	1715-12-31	Reprint	Full edition	f	Tragedy		f	f				f	171512 - a1 *2 on : a2 A r$ - b1 A2 it$i : b2 F4 re$									
989	M775	1670-01-01	1670-12-31	Reprint	Full edition	f			f	f		https://www.let.leidenuniv.nl/Dutch/Ceneton/../Latijn/Grotius.html		f	167012 - b1 O5 ere : b2 P6 ult									
990	M778	1670-01-01	1670-12-31	Reprint	Full edition	f	Tragedy		f	f		https://www.let.leidenuniv.nl/Dutch/Ceneton/../Latijn/Grotius.html		f	167012 - b1 R nu : b2 S u									
991	M12	1533-01-01	1533-12-31	Reprint	Full edition	f	Comedy		f	f	https://www.let.leidenuniv.nl/Dutch/Ceneton/Facsimiles/GnapheusAcolastus1533			f	153308 - a1 Aij um$ad : a2 Aiiij ,$ : b1 B a : EV iris									
992	M148	1574-01-01	1574-12-31	Reprint	Full edition	f			f	f				f										
993	M22	1535-01-01	1535-12-31	Reprint	Full edition	f			f	f				f										
994	M27	1536-01-01	1536-12-31	Reprint	Full edition	f			f	f			https://books.google.nl/books?id=45NXAAAAcAAJ&pg=PT14&dq=acolastus&hl=nl&sa=X&ei=UmqWVYinCMiqUaPXltAN&ved=0CFEQ6AEwBzgK#v=onepage&q=acolastus&f=false	f										
995	M32	1534-01-01	1540-12-31	Reprint	Full edition	f	Comedy	Sacred comedy	f	f				f			Plaats van uitgave/druk (Parijs) klopt waarschijnlijk niet.							
996	M48	1539-01-01	1539-12-31	Reprint	Full edition	f			f	f				f										
997	M51	1540-01-01	1540-12-31	Reprint	Full edition	f			f	f			https://books.google.nl/books?id=XRZcR0PCaEcC&pg=PP52&dq=Asotus+Evangelicus+seu+evangelica&hl=nl&sa=X&ved=0ahUKEwix7arb36nnAhXGKVAKHVrzDL4Q6wEIKzAA#v=onepage&q=Asotus%20Evangelicus%20seu%20evangelica&f=false	f										
998	M62	1540-01-01	1540-12-31	Reprint	Full edition	f			f	f				f	154008 - a1 A2 uman : a2 A3 im$ - b1 A4 secund : b2 D5 o$ruti									
999	M70	1541-01-01	1541-12-31	Reprint	Full edition	f	Comedy		f	f			http://daten.digitale-sammlungen.de/~db/0003/bsb00037704/images/index.html?id=00037704&fip=193.174.98.30&no=&seite=5	f	154108 - a1 A2 m$prae : a2 A4 uat$hin - b1 A5 iter.$ L b2 C5 at$tuu									
1000	M85	1544-01-01	1544-12-31	Reprint	Full edition	f	Comedy		f	f				f	154408 - a1 A2 ito$fo : a2 E m - b1 E2 tuarij : b2 F5 nda.									
1001	M86	1544-01-01	1544-12-31	Reprint	Full edition	f	Comedy		f	f				f	154408 - a1 A2 ito$fo : a2 A4 cappu - b1 A5 tis$re : b2 D5 em - c1 E m : c2 F5 nda.									
1002	M444	1635-01-01	1635-12-31	Reprint	Full edition	f	Tragedy		f	f				f	163512 - a1 A2 ate$ : a2 A5 iis - b1 A6 st,$q : b2 C3 ia$i - c1 C5 gno : c2 G7 i$ne									
1003	M446	1635-01-01	1635-12-31	Reprint	Full edition	f			f	f				f	163512 - a1 A2 ate$ : a2 C3 ia$i - b1 C5 gno : b2 E5 n$ce : c1 E7 tes,$ : c2 G7 i$ne									
1004	M529	1640-01-01	1640-12-31	Reprint	Full edition	f	Tragedy		f	f				f	164012 - b1 E o : b2 F4 e$let									
1005	M530	1640-01-01	1640-12-31	Reprint	Full edition	f	Tragedy		f	f				f	164012 - a1 F6 tis$a - b1 G on : b2 G6 ntes									
1006	M603	1649-01-01	1649-12-31	Reprint	Full edition	f			f	f				f	164912 - b1 K r : b2 L6 re									
1007	M341	1627-01-01	1627-12-31	Reprint	Full edition	f	Tragedy		f	f			http://books.google.nl/books?id=JqE9AAAAcAAJ&printsec=frontcover&hl=nl&source=gbs_ge_summary_r&cad=0#v=onepage&q&f=false	f	162712 - a1 A2 ntu - b1 A5 mort : b2 C5 a$n									
1008	M595	1648-01-01	1648-12-31	First Printing	Full edition	f	Comedy		f	f				f	164812 - a1 L6 e$de$ a2 L7 te,$m - b1 M t$w : b2 O7 rnst,						https://catalogue.bnf.fr/ark:/12148/cb314436728			
1010	M597	1648-01-01	1648-12-31	First Printing	Full edition	f	Comedy		f	f				f	164812 - a1 D6 dit$m : a2 D7 ck$te - b1 E $w : b2 G7 al$h						https://catalogue.bnf.fr/ark:/12148/cb314436728			
1011	M598	1648-01-01	1648-12-31	First Printing	Full edition	f	Comedy		f	f				f	164812 - a1 H vv : a2 H2 sou - b1 H3 dat$ : b2 L5 dat						https://catalogue.bnf.fr/ark:/12148/cb314436728			
1012	M599	1648-01-01	1648-12-31	First Printing	Full edition	f	Comedy		f	f				f	164812 - a1 S3 n$sij : a2 S4 n)$m - b1 S5 e$si : b2 V7 ot$P						https://catalogue.bnf.fr/ark:/12148/cb314436728			
1013	M601	1648-01-01	1648-12-31	First Printing	Full edition	f	Comedy		f	f				f	164812 - b1 P e$ : b2 S2 el$he						https://catalogue.bnf.fr/ark:/12148/cb314436728			
1014	M712	1663-01-01	1663-12-31	Reprint	Full edition	f	Comedy		f	f			https://books.google.nl/books?id=8zlBAAAAcAAJ&printsec=frontcover&dq=Belgica+interpretatione&hl=nl&sa=X&ved=0ahUKEwiGoZ3W-vvJAhVDpw4KHV2gACcQ6AEISTAH#v=onepage&q=Belgica%20interpretatione&f=false	f	166308 - 									
1015	M714	1663-01-01	1663-12-31	Reprint	Full edition	f	Comedy		f	f			https://books.google.nl/books?id=8zlBAAAAcAAJ&printsec=frontcover&dq=Belgica+interpretatione&hl=nl&sa=X&ved=0ahUKEwiGoZ3W-vvJAhVDpw4KHV2gACcQ6AEISTAH#v=onepage&q=Belgica%20interpretatione&f=false	f	166308 - a1 A S: a2 A2 n$g - b1 A3 en$k : b2 E4 $’t$									
1016	M716	1663-01-01	1663-12-31	Reprint	Full edition	f	Comedy		f	f			https://books.google.nl/books?id=8zlBAAAAcAAJ&printsec=frontcover&dq=Belgica+interpretatione&hl=nl&sa=X&ved=0ahUKEwiGoZ3W-vvJAhVDpw4KHV2gACcQ6AEISTAH#v=onepage&q=Belgica%20interpretatione&f=false	f	166308 - 									
1017	M718	1663-01-01	1663-12-31	Reprint	Full edition	f	Comedy		f	f			https://books.google.nl/books?id=8zlBAAAAcAAJ&printsec=frontcover&dq=Belgica+interpretatione&hl=nl&sa=X&ved=0ahUKEwiGoZ3W-vvJAhVDpw4KHV2gACcQ6AEISTAH#v=onepage&q=Belgica%20interpretatione&f=false	f	166308 - 									
1018	M720	1663-01-01	1663-12-31	Reprint	Full edition	f	Comedy		f	f			https://books.google.nl/books?id=8zlBAAAAcAAJ&printsec=frontcover&dq=Belgica+interpretatione&hl=nl&sa=X&ved=0ahUKEwiGoZ3W-vvJAhVDpw4KHV2gACcQ6AEISTAH#v=onepage&q=Belgica%20interpretatione&f=false	f	166308 - 									
1019	M722	1663-01-01	1663-12-31	Reprint	Full edition	f	Comedy		f	f			https://books.google.nl/books?id=8zlBAAAAcAAJ&printsec=frontcover&dq=Belgica+interpretatione&hl=nl&sa=X&ved=0ahUKEwiGoZ3W-vvJAhVDpw4KHV2gACcQ6AEISTAH#v=onepage&q=Belgica%20interpretatione&f=false	f	166308 - 									
1020	M764	1668-01-01	1668-12-31	Reprint	Full edition	f	Comedy		f	f				f							https://catalogue.bnf.fr/ark:/12148/cb31443673m			
1021	M765	1668-01-01	1668-12-31	Reprint	Full edition	f	Comedy		f	f				f							https://catalogue.bnf.fr/ark:/12148/cb31443673m			
1022	M766	1668-01-01	1668-12-31	Reprint	Full edition	f	Comedy		f	f				f							https://catalogue.bnf.fr/ark:/12148/cb31443673m			
1023	M768	1668-01-01	1668-12-31	Reprint	Full edition	f	Comedy		f	f				f							https://catalogue.bnf.fr/ark:/12148/cb31443673m			
1024	M769	1668-01-01	1668-12-31	Reprint	Full edition	f	Comedy		f	f				f							https://catalogue.bnf.fr/ark:/12148/cb31443673m			
1025	M772	1668-01-01	1668-12-31	Reprint	Full edition	f	Comedy		f	f				f							https://catalogue.bnf.fr/ark:/12148/cb31443673m			
1026	M439	1635-01-01	1635-12-31	Synopsis (printed)	Synopsis	f			f	f				f		Goran Proot, Spectacula Iesuitica Belgica Antiqua (SIBA). Pars I: Provincia Flandro-Belgica (Antwerpen, 2008), p. 1-836								
1027	M442	1635-01-01	1635-12-31	Synopsis (printed)	Synopsis	f	Tragicomedy		f	f				f		Goran Proot, Spectacula Iesuitica Belgica Antiqua (SIBA). Pars I: Provincia Flandro-Belgica (Antwerpen, 2008), p. 1-836	Handschrift toegeschreven aan Judocus de Croock							
1028	M2089	1772-01-01	1772-12-31	Synopsis (printed)	Synopsis	f			f	f				f										
1029	M455	1637-01-01	1637-12-31	First Printing	Full edition	f			f	f			http://books.google.be/books?id=Hf8TAAAAQAAJ&printsec=frontcover&hl=nl&source=gbs_ge_summary_r&cad=0#v=onepage&q&f=false	f	163708 - a1 *3 t,$ - a2 *5 iet - b1 A Po : b2 E5 aud									
1030	M2057	1770-01-01	1770-12-31	Mention	Fragment	f			f	f				f		Goran Proot, Spectacula Iesuitica Belgica Antiqua (SIBA). Pars I: Provincia Flandro-Belgica (Antwerpen, 2008), p. 1-836								
1031	M2175	1620-01-01	1636-12-31	Synopsis (printed)	Synopsis	f	Tragedy		f	f				f	4					https://lib.ugent.be/catalog/rug01:000821935				
1032	M306	1621-01-01	1621-12-31	First Printing	Full edition	f	Tragedy		t	t				f										
1033	M309	1621-01-01	1621-12-31	First Printing	Full edition	f	Tragedy		f	f				f										
1034	M365	1629-01-01	1629-12-31	First Printing	Full edition	f	Comical tragedy		f	f			http://books.google.be/books?id=Rk0TAAAAQAAJ&printsec=frontcover&hl=nl&source=gbs_ge_summary_r&cad=0#v=onepage&q&f=false	f	162908 - a1 a3 mu : a2 e2 es. - b1 A a : b2 O2 m$p - c1 P i : c2 P3 onc	Goran Proot, Spectacula Iesuitica Belgica Antiqua (SIBA). Pars I: Provincia Flandro-Belgica (Antwerpen, 2008), p. 1-836								
1035	M373	1630-01-01	1630-12-31	Synopsis (printed)	Synopsis	f			f	f				f	000001 - 									
1036	M402	1632-01-01	1632-12-31	Synopsis (printed)	Synopsis	f			f	f				f	000004 - b1 A2 en : b2 A3 (n									
1037	M492	1639-01-01	1639-12-31	Synopsis (printed)	Synopsis	f			f	f				f										
1038	M622	1652-01-01	1652-12-31	Reprint	Full edition	f			f	f				f										
1039	M796	1672-01-01	1672-12-31	Reprint	Full edition	f			f	f				f										
1040	M97	1549-01-01	1549-12-31	Reprint	Full edition	f			f	f				f										
1041	M216	1600-01-01	1600-12-31	First Printing	Full edition	f			t	t			http://books.google.be/books?id=JnJOAAAAcAAJ&printsec=frontcover&hl=nl&source=gbs_ge_summary_r&cad=0#v=onepage&q&f=false	f	1600 - a1 A2 ides									
1042	M1171	1720-01-01	1720-12-31	Synopsis (printed)	Synopsis	f	Tragedy		f	f	https://www.let.leidenuniv.nl/Dutch/Ceneton/Facsimiles/SJAlexanderMechelen1720	https://www.let.leidenuniv.nl/Dutch/Ceneton/SJAlexanderMechelen1720.html	http://anet.ua.ac.be/desktop/anet/core/index.phtml?language=&euser=&session=&service=opacua&robot=&deskservice=desktop&desktop=anet&workstation=&extra=	f	172004 - 	Goran Proot, Spectacula Iesuitica Belgica Antiqua (SIBA). Pars I: Provincia Flandro-Belgica (Antwerpen, 2008), p. 1-836								
1043	M1179	1720-01-01	1720-12-31	Synopsis (printed)	Synopsis	f	Tragedy		f	f				f					https://opac.kbr.be/LIBRARY/doc/SYRACUSE/18400422					
1044	M1182	1721-01-01	1721-12-31	Synopsis (printed)	Synopsis	f			f	f		https://www.let.leidenuniv.nl/Dutch/Ceneton/SJAchasMechelen1721.html	http://anet.ua.ac.be/desktop/anet/core/index.phtml?language=&euser=&session=&service=opacua&robot=&deskservice=desktop&desktop=anet&workstation=&extra=	f				https://anet.be/record/opacuantwerpen/c:lvd:14015474/N						
1045	M1196	1721-01-01	1721-12-31	Synopsis (printed)	Synopsis	f			f	f			http://anet.ua.ac.be/desktop/anet/core/index.phtml?language=&euser=&session=&service=opacua&robot=&deskservice=desktop&desktop=anet&workstation=&extra=	f		Goran Proot, Spectacula Iesuitica Belgica Antiqua (SIBA). Pars I: Provincia Flandro-Belgica (Antwerpen, 2008), p. 1-836		https://anet.be/record/opacuantwerpen/c:lvd:14051311/N						
1046	M1199	1721-01-01	1721-12-31	Synopsis (printed)	Synopsis	f	Tragedy		f	f			http://anet.ua.ac.be/desktop/anet/core/index.phtml?language=&euser=&session=&service=opacua&robot=&deskservice=desktop&desktop=anet&workstation=&extra=	f		Goran Proot, Spectacula Iesuitica Belgica Antiqua (SIBA). Pars I: Provincia Flandro-Belgica (Antwerpen, 2008), p. 1-836		https://anet.be/record/opacuantwerpen/c:lvd:14052750/N						
1047	M1227	1722-01-01	1722-12-31	Synopsis (printed)	Synopsis	f			f	f			http://anet.ua.ac.be/desktop/anet/core/index.phtml?language=&euser=&session=&service=opacua&robot=&deskservice=desktop&desktop=anet&workstation=&extra=	f				https://anet.be/record/opacuantwerpen/c:lvd:14029024/N						
1048	M1228	1722-01-01	1722-12-31	Synopsis (printed)	Synopsis	f			f	f			http://anet.ua.ac.be/desktop/anet/core/index.phtml?language=&euser=&session=&service=opacua&robot=&deskservice=desktop&desktop=anet&workstation=&extra=	f				https://anet.be/record/opacuantwerpen/c:lvd:14029019/N						
1049	M1260	1723-01-01	1723-12-31	Synopsis (printed)	Synopsis	f			f	f			http://anet.ua.ac.be/desktop/anet/core/index.phtml?language=&euser=&session=&service=opacua&robot=&deskservice=desktop&desktop=anet&workstation=&extra=	f				https://anet.be/record/opacuantwerpen/c:lvd:14051320/N						
1050	M1294	1724-01-01	1724-12-31	Mention	Fragment	f	Comedy	Farce	f	f		https://www.let.leidenuniv.nl/Dutch/Ceneton/SJSalomonaMechelen1724.html	http://anet.ua.ac.be/desktop/anet/core/index.phtml?language=&euser=&session=&service=opacua&robot=&deskservice=desktop&desktop=anet&workstation=&extra=	f										
1051	M1299	1724-01-01	1724-12-31	Synopsis (printed)	Synopsis	f	Tragedy		f	f		https://www.let.leidenuniv.nl/Dutch/Ceneton/SJSalomonaMechelen1724.html	http://anet.ua.ac.be/desktop/anet/core/index.phtml?language=&euser=&session=&service=opacua&robot=&deskservice=desktop&desktop=anet&workstation=&extra=	f		Goran Proot, Spectacula Iesuitica Belgica Antiqua (SIBA). Pars I: Provincia Flandro-Belgica (Antwerpen, 2008), p. 1-836								
1052	M1477	1729-01-01	1729-12-31	Synopsis (printed)	Synopsis	f			f	f				f					https://opac.kbr.be/LIBRARY/doc/SYRACUSE/18400625					
1053	M1496	1730-01-01	1730-12-31	Synopsis (printed)	Synopsis	f	Tragedy		f	f				f					https://opac.kbr.be/LIBRARY/doc/SYRACUSE/18018009 					
1054	M1499	1730-01-01	1730-12-31	Synopsis (printed)	Synopsis	f	Tragedy		f	f				f					https://opac.kbr.be/LIBRARY/doc/SYRACUSE/18018015 					
1055	M1502	1730-01-01	1730-12-31	Synopsis (printed)	Synopsis	f			f	f				f	173004	Goran Proot, Spectacula Iesuitica Belgica Antiqua (SIBA). Pars I: Provincia Flandro-Belgica (Antwerpen, 2008), p. 1-836								
1056	M1531	1730-01-01	1730-12-31	Synopsis (printed)	Synopsis	f			f	f				f										
1057	M1547	1731-01-01	1731-12-31	Synopsis (printed)	Synopsis	f			f	f				f										
1058	M1550	1731-01-01	1731-12-31	Synopsis (printed)	Synopsis	f	Tragedy		f	f				f		Goran Proot, Spectacula Iesuitica Belgica Antiqua (SIBA). Pars I: Provincia Flandro-Belgica (Antwerpen, 2008), p. 1-836								
1059	M1564	1731-01-01	1731-12-31	Mention	Fragment	f			f	f				f										
1060	M1582	1732-01-01	1732-12-31	Mention	Fragment	f	Comedy		f	f				f	4									
1061	M1583	1732-01-01	1732-12-31	Synopsis (printed)	Synopsis	f			f	f				f										
1062	M1600	1732-01-01	1732-12-31	Synopsis (printed)	Synopsis	f			f	f				f	4									
1063	M1624	1732-01-01	1732-12-31	Synopsis (printed)	Synopsis	f	Tragicomedy		f	f				f					https://opac.kbr.be/LIBRARY/doc/SYRACUSE/18400762					
1064	M1625	1733-01-01	1733-12-31	Synopsis (printed)	Synopsis	f	Tragedy		f	f				f		Goran Proot, Spectacula Iesuitica Belgica Antiqua (SIBA). Pars I: Provincia Flandro-Belgica (Antwerpen, 2008), p. 1-836			https://opac.kbr.be/LIBRARY/doc/SYRACUSE/18018043 					
1065	M1663	1733-01-01	1733-12-31	Synopsis (printed)	Synopsis	f			f	f				f					https://opac.kbr.be/LIBRARY/doc/SYRACUSE/18400801					
1066	M1664	1733-01-01	1733-12-31	Synopsis (printed)	Synopsis	f			f	f				f					https://opac.kbr.be/LIBRARY/doc/SYRACUSE/18400840 					
1067	M1670	1734-01-01	1734-12-31	Synopsis (printed)	Synopsis	f			f	f				f					https://opac.kbr.be/LIBRARY/doc/SYRACUSE/18400899					
1068	M1674	1735-01-01	1735-12-31	Synopsis (printed)	Synopsis	f			f	f				f										
1069	M1675	1735-01-01	1735-12-31	Synopsis (printed)	Synopsis	f	Comedy		f	f				f					https://opac.kbr.be/LIBRARY/doc/SYRACUSE/18019671 					
1070	M1684	1735-01-01	1735-12-31	Synopsis (printed)	Synopsis	f			f	f				f					https://opac.kbr.be/LIBRARY/doc/SYRACUSE/18400928					
1071	M1685	1735-01-01	1735-12-31	Synopsis (printed)	Synopsis	f			f	f				f					https://opac.kbr.be/LIBRARY/doc/SYRACUSE/18400909					
1072	M1694	1737-01-01	1737-12-31	Synopsis (printed)	Synopsis	f	Comical tragedy		f	f				f		Goran Proot, Spectacula Iesuitica Belgica Antiqua (SIBA). Pars I: Provincia Flandro-Belgica (Antwerpen, 2008), p. 1-836								
1073	M1697	1737-01-01	1737-12-31	Synopsis (printed)	Synopsis	f	Tragedy		f	f				f					https://opac.kbr.be/LIBRARY/doc/SYRACUSE/18019762  					
1074	M1706	1738-01-01	1738-12-31	Synopsis (printed)	Synopsis	f			f	f				f										
1075	M1721	1740-01-01	1740-12-31	Synopsis (printed)	Synopsis	f	Tragedy		f	f	https://www.let.leidenuniv.nl/Dutch/Ceneton/Facsimiles/SJJacobusUmbraMechelen1740			f	000004 - 									
1076	M1722	1740-01-01	1740-12-31	Synopsis (printed)	Synopsis	f	Tragedy		f	f				f		Goran Proot, Spectacula Iesuitica Belgica Antiqua (SIBA). Pars I: Provincia Flandro-Belgica (Antwerpen, 2008), p. 1-836	Koppelen op M- of E-niveau aan Ceneton052560							
1077	M1723	1740-01-01	1740-12-31	Synopsis (printed)	Synopsis	f	Tragedy		t	t	https://www.let.leidenuniv.nl/Dutch/Ceneton/Facsimiles/SJJacobusUmbraMechelen1740			f	000004 - 		Koppelen op M- of E-niveau aan Ceneton043970							
1078	M1730	1741-01-01	1741-12-31	Synopsis (printed)	Synopsis	f			f	f				f					https://opac.kbr.be/LIBRARY/doc/SYRACUSE/18400936 					
1079	M1746	1742-01-01	1742-12-31	Synopsis (printed)	Synopsis	f			f	f				f					https://opac.kbr.be/LIBRARY/doc/SYRACUSE/18402792					
1080	M1748	1743-01-01	1743-12-31	Synopsis (printed)	Synopsis	f	Tragedy		f	f				f					https://opac.kbr.be/LIBRARY/doc/SYRACUSE/18022608 					
1081	M1749	1743-01-01	1743-12-31	Synopsis (printed)	Synopsis	f	Tragedy		f	f				f					https://opac.kbr.be/LIBRARY/doc/SYRACUSE/18020168 					
1082	M1753	1743-01-01	1743-12-31	Synopsis (printed)	Synopsis	f			f	f				f					https://opac.kbr.be/LIBRARY/doc/SYRACUSE/18020133					
1083	M1760	1743-01-01	1743-12-31	Synopsis (printed)	Synopsis	f			f	f				f										
1084	M1769	1744-01-01	1744-12-31	Synopsis (printed)	Synopsis	f	Tragedy		f	f				f										
1085	M1836	1749-01-01	1749-12-31	Synopsis (printed)	Synopsis	f			f	f				f					https://opac.kbr.be/LIBRARY/doc/SYRACUSE/18400961 					
1086	M1837	1750-01-01	1750-12-31	Synopsis (printed)	Synopsis	f			f	f	https://www.let.leidenuniv.nl/Dutch/Ceneton/Facsimiles/SJSamariaMechelen1750			f		Goran Proot, Spectacula Iesuitica Belgica Antiqua (SIBA). Pars I: Provincia Flandro-Belgica (Antwerpen, 2008), p. 1-836								
1087	M1838	1750-01-01	1750-12-31	Synopsis (printed)	Synopsis	f	Comedy	Farce	f	f	https://www.let.leidenuniv.nl/Dutch/Ceneton/Facsimiles/SJSamariaMechelen1750			f										
1088	M1840	1750-01-01	1750-12-31	Synopsis (printed)	Synopsis	f	Comedy	Farce	f	f				f										
1089	M1871	1753-01-01	1753-12-31	Synopsis (printed)	Synopsis	f			f	f				f					https://opac.kbr.be/LIBRARY/doc/SYRACUSE/18020870 					
1090	M1877	1754-01-01	1754-12-31	Synopsis (printed)	Synopsis	f			f	f				f					https://opac.kbr.be/LIBRARY/doc/SYRACUSE/18020912					
1091	M1880	1754-01-01	1754-12-31	Synopsis (printed)	Synopsis	f	Tragedy		f	f				f					https://opac.kbr.be/LIBRARY/doc/SYRACUSE/18020887 					
1092	M1881	1754-01-01	1754-12-31	Synopsis (printed)	Synopsis	f			f	f				f										
1093	M867	1687-01-01	1687-12-31	Synopsis (printed)	Synopsis	f			f	f				f										
1094	M870	1688-01-01	1688-12-31	Synopsis (printed)	Synopsis	f			f	f				f		Goran Proot, Spectacula Iesuitica Belgica Antiqua (SIBA). Pars I: Provincia Flandro-Belgica (Antwerpen, 2008), p. 1-836								
1095	M875	1689-01-01	1689-12-31	Synopsis (printed)	Synopsis	f			f	f				f		Goran Proot, Spectacula Iesuitica Belgica Antiqua (SIBA). Pars I: Provincia Flandro-Belgica (Antwerpen, 2008), p. 1-836								
1096	M158	1587-01-01	1587-12-31	Reprint	Full edition	f			f	f				f										
1097	M539	1641-01-01	1641-12-31	Synopsis (printed)	Synopsis	f			f	f				f		Goran Proot, Spectacula Iesuitica Belgica Antiqua (SIBA). Pars I: Provincia Flandro-Belgica (Antwerpen, 2008), p. 1-836								
2775	M627	1653-01-01	1653-12-31	Synopsis (printed)	Synopsis	t			f	f				f										
1098	M709	1663-01-01	1663-12-31	First Printing	Full edition	f			t	t				f	166304 - a1 *2 e$ : a2 ** $i - b1 A $s : b2 G2 lor									
1101	M506	1639-01-01	1639-12-31	Synopsis (printed)	Synopsis	f			f	f				f										
1102	M518	1640-01-01	1640-12-31	Synopsis (printed)	Synopsis	f			f	f				f		Goran Proot, Spectacula Iesuitica Belgica Antiqua (SIBA). Pars I: Provincia Flandro-Belgica (Antwerpen, 2008), p. 1-836								
1103	M519	1640-01-01	1640-12-31	Synopsis (printed)	Synopsis	f			f	f				f		Goran Proot, Spectacula Iesuitica Belgica Antiqua (SIBA). Pars I: Provincia Flandro-Belgica (Antwerpen, 2008), p. 1-836								
1104	M521	1640-01-01	1640-12-31	Synopsis (printed)	Synopsis	f			f	f				f	164004									
1105	M625	1653-01-01	1653-12-31	First Printing	Full edition	f	Comical tragedy		f	f				f	165312 - a1 M7 ATV - b1 N q : b2 P4 ulet									
1106	M23	1535-01-01	1535-12-31	Reprint	Full edition	f			f	f			http://books.google.be/books?id=jAgUAAAAQAAJ&printsec=frontcover&dq=acolastus&hl=nl&sa=X&ei=I-qfUI6aAYTB0QWT7IHQBg&redir_esc=y#v=onepage&q&f=false	f										
1107	M9	1529-01-01	1529-12-31	Reprint	Full edition	f	Comedy		t	t			https://gallica.bnf.fr/ark:/12148/bpt6k310125q/f1.item.r=acolastus	f	000008 - a1 Aij $res - b1 B VT : b2 Eij .$									
1108	M93	1547-01-01	1547-12-31	Reprint	Full edition	f	Comedy	Sacred comedy	f	f				f	154708 - a1 a,$stil : a1 B3 iam. - b1 B4 die.$ : b2 E3 de.$									
1109	M184	1594-01-01	1594-12-31		Full edition	f			f	f				f						https://lib.ugent.be/catalog/rug01:002036044				
1110	M276	1616-01-01	1616-12-31	Fragment	Fragment	f	Comical tragedy		f	f				f		Goran Proot, Spectacula Iesuitica Belgica Antiqua (SIBA). Pars I: Provincia Flandro-Belgica (Antwerpen, 2008), p. 1-836								
1111	M331	1625-01-01	1625-12-31	Synopsis (printed)	Synopsis	f			f	f	https://www.let.leidenuniv.nl/Dutch/Ceneton/Facsimiles/SJDavidAntwerpen1625	https://www.let.leidenuniv.nl/Dutch/Ceneton/SJDavidAntwerpen1625.html		f										
1112	M366	1629-01-01	1629-12-31	Synopsis (printed)	Synopsis	f	Tragicomedy		f	f				f							http://ark.bnf.fr/ark:/12148/cb38684417z			
1113	M1727	1741-01-01	1741-12-31	Synopsis (printed)	Synopsis	f	Comedy		f	f				f										
1114	M1728	1741-01-01	1741-12-31	Synopsis (printed)	Synopsis	f	Tragedy		f	f				f										
1115	M1062	1710-01-01	1710-12-31	Synopsis (printed)	Synopsis	f	Tragedy		f	f				f										
1116	M1059	1710-01-01	1710-12-31	Synopsis (printed)	Synopsis	f			f	f				f			Koppelen op M- of E-niveau aan Ceneton006820			https://lib.ugent.be/catalog/rug01:000792550				
1117	M611	1651-01-01	1651-12-31	Synopsis (printed)	Synopsis	f			f	f			http://books.google.be/books?id=N8Q8AAAAcAAJ&printsec=frontcover&hl=nl&source=gbs_ge_summary_r&cad=0#v=onepage&q&f=false	f		Goran Proot, Spectacula Iesuitica Belgica Antiqua (SIBA). Pars I: Provincia Flandro-Belgica (Antwerpen, 2008), p. 1-836								
1118	M614	1652-01-01	1652-12-31	Synopsis (printed)	Synopsis	f	Comical tragedy		f	f				f		Goran Proot, Spectacula Iesuitica Belgica Antiqua (SIBA). Pars I: Provincia Flandro-Belgica (Antwerpen, 2008), p. 1-836								
1119	M636	1655-01-01	1655-12-31	Synopsis (printed)	Synopsis	f			f	f			https://books.google.be/books?id=aPxLAAAAcAAJ&printsec=frontcover&hl=nl&source=gbs_ge_summary_r&cad=0#v=onepage&q&f=false	f										
1120	M767	1668-01-01	1668-12-31	Synopsis (printed)	Synopsis	f			f	f				f										
1121	M800	1673-01-01	1673-12-31	Synopsis (printed)	Synopsis	f			f	f			https://books.google.be/books?id=afxLAAAAcAAJ&printsec=frontcover&hl=nl&source=gbs_ge_summary_r&cad=0#v=onepage&q&f=false	f										
1122	M805	1675-01-01	1675-12-31	Synopsis (printed)	Synopsis	f			f	f			https://books.google.be/books?id=a_xLAAAAcAAJ&printsec=frontcover&hl=nl&source=gbs_ge_summary_r&cad=0#v=onepage&q&f=false	f										
1123	M15	1534-01-01	1534-12-31	First Printing	Full edition	f			t	t				f	153408 - a1 A.ij ens - b1 A.iij. nsi : b2 B.iiij. rbis$ - c1 C m$ : c2 C.iij. ora									
1124	M18	1534-01-01	1534-12-31	First Printing	Full edition	f			f	f	https://www.let.leidenuniv.nl/Dutch/Ceneton/Facsimiles/CandidusSusanna1534			f	153408 - a1 A.ij ens : a2 B.iiij. rbis$ - b1 C m$ : c2 C.iij. ora									
1125	M98	1549-01-01	1549-12-31	Reprint	Full edition	f			f	f				f	154908 - a1 A2 alioqui$ - b1 A3 odalib : b2 E5 .$									
1126	M254	1613-01-01	1613-12-31	Reprint	Full edition	f	Comedy	Sacred comedy	f	f				f										
1127	M99	1549-01-01	1549-12-31	Reprint	Full edition	f	Comedy	Sacred comedy	f	f				f										
1128	M13	1533-01-01	1533-12-31	First Printing	Full edition	f			f	f		https://www.let.leidenuniv.nl/Dutch/Ceneton/ZovitiusRuth1533.html	http://books.google.nl/books?id=3LdbAAAAQAAJ&printsec=frontcover&dq=inauthor:%22Jacobus+Zovitius%22&hl=nl&sa=X&ei=ELrgUOfaLaSe0QWX84HIBA&redir_esc=y#v=onepage&q&f=false	f	153308 - a1 A2 $ : a2 A4 quant - b1 A5 aco : b2 E5 uman									
1129	M91	1547-01-01	1547-12-31	Reprint	Full edition	f	Comedy	Sacred comedy	f	f				f	000008 - b1 E uà : b2 H5 ,$ut,u									
1130	M10	1530-01-01	1530-12-31	Reprint	Full edition	f			f	f				f	103008 -  b1 B V : b2 E2 at.									
1131	M21	1535-01-01	1535-12-31	Reprint	Full edition	f			f	f				f										
1132	M35	1538-01-01	1538-12-31	First Printing	Full edition	f			f	f				f	153808 - a1 A2 nt$ : a2 A3 guant. - b1A4 s.$ : b2 C4 cito.$Po									
1133	M39	1539-01-01	1539-12-31	First Printing	Full edition	f			t	t				f	153908 - a1 A2 ltimu - b1 A3 s$est.$ : b2 D2 r$									
1134	M84	1544-01-01	1544-12-31	First Printing	Full edition	f			t	t			http://books.google.nl/books?id=JggUAAAAQAAJ&printsec=frontcover&hl=nl#v=onepage&q&f=false	f	1544 - a1 A2 $T - b1 A4 u.$ : b2 E5 um$									
1135	M87	1545-01-01	1545-12-31	Reprint	Full edition	f			f	f	https://www.let.leidenuniv.nl/Dutch/Ceneton/Facsimiles/MacropediusAndrisca1545	https://www.let.leidenuniv.nl/Dutch/Ceneton/MacropediusAndrisca1545.html		f	154508 - a1 A2 nt$ : a2 A3 nt. - b1 A4 .$ : b2 C4 o.$Po									
1136	M2045	1769-01-01	1769-12-31	Synopsis (printed)	Synopsis	f	Opera		f	f				f	000008 - 	Goran Proot, Spectacula Iesuitica Belgica Antiqua (SIBA). Pars I: Provincia Flandro-Belgica (Antwerpen, 2008), p. 1-836								
1137	M639	1656-01-01	1656-12-31	Synopsis (printed)	Synopsis	f			f	f				f		Goran Proot, Spectacula Iesuitica Belgica Antiqua (SIBA). Pars I: Provincia Flandro-Belgica (Antwerpen, 2008), p. 1-836								
1138	M1563	1731-01-01	1731-12-31	Synopsis (printed)	Synopsis	f			f	f				f		Ferdinand Vanderhaeghen, Bibliographie Gantoise. Bibliographie gantoise: 1ère partie du XVIIIe siècle (Gent, 1801)								
1139	M1565	1731-01-01	1731-12-31	Synopsis (printed)	Synopsis	f	Tragedy		f	f				f		Ferdinand Vanderhaeghen, Bibliographie Gantoise. Bibliographie gantoise: 1ère partie du XVIIIe siècle (Gent, 1801)	Koppelen op M- of E-niveau aan Ceneton006990							
1140	M1566	1731-01-01	1731-12-31	Synopsis (printed)	Synopsis	f	Tragedy		f	f				f		Ambrosius Keelhoff, Geschiedenis van het klooster der eerw. paters eremyten Augustynen te Gent (Gent, 1864)	Koppelen op M- of E-niveau aan Ceneton002870							
1141	M1570	1731-01-01	1731-12-31	Synopsis (printed)	Synopsis	f	Comedy		f	f				f										
1142	M1584	1732-01-01	1732-12-31	Synopsis (printed)	Synopsis	f			f	f				f			Koppelen op M- of E-niveau aan Ceneton006670 (pas, op hiervan zijn twee ID's in omloop!)							
1143	M1592	1732-01-01	1732-12-31	Synopsis (printed)	Synopsis	f			f	f				f										
1144	M1594	1732-01-01	1732-12-31	Synopsis (printed)	Synopsis	f			f	f				f						https://lib.ugent.be/catalog/rug01:000793154				
1145	M1595	1732-01-01	1732-12-31	Synopsis (printed)	Synopsis	f	Comedy		f	f				f										
1146	M1609	1732-01-01	1732-12-31	Synopsis (printed)	Synopsis	f			f	f				f										
1147	M1613	1732-01-01	1732-12-31	Synopsis (printed)	Synopsis	f			f	f				f			Hetzelfde als 006660 of 006670?							
1148	M1614	1732-01-01	1732-12-31	Synopsis (printed)	Synopsis	f			f	f				f		Ferdinand Vanderhaeghen, Bibliographie Gantoise. Bibliographie gantoise: 1ère partie du XVIIIe siècle (Gent, 1801)	Koppelen op M- of E-niveau aan Ceneton006670			https://lib.ugent.be/catalog/rug01:000793151				
1478	M1503	1730-01-01	1730-12-31	Mention	Fragment	f	Tragedy		f	f				f	4									
1149	M1615	1732-01-01	1732-12-31	Synopsis (printed)	Synopsis	f			f	f				f		Ferdinand Vanderhaeghen, Bibliographie Gantoise. Bibliographie gantoise: 1ère partie du XVIIIe siècle (Gent, 1801)	Koppelen op M- of E-niveau aan Ceneton006660			https://lib.ugent.be/catalog/rug01:000793157				
1150	M1617	1732-01-01	1732-12-31	Synopsis (printed)	Synopsis	f			f	f				f						https://lib.ugent.be/catalog/rug01:000793148				
1151	M1618	1732-01-01	1732-12-31	Mention	Fragment	f	Comedy		f	f				f			Koppelen op M- of E-niveau aan Ceneton006670 en Ceneton006671							
1152	M1619	1732-01-01	1732-12-31	Synopsis (printed)	Synopsis	f			f	f				f			Koppelen op M- of E-niveau aan Ceneton006671 en Ceneton006910							
1153	M1621	1732-01-01	1732-12-31	Synopsis (printed)	Synopsis	f	Comedy		f	f				f										
1154	M1622	1732-01-01	1732-12-31	Synopsis (printed)	Synopsis	f	Tragedy		f	f				f			Koppelen op M- of E-niveau aan Ceneton006170			https://lib.ugent.be/catalog/rug01:000793146				
1155	M1623	1732-01-01	1732-12-31	Synopsis (printed)	Synopsis	f			f	f				f			Koppelen op M- of E-niveau aan Ceneton006160							
1156	M1627	1733-01-01	1733-12-31	Synopsis (printed)	Synopsis	f			f	f				f										
1157	M1646	1733-01-01	1733-12-31	Synopsis (printed)	Synopsis	f			f	f				f		Ferdinand Vanderhaeghen, Bibliographie Gantoise. Bibliographie gantoise: 1ère partie du XVIIIe siècle (Gent, 1801)								
1158	M1651	1733-01-01	1733-12-31	Synopsis (printed)	Synopsis	f			f	f				f										
1159	M1656	1733-01-01	1733-12-31	Synopsis (printed)	Synopsis	f			f	f				f						https://lib.ugent.be/catalog/rug01:000793164				
1160	M1659	1733-01-01	1733-12-31	Synopsis (printed)	Synopsis	f			f	f				f		Ferdinand Vanderhaeghen, Bibliographie Gantoise. Bibliographie gantoise: 1ère partie du XVIIIe siècle (Gent, 1801)				https://lib.ugent.be/catalog/rug01:000793160				
1161	M2032	1768-01-01	1768-12-31	Synopsis (printed)	Synopsis	f			f	f				f						https://lib.ugent.be/catalog/rug01:000793168				
1162	M380	1630-01-01	1630-12-31	Synopsis (printed)	Synopsis	f	Comical tragedy		f	f				f		Goran Proot, Spectacula Iesuitica Belgica Antiqua (SIBA). Pars I: Provincia Flandro-Belgica (Antwerpen, 2008), p. 1-836								
1163	M413	1633-01-01	1633-12-31	Synopsis (printed)	Synopsis	f	Comical tragedy		f	f				f										
1164	M423	1634-01-01	1634-12-31	Synopsis (printed)	Synopsis	f			f	f				f										
1165	M524	1640-01-01	1640-12-31	Synopsis (printed)	Synopsis	f			f	f				f		Goran Proot, Spectacula Iesuitica Belgica Antiqua (SIBA). Pars I: Provincia Flandro-Belgica (Antwerpen, 2008), p. 1-836								
1166	M547	1643-01-01	1643-12-31	Synopsis (printed)	Synopsis	f			f	f				f										
1167	M623	1652-01-01	1652-12-31	Synopsis (printed)	Synopsis	f			f	f				f										
1168	M671	1658-01-01	1658-12-31	Synopsis (printed)	Synopsis	f			f	f				f		Goran Proot, Spectacula Iesuitica Belgica Antiqua (SIBA). Pars I: Provincia Flandro-Belgica (Antwerpen, 2008), p. 1-836								
1169	M681	1660-01-01	1660-12-31	Synopsis (printed)	Synopsis	f			f	f				f		Goran Proot, Spectacula Iesuitica Belgica Antiqua (SIBA). Pars I: Provincia Flandro-Belgica (Antwerpen, 2008), p. 1-836					https://catalogue.bnf.fr/ark:/12148/cb38684428m			
1170	M686	1661-01-01	1661-12-31	Synopsis (printed)	Synopsis	f	Tragicomedy		f	f				f	4	Goran Proot, Spectacula Iesuitica Belgica Antiqua (SIBA). Pars I: Provincia Flandro-Belgica (Antwerpen, 2008), p. 1-836								
1171	M697	1662-01-01	1662-12-31	Synopsis (printed)	Synopsis	f			f	f				f		Goran Proot, Spectacula Iesuitica Belgica Antiqua (SIBA). Pars I: Provincia Flandro-Belgica (Antwerpen, 2008), p. 1-836								
1172	M706	1662-01-01	1662-12-31	Synopsis (printed)	Synopsis	f	Comical tragedy		f	f				f										
1173	M723	1663-01-01	1663-12-31	Synopsis (printed)	Synopsis	f			f	f			https://books.google.nl/books?id=pScUAAAAQAAJ&pg=PP4&lpg=PP4&dq=edeldom&source=bl&ots=9Q49GhCAUK&sig=qSHKBP5wIgYgpZ6miZ6rXhpkDJc&hl=nl&sa=X&ved=0ahUKEwjIidnaq_jXAhWiCsAKHXl_CSgQ6AEIVTAL#v=onepage&q=edeldom&f=false	f	4									
1174	M734	1664-01-01	1664-12-31	Synopsis (printed)	Synopsis	f			f	f				f	4									
1175	M749	1666-01-01	1666-12-31	Synopsis (printed)	Synopsis	f			f	f				f										
1176	M751	1666-01-01	1666-12-31	Synopsis (printed)	Synopsis	f	Tragedy		f	f				f		Goran Proot, Spectacula Iesuitica Belgica Antiqua (SIBA). Pars I: Provincia Flandro-Belgica (Antwerpen, 2008), p. 1-836								
1177	M53	1540-01-01	1540-12-31	Reprint	Full edition	f			f	f				f	154008 - b1 r er : b2 T4 lacet									
1178	M54	1540-01-01	1540-12-31	Reprint	Full edition	f			f	f				f										
1179	M55	1540-01-01	1540-12-31	Reprint	Full edition	f			f	f				f	154008 - b1 V m, : b2 Y ugi$									
1180	M56	1540-01-01	1540-12-31	Reprint	Full edition	f			f	f				f								https://opc-kb.oclc.org/DB=1/XMLPRS=Y/PPN?PPN=243904770		
1181	M58	1540-01-01	1540-12-31	Reprint	Full edition	f			f	f				f	154008 - a1 M $H - b1 M2 ut$ho : b2 Q5$am									
1182	M59	1540-01-01	1540-12-31	Reprint	Full edition	f	Comedy	Sacred comedy	f	f				f										
1183	M60	1540-01-01	1540-12-31	Reprint	Full edition	f			f	f			https://books.google.nl/books?id=3ZNXAAAAcAAJ&pg=PT17&lpg=PT17&dq=Ovis+perdita&source=bl&ots=AVb9JidC_w&sig=EkRGtYGtZhfgO42jtH5Rzok_cn8&hl=nl&sa=X&ved=0ahUKEwiQuOHgtfXJAhXCTBQKHYLyCCEQ6AEISTAL#v=onepage&q=Ovis%20perdita&f=false	f										
1184	M63	1540-01-01	1540-12-31	Reprint	Full edition	f	Comedy		f	f				f	154008 - b1 k m$ : b2 M5 IN									
1185	M2063	1770-01-01	1770-12-31	Synopsis (printed)	Synopsis	f			f	f				f										
1186	M747	1666-01-01	1666-12-31	Synopsis (printed)	Synopsis	f	Comical tragedy		f	f				f		Goran Proot, Spectacula Iesuitica Belgica Antiqua (SIBA). Pars I: Provincia Flandro-Belgica (Antwerpen, 2008), p. 1-836								
1187	M838	1682-01-01	1682-12-31	Synopsis (printed)	Synopsis	f			f	f				f										
1188	M862	1686-01-01	1686-12-31	Synopsis (printed)	Synopsis	f			f	f				f		Goran Proot, Spectacula Iesuitica Belgica Antiqua (SIBA). Pars I: Provincia Flandro-Belgica (Antwerpen, 2008), p. 1-836								
1189	M1303	1724-01-01	1724-12-31	Synopsis (printed)	Synopsis	f			f	f			http://anet.ua.ac.be/desktop/anet/core/index.phtml?language=&euser=&session=&service=opacua&robot=&deskservice=desktop&desktop=anet&workstation=&extra=	f				https://anet.be/record/opacuantwerpen/c:lvd:14052819/N						
1190	M1314	1725-01-01	1725-12-31	Synopsis (printed)	Synopsis	f	Comedy		f	f			http://anet.ua.ac.be/desktop/anet/core/index.phtml?language=&euser=&session=&service=opacua&robot=&deskservice=desktop&desktop=anet&workstation=&extra=	f				https://anet.be/record/opacuantwerpen/c:lvd:14015541/N						
1191	M1316	1725-01-01	1725-12-31	Synopsis (printed)	Synopsis	f	Tragedy		f	f				f		Goran Proot, Spectacula Iesuitica Belgica Antiqua (SIBA). Pars I: Provincia Flandro-Belgica (Antwerpen, 2008), p. 1-836								
1192	M1334	1725-01-01	1725-12-31	Synopsis (printed)	Synopsis	f			f	f				f		Goran Proot, Spectacula Iesuitica Belgica Antiqua (SIBA). Pars I: Provincia Flandro-Belgica (Antwerpen, 2008), p. 1-836								
1193	M1344	1726-01-01	1726-12-31	Mention	Fragment	f	Comedy		f	f				f	2	Goran Proot, Spectacula Iesuitica Belgica Antiqua (SIBA). Pars I: Provincia Flandro-Belgica (Antwerpen, 2008), p. 1-836								
1194	M1345	1726-01-01	1726-12-31	Synopsis (printed)	Synopsis	f			f	f	https://www.let.leidenuniv.nl/Dutch/Ceneton/Facsimiles/SJCyrusGent1726			f										
1195	M1361	1726-01-01	1726-12-31	Synopsis (printed)	Synopsis	f	Tragedy		f	f			http://anet.ua.ac.be/desktop/anet/core/index.phtml?language=&euser=&session=&service=opacua&robot=&deskservice=desktop&desktop=anet&workstation=&extra=	f	2									
1196	M1379	1727-01-01	1727-12-31	Synopsis (printed)	Synopsis	f			f	f				f										
1197	M1383	1727-01-01	1727-12-31	Synopsis (printed)	Synopsis	f	Comedy		f	f			http://anet.ua.ac.be/desktop/anet/core/index.phtml?language=&euser=&session=&service=opacua&robot=&deskservice=desktop&desktop=anet&workstation=&extra=	f				https://anet.be/record/opacuantwerpen/c:lvd:14049719/N						
1198	M1387	1727-01-01	1727-12-31	Synopsis (printed)	Synopsis	f	Tragedy		f	f			http://anet.ua.ac.be/desktop/anet/core/index.phtml?language=&euser=&session=&service=opacua&robot=&deskservice=desktop&desktop=anet&workstation=&extra=	f		Goran Proot, Spectacula Iesuitica Belgica Antiqua (SIBA). Pars I: Provincia Flandro-Belgica (Antwerpen, 2008), p. 1-836		https://anet.be/record/opacuantwerpen/c:lvd:14049770/N						
1199	M1399	1728-01-01	1728-12-31	Synopsis (printed)	Synopsis	f			f	f				f		Goran Proot, Spectacula Iesuitica Belgica Antiqua (SIBA). Pars I: Provincia Flandro-Belgica (Antwerpen, 2008), p. 1-836								
1200	M1415	1728-01-01	1728-12-31	Mention	Fragment	f			f	f				f		Goran Proot, Spectacula Iesuitica Belgica Antiqua (SIBA). Pars I: Provincia Flandro-Belgica (Antwerpen, 2008), p. 1-836								
1201	M1416	1728-01-01	1728-12-31	Synopsis (printed)	Synopsis	f			f	f				f										
1202	M1419	1728-01-01	1728-12-31	Synopsis (printed)	Synopsis	f			f	f	https://www.let.leidenuniv.nl/Dutch/Ceneton/Facsimiles/SJJonathasGent1728		http://anet.ua.ac.be/desktop/anet/core/index.phtml?language=&euser=&session=&service=opacua&robot=&deskservice=desktop&desktop=anet&workstation=&extra=	f										
1203	M1422	1728-01-01	1728-12-31	Synopsis (printed)	Synopsis	f			f	f				f		Goran Proot, Spectacula Iesuitica Belgica Antiqua (SIBA). Pars I: Provincia Flandro-Belgica (Antwerpen, 2008), p. 1-836								
1204	M1424	1728-01-01	1728-12-31	Synopsis (printed)	Synopsis	f			f	f				f										
1205	M1428	1728-01-01	1728-12-31	Synopsis (printed)	Synopsis	f			f	f			http://anet.ua.ac.be/desktop/anet/core/index.phtml?language=&euser=&session=&service=opacua&robot=&deskservice=desktop&desktop=anet&workstation=&extra=	f		Goran Proot, Spectacula Iesuitica Belgica Antiqua (SIBA). Pars I: Provincia Flandro-Belgica (Antwerpen, 2008), p. 1-836		https://anet.be/record/opacuantwerpen/c:lvd:14051250/N						
1206	M1461	1729-01-01	1729-12-31	Synopsis (printed)	Synopsis	f			f	f				f										
1207	M1467	1729-01-01	1729-12-31	Mention	Fragment	f			f	f				f										
1208	M1509	1730-01-01	1730-12-31	Mention	Fragment	f	Comedy		f	f				f										
1209	M1523	1730-01-01	1730-12-31	Synopsis (printed)	Synopsis	f			f	f				f	4									
1210	M1525	1730-01-01	1730-12-31	Synopsis (printed)	Synopsis	f			f	f				f										
1211	M1526	1730-01-01	1730-12-31	Synopsis (printed)	Synopsis	f	Tragedy		f	f				f										
1212	M1537	1731-01-01	1731-12-31	Synopsis (printed)	Synopsis	f			f	f				f	2									
1213	M1544	1731-01-01	1731-12-31	Synopsis (printed)	Synopsis	f			f	f				f										
1214	M1551	1731-01-01	1731-12-31	Synopsis (printed)	Synopsis	f			f	f				f										
1215	M1569	1731-01-01	1731-12-31	Synopsis (printed)	Synopsis	f			f	f				f	2									
1216	M1571	1731-01-01	1731-12-31	Mention	Fragment	f	Interlude		f	f				f										
1217	M1581	1732-01-01	1732-12-31	Synopsis (printed)	Synopsis	f			f	f				f										
1218	M1591	1732-01-01	1732-12-31	Synopsis (printed)	Synopsis	f			f	f	https://www.let.leidenuniv.nl/Dutch/Ceneton/Facsimiles/SJJonathasGent1732		http://anet.ua.ac.be/desktop/anet/core/index.phtml?language=&euser=&session=&service=opacua&robot=&deskservice=desktop&desktop=anet&workstation=&extra=	f										
1219	M1605	1732-01-01	1732-12-31	Mention	Fragment	f	Comedy		f	f				f										
1220	M1633	1733-01-01	1733-12-31	Synopsis (printed)	Synopsis	f			f	f	https://www.let.leidenuniv.nl/Dutch/Ceneton/Facsimiles/SJAthaliaGent1733		http://books.google.nl/books?id=YLw8AAAAcAAJ&printsec=frontcover&hl=nl#v=onepage&q&f=false	f	000002 - a1 A2 rim									
1221	M1636	1733-01-01	1733-12-31	Synopsis (printed)	Synopsis	f			f	f				f	2									
1222	M1639	1733-01-01	1733-12-31	Mention	Fragment	f			f	f				f	2									
1223	M1644	1733-01-01	1733-12-31	Synopsis (printed)	Synopsis	f	Tragedy		f	f				f	2									
1224	M1645	1733-01-01	1733-12-31	Mention	Fragment	f			f	f			http://books.google.nl/books?id=YLw8AAAAcAAJ&printsec=frontcover&hl=nl#v=onepage&q&f=false	f	000002 - a1 A2 $rim									
1225	M1667	1734-01-01	1734-12-31	Synopsis (printed)	Synopsis	f			f	f				f		Goran Proot, Spectacula Iesuitica Belgica Antiqua (SIBA). Pars I: Provincia Flandro-Belgica (Antwerpen, 2008), p. 1-836								
1226	M1673	1735-01-01	1735-12-31	First Printing	Full edition	f			f	f				f	173208 - a1 *2 $in : a2 I5 cem - b1 K d : b2 M2 ut,$s									
1227	M1676	1735-01-01	1735-12-31	First Printing	Full edition	f			f	f				f	173208 - a1 *2 $in : a2 N3 ut$o - b1 O æ : b2 P3 $præ - c1 Q m, : c2 Q3 on$c									
1228	M1677	1735-01-01	1735-12-31	First Printing	Full edition	f			f	f				f	173208 - a1 *2 $in : a2  E3 e.$V - b1 F rt : b2 I2 am									
1229	M1678	1735-01-01	1735-12-31	Synopsis (printed)	Synopsis	f			f	f				f										
1230	M1680	1735-01-01	1735-12-31	First Printing	Full edition	f			f	f				f	173208 - a1 *2 $in : a2 A3 ebib - b1 B v : b2 E ul									
1231	M1682	1735-01-01	1735-12-31	Synopsis (printed)	Synopsis	f			t	t	https://www.let.leidenuniv.nl/Dutch/Ceneton/Facsimiles/SJSedeciasGent1735			f										
1232	M1692	1736-01-01	1736-12-31	Synopsis (printed)	Synopsis	f			f	f				f		Goran Proot, Spectacula Iesuitica Belgica Antiqua (SIBA). Pars I: Provincia Flandro-Belgica (Antwerpen, 2008), p. 1-836								
1233	M1693	1736-01-01	1736-12-31	Synopsis (printed)	Synopsis	f	Tragedy		f	f				f		Goran Proot, Spectacula Iesuitica Belgica Antiqua (SIBA). Pars I: Provincia Flandro-Belgica (Antwerpen, 2008), p. 1-836								
1234	M1698	1737-01-01	1737-12-31	Synopsis (printed)	Synopsis	f	Comical tragedy		f	f				f		Goran Proot, Spectacula Iesuitica Belgica Antiqua (SIBA). Pars I: Provincia Flandro-Belgica (Antwerpen, 2008), p. 1-836								
1235	M1713	1739-01-01	1739-12-31	Synopsis (printed)	Synopsis	f			f	f				f		Goran Proot, Spectacula Iesuitica Belgica Antiqua (SIBA). Pars I: Provincia Flandro-Belgica (Antwerpen, 2008), p. 1-836								
1236	M1719	1740-01-01	1740-12-31	Synopsis (printed)	Synopsis	f			f	f				f		Goran Proot, Spectacula Iesuitica Belgica Antiqua (SIBA). Pars I: Provincia Flandro-Belgica (Antwerpen, 2008), p. 1-836								
1237	M2185	1729-01-01	1739-12-31	Synopsis (printed)	Synopsis	f			f	f				f				Lies Peeters, Arbeidstijd en vrije tijd in Vlaanderen tijdens de 18de eeuw: een micro-onderzoek (Gent, 2011)						
1238	M1905	1756-01-01	1756-12-31	Synopsis (printed)	Synopsis	f	Tragedy		f	f				f		Goran Proot, Spectacula Iesuitica Belgica Antiqua (SIBA). Pars I: Provincia Flandro-Belgica (Antwerpen, 2008), p. 1-836								
1239	M1926	1758-01-01	1758-12-31	Synopsis (printed)	Synopsis	f			f	f				f										
1240	M1937	1759-01-01	1759-12-31	Synopsis (printed)	Synopsis	f			f	f				f										
1241	M1940	1760-01-01	1760-12-31	Synopsis (printed)	Synopsis	f			f	f			http://books.google.be/books?id=m8Q8AAAAcAAJ&printsec=frontcover&hl=nl&source=gbs_ge_summary_r&cad=0#v=onepage&q&f=false	f		Goran Proot, Spectacula Iesuitica Belgica Antiqua (SIBA). Pars I: Provincia Flandro-Belgica (Antwerpen, 2008), p. 1-836								
1242	M1953	1761-01-01	1761-12-31	Synopsis (printed)	Synopsis	f			f	f				f		Goran Proot, Spectacula Iesuitica Belgica Antiqua (SIBA). Pars I: Provincia Flandro-Belgica (Antwerpen, 2008), p. 1-836								
1243	M1960	1762-01-01	1762-12-31	Synopsis (printed)	Synopsis	f			f	f			https://books.google.nl/books?id=Kr08AAAAcAAJ&printsec=frontcover&dq=exhibebitur+a+studiosa&hl=nl&sa=X&ved=0ahUKEwjgsPDLvZbkAhVJMewKHcRYA3IQ6AEITDAF#v=onepage&q=exhibebitur%20a%20studiosa&f=false	f		Goran Proot, Spectacula Iesuitica Belgica Antiqua (SIBA). Pars I: Provincia Flandro-Belgica (Antwerpen, 2008), p. 1-836								
1244	M1971	1763-01-01	1763-12-31	Synopsis (printed)	Synopsis	f	Tragedy		f	f				f		Goran Proot, Spectacula Iesuitica Belgica Antiqua (SIBA). Pars I: Provincia Flandro-Belgica (Antwerpen, 2008), p. 1-836								
1245	M1981	1764-01-01	1764-12-31	Synopsis (printed)	Synopsis	f			f	f				f		Goran Proot, Spectacula Iesuitica Belgica Antiqua (SIBA). Pars I: Provincia Flandro-Belgica (Antwerpen, 2008), p. 1-836	Koppelen op M- of E-niveau aan Ceneton044720							
1246	M1995	1765-01-01	1765-12-31	Synopsis (printed)	Synopsis	f	Tragedy		f	f				f		Goran Proot, Spectacula Iesuitica Belgica Antiqua (SIBA). Pars I: Provincia Flandro-Belgica (Antwerpen, 2008), p. 1-836								
1247	M1998	1765-01-01	1765-12-31	Synopsis (printed)	Synopsis	f			f	f				f		Goran Proot, Spectacula Iesuitica Belgica Antiqua (SIBA). Pars I: Provincia Flandro-Belgica (Antwerpen, 2008), p. 1-836								
1248	M1999	1765-01-01	1765-12-31	Synopsis (printed)	Synopsis	f			f	f				f		Goran Proot, Spectacula Iesuitica Belgica Antiqua (SIBA). Pars I: Provincia Flandro-Belgica (Antwerpen, 2008), p. 1-836								
1249	M2008	1766-01-01	1766-12-31	Synopsis (printed)	Synopsis	f	Tragedy		f	f				f		Goran Proot, Spectacula Iesuitica Belgica Antiqua (SIBA). Pars I: Provincia Flandro-Belgica (Antwerpen, 2008), p. 1-836	Koppeling met M2253							
1250	M2253	1766-01-01	1766-12-31	Synopsis (printed)	Synopsis	f	Tragedy		f	f				f		Goran Proot, Spectacula Iesuitica Belgica Antiqua (SIBA). Pars I: Provincia Flandro-Belgica (Antwerpen, 2008), p. 1-836	Koppeling met M2008							
1251	M2011	1766-01-01	1766-12-31	Synopsis (printed)	Synopsis	f	Tragedy		f	f				f		Goran Proot, Spectacula Iesuitica Belgica Antiqua (SIBA). Pars I: Provincia Flandro-Belgica (Antwerpen, 2008), p. 1-836								
1252	M2015	1766-01-01	1766-12-31	Synopsis (printed)	Synopsis	f			f	f				f		Goran Proot, Spectacula Iesuitica Belgica Antiqua (SIBA). Pars I: Provincia Flandro-Belgica (Antwerpen, 2008), p. 1-836								
1253	M2031	1768-01-01	1768-12-31	Synopsis (printed)	Synopsis	f			f	f				f		Goran Proot, Spectacula Iesuitica Belgica Antiqua (SIBA). Pars I: Provincia Flandro-Belgica (Antwerpen, 2008), p. 1-836								
1254	M2042	1769-01-01	1769-12-31	Synopsis (printed)	Synopsis	f	Tragedy		f	f				f		Goran Proot, Spectacula Iesuitica Belgica Antiqua (SIBA). Pars I: Provincia Flandro-Belgica (Antwerpen, 2008), p. 1-836								
1255	M2051	1770-01-01	1770-12-31	Synopsis (printed)	Synopsis	f			f	f				f		Goran Proot, Spectacula Iesuitica Belgica Antiqua (SIBA). Pars I: Provincia Flandro-Belgica (Antwerpen, 2008), p. 1-836								
1256	M2067	1771-01-01	1771-12-31	Synopsis (printed)	Synopsis	f	Tragedy		f	f				f		Goran Proot, Spectacula Iesuitica Belgica Antiqua (SIBA). Pars I: Provincia Flandro-Belgica (Antwerpen, 2008), p. 1-836								
1257	M2083	1772-01-01	1772-12-31	Synopsis (printed)	Synopsis	f	Tragedy		f	f				f		Goran Proot, Spectacula Iesuitica Belgica Antiqua (SIBA). Pars I: Provincia Flandro-Belgica (Antwerpen, 2008), p. 1-836								
1258	M2094	1773-01-01	1773-12-31	Synopsis (printed)	Synopsis	f	Tragedy		f	f			https://books.google.nl/books?id=QL08AAAAcAAJ&printsec=frontcover&dq=exhibebitur+a+studiosa&hl=nl&sa=X&ved=0ahUKEwjgsPDLvZbkAhVJMewKHcRYA3IQ6AEIOjAC#v=onepage&q=exhibebitur%20a%20studiosa&f=false	f			Koppelen op M- of E-niveau aan Ceneton045300			https://lib.ugent.be/catalog/bkt01:000329486				
1259	M2095	1773-01-01	1773-12-31	Synopsis (printed)	Synopsis	f	Tragedy		f	f			https://books.google.nl/books?id=QL08AAAAcAAJ&printsec=frontcover&dq=exhibebitur+a+studiosa&hl=nl&sa=X&ved=0ahUKEwjgsPDLvZbkAhVJMewKHcRYA3IQ6AEIOjAC#v=onepage&q=exhibebitur%20a%20studiosa&f=false	f			Koppelen op M- of E-niveau aan Ceneton045310			https://lib.ugent.be/catalog/bkt01:000329484				
1260	M1647	1733-01-01	1733-12-31	Synopsis (printed)	Synopsis	f			f	f			https://books.google.nl/books?id=MQ0UAAAAQAAJ&printsec=frontcover&dq=Machabaeorum&hl=nl&sa=X&redir_esc=y#v=onepage&q=Machabaeorum&f=false	f										
1261	M356	1628-01-01	1628-12-31	Reprint	Full edition	f			f	f				f										
1262	M5	1518-01-01	1518-12-31	First Printing	Full edition	f	Tragedy		f	f				f					https://opac.kbr.be/LIBRARY/doc/SYRACUSE/16682629 					
1263	M1967	1762-01-01	1762-12-31	Synopsis (printed)	Synopsis	f	Tragedy		f	f				f										
1264	M1317	1725-01-01	1725-12-31	Synopsis (printed)	Synopsis	f			f	f			http://anet.ua.ac.be/desktop/anet/core/index.phtml?language=&euser=&session=&service=opacua&robot=&deskservice=desktop&desktop=anet&workstation=&extra=	f				https://anet.be/record/opacuantwerpen/c:lvd:14024065/N						
1265	M1320	1725-01-01	1725-12-31	Synopsis (printed)	Synopsis	f	Tragedy		f	f			http://anet.ua.ac.be/desktop/anet/core/index.phtml?language=&euser=&session=&service=opacua&robot=&deskservice=desktop&desktop=anet&workstation=&extra=	f				https://anet.be/record/opacuantwerpen/c:lvd:14025447/N						
1266	M1341	1726-01-01	1726-12-31	Synopsis (printed)	Synopsis	f	Tragedy		f	f			http://anet.ua.ac.be/desktop/anet/core/index.phtml?language=&euser=&session=&service=opacua&robot=&deskservice=desktop&desktop=anet&workstation=&extra=	f				https://anet.be/record/opacuantwerpen/c:lvd:14022427/N						
1267	M1348	1726-01-01	1726-12-31	Synopsis (printed)	Synopsis	f	Tragedy		f	f			http://anet.ua.ac.be/desktop/anet/core/index.phtml?language=&euser=&session=&service=opacua&robot=&deskservice=desktop&desktop=anet&workstation=&extra=	f				https://anet.be/record/opacuantwerpen/c:lvd:14025399/N						
1268	M1353	1726-01-01	1726-12-31	Synopsis (printed)	Synopsis	f	Tragedy		f	f			http://anet.ua.ac.be/desktop/anet/core/index.phtml?language=&euser=&session=&service=opacua&robot=&deskservice=desktop&desktop=anet&workstation=&extra=	f				https://anet.be/record/opacuantwerpen/c:lvd:14025576/N						
1269	M1403	1728-01-01	1728-12-31	Synopsis (printed)	Synopsis	f	Comedy		f	f			http://anet.ua.ac.be/desktop/anet/core/index.phtml?language=&euser=&session=&service=opacua&robot=&deskservice=desktop&desktop=anet&workstation=&extra=	f				https://anet.be/record/opacuantwerpen/c:lvd:14023867/N						
1270	M1432	1728-01-01	1728-12-31	Synopsis (printed)	Synopsis	f	Comical tragedy		f	f			http://anet.ua.ac.be/desktop/anet/core/index.phtml?language=&euser=&session=&service=opacua&robot=&deskservice=desktop&desktop=anet&workstation=&extra=	f				https://anet.be/record/opacuantwerpen/c:lvd:14054441/N						
1271	M1434	1728-01-01	1728-12-31	Synopsis (printed)	Synopsis	f	Tragedy		f	f			http://anet.ua.ac.be/desktop/anet/core/index.phtml?language=&euser=&session=&service=opacua&robot=&deskservice=desktop&desktop=anet&workstation=&extra=	f				https://anet.be/record/opacuantwerpen/c:lvd:14054451/N						
1272	M1440	1729-01-01	1729-12-31	Synopsis (printed)	Synopsis	f			f	f			http://anet.ua.ac.be/desktop/anet/core/index.phtml?language=&euser=&session=&service=opacua&robot=&deskservice=desktop&desktop=anet&workstation=&extra=	f				https://anet.be/record/opacuantwerpen/c:lvd:14023912/N						
1273	M1446	1729-01-01	1729-12-31	Synopsis (printed)	Synopsis	f			f	f			http://anet.ua.ac.be/desktop/anet/core/index.phtml?language=&euser=&session=&service=opacua&robot=&deskservice=desktop&desktop=anet&workstation=&extra=	f										
1274	M1451	1729-01-01	1729-12-31	Synopsis (printed)	Synopsis	f			f	f			http://anet.ua.ac.be/desktop/anet/core/index.phtml?language=&euser=&session=&service=opacua&robot=&deskservice=desktop&desktop=anet&workstation=&extra=	f				https://anet.be/record/opacuantwerpen/c:lvd:14031583/N						
1275	M1457	1729-01-01	1729-12-31	Synopsis (printed)	Synopsis	f	Comedy		f	f			http://anet.ua.ac.be/desktop/anet/core/index.phtml?language=&euser=&session=&service=opacua&robot=&deskservice=desktop&desktop=anet&workstation=&extra=	f				https://anet.be/record/opacuantwerpen/c:lvd:14049829/N						
1276	M1468	1729-01-01	1729-12-31	Synopsis (printed)	Synopsis	f			f	f			http://anet.ua.ac.be/desktop/anet/core/index.phtml?language=&euser=&session=&service=opacua&robot=&deskservice=desktop&desktop=anet&workstation=&extra=	f				https://anet.be/record/opacuantwerpen/c:lvd:14052822/N						
1277	M1470	1729-01-01	1729-12-31	Synopsis (printed)	Synopsis	f			f	f			http://anet.ua.ac.be/desktop/anet/core/index.phtml?language=&euser=&session=&service=opacua&robot=&deskservice=desktop&desktop=anet&workstation=&extra=	f										
1278	M1483	1730-01-01	1730-12-31	Synopsis (printed)	Synopsis	f			f	f	https://www.let.leidenuniv.nl/Dutch/Ceneton/Facsimiles/SJAmasiasGent1730			f	2									
1588	M2117	1776-01-01	1776-12-31	Synopsis (printed)	Synopsis	f			f	f				f										
1279	M1516	1730-01-01	1730-12-31	Synopsis (printed)	Synopsis	f			f	f			http://anet.ua.ac.be/desktop/anet/core/index.phtml?language=&euser=&session=&service=opacua&robot=&deskservice=desktop&desktop=anet&workstation=&extra=	f				https://anet.be/record/opacuantwerpen/c:lvd:14049833/N						
1280	M1426	1728-01-01	1728-12-31	Synopsis (printed)	Synopsis	f	Tragedy		f	f				f										
1281	M1642	1733-01-01	1733-12-31	Synopsis (printed)	Synopsis	f	Tragedy		f	f				f										
1282	M615	1652-01-01	1652-12-31	Reprint	Full edition	f			f	f			https://books.googleusercontent.com/books/content?req=AKW5QafvrupxiIel_Lwu3N9IyGRY_5mcRbSoAw5AmjPmVHiGsh_EaSUMoj81ZkehaK5wzlk3K-pQs4Y9xxDlJvJD6eD0wfgDF_mR04rydXpN6ilsTOeD20__TFam_2sNS4D4m9dWc1IIKyKRSDhHbf8cMdYxb0NrVN0HXG16ekFxMe6zONWuEIxvcAmcPdi7CX4eAaf3kaKu7w3Q_LlA1QVlfquICRHjVPbEme9giZcR3m7V5cKDZct3LuT7l0ybmfiRq0bSg-K2aky6FPd-DKObIUJDs0tuFy-rErbPi4actrq1t8pfs4M	f										
1283	M616	1652-01-01	1652-12-31	Reprint	Full edition	f			f	f			https://books.googleusercontent.com/books/content?req=AKW5QafvrupxiIel_Lwu3N9IyGRY_5mcRbSoAw5AmjPmVHiGsh_EaSUMoj81ZkehaK5wzlk3K-pQs4Y9xxDlJvJD6eD0wfgDF_mR04rydXpN6ilsTOeD20__TFam_2sNS4D4m9dWc1IIKyKRSDhHbf8cMdYxb0NrVN0HXG16ekFxMe6zONWuEIxvcAmcPdi7CX4eAaf3kaKu7w3Q_LlA1QVlfquICRHjVPbEme9giZcR3m7V5cKDZct3LuT7l0ybmfiRq0bSg-K2aky6FPd-DKObIUJDs0tuFy-rErbPi4actrq1t8pfs4M	f										
1284	M617	1652-01-01	1652-12-31	Reprint	Full edition	f			f	f			https://books.googleusercontent.com/books/content?req=AKW5QafvrupxiIel_Lwu3N9IyGRY_5mcRbSoAw5AmjPmVHiGsh_EaSUMoj81ZkehaK5wzlk3K-pQs4Y9xxDlJvJD6eD0wfgDF_mR04rydXpN6ilsTOeD20__TFam_2sNS4D4m9dWc1IIKyKRSDhHbf8cMdYxb0NrVN0HXG16ekFxMe6zONWuEIxvcAmcPdi7CX4eAaf3kaKu7w3Q_LlA1QVlfquICRHjVPbEme9giZcR3m7V5cKDZct3LuT7l0ybmfiRq0bSg-K2aky6FPd-DKObIUJDs0tuFy-rErbPi4actrq1t8pfs4M	f										
1285	M618	1652-01-01	1652-12-31	Reprint	Full edition	f			f	f			https://books.googleusercontent.com/books/content?req=AKW5QafvrupxiIel_Lwu3N9IyGRY_5mcRbSoAw5AmjPmVHiGsh_EaSUMoj81ZkehaK5wzlk3K-pQs4Y9xxDlJvJD6eD0wfgDF_mR04rydXpN6ilsTOeD20__TFam_2sNS4D4m9dWc1IIKyKRSDhHbf8cMdYxb0NrVN0HXG16ekFxMe6zONWuEIxvcAmcPdi7CX4eAaf3kaKu7w3Q_LlA1QVlfquICRHjVPbEme9giZcR3m7V5cKDZct3LuT7l0ybmfiRq0bSg-K2aky6FPd-DKObIUJDs0tuFy-rErbPi4actrq1t8pfs4M	f										
1286	M620	1652-01-01	1652-12-31	Reprint	Full edition	f			f	f			https://books.googleusercontent.com/books/content?req=AKW5QafvrupxiIel_Lwu3N9IyGRY_5mcRbSoAw5AmjPmVHiGsh_EaSUMoj81ZkehaK5wzlk3K-pQs4Y9xxDlJvJD6eD0wfgDF_mR04rydXpN6ilsTOeD20__TFam_2sNS4D4m9dWc1IIKyKRSDhHbf8cMdYxb0NrVN0HXG16ekFxMe6zONWuEIxvcAmcPdi7CX4eAaf3kaKu7w3Q_LlA1QVlfquICRHjVPbEme9giZcR3m7V5cKDZct3LuT7l0ybmfiRq0bSg-K2aky6FPd-DKObIUJDs0tuFy-rErbPi4actrq1t8pfs4M	f										
1287	M621	1652-01-01	1652-12-31	Reprint	Full edition	f			f	f			https://books.googleusercontent.com/books/content?req=AKW5QafvrupxiIel_Lwu3N9IyGRY_5mcRbSoAw5AmjPmVHiGsh_EaSUMoj81ZkehaK5wzlk3K-pQs4Y9xxDlJvJD6eD0wfgDF_mR04rydXpN6ilsTOeD20__TFam_2sNS4D4m9dWc1IIKyKRSDhHbf8cMdYxb0NrVN0HXG16ekFxMe6zONWuEIxvcAmcPdi7CX4eAaf3kaKu7w3Q_LlA1QVlfquICRHjVPbEme9giZcR3m7V5cKDZct3LuT7l0ybmfiRq0bSg-K2aky6FPd-DKObIUJDs0tuFy-rErbPi4actrq1t8pfs4M	f										
1288	M782	1672-01-01	1672-12-31	Reprint	Full edition	f	Tragicomedy		f	f			http://books.google.nl/books?id=Bvs9AAAAcAAJ&pg=RA2-PA115&lpg=RA2-PA115&dq=Pseudostratiota&source=bl&ots=3ezEvDhrlP&sig=HT88iD_MV2BLAzYCfINZ5LY7FUo&hl=nl&sa=X&ei=ymVpUbDTJOeG0AWh2IHYBw&ved=0CDcQ6AEwAg#v=onepage&q=Pseudostratiota&f=false	f										
1289	M783	1672-01-01	1672-12-31	Reprint	Full edition	f			f	f			http://books.google.nl/books?id=Bvs9AAAAcAAJ&pg=RA2-PA115&lpg=RA2-PA115&dq=Pseudostratiota&source=bl&ots=3ezEvDhrlP&sig=HT88iD_MV2BLAzYCfINZ5LY7FUo&hl=nl&sa=X&ei=ymVpUbDTJOeG0AWh2IHYBw&ved=0CDcQ6AEwAg#v=onepage&q=Pseudostratiota&f=false	f										
1290	M784	1672-01-01	1672-12-31	Reprint	Full edition	f			f	f			http://books.google.nl/books?id=Bvs9AAAAcAAJ&pg=RA2-PA115&lpg=RA2-PA115&dq=Pseudostratiota&source=bl&ots=3ezEvDhrlP&sig=HT88iD_MV2BLAzYCfINZ5LY7FUo&hl=nl&sa=X&ei=ymVpUbDTJOeG0AWh2IHYBw&ved=0CDcQ6AEwAg#v=onepage&q=Pseudostratiota&f=false	f										
1291	M785	1672-01-01	1672-12-31	Reprint	Full edition	f	Comedy		f	f			http://books.google.nl/books?id=Bvs9AAAAcAAJ&pg=RA2-PA115&lpg=RA2-PA115&dq=Pseudostratiota&source=bl&ots=3ezEvDhrlP&sig=HT88iD_MV2BLAzYCfINZ5LY7FUo&hl=nl&sa=X&ei=ymVpUbDTJOeG0AWh2IHYBw&ved=0CDcQ6AEwAg#v=onepage&q=Pseudostratiota&f=false	f										
1292	M788	1672-01-01	1672-12-31	Reprint	Full edition	f			f	f			http://books.google.nl/books?id=Bvs9AAAAcAAJ&pg=RA2-PA115&lpg=RA2-PA115&dq=Pseudostratiota&source=bl&ots=3ezEvDhrlP&sig=HT88iD_MV2BLAzYCfINZ5LY7FUo&hl=nl&sa=X&ei=ymVpUbDTJOeG0AWh2IHYBw&ved=0CDcQ6AEwAg#v=onepage&q=Pseudostratiota&f=false	f										
1293	M789	1672-01-01	1672-12-31	Reprint	Full edition	f			f	f			http://books.google.nl/books?id=Bvs9AAAAcAAJ&pg=RA2-PA115&lpg=RA2-PA115&dq=Pseudostratiota&source=bl&ots=3ezEvDhrlP&sig=HT88iD_MV2BLAzYCfINZ5LY7FUo&hl=nl&sa=X&ei=ymVpUbDTJOeG0AWh2IHYBw&ved=0CDcQ6AEwAg#v=onepage&q=Pseudostratiota&f=false	f										
1294	M790	1672-01-01	1672-12-31	Reprint	Full edition	f	Comedy		f	f			http://books.google.nl/books?id=Bvs9AAAAcAAJ&pg=RA2-PA115&lpg=RA2-PA115&dq=Pseudostratiota&source=bl&ots=3ezEvDhrlP&sig=HT88iD_MV2BLAzYCfINZ5LY7FUo&hl=nl&sa=X&ei=ymVpUbDTJOeG0AWh2IHYBw&ved=0CDcQ6AEwAg#v=onepage&q=Pseudostratiota&f=false	f										
1295	M791	1672-01-01	1672-12-31	Reprint	Full edition	f			f	f			http://books.google.nl/books?id=Bvs9AAAAcAAJ&pg=RA2-PA115&lpg=RA2-PA115&dq=Pseudostratiota&source=bl&ots=3ezEvDhrlP&sig=HT88iD_MV2BLAzYCfINZ5LY7FUo&hl=nl&sa=X&ei=ymVpUbDTJOeG0AWh2IHYBw&ved=0CDcQ6AEwAg#v=onepage&q=Pseudostratiota&f=false	f										
1296	M792	1672-01-01	1672-12-31	Reprint	Full edition	f			f	f			http://books.google.nl/books?id=Bvs9AAAAcAAJ&pg=RA2-PA115&lpg=RA2-PA115&dq=Pseudostratiota&source=bl&ots=3ezEvDhrlP&sig=HT88iD_MV2BLAzYCfINZ5LY7FUo&hl=nl&sa=X&ei=ymVpUbDTJOeG0AWh2IHYBw&ved=0CDcQ6AEwAg#v=onepage&q=Pseudostratiota&f=false	f										
1297	M793	1672-01-01	1672-12-31	Reprint	Full edition	f			f	f			http://books.google.nl/books?id=Bvs9AAAAcAAJ&pg=RA2-PA115&lpg=RA2-PA115&dq=Pseudostratiota&source=bl&ots=3ezEvDhrlP&sig=HT88iD_MV2BLAzYCfINZ5LY7FUo&hl=nl&sa=X&ei=ymVpUbDTJOeG0AWh2IHYBw&ved=0CDcQ6AEwAg#v=onepage&q=Pseudostratiota&f=false	f										
1298	M794	1672-01-01	1672-12-31	Reprint	Full edition	f			f	f			http://books.google.nl/books?id=Bvs9AAAAcAAJ&pg=RA2-PA115&lpg=RA2-PA115&dq=Pseudostratiota&source=bl&ots=3ezEvDhrlP&sig=HT88iD_MV2BLAzYCfINZ5LY7FUo&hl=nl&sa=X&ei=ymVpUbDTJOeG0AWh2IHYBw&ved=0CDcQ6AEwAg#v=onepage&q=Pseudostratiota&f=false	f										
1299	M795	1672-01-01	1672-12-31	Reprint	Full edition	f			f	f			http://books.google.nl/books?id=Bvs9AAAAcAAJ&pg=RA2-PA115&lpg=RA2-PA115&dq=Pseudostratiota&source=bl&ots=3ezEvDhrlP&sig=HT88iD_MV2BLAzYCfINZ5LY7FUo&hl=nl&sa=X&ei=ymVpUbDTJOeG0AWh2IHYBw&ved=0CDcQ6AEwAg#v=onepage&q=Pseudostratiota&f=false	f										
1300	M797	1672-01-01	1672-12-31	Reprint	Full edition	f			f	f			http://books.google.nl/books?id=Bvs9AAAAcAAJ&pg=RA2-PA115&lpg=RA2-PA115&dq=Pseudostratiota&source=bl&ots=3ezEvDhrlP&sig=HT88iD_MV2BLAzYCfINZ5LY7FUo&hl=nl&sa=X&ei=ymVpUbDTJOeG0AWh2IHYBw&ved=0CDcQ6AEwAg#v=onepage&q=Pseudostratiota&f=false	f										
1301	M798	1672-01-01	1672-12-31	Reprint	Full edition	f			f	f			http://books.google.nl/books?id=Bvs9AAAAcAAJ&pg=RA2-PA115&lpg=RA2-PA115&dq=Pseudostratiota&source=bl&ots=3ezEvDhrlP&sig=HT88iD_MV2BLAzYCfINZ5LY7FUo&hl=nl&sa=X&ei=ymVpUbDTJOeG0AWh2IHYBw&ved=0CDcQ6AEwAg#v=onepage&q=Pseudostratiota&f=false	f										
1302	M799	1672-01-01	1672-12-31	Reprint	Full edition	f			f	f			http://books.google.nl/books?id=Bvs9AAAAcAAJ&pg=RA2-PA115&lpg=RA2-PA115&dq=Pseudostratiota&source=bl&ots=3ezEvDhrlP&sig=HT88iD_MV2BLAzYCfINZ5LY7FUo&hl=nl&sa=X&ei=ymVpUbDTJOeG0AWh2IHYBw&ved=0CDcQ6AEwAg#v=onepage&q=Pseudostratiota&f=false	f										
1303	M103	1552-01-01	1552-12-31	Reprint	Full edition	f	Comedy		f	f			http://books.google.be/books?id=kysUAAAAQAAJ&printsec=frontcover&hl=nl&source=gbs_ge_summary_r&cad=0#v=onepage&q&f=false	f	155208 - a1 A2 $stu : a2 D4 pera - b1 D5 s$ : b2  E5 di.									
1304	M107	1552-01-01	1552-12-31	Reprint	Full edition	f			f	f			http://books.google.be/books?id=kysUAAAAQAAJ&printsec=frontcover&hl=nl&source=gbs_ge_summary_r&cad=0#v=onepage&q&f=false	f	155208 - a1 A2 $stu : a2 A4 ro,$s - b1 B n : b2 D2 d$ho									
1305	M121	1557-01-01	1557-12-31	Reprint	Full edition	f			f	f			https://books.google.be/books?vid=GENT900000018278&printsec=frontcover#v=onepage&q&f=false	f										
1306	M122	1558-01-01	1558-12-31	Reprint	Full edition	f			f	f				f	155808 - a1 A2 tikôm : a2 D3 eris$e - b1 D4 ibi$imp : b2 E5 occidi									
1307	M123	1558-01-01	1558-12-31	Reprint	Full edition	f			f	f				f	155808 - a1 A2 tikôm - b1 A4 per,$ : b2 D2 $quòd$ - c1 D3 eris$e : c2 E5 occidi									
1308	M139	1569-01-01	1569-12-31	Reprint	Full edition	f			f	f			https://books.google.nl/books?id=J0OfGsLDtAwC&pg=PT26&dq=acolastus&hl=nl&sa=X&ei=UmqWVYinCMiqUaPXltAN&ved=0CFkQ6AEwCDgK#v=onepage&q=acolastus&f=false	f										
1309	M149	1577-01-01	1577-12-31	Reprint	Full edition	f			f	f				f										
1310	M350	1628-01-01	1628-12-31	Reprint	Full edition	f			f	f			http://books.google.nl/books?id=_PlVYiOhSVkC&printsec=frontcover&hl=nl&source=gbs_ge_summary_r&cad=0#v=onepage&q&f=false	f										
1311	M352	1628-01-01	1628-12-31	Reprint	Full edition	f	Comedy		f	f			http://books.google.nl/books?id=_PlVYiOhSVkC&printsec=frontcover&hl=nl&source=gbs_ge_summary_r&cad=0#v=onepage&q&f=false	f										
1312	M357	1628-01-01	1628-12-31	Reprint	Full edition	f			f	f			http://books.google.nl/books?id=_PlVYiOhSVkC&printsec=frontcover&hl=nl&source=gbs_ge_summary_r&cad=0#v=onepage&q&f=false	f										
1313	M361	1628-01-01	1628-12-31	Reprint	Full edition	f			f	f			http://books.google.nl/books?id=_PlVYiOhSVkC&printsec=frontcover&hl=nl&source=gbs_ge_summary_r&cad=0#v=onepage&q&f=false	f										
1314	M362	1628-01-01	1628-12-31	Reprint	Full edition	f	Comedy		f	f			http://books.google.nl/books?id=_PlVYiOhSVkC&printsec=frontcover&hl=nl&source=gbs_ge_summary_r&cad=0#v=onepage&q&f=false	f										
1315	M363	1628-01-01	1628-12-31	Reprint	Full edition	f			f	f			http://books.google.nl/books?id=_PlVYiOhSVkC&printsec=frontcover&hl=nl&source=gbs_ge_summary_r&cad=0#v=onepage&q&f=false	f										
1316	M1035	1705-01-01	1705-12-31	Synopsis (printed)	Synopsis	f	Tragedy		f	f				f		Goran Proot, Spectacula Iesuitica Belgica Antiqua (SIBA). Pars I: Provincia Flandro-Belgica (Antwerpen, 2008), p. 1-836								
1317	M1066	1711-01-01	1711-12-31	Synopsis (printed)	Synopsis	f	Tragedy		f	f			http://anet.ua.ac.be/desktop/anet/core/index.phtml?language=&euser=&session=&service=opacua&robot=&deskservice=desktop&desktop=anet&workstation=&extra=	f	2									
1318	M1073	1711-01-01	1711-12-31	Synopsis (printed)	Synopsis	f	Comedy		f	f			http://anet.ua.ac.be/desktop/anet/core/index.phtml?language=&euser=&session=&service=opacua&robot=&deskservice=desktop&desktop=anet&workstation=&extra=	f		Goran Proot, Spectacula Iesuitica Belgica Antiqua (SIBA). Pars I: Provincia Flandro-Belgica (Antwerpen, 2008), p. 1-836								
1319	M1484	1730-01-01	1730-12-31	Synopsis (printed)	Synopsis	f	Tragedy		f	f				f	2									
1320	M1530	1730-01-01	1730-12-31	Synopsis (printed)	Synopsis	f	Comedy		f	f				f	2									
1321	M1204	1722-01-01	1722-12-31	Synopsis (printed)	Synopsis	f	Tragedy		f	f		https://www.let.leidenuniv.nl/Dutch/Ceneton/SJAchanBelle1722.html	http://anet.ua.ac.be/desktop/anet/core/index.phtml?language=&euser=&session=&service=opacua&robot=&deskservice=desktop&desktop=anet&workstation=&extra=	f		Goran Proot, Spectacula Iesuitica Belgica Antiqua (SIBA). Pars I: Provincia Flandro-Belgica (Antwerpen, 2008), p. 1-836								
1322	M1206	1722-01-01	1722-12-31	Synopsis (printed)	Synopsis	f	Tragedy		f	f			http://anet.ua.ac.be/desktop/anet/core/index.phtml?language=&euser=&session=&service=opacua&robot=&deskservice=desktop&desktop=anet&workstation=&extra=	f				https://anet.be/record/opacuantwerpen/c:lvd:14015666/N						
1323	M1214	1722-01-01	1722-12-31	Synopsis (printed)	Synopsis	f	Tragedy		f	f			http://anet.ua.ac.be/desktop/anet/core/index.phtml?language=&euser=&session=&service=opacua&robot=&deskservice=desktop&desktop=anet&workstation=&extra=	f				https://anet.be/record/opacuantwerpen/c:lvd:14023897/N						
1324	M1217	1722-01-01	1722-12-31	Synopsis (printed)	Synopsis	f			f	f		https://www.let.leidenuniv.nl/Dutch/Ceneton/SJAchanBelle1722.html	http://anet.ua.ac.be/desktop/anet/core/index.phtml?language=&euser=&session=&service=opacua&robot=&deskservice=desktop&desktop=anet&workstation=&extra=	f										
1325	M1222	1722-01-01	1722-12-31	Synopsis (printed)	Synopsis	f			f	f				f										
1326	M1223	1722-01-01	1722-12-31	Synopsis (printed)	Synopsis	f	Tragedy		f	f			http://anet.ua.ac.be/desktop/anet/core/index.phtml?language=&euser=&session=&service=opacua&robot=&deskservice=desktop&desktop=anet&workstation=&extra=	f		Goran Proot, Spectacula Iesuitica Belgica Antiqua (SIBA). Pars I: Provincia Flandro-Belgica (Antwerpen, 2008), p. 1-836								
1327	M1230	1722-01-01	1722-12-31	Synopsis (printed)	Synopsis	f			f	f			http://anet.ua.ac.be/desktop/anet/core/index.phtml?language=&euser=&session=&service=opacua&robot=&deskservice=desktop&desktop=anet&workstation=&extra=	f		Goran Proot, Spectacula Iesuitica Belgica Antiqua (SIBA). Pars I: Provincia Flandro-Belgica (Antwerpen, 2008), p. 1-836								
1328	M1231	1722-01-01	1722-12-31	Synopsis (printed)	Synopsis	f	Tragedy		f	f			http://anet.ua.ac.be/desktop/anet/core/index.phtml?language=&euser=&session=&service=opacua&robot=&deskservice=desktop&desktop=anet&workstation=&extra=	f		Goran Proot, Spectacula Iesuitica Belgica Antiqua (SIBA). Pars I: Provincia Flandro-Belgica (Antwerpen, 2008), p. 1-836								
1329	M1243	1723-01-01	1723-12-31	Synopsis (printed)	Synopsis	f			f	f			http://anet.ua.ac.be/desktop/anet/core/index.phtml?language=&euser=&session=&service=opacua&robot=&deskservice=desktop&desktop=anet&workstation=&extra=	f										
3315	M1249	1723-01-01	1723-12-31	Synopsis (printed)	Synopsis	t			f	f			http://anet.ua.ac.be/desktop/anet/core/index.phtml?language=&euser=&session=&service=opacua&robot=&deskservice=desktop&desktop=anet&workstation=&extra=	f										
1330	M1251	1723-01-01	1723-12-31	Synopsis (printed)	Synopsis	f			f	f			http://anet.ua.ac.be/desktop/anet/core/index.phtml?language=&euser=&session=&service=opacua&robot=&deskservice=desktop&desktop=anet&workstation=&extra=	f										
3320	M1254	1723-01-01	1723-12-31	Synopsis (printed)	Synopsis	t			f	f				f										
3323	M1256	1723-01-01	1723-12-31	Synopsis (printed)	Synopsis	t			f	f			http://anet.ua.ac.be/desktop/anet/core/index.phtml?language=&euser=&session=&service=opacua&robot=&deskservice=desktop&desktop=anet&workstation=&extra=	f										
1331	M1270	1724-01-01	1724-12-31	Synopsis (printed)	Synopsis	f	Tragedy		f	f			http://anet.ua.ac.be/desktop/anet/core/index.phtml?language=&euser=&session=&service=opacua&robot=&deskservice=desktop&desktop=anet&workstation=&extra=	f										
1332	M1271	1724-01-01	1724-12-31	Synopsis (printed)	Synopsis	f	Tragedy		f	f			http://anet.ua.ac.be/desktop/anet/core/index.phtml?language=&euser=&session=&service=opacua&robot=&deskservice=desktop&desktop=anet&workstation=&extra=	f										
1333	M1273	1724-01-01	1724-12-31	Synopsis (printed)	Synopsis	f	Comedy		f	f			http://anet.ua.ac.be/desktop/anet/core/index.phtml?language=&euser=&session=&service=opacua&robot=&deskservice=desktop&desktop=anet&workstation=&extra=	f										
1334	M1285	1724-01-01	1724-12-31	Synopsis (printed)	Synopsis	f	Tragedy		f	f			http://anet.ua.ac.be/desktop/anet/core/index.phtml?language=&euser=&session=&service=opacua&robot=&deskservice=desktop&desktop=anet&workstation=&extra=	f				https://anet.be/record/opacuantwerpen/c:lvd:14028990/N						
1335	M1288	1724-01-01	1724-12-31	Synopsis (printed)	Synopsis	f			f	f			http://anet.ua.ac.be/desktop/anet/core/index.phtml?language=&euser=&session=&service=opacua&robot=&deskservice=desktop&desktop=anet&workstation=&extra=	f		Goran Proot, Spectacula Iesuitica Belgica Antiqua (SIBA). Pars I: Provincia Flandro-Belgica (Antwerpen, 2008), p. 1-836								
1336	M1300	1724-01-01	1724-12-31	Synopsis (printed)	Synopsis	f			f	f			http://anet.ua.ac.be/desktop/anet/core/index.phtml?language=&euser=&session=&service=opacua&robot=&deskservice=desktop&desktop=anet&workstation=&extra=	f				https://anet.be/record/opacuantwerpen/c:lvd:14051330/N						
1337	M1313	1725-01-01	1725-12-31	Synopsis (printed)	Synopsis	f	Tragedy		f	f			http://anet.ua.ac.be/desktop/anet/core/index.phtml?language=&euser=&session=&service=opacua&robot=&deskservice=desktop&desktop=anet&workstation=&extra=	f				https://anet.be/record/opacuantwerpen/c:lvd:14023959/N						
1338	M1319	1725-01-01	1725-12-31	Synopsis (printed)	Synopsis	f			f	f			http://anet.ua.ac.be/desktop/anet/core/index.phtml?language=&euser=&session=&service=opacua&robot=&deskservice=desktop&desktop=anet&workstation=&extra=	f				https://anet.be/record/opacuantwerpen/c:lvd:14025390/N						
1339	M1323	1725-01-01	1725-12-31	Synopsis (printed)	Synopsis	f			f	f			http://anet.ua.ac.be/desktop/anet/core/index.phtml?language=&euser=&session=&service=opacua&robot=&deskservice=desktop&desktop=anet&workstation=&extra=	f				https://anet.be/record/opacuantwerpen/c:lvd:14025929/N						
1340	M1324	1725-01-01	1725-12-31	Synopsis (printed)	Synopsis	f			f	f				f										
1341	M1325	1725-01-01	1725-12-31	Synopsis (printed)	Synopsis	f			f	f			http://anet.ua.ac.be/desktop/anet/core/index.phtml?language=&euser=&session=&service=opacua&robot=&deskservice=desktop&desktop=anet&workstation=&extra=	f				https://anet.be/record/opacuantwerpen/c:lvd:14029048/N						
1342	M1327	1725-01-01	1725-12-31	Synopsis (printed)	Synopsis	f			f	f			http://anet.ua.ac.be/brocade/brocade.phtml?UDses=51584699:666553&UDstate=1&UDmode=oneframe&UDaccess=W&UDrou=_Entry:dgpsview&UDextra=dg:ua:532~uapreciosa~opacuantwerpen~c:lvd:14029072~1~252~N&UDaccess=W&UDcall=digiview	f		Goran Proot, Spectacula Iesuitica Belgica Antiqua (SIBA). Pars I: Provincia Flandro-Belgica (Antwerpen, 2008), p. 1-836								
1343	M1330	1725-01-01	1725-12-31	Synopsis (printed)	Synopsis	f			f	f			http://anet.ua.ac.be/desktop/anet/core/index.phtml?language=&euser=&session=&service=opacua&robot=&deskservice=desktop&desktop=anet&workstation=&extra=	f				https://anet.be/record/opacuantwerpen/c:lvd:14029364/N						
1344	M1337	1725-01-01	1725-12-31	Synopsis (printed)	Synopsis	f			f	f			http://anet.ua.ac.be/desktop/anet/core/index.phtml?language=&euser=&session=&service=opacua&robot=&deskservice=desktop&desktop=anet&workstation=&extra=	f		Goran Proot, Spectacula Iesuitica Belgica Antiqua (SIBA). Pars I: Provincia Flandro-Belgica (Antwerpen, 2008), p. 1-836		https://anet.be/record/opacuantwerpen/c:lvd:14049775/N						
1345	M1346	1726-01-01	1726-12-31	Synopsis (printed)	Synopsis	f	Tragedy		f	f				f		Goran Proot, Spectacula Iesuitica Belgica Antiqua (SIBA). Pars I: Provincia Flandro-Belgica (Antwerpen, 2008), p. 1-836	Koppelen op M- of E-niveau aan Ceneton045810							
1346	M1352	1726-01-01	1726-12-31	Synopsis (printed)	Synopsis	f	Comedy		f	f			http://anet.ua.ac.be/desktop/anet/core/index.phtml?language=&euser=&session=&service=opacua&robot=&deskservice=desktop&desktop=anet&workstation=&extra=	f	2			https://anet.be/record/opacuantwerpen/c:lvd:14025468/N						
1347	M1357	1726-01-01	1726-12-31	Synopsis (printed)	Synopsis	f	Tragedy		f	f			http://anet.ua.ac.be/desktop/anet/core/index.phtml?language=&euser=&session=&service=opacua&robot=&deskservice=desktop&desktop=anet&workstation=&extra=	f				https://anet.be/record/opacuantwerpen/c:lvd:14029201/N						
1348	M1360	1726-01-01	1726-12-31	Synopsis (printed)	Synopsis	f			f	f				f	2									
1349	M1362	1726-01-01	1726-12-31	Synopsis (printed)	Synopsis	f			f	f			http://anet.ua.ac.be/desktop/anet/core/index.phtml?language=&euser=&session=&service=opacua&robot=&deskservice=desktop&desktop=anet&workstation=&extra=	f				https://anet.be/record/opacuantwerpen/c:lvd:14022270/N						
1350	M1363	1726-01-01	1726-12-31	Synopsis (printed)	Synopsis	f	Tragedy		f	f			http://anet.ua.ac.be/desktop/anet/core/index.phtml?language=&euser=&session=&service=opacua&robot=&deskservice=desktop&desktop=anet&workstation=&extra=	f		Goran Proot, Spectacula Iesuitica Belgica Antiqua (SIBA). Pars I: Provincia Flandro-Belgica (Antwerpen, 2008), p. 1-836								
1351	M1365	1726-01-01	1726-12-31	Synopsis (printed)	Synopsis	f	Tragedy		f	f			http://anet.ua.ac.be/desktop/anet/core/index.phtml?language=&euser=&session=&service=opacua&robot=&deskservice=desktop&desktop=anet&workstation=&extra=	f		Goran Proot, Spectacula Iesuitica Belgica Antiqua (SIBA). Pars I: Provincia Flandro-Belgica (Antwerpen, 2008), p. 1-836	Koppelen op M- of E-niveau aan Ceneton045870	https://anet.be/record/opacuantwerpen/c:lvd:14049656/N						
1352	M1370	1726-01-01	1726-12-31	Synopsis (printed)	Synopsis	f			f	f	https://www.let.leidenuniv.nl/Dutch/Ceneton/Facsimiles/SJBethulienBelle1726		http://anet.ua.ac.be/desktop/anet/core/index.phtml?language=&euser=&session=&service=opacua&robot=&deskservice=desktop&desktop=anet&workstation=&extra=	f										
1353	M1373	1727-01-01	1727-12-31	Synopsis (printed)	Synopsis	f	Tragedy		f	f			http://anet.ua.ac.be/desktop/anet/core/index.phtml?language=&euser=&session=&service=opacua&robot=&deskservice=desktop&desktop=anet&workstation=&extra=	f				https://anet.be/record/opacuantwerpen/c:lvd:14015555/N						
1354	M1374	1727-01-01	1727-12-31	Synopsis (printed)	Synopsis	f			f	f			http://anet.ua.ac.be/desktop/anet/core/index.phtml?language=&euser=&session=&service=opacua&robot=&deskservice=desktop&desktop=anet&workstation=&extra=	f	-4									
1355	M1375	1727-01-01	1727-12-31	Synopsis (printed)	Synopsis	f			f	f			http://anet.ua.ac.be/desktop/anet/core/index.phtml?language=&euser=&session=&service=opacua&robot=&deskservice=desktop&desktop=anet&workstation=&extra=	f				https://anet.be/record/opacuantwerpen/c:lvd:14023752/N						
1356	M1381	1727-01-01	1727-12-31	Synopsis (printed)	Synopsis	f	Comedy		f	f			http://anet.ua.ac.be/desktop/anet/core/index.phtml?language=&euser=&session=&service=opacua&robot=&deskservice=desktop&desktop=anet&workstation=&extra=	f				https://anet.be/record/opacuantwerpen/c:lvd:14025970/N						
1357	M1382	1727-01-01	1727-12-31	Synopsis (printed)	Synopsis	f			f	f			http://anet.ua.ac.be/desktop/anet/core/index.phtml?language=&euser=&session=&service=opacua&robot=&deskservice=desktop&desktop=anet&workstation=&extra=	f				https://anet.be/record/opacuantwerpen/c:lvd:14029095/N						
1358	M1385	1727-01-01	1727-12-31	Synopsis (printed)	Synopsis	f			f	f			http://anet.ua.ac.be/desktop/anet/core/index.phtml?language=&euser=&session=&service=opacua&robot=&deskservice=desktop&desktop=anet&workstation=&extra=	f				https://anet.be/record/opacuantwerpen/c:lvd:14049741/N						
1359	M1386	1727-01-01	1727-12-31	Synopsis (printed)	Synopsis	f	Tragedy		f	f			http://anet.ua.ac.be/desktop/anet/core/index.phtml?language=&euser=&session=&service=opacua&robot=&deskservice=desktop&desktop=anet&workstation=&extra=	f		Goran Proot, Spectacula Iesuitica Belgica Antiqua (SIBA). Pars I: Provincia Flandro-Belgica (Antwerpen, 2008), p. 1-836		https://anet.be/record/opacuantwerpen/c:lvd:14049752/N						
1360	M1392	1727-01-01	1727-12-31	Mention	Fragment	f	Comedy		f	f				f										
1361	M1393	1727-01-01	1727-12-31	Synopsis (printed)	Synopsis	f	Tragedy		f	f			http://anet.ua.ac.be/desktop/anet/core/index.phtml?language=&euser=&session=&service=opacua&robot=&deskservice=desktop&desktop=anet&workstation=&extra=	f				https://anet.be/record/opacuantwerpen/c:lvd:14051298/N						
1589	M2126	1790-01-01	1790-12-31	Synopsis (printed)	Synopsis	f			f	f				f										
1590	M2127	1792-01-01	1792-12-31	Synopsis (printed)	Synopsis	f			f	f				f										
1362	M1394	1727-01-01	1727-12-31	Synopsis (printed)	Synopsis	f			f	f			http://anet.ua.ac.be/desktop/anet/core/index.phtml?language=&euser=&session=&service=opacua&robot=&deskservice=desktop&desktop=anet&workstation=&extra=	f				https://anet.be/record/opacuantwerpen/c:lvd:14054375/N						
1363	M1398	1728-01-01	1728-12-31	Synopsis (printed)	Synopsis	f	Tragedy		f	f			http://anet.ua.ac.be/desktop/anet/core/index.phtml?language=&euser=&session=&service=opacua&robot=&deskservice=desktop&desktop=anet&workstation=&extra=	f		Goran Proot, Spectacula Iesuitica Belgica Antiqua (SIBA). Pars I: Provincia Flandro-Belgica (Antwerpen, 2008), p. 1-836		https://anet.be/record/opacuantwerpen/c:lvd:14051342/N						
1364	M1400	1728-01-01	1728-12-31	Synopsis (printed)	Synopsis	f	Tragedy		f	f			http://anet.ua.ac.be/desktop/anet/core/index.phtml?language=&euser=&session=&service=opacua&robot=&deskservice=desktop&desktop=anet&workstation=&extra=	f				https://anet.be/record/opacuantwerpen/c:lvd:14022375/N						
1365	M1404	1728-01-01	1728-12-31	Synopsis (printed)	Synopsis	f	Tragedy		f	f			http://anet.ua.ac.be/desktop/anet/core/index.phtml?language=&euser=&session=&service=opacua&robot=&deskservice=desktop&desktop=anet&workstation=&extra=	f		Goran Proot, Spectacula Iesuitica Belgica Antiqua (SIBA). Pars I: Provincia Flandro-Belgica (Antwerpen, 2008), p. 1-836								
1366	M1405	1728-01-01	1728-12-31	Synopsis (printed)	Synopsis	f	Tragedy		f	f			http://anet.ua.ac.be/desktop/anet/core/index.phtml?language=&euser=&session=&service=opacua&robot=&deskservice=desktop&desktop=anet&workstation=&extra=	f		Goran Proot, Spectacula Iesuitica Belgica Antiqua (SIBA). Pars I: Provincia Flandro-Belgica (Antwerpen, 2008), p. 1-836								
1367	M1407	1728-01-01	1728-12-31	Synopsis (printed)	Synopsis	f			f	f			http://anet.ua.ac.be/desktop/anet/core/index.phtml?language=&euser=&session=&service=opacua&robot=&deskservice=desktop&desktop=anet&workstation=&extra=	f		Goran Proot, Spectacula Iesuitica Belgica Antiqua (SIBA). Pars I: Provincia Flandro-Belgica (Antwerpen, 2008), p. 1-836								
1368	M1414	1728-01-01	1728-12-31	Synopsis (printed)	Synopsis	f	Tragedy		f	f			http://anet.ua.ac.be/desktop/anet/core/index.phtml?language=&euser=&session=&service=opacua&robot=&deskservice=desktop&desktop=anet&workstation=&extra=	f				https://anet.be/record/opacuantwerpen/c:lvd:14025983/N						
1369	M1421	1728-01-01	1728-12-31	Synopsis (printed)	Synopsis	f			f	f			http://anet.ua.ac.be/desktop/anet/core/index.phtml?language=&euser=&session=&service=opacua&robot=&deskservice=desktop&desktop=anet&workstation=&extra=	f		Goran Proot, Spectacula Iesuitica Belgica Antiqua (SIBA). Pars I: Provincia Flandro-Belgica (Antwerpen, 2008), p. 1-836								
1370	M1430	1728-01-01	1728-12-31	Synopsis (printed)	Synopsis	f	Tragedy		f	f			http://anet.ua.ac.be/desktop/anet/core/index.phtml?language=&euser=&session=&service=opacua&robot=&deskservice=desktop&desktop=anet&workstation=&extra=	f		Goran Proot, Spectacula Iesuitica Belgica Antiqua (SIBA). Pars I: Provincia Flandro-Belgica (Antwerpen, 2008), p. 1-836		https://anet.be/record/opacuantwerpen/c:lvd:14052720/N						
1371	M1431	1728-01-01	1728-12-31	Synopsis (printed)	Synopsis	f			f	f			http://anet.ua.ac.be/desktop/anet/core/index.phtml?language=&euser=&session=&service=opacua&robot=&deskservice=desktop&desktop=anet&workstation=&extra=	f		Goran Proot, Spectacula Iesuitica Belgica Antiqua (SIBA). Pars I: Provincia Flandro-Belgica (Antwerpen, 2008), p. 1-836		https://anet.be/record/opacuantwerpen/c:lvd:14052736/N						
1372	M1456	1729-01-01	1729-12-31	Synopsis (printed)	Synopsis	f			f	f			http://anet.ua.ac.be/desktop/anet/core/index.phtml?language=&euser=&session=&service=opacua&robot=&deskservice=desktop&desktop=anet&workstation=&extra=	f		Goran Proot, Spectacula Iesuitica Belgica Antiqua (SIBA). Pars I: Provincia Flandro-Belgica (Antwerpen, 2008), p. 1-836								
1373	M1459	1729-01-01	1729-12-31	Synopsis (printed)	Synopsis	f			f	f			http://anet.ua.ac.be/desktop/anet/core/index.phtml?language=&euser=&session=&service=opacua&robot=&deskservice=desktop&desktop=anet&workstation=&extra=	f				https://anet.be/record/opacuantwerpen/c:lvd:14051240/N						
1374	M1469	1729-01-01	1729-12-31	Synopsis (printed)	Synopsis	f			f	f			http://anet.ua.ac.be/desktop/anet/core/index.phtml?language=&euser=&session=&service=opacua&robot=&deskservice=desktop&desktop=anet&workstation=&extra=	f				https://anet.be/record/opacuantwerpen/c:lvd:14052839/N						
1375	M1473	1729-01-01	1729-12-31	Synopsis (printed)	Synopsis	f			f	f			http://anet.ua.ac.be/desktop/anet/core/index.phtml?language=&euser=&session=&service=opacua&robot=&deskservice=desktop&desktop=anet&workstation=&extra=	f			Koppelen op M- of E-niveau aan Ceneton042170	https://anet.be/record/opacuantwerpen/c:lvd:14022343/N						
1376	M1474	1729-01-01	1729-12-31	Synopsis (printed)	Synopsis	f			f	f			http://anet.ua.ac.be/desktop/anet/core/index.phtml?language=&euser=&session=&service=opacua&robot=&deskservice=desktop&desktop=anet&workstation=&extra=	f			Koppelen op M- of E-niveau aan Ceneton042160	https://anet.be/record/opacuantwerpen/c:lvd:14022346/N						
1377	M1475	1729-01-01	1729-12-31	Synopsis (printed)	Synopsis	f			f	f				f		Goran Proot, Spectacula Iesuitica Belgica Antiqua (SIBA). Pars I: Provincia Flandro-Belgica (Antwerpen, 2008), p. 1-836	Koppelen op M- of E-niveau aan Ceneton048050							
1378	M1478	1730-01-01	1730-12-31	Synopsis (printed)	Synopsis	f			t	t	https://www.let.leidenuniv.nl/Dutch/Ceneton/Facsimiles/SJJaddusIeper1730	https://www.let.leidenuniv.nl/Dutch/Ceneton/SJJaddusIeper1730.html	http://anet.ua.ac.be/desktop/anet/core/index.phtml?language=&euser=&session=&service=opacua&robot=&deskservice=desktop&desktop=anet&workstation=&extra=	f	4									
1379	M1482	1730-01-01	1730-12-31	Synopsis (printed)	Synopsis	f			f	f			http://anet.ua.ac.be/desktop/anet/core/index.phtml?language=&euser=&session=&service=opacua&robot=&deskservice=desktop&desktop=anet&workstation=&extra=	f		Goran Proot, Spectacula Iesuitica Belgica Antiqua (SIBA). Pars I: Provincia Flandro-Belgica (Antwerpen, 2008), p. 1-836								
1380	M1487	1730-01-01	1730-12-31	Mention	Fragment	f	Comedy		f	f				f	4									
1381	M1489	1730-01-01	1730-12-31	Synopsis (printed)	Synopsis	f			f	f			http://anet.ua.ac.be/desktop/anet/core/index.phtml?language=&euser=&session=&service=opacua&robot=&deskservice=desktop&desktop=anet&workstation=&extra=	f		Goran Proot, Spectacula Iesuitica Belgica Antiqua (SIBA). Pars I: Provincia Flandro-Belgica (Antwerpen, 2008), p. 1-836								
1382	M1493	1730-01-01	1730-12-31	Synopsis (printed)	Synopsis	f			f	f			http://anet.ua.ac.be/desktop/anet/core/index.phtml?language=&euser=&session=&service=opacua&robot=&deskservice=desktop&desktop=anet&workstation=&extra=	f	2									
1383	M1495	1730-01-01	1730-12-31	Synopsis (printed)	Synopsis	f			f	f			http://anet.ua.ac.be/desktop/anet/core/index.phtml?language=&euser=&session=&service=opacua&robot=&deskservice=desktop&desktop=anet&workstation=&extra=	f	4									
1384	M1506	1730-01-01	1730-12-31	Synopsis (printed)	Synopsis	f			f	f				f		Goran Proot, Spectacula Iesuitica Belgica Antiqua (SIBA). Pars I: Provincia Flandro-Belgica (Antwerpen, 2008), p. 1-836								
1385	M1510	1730-01-01	1730-12-31	Mention	Fragment	f	Comedy		f	f				f										
1386	M1524	1730-01-01	1730-12-31	Synopsis (printed)	Synopsis	f			f	f			http://anet.ua.ac.be/desktop/anet/core/index.phtml?language=&euser=&session=&service=opacua&robot=&deskservice=desktop&desktop=anet&workstation=&extra=	f				https://anet.be/record/opacuantwerpen/c:lvd:14054318/N						
1387	M1529	1730-01-01	1730-12-31	Synopsis (printed)	Synopsis	f			f	f			http://anet.ua.ac.be/desktop/anet/core/index.phtml?language=&euser=&session=&service=opacua&robot=&deskservice=desktop&desktop=anet&workstation=&extra=	f				https://anet.be/record/opacuantwerpen/c:lvd:14054365/N						
1691	M424	1634-01-01	1634-12-31	Synopsis (printed)	Synopsis	f	Comical tragedy		f	f				f										
1388	M1533	1731-01-01	1731-12-31	Synopsis (printed)	Synopsis	f	Tragedy		f	f				f	4	Goran Proot, Spectacula Iesuitica Belgica Antiqua (SIBA). Pars I: Provincia Flandro-Belgica (Antwerpen, 2008), p. 1-836	Koppelen op M- of E-niveau aan M1534							
1389	M1534	1731-01-01	1731-12-31	Synopsis (printed)	Synopsis	f			f	f				f		Goran Proot, Spectacula Iesuitica Belgica Antiqua (SIBA). Pars I: Provincia Flandro-Belgica (Antwerpen, 2008), p. 1-836	Koppelen op M- of E-niveau aan M1533							
1390	M1535	1731-01-01	1731-12-31	Synopsis (printed)	Synopsis	f	Comedy		f	f				f	2									
1391	M1536	1731-01-01	1731-12-31	Synopsis (printed)	Synopsis	f	Tragedy		f	f				f	2									
1392	M1538	1731-01-01	1731-12-31	Synopsis (printed)	Synopsis	f	Comedy		f	f				f	2									
1393	M1540	1731-01-01	1731-12-31	Synopsis (printed)	Synopsis	f	Comedy		f	f				f	4									
1394	M1559	1731-01-01	1731-12-31	Synopsis (printed)	Synopsis	f	Comedy		f	f				f	4									
1395	M1572	1731-01-01	1731-12-31	Synopsis (printed)	Synopsis	f			f	f				f		Goran Proot, Spectacula Iesuitica Belgica Antiqua (SIBA). Pars I: Provincia Flandro-Belgica (Antwerpen, 2008), p. 1-836								
1396	M1575	1732-01-01	1732-12-31	Synopsis (printed)	Synopsis	f	Comedy		f	f				f	2	Goran Proot, Spectacula Iesuitica Belgica Antiqua (SIBA). Pars I: Provincia Flandro-Belgica (Antwerpen, 2008), p. 1-836								
1397	M1580	1732-01-01	1732-12-31	Mention	Fragment	f	Comedy		f	f				f										
1398	M1590	1732-01-01	1732-12-31	Synopsis (printed)	Synopsis	f	Tragedy		f	f				f	-4									
1399	M1593	1732-01-01	1732-12-31	Synopsis (printed)	Synopsis	f			f	f			https://books.google.be/books?vid=GENT900000062142&printsec=frontcover&hl=nl#v=onepage&q&f=false	f										
1400	M1603	1732-01-01	1732-12-31	Synopsis (printed)	Synopsis	f	Tragedy		f	f				f		Goran Proot, Spectacula Iesuitica Belgica Antiqua (SIBA). Pars I: Provincia Flandro-Belgica (Antwerpen, 2008), p. 1-836								
1401	M1626	1733-01-01	1733-12-31	Synopsis (printed)	Synopsis	f	Tragedy		f	f				f	2									
1402	M1628	1733-01-01	1733-12-31	Synopsis (printed)	Synopsis	f	Tragedy		f	f				f		Goran Proot, Spectacula Iesuitica Belgica Antiqua (SIBA). Pars I: Provincia Flandro-Belgica (Antwerpen, 2008), p. 1-836								
1403	M1648	1733-01-01	1733-12-31	Mention	Fragment	f	Comedy		f	f				f										
1404	M1653	1733-01-01	1733-12-31	Mention	Fragment	f	Tragedy		f	f				f										
1405	M2251	1733-01-01	1733-12-31	Synopsis (printed)	Synopsis	f	Tragedy		f	f				f		Goran Proot, Spectacula Iesuitica Belgica Antiqua (SIBA). Pars I: Provincia Flandro-Belgica (Antwerpen, 2008), p. 1-836	Koppelen op M- of E-niveau aan M1655			https://lib.ugent.be/catalog/rug01:000950208				
1406	M1655	1733-01-01	1733-12-31	Synopsis (printed)	Synopsis	f	Tragedy		f	f				f	2	Goran Proot, Spectacula Iesuitica Belgica Antiqua (SIBA). Pars I: Provincia Flandro-Belgica (Antwerpen, 2008), p. 1-836	Koppelen op M- of E-niveau aan M2251							
1407	M1661	1733-01-01	1733-12-31	Synopsis (printed)	Synopsis	f	Tragedy		f	f				f										
1408	M1708	1738-01-01	1738-12-31	Synopsis (printed)	Synopsis	f	Tragedy		f	f				f		Goran Proot, Spectacula Iesuitica Belgica Antiqua (SIBA). Pars I: Provincia Flandro-Belgica (Antwerpen, 2008), p. 1-836								
1409	M1734	1742-01-01	1742-12-31	Synopsis (printed)	Synopsis	f			f	f			https://books.google.nl/books?id=DllbAAAAQAAJ&pg=PP1&dq=david+exhibebitur&hl=nl&sa=X&ved=0ahUKEwjBvqG_2ITVAhUIfFAKHXCyCaMQ6wEIMDAC#v=onepage&q=david%20exhibebitur&f=false	f		Goran Proot, Spectacula Iesuitica Belgica Antiqua (SIBA). Pars I: Provincia Flandro-Belgica (Antwerpen, 2008), p. 1-836								
1410	M1738	1742-01-01	1742-12-31	Synopsis (printed)	Synopsis	f	Tragedy		f	f			https://books.google.nl/books?id=xmRbAAAAQAAJ&printsec=frontcover&hl=nl&source=gbs_ge_summary_r&cad=0#v=onepage&q&f=false	f										
1411	M1741	1742-01-01	1742-12-31	Synopsis (printed)	Synopsis	f			f	f				f		Goran Proot, Spectacula Iesuitica Belgica Antiqua (SIBA). Pars I: Provincia Flandro-Belgica (Antwerpen, 2008), p. 1-836								
1412	M1742	1742-01-01	1742-12-31	Synopsis (printed)	Synopsis	f			f	f				f		Goran Proot, Spectacula Iesuitica Belgica Antiqua (SIBA). Pars I: Provincia Flandro-Belgica (Antwerpen, 2008), p. 1-836								
1413	M1747	1743-01-01	1743-12-31	Synopsis (printed)	Synopsis	f	Tragedy		t	t	https://www.let.leidenuniv.nl/Dutch/Ceneton/Facsimiles/SJJaromirusIeper1743	https://www.let.leidenuniv.nl/Dutch/Ceneton/SJJaromirusIeper1743.html		f										
1414	M1751	1743-01-01	1743-12-31	Synopsis (printed)	Synopsis	f	Tragedy		f	f				f		Goran Proot, Spectacula Iesuitica Belgica Antiqua (SIBA). Pars I: Provincia Flandro-Belgica (Antwerpen, 2008), p. 1-836								
1415	M1752	1743-01-01	1743-12-31	Mention	Fragment	f	Comedy		f	f				f										
1416	M1755	1743-01-01	1743-12-31	Synopsis (printed)	Synopsis	f			f	f				f		Goran Proot, Spectacula Iesuitica Belgica Antiqua (SIBA). Pars I: Provincia Flandro-Belgica (Antwerpen, 2008), p. 1-836								
1417	M1757	1743-01-01	1743-12-31	Synopsis (printed)	Synopsis	f			f	f				f		Goran Proot, Spectacula Iesuitica Belgica Antiqua (SIBA). Pars I: Provincia Flandro-Belgica (Antwerpen, 2008), p. 1-836								
1418	M1758	1743-01-01	1743-12-31	Synopsis (printed)	Synopsis	f	Tragedy		f	f				f		Goran Proot, Spectacula Iesuitica Belgica Antiqua (SIBA). Pars I: Provincia Flandro-Belgica (Antwerpen, 2008), p. 1-836								
1419	M1761	1743-01-01	1743-12-31	Synopsis (printed)	Synopsis	f			f	f				f		Goran Proot, Spectacula Iesuitica Belgica Antiqua (SIBA). Pars I: Provincia Flandro-Belgica (Antwerpen, 2008), p. 1-836								
1420	M1773	1744-01-01	1744-12-31	Synopsis (printed)	Synopsis	f			f	f				f	-	Goran Proot, Spectacula Iesuitica Belgica Antiqua (SIBA). Pars I: Provincia Flandro-Belgica (Antwerpen, 2008), p. 1-836								
1421	M1776	1744-01-01	1744-12-31	Synopsis (printed)	Synopsis	f	Tragedy		f	f				f		Goran Proot, Spectacula Iesuitica Belgica Antiqua (SIBA). Pars I: Provincia Flandro-Belgica (Antwerpen, 2008), p. 1-836								
1422	M1782	1745-01-01	1745-12-31	Synopsis (printed)	Synopsis	f			f	f				f	-	Goran Proot, Spectacula Iesuitica Belgica Antiqua (SIBA). Pars I: Provincia Flandro-Belgica (Antwerpen, 2008), p. 1-836								
1423	M1897	1755-01-01	1755-12-31	Synopsis (printed)	Synopsis	f			f	f				f										
1424	M2070	1771-01-01	1771-12-31	Synopsis (printed)	Synopsis	f	Tragedy		f	f				f										
1425	M96	1549-01-01	1549-12-31		Full edition	f			t	t			http://books.google.nl/books?id=0r5bAAAAQAAJ&printsec=frontcover&hl=nl#v=onepage&q&f=false	f										
1426	M163	1591-01-01	1591-12-31	Reprint	Full edition	f			f	f			http://books.google.nl/books?id=BbgTAAAAQAAJ&printsec=frontcover&dq=julii+caesari+scaligeri+poemata+volume+2&hl=nl&sa=X&ei=wheWU97BLYakPbrEgSA&ved=0CEYQ6AEwAw#v=onepage&q&f=false	f										
1427	M178	1594-01-01	1594-12-31	Reprint	Full edition	f			f	f			https://books.google.nl/books?id=3aYT29byEeYC&printsec=frontcover&hl=nl&source=gbs_ge_summary_r&cad=0#v=onepage&q&f=false	f										
1428	M179	1594-01-01	1594-12-31	Reprint	Full edition	f			f	f			https://books.google.nl/books?id=3aYT29byEeYC&printsec=frontcover&hl=nl&source=gbs_ge_summary_r&cad=0#v=onepage&q&f=false	f										
1429	M180	1594-01-01	1594-12-31	Reprint	Full edition	f			f	f			https://books.google.nl/books?id=3aYT29byEeYC&printsec=frontcover&hl=nl&source=gbs_ge_summary_r&cad=0#v=onepage&q&f=false	f										
1430	M181	1594-01-01	1594-12-31	Reprint	Full edition	f			f	f			https://books.google.nl/books?id=3aYT29byEeYC&printsec=frontcover&hl=nl&source=gbs_ge_summary_r&cad=0#v=onepage&q&f=false	f										
1431	M182	1594-01-01	1594-12-31	Reprint	Full edition	f			f	f			https://books.google.nl/books?id=3aYT29byEeYC&printsec=frontcover&hl=nl&source=gbs_ge_summary_r&cad=0#v=onepage&q&f=false	f										
1432	M183	1594-01-01	1594-12-31	Reprint	Full edition	f			f	f			https://books.google.nl/books?id=3aYT29byEeYC&printsec=frontcover&hl=nl&source=gbs_ge_summary_r&cad=0#v=onepage&q&f=false	f										
1433	M185	1594-01-01	1594-12-31	Reprint	Full edition	f			f	f			https://books.google.nl/books?id=3aYT29byEeYC&printsec=frontcover&hl=nl&source=gbs_ge_summary_r&cad=0#v=onepage&q&f=false	f										
1434	M263	1614-01-01	1614-12-31	Reprint	Full edition	f	Comedy	Sacred comedy	f	f			https://books.google.nl/books?id=yzIvMZTy9l0C&printsec=frontcover&hl=nl&source=gbs_book_other_versions_r&cad=3#v=onepage&q&f=false	f										
1435	M264	1614-01-01	1614-12-31	Reprint	Full edition	f	Comedy	Sacred comedy	f	f			https://books.google.nl/books?id=yzIvMZTy9l0C&printsec=frontcover&hl=nl&source=gbs_book_other_versions_r&cad=3#v=onepage&q&f=false	f										
1436	M265	1614-01-01	1614-12-31	Reprint	Full edition	f	Comedy	Sacred comedy	f	f			https://books.google.nl/books?id=yzIvMZTy9l0C&printsec=frontcover&hl=nl&source=gbs_book_other_versions_r&cad=3#v=onepage&q&f=false	f										
1437	M266	1614-01-01	1614-12-31	Reprint	Full edition	f	Comedy	Sacred comedy	f	f			https://books.google.nl/books?id=yzIvMZTy9l0C&printsec=frontcover&hl=nl&source=gbs_book_other_versions_r&cad=3#v=onepage&q&f=false	f										
1438	M267	1614-01-01	1614-12-31	Reprint	Full edition	f	Comedy	Sacred comedy	f	f			https://books.google.nl/books?id=yzIvMZTy9l0C&printsec=frontcover&hl=nl&source=gbs_book_other_versions_r&cad=3#v=onepage&q&f=false	f										
1439	M268	1614-01-01	1614-12-31	Reprint	Full edition	f	Comedy	Sacred comedy	f	f			https://books.google.nl/books?id=yzIvMZTy9l0C&printsec=frontcover&hl=nl&source=gbs_book_other_versions_r&cad=3#v=onepage&q&f=false	f										
1440	M269	1614-01-01	1614-12-31	Reprint	Full edition	f			f	f			https://books.google.nl/books?id=yzIvMZTy9l0C&printsec=frontcover&hl=nl&source=gbs_book_other_versions_r&cad=3#v=onepage&q&f=false	f										
1441	M640	1656-01-01	1656-12-31	Reprint	Full edition	f	Tragedy		f	f			http://books.google.be/books?id=_VxEAAAAcAAJ&pg=PR13&dq=vernulaeus+Cantuariensis&hl=nl&sa=X&ei=vrRnUtzdN-ev0QXA3YHwAQ&ved=0CGMQ6AEwBw#v=onepage&q=vernulaeus%20Cantuariensis&f=false	f	*2 us									
1442	M641	1656-01-01	1656-12-31	Reprint	Full edition	f	Tragedy		f	f			http://books.google.be/books?id=_VxEAAAAcAAJ&pg=PR13&dq=vernulaeus+Cantuariensis&hl=nl&sa=X&ei=vrRnUtzdN-ev0QXA3YHwAQ&ved=0CGMQ6AEwBw#v=onepage&q=vernulaeus%20Cantuariensis&f=false	f										
1443	M643	1656-01-01	1656-12-31	Reprint	Full edition	f			f	f				f										
1444	M644	1656-01-01	1656-12-31	Reprint	Full edition	f			f	f				f										
1445	M645	1656-01-01	1656-12-31	Reprint	Full edition	f	Tragedy		f	f				f							http://ark.bnf.fr/ark:/12148/cb39328984t			
1446	M646	1656-01-01	1656-12-31	Reprint	Full edition	f	Tragedy		f	f			http://books.google.be/books?id=_VxEAAAAcAAJ&pg=PR13&dq=vernulaeus+Cantuariensis&hl=nl&sa=X&ei=vrRnUtzdN-ev0QXA3YHwAQ&ved=0CGMQ6AEwBw#v=onepage&q=vernulaeus%20Cantuariensis&f=false	f										
1447	M647	1656-01-01	1656-12-31	First Printing	Full edition	f			f	f				f										
1448	M648	1656-01-01	1656-12-31	Reprint	Full edition	f			f	f			http://books.google.be/books?id=_VxEAAAAcAAJ&pg=PR13&dq=vernulaeus+Cantuariensis&hl=nl&sa=X&ei=vrRnUtzdN-ev0QXA3YHwAQ&ved=0CGMQ6AEwBw#v=onepage&q=vernulaeus%20Cantuariensis&f=false	f										
1449	M651	1656-01-01	1656-12-31	First Printing	Full edition	f			f	f				f										
1450	M652	1656-01-01	1656-12-31	Reprint	Full edition	f			f	f				f										
1451	M653	1656-01-01	1656-12-31	Reprint	Full edition	f	Tragedy		f	f			http://books.google.be/books?id=_VxEAAAAcAAJ&pg=PR13&dq=vernulaeus+Cantuariensis&hl=nl&sa=X&ei=vrRnUtzdN-ev0QXA3YHwAQ&ved=0CGMQ6AEwBw#v=onepage&q=vernulaeus%20Cantuariensis&f=false	f										
1452	M654	1656-01-01	1656-12-31	Reprint	Full edition	f			f	f			http://books.google.be/books?id=_VxEAAAAcAAJ&pg=PR13&dq=vernulaeus+Cantuariensis&hl=nl&sa=X&ei=vrRnUtzdN-ev0QXA3YHwAQ&ved=0CGMQ6AEwBw#v=onepage&q=vernulaeus%20Cantuariensis&f=false	f										
1453	M655	1656-01-01	1656-12-31	Reprint	Full edition	f			f	f			http://books.google.be/books?id=_VxEAAAAcAAJ&pg=PR13&dq=vernulaeus+Cantuariensis&hl=nl&sa=X&ei=vrRnUtzdN-ev0QXA3YHwAQ&ved=0CGMQ6AEwBw#v=onepage&q=vernulaeus%20Cantuariensis&f=false	f										
1454	M656	1656-01-01	1656-12-31	Reprint	Full edition	f			f	f				f										
1455	M882	1691-01-01	1691-12-31	Synopsis (printed)	Synopsis	f			f	f				f	000004 - a1 B tu : a2 C in									
1456	M2039	1768-01-01	1768-12-31	Synopsis (printed)	Synopsis	f			f	f				f					https://opac.kbr.be/LIBRARY/doc/SYRACUSE/18401924					
1457	M2106	1774-01-01	1774-12-31	Synopsis (printed)	Synopsis	f			f	f				f					https://opac.kbr.be/LIBRARY/doc/SYRACUSE/18402596 					
1458	M2124	1777-01-01	1777-12-31	Synopsis (printed)	Synopsis	f	Tragedy		f	f				f					https://opac.kbr.be/LIBRARY/doc/SYRACUSE/18402651 					
1459	M248	1612-01-01	1612-12-31	First Printing	Full edition	f	Tragedy		t	t			http://books.google.be/books?id=gXETAAAAQAAJ&printsec=frontcover&hl=nl&source=gbs_ge_summary_r&cad=0#v=onepage&q&f=false	f										
1460	M250	1613-01-01	1613-12-31	Reprint	Full edition	f	Tragedy		f	f				f										
1461	M252	1613-01-01	1613-12-31	First Printing	Full edition	f	Tragedy		f	f				f	161308 - b1 A $ul : b2 C4 o$									
1462	M253	1613-01-01	1613-12-31	Reprint	Full edition	f	Tragedy		f	f				f										
1463	M323	1624-01-01	1624-12-31	First Printing	Full edition	f	Tragedy		t	t			http://books.google.be/books?id=L9tIAAAAcAAJ&printsec=frontcover&hl=nl&source=gbs_ge_summary_r&cad=0#v=onepage&q&f=false	f	162408 - a1 A2 def - b1 A at : b2 E4 uid$									
1464	M370	1630-01-01	1630-12-31	First Printing	Full edition	f			t	t				f	163008 - a3 i$ a2 A5 nt - b1 B s : b2 H5 ? M									
1465	M385	1631-01-01	1631-12-31		Full edition	f	Tragedy		f	f				f	163108 - a1 * st : a2 *5 fec - b1 A lo : b2 D5 mu									
1466	M453	1637-01-01	1637-12-31	Synopsis (printed)	Synopsis	f			f	f				f		Goran Proot, Spectacula Iesuitica Belgica Antiqua (SIBA). Pars I: Provincia Flandro-Belgica (Antwerpen, 2008), p. 1-836								
1467	M457	1637-01-01	1637-12-31	Synopsis (printed)	Synopsis	f			f	f				f		Goran Proot, Spectacula Iesuitica Belgica Antiqua (SIBA). Pars I: Provincia Flandro-Belgica (Antwerpen, 2008), p. 1-836								
1468	M465	1638-01-01	1638-12-31	Synopsis (printed)	Synopsis	f			f	f				f		Goran Proot, Spectacula Iesuitica Belgica Antiqua (SIBA). Pars I: Provincia Flandro-Belgica (Antwerpen, 2008), p. 1-836								
1469	M508	1639-01-01	1639-12-31	Synopsis (printed)	Synopsis	f			f	f				f		Goran Proot, Spectacula Iesuitica Belgica Antiqua (SIBA). Pars I: Provincia Flandro-Belgica (Antwerpen, 2008), p. 1-836								
1470	M523	1640-01-01	1640-12-31	Synopsis (printed)	Synopsis	f			f	f				f		Goran Proot, Spectacula Iesuitica Belgica Antiqua (SIBA). Pars I: Provincia Flandro-Belgica (Antwerpen, 2008), p. 1-836								
1471	M532	1640-01-01	1640-12-31	Synopsis (printed)	Synopsis	f			f	f				f		Goran Proot, Spectacula Iesuitica Belgica Antiqua (SIBA). Pars I: Provincia Flandro-Belgica (Antwerpen, 2008), p. 1-836								
1472	M606	1650-01-01	1650-12-31	Synopsis (printed)	Synopsis	f	Tragicomedy		f	f				f		Goran Proot, Spectacula Iesuitica Belgica Antiqua (SIBA). Pars I: Provincia Flandro-Belgica (Antwerpen, 2008), p. 1-836								
1473	M613	1652-01-01	1652-12-31	Synopsis (printed)	Synopsis	f			f	f				f										
1474	M472	1638-01-01	1638-12-31	Synopsis (printed)	Synopsis	f			f	f				f		Goran Proot, Spectacula Iesuitica Belgica Antiqua (SIBA). Pars I: Provincia Flandro-Belgica (Antwerpen, 2008), p. 1-836								
1475	M663	1657-01-01	1657-12-31	Synopsis (printed)	Synopsis	f			f	f				f										
1476	M665	1657-01-01	1657-12-31	Synopsis (printed)	Synopsis	f			f	f				f		Goran Proot, Spectacula Iesuitica Belgica Antiqua (SIBA). Pars I: Provincia Flandro-Belgica (Antwerpen, 2008), p. 1-836								
1477	M1500	1730-01-01	1730-12-31	Synopsis (printed)	Synopsis	f	Tragedy		f	f			http://anet.ua.ac.be/desktop/anet/core/index.phtml?language=&euser=&session=&service=opacua&robot=&deskservice=desktop&desktop=anet&workstation=&extra=	f	4									
1479	M1519	1730-01-01	1730-12-31	Synopsis (printed)	Synopsis	f	Tragedy		f	f			http://anet.ua.ac.be/desktop/anet/core/index.phtml?language=&euser=&session=&service=opacua&robot=&deskservice=desktop&desktop=anet&workstation=&extra=	f	2									
1480	M1543	1731-01-01	1731-12-31	Synopsis (printed)	Synopsis	f	Tragedy		f	f				f										
1481	M1545	1731-01-01	1731-12-31	Mention	Fragment	f			f	f				f										
1482	M1589	1732-01-01	1732-12-31	Synopsis (printed)	Synopsis	f			f	f				f										
1483	M887	1692-01-01	1692-12-31	Synopsis (printed)	Synopsis	f			f	f				f										
1484	M916	1697-01-01	1697-12-31	Synopsis (printed)	Synopsis	f			f	f				f										
1485	M989	1702-01-01	1702-12-31	Synopsis (printed)	Synopsis	f	Comedy		f	f				f		Goran Proot, Spectacula Iesuitica Belgica Antiqua (SIBA). Pars I: Provincia Flandro-Belgica (Antwerpen, 2008), p. 1-836								
1486	M667	1658-01-01	1658-12-31	First Printing	Full edition	f			f	f				f										
1487	M589	1648-01-01	1648-12-31	Reprint	Full edition	f	Comedy		f	f			https://books.google.nl/books?id=8zlBAAAAcAAJ&printsec=frontcover&dq=Belgica+interpretatione&hl=nl&sa=X&ved=0ahUKEwiGoZ3W-vvJAhVDpw4KHV2gACcQ6AEISTAH#v=onepage&q=Belgica%20interpretatione&f=false	f	164808 - b1 T $d : b2 Aa4 $inde									
1488	M590	1648-01-01	1648-12-31	Reprint	Full edition	f	Comedy		f	f			https://books.google.nl/books?id=8zlBAAAAcAAJ&printsec=frontcover&dq=Belgica+interpretatione&hl=nl&sa=X&ved=0ahUKEwiGoZ3W-vvJAhVDpw4KHV2gACcQ6AEISTAH#v=onepage&q=Belgica%20interpretatione&f=false	f	164808 - a1 A S$ : a2 A2 erden - b1 A3 ,$s : b2 F4 t$spel									
1489	M591	1648-01-01	1648-12-31	Reprint	Full edition	f	Comedy		f	f			https://books.google.nl/books?id=8zlBAAAAcAAJ&printsec=frontcover&dq=Belgica+interpretatione&hl=nl&sa=X&ved=0ahUKEwiGoZ3W-vvJAhVDpw4KHV2gACcQ6AEISTAH#v=onepage&q=Belgica%20interpretatione&f=false	f	164808 - a1 F5 doles - b1 G de : b2 M5 el.$e									
1490	M592	1648-01-01	1648-12-31	Reprint	Full edition	f	Comedy		f	f			https://books.google.nl/books?id=8zlBAAAAcAAJ&printsec=frontcover&dq=Belgica+interpretatione&hl=nl&sa=X&ved=0ahUKEwiGoZ3W-vvJAhVDpw4KHV2gACcQ6AEISTAH#v=onepage&q=Belgica%20interpretatione&f=false	f	164808 - a1 M5 [= M6] ES, - b1 N vat : b2 S5 y$u$									
1491	M593	1648-01-01	1648-12-31	Reprint	Full edition	f	Comedy		f	f			https://books.google.nl/books?id=8zlBAAAAcAAJ&printsec=frontcover&dq=Belgica+interpretatione&hl=nl&sa=X&ved=0ahUKEwiGoZ3W-vvJAhVDpw4KHV2gACcQ6AEISTAH#v=onepage&q=Belgica%20interpretatione&f=false	f	164808 - b1 Hh de$k : b2 Mm4 a.$Wae									
1492	M594	1648-01-01	1648-12-31	Reprint	Full edition	f	Comedy		f	f			https://books.google.nl/books?id=8zlBAAAAcAAJ&printsec=frontcover&dq=Belgica+interpretatione&hl=nl&sa=X&ved=0ahUKEwiGoZ3W-vvJAhVDpw4KHV2gACcQ6AEISTAH#v=onepage&q=Belgica%20interpretatione&f=false	f	164808 - a1 Aa5 UM - b1 : b2 Gg5 $inde									
1493	M326	1624-01-01	1624-12-31	Synopsis (printed)	Synopsis	f			f	f				f		Goran Proot, Spectacula Iesuitica Belgica Antiqua (SIBA). Pars I: Provincia Flandro-Belgica (Antwerpen, 2008), p. 1-836								
1494	M335	1625-01-01	1625-12-31	Synopsis (printed)	Synopsis	f			f	f				f		Goran Proot, Spectacula Iesuitica Belgica Antiqua (SIBA). Pars I: Provincia Flandro-Belgica (Antwerpen, 2008), p. 1-836								
1495	M347	1628-01-01	1628-12-31	Synopsis (printed)	Synopsis	f	Tragedy	Martyr tragedy	f	f				f		Goran Proot, Spectacula Iesuitica Belgica Antiqua (SIBA). Pars I: Provincia Flandro-Belgica (Antwerpen, 2008), p. 1-836								
1496	M338	1626-01-01	1626-12-31	Synopsis (printed)	Synopsis	f			f	f				f										
1497	M377	1630-01-01	1630-12-31	Synopsis (printed)	Synopsis	f	Comical tragedy		f	f				f		Goran Proot, Spectacula Iesuitica Belgica Antiqua (SIBA). Pars I: Provincia Flandro-Belgica (Antwerpen, 2008), p. 1-836								
1498	M405	1632-01-01	1632-12-31	Synopsis (printed)	Synopsis	f	Tragedy		f	f				f		Goran Proot, Spectacula Iesuitica Belgica Antiqua (SIBA). Pars I: Provincia Flandro-Belgica (Antwerpen, 2008), p. 1-836								
1499	M2128	1798-01-01	1798-12-31	Reprint	Full edition	f	Tragedy		f	f				f	179808 - a1 * i : a2 2* V - b1 A p : b2 K g									
1500	M1097	1715-01-01	1715-12-31	Synopsis (printed)	Synopsis	f	Tragedy		f	f			http://anet.ua.ac.be/desktop/anet/core/index.phtml?language=&euser=&session=&service=opacua&robot=&deskservice=desktop&desktop=anet&workstation=&extra=	f										
1501	M1164	1719-01-01	1719-12-31	Synopsis (printed)	Synopsis	f			f	f			http://anet.ua.ac.be/desktop/anet/core/index.phtml?language=&euser=&session=&service=opacua&robot=&deskservice=desktop&desktop=anet&workstation=&extra=	f				https://anet.be/record/opacuantwerpen/c:lvd:14031776/N						
1502	M1175	1720-01-01	1720-12-31	Synopsis (printed)	Synopsis	f			f	f			http://anet.ua.ac.be/desktop/anet/core/index.phtml?language=&euser=&session=&service=opacua&robot=&deskservice=desktop&desktop=anet&workstation=&extra=	f				https://anet.be/record/opacuantwerpen/c:lvd:14031588/N						
1503	M1218	1722-01-01	1722-12-31	Synopsis (printed)	Synopsis	f			f	f			http://anet.ua.ac.be/desktop/anet/core/index.phtml?language=&euser=&session=&service=opacua&robot=&deskservice=desktop&desktop=anet&workstation=&extra=	f				https://anet.be/record/opacuantwerpen/c:lvd:14054381/N						
1504	M1242	1723-01-01	1723-12-31	Synopsis (printed)	Synopsis	f	Comedy		f	f			http://anet.ua.ac.be/desktop/anet/core/index.phtml?language=&euser=&session=&service=opacua&robot=&deskservice=desktop&desktop=anet&workstation=&extra=	f				https://anet.be/record/opacuantwerpen/c:lvd:14022479/N						
1505	M1276	1724-01-01	1724-12-31	Synopsis (printed)	Synopsis	f	Comedy		f	f			http://anet.ua.ac.be/desktop/anet/core/index.phtml?language=&euser=&session=&service=opacua&robot=&deskservice=desktop&desktop=anet&workstation=&extra=	f		Goran Proot, Spectacula Iesuitica Belgica Antiqua (SIBA). Pars I: Provincia Flandro-Belgica (Antwerpen, 2008), p. 1-836								
1506	M1286	1724-01-01	1724-12-31	Synopsis (printed)	Synopsis	f			f	f			http://anet.ua.ac.be/desktop/anet/core/index.phtml?language=&euser=&session=&service=opacua&robot=&deskservice=desktop&desktop=anet&workstation=&extra=	f				https://anet.be/record/opacuantwerpen/c:lvd:14029083/N						
1507	M1293	1724-01-01	1724-12-31	Synopsis (printed)	Synopsis	f			f	f			http://anet.ua.ac.be/desktop/anet/core/index.phtml?language=&euser=&session=&service=opacua&robot=&deskservice=desktop&desktop=anet&workstation=&extra=	f				https://anet.be/record/opacuantwerpen/c:lvd:14049745/N						
1508	M1298	1724-01-01	1724-12-31	Synopsis (printed)	Synopsis	f			f	f			http://anet.ua.ac.be/desktop/anet/core/index.phtml?language=&euser=&session=&service=opacua&robot=&deskservice=desktop&desktop=anet&workstation=&extra=	f				https://anet.be/record/opacuantwerpen/c:lvd:14051256/N						
1509	M1328	1725-01-01	1725-12-31	Synopsis (printed)	Synopsis	f			f	f			http://anet.ua.ac.be/desktop/anet/core/index.phtml?language=&euser=&session=&service=opacua&robot=&deskservice=desktop&desktop=anet&workstation=&extra=	f		Goran Proot, Spectacula Iesuitica Belgica Antiqua (SIBA). Pars I: Provincia Flandro-Belgica (Antwerpen, 2008), p. 1-836		https://anet.be/record/opacuantwerpen/c:lvd:14029194/N						
1510	M1332	1725-01-01	1725-12-31	Synopsis (printed)	Synopsis	f	Comedy		f	f			http://anet.ua.ac.be/desktop/anet/core/index.phtml?language=&euser=&session=&service=opacua&robot=&deskservice=desktop&desktop=anet&workstation=&extra=	f				https://anet.be/record/opacuantwerpen/c:lvd:14029425/N						
1511	M1367	1726-01-01	1726-12-31	Synopsis (printed)	Synopsis	f			f	f			http://anet.ua.ac.be/desktop/anet/core/index.phtml?language=&euser=&session=&service=opacua&robot=&deskservice=desktop&desktop=anet&workstation=&extra=	f		Goran Proot, Spectacula Iesuitica Belgica Antiqua (SIBA). Pars I: Provincia Flandro-Belgica (Antwerpen, 2008), p. 1-836								
1843	M1315	1725-01-01	1725-12-31	Synopsis	Synopsis	f	Tragedy		f	f				f										
1844	M1321	1725-01-01	1725-12-31	Synopsis	Synopsis	f	Tragedy		f	f				f										
1512	M1371	1726-01-01	1726-12-31	Synopsis (printed)	Synopsis	f			f	f			http://anet.ua.ac.be/desktop/anet/core/index.phtml?language=&euser=&session=&service=opacua&robot=&deskservice=desktop&desktop=anet&workstation=&extra=	f				https://anet.be/record/opacuantwerpen/c:lvd:14054389/N						
1513	M235	1605-01-01	1605-12-31	Synopsis (printed)	Synopsis	f			f	f				f							https://catalogue.bnf.fr/ark:/12148/cb319988273			
1514	M515	1639-01-01	1639-12-31	Reprint	Full edition	f			f	f				f	163908 - a1 Kk3 OE : a2 Kk4 ER - b1 Ll on : b2 Nn4 ,$									
1515	M516	1639-01-01	1639-12-31	Reprint	Full edition	f			f	f				f	163908 - a1 Gg4 est$memp - b1 Hh a$es : b2 Kk2 a$imp									
1516	M66	1541-01-01	1541-12-31	First Printing	Full edition	f	Comedy		t	t				f										
1517	M649	1656-01-01	1656-12-31	Synopsis (printed)	Synopsis	f			f	f		https://www.let.leidenuniv.nl/Dutch/Ceneton/SLIarbasMechelen1656.html		f					https://opac.kbr.be/LIBRARY/doc/SYRACUSE/18012894 		https://catalogue.bnf.fr/ark:/12148/cb386844007			
1518	M138	1568-01-01	1568-12-31		Full edition	f			f	f				f										
1519	M240	1608-01-01	1608-12-31	Synopsis (printed)	Synopsis	f	Tragicomedy		f	f				f	160804 - b1 A2 a,$y : b2 B s									
1520	M249	1613-01-01	1613-12-31	Synopsis (printed)	Synopsis	f	Tragedy		f	f				f		Goran Proot, Spectacula Iesuitica Belgica Antiqua (SIBA). Pars I: Provincia Flandro-Belgica (Antwerpen, 2008), p. 1-836								
1521	M251	1613-01-01	1613-12-31	Synopsis (printed)	Synopsis	f	Comedy		f	f				f										
1522	M2129	1802-01-01	1802-12-31	Reprint	Full edition	f	Tragedy		f	f			https://books.google.nl/books?id=o2fGDKuXfggC&pg=PA287&dq=euripidis+medea+phoenissae+grotii&hl=nl&sa=X&ved=0ahUKEwjq-LzGqJ3oAhWPM-wKHQ5VBlsQ6wEIbjAH#v=onepage&q=euripidis%20medea%20phoenissae%20grotii&f=false	f										
1523	M2066	1771-01-01	1771-12-31	Synopsis (printed)	Synopsis	f	Tragedy		f	f	https://www.let.leidenuniv.nl/Dutch/Ceneton/Facsimiles/AugustijnenCarolus1771		https://books.google.be/books?id=f_xLAAAAcAAJ&printsec=frontcover&dq=Carolus+I+Angliae+rex+decollatus&hl=nl&sa=X&ved=0ahUKEwiw9MWO29XSAhUFOxoKHdm_ANcQ6AEIHDAA#v=onepage&q=Carolus%20I%20Angliae%20rex%20decollatus&f=false	f						https://lib.ugent.be/catalog/bkt01:000126740				
1524	M2069	1771-01-01	1771-12-31	Synopsis (printed)	Synopsis	f	Comedy		f	f			https://books.google.be/books?id=f_xLAAAAcAAJ&printsec=frontcover&dq=Carolus+I+Angliae+rex+decollatus&hl=nl&sa=X&ved=0ahUKEwiw9MWO29XSAhUFOxoKHdm_ANcQ6AEIHDAA#v=onepage&q=Carolus%20I%20Angliae%20rex%20decollatus&f=false	f										
1525	M2075	1771-01-01	1771-12-31	Synopsis (printed)	Synopsis	f	Opera		f	f			https://books.google.be/books?id=f_xLAAAAcAAJ&printsec=frontcover&dq=Carolus+I+Angliae+rex+decollatus&hl=nl&sa=X&ved=0ahUKEwiw9MWO29XSAhUFOxoKHdm_ANcQ6AEIHDAA#v=onepage&q=Carolus%20I%20Angliae%20rex%20decollatus&f=false	f						https://lib.ugent.be/catalog/bkt01:000126740				
1526	M2078	1771-01-01	1771-12-31	Synopsis (printed)	Synopsis	f	Tragedy		f	f				f						https://lib.ugent.be/catalog/rug01:000793169				
1527	M1020	1703-01-01	1703-12-31	Reprint	Full edition	f	Tragedy		f	f			https://books.google.nl/books?id=VuAX2oPmW5AC&pg=PA384&lpg=PA384&dq=        +medea&source=bl&ots=-fusVEVGXM&sig=ACfU3U3KQux_9jDwvEgK8mOwAW_5-WNGVQ&hl=nl&sa=X&ved=2ahUKEwjRpLyZp53oAhVBwAIHHSlJC2sQ6AEwC3oECAkQAQ#v=onepage&q=        %20medea&f=false	f										
1528	M238	1608-01-01	1608-12-31	First Printing	Full edition	f	Tragedy		t	t	https://www.let.leidenuniv.nl/Dutch/Ceneton/Facsimiles/GrotiusChristusPatiens1608	https://www.let.leidenuniv.nl/Dutch/Ceneton/GrotiusChristusPatiens1608.html		f	150808 - a1 *2 $discri [a1 *2 $discr] : a2 *5 $dig - b1 A t,$ : b2 D5 $lux$ge									
1529	M296	1620-01-01	1620-12-31	Reprint	Full edition	f			f	f				f										
1530	M298	1620-01-01	1620-12-31	Reprint	Full edition	f			f	f				f										
1531	M300	1617-01-01	1623-12-31	Reprint	Full edition	f			f	f				f										
1532	M660	1657-01-01	1657-12-31	Synopsis (printed)	Synopsis	f	Comedy		f	f				f	165704 - b1 A2 nko : b2 A3 jck$									
1533	M116	1554-01-01	1554-12-31	Reprint	Full edition	f	Comedy	Sacred comedy	f	f				f	155408 - 									
1534	M865	1686-01-01	1686-12-31	Synopsis (printed)	Synopsis	f			f	f				f										
1535	M866	1686-01-01	1686-12-31	Synopsis (printed)	Synopsis	f			f	f				f										
1536	M1185	1721-01-01	1721-12-31	Synopsis (printed)	Synopsis	f	Tragedy		f	f			http://anet.ua.ac.be/desktop/anet/core/index.phtml?language=&euser=&session=&service=opacua&robot=&deskservice=desktop&desktop=anet&workstation=&extra=	f		Goran Proot, Spectacula Iesuitica Belgica Antiqua (SIBA). Pars I: Provincia Flandro-Belgica (Antwerpen, 2008), p. 1-836		https://anet.be/record/opacuantwerpen/c:lvd:14026011/N						
1537	M1237	1723-01-01	1723-12-31	Synopsis (printed)	Synopsis	f			f	f			http://anet.ua.ac.be/desktop/anet/core/index.phtml?language=&euser=&session=&service=opacua&robot=&deskservice=desktop&desktop=anet&workstation=&extra=	f		Goran Proot, Spectacula Iesuitica Belgica Antiqua (SIBA). Pars I: Provincia Flandro-Belgica (Antwerpen, 2008), p. 1-836		https://anet.be/record/opacuantwerpen/c:lvd:14031999/N						
1538	M1289	1724-01-01	1724-12-31	Synopsis (printed)	Synopsis	f			f	f	https://www.let.leidenuniv.nl/Dutch/Ceneton/Facsimiles/SJJosephBelle1724		http://anet.ua.ac.be/desktop/anet/core/index.phtml?language=&euser=&session=&service=opacua&robot=&deskservice=desktop&desktop=anet&workstation=&extra=	f										
1539	M1307	1725-01-01	1725-12-31	Synopsis (printed)	Synopsis	f			f	f			http://anet.ua.ac.be/desktop/anet/core/index.phtml?language=&euser=&session=&service=opacua&robot=&deskservice=desktop&desktop=anet&workstation=&extra=	f				https://anet.be/record/opacuantwerpen/c:lvd:14052770/N						
1540	M383	1631-01-01	1631-12-31	Synopsis (printed)	Synopsis	f	Tragedy		f	f				f										
1541	M626	1653-01-01	1653-12-31	Synopsis (printed)	Synopsis	f			f	f				f		Goran Proot, Spectacula Iesuitica Belgica Antiqua (SIBA). Pars I: Provincia Flandro-Belgica (Antwerpen, 2008), p. 1-836					https://catalogue.bnf.fr/ark:/12148/cb38684456v			
1542	M913	1697-01-01	1697-12-31	Synopsis (printed)	Synopsis	f			f	f				f	169704	Goran Proot, Spectacula Iesuitica Belgica Antiqua (SIBA). Pars I: Provincia Flandro-Belgica (Antwerpen, 2008), p. 1-836								
1543	M923	1698-01-01	1698-12-31	Synopsis (printed)	Synopsis	f			f	f				f		Goran Proot, Spectacula Iesuitica Belgica Antiqua (SIBA). Pars I: Provincia Flandro-Belgica (Antwerpen, 2008), p. 1-836								
1544	M274	1616-01-01	1616-12-31	Reprint	Full edition	f	Tragedy		f	f				f	161612 - a1 AA2 DEVS$e : a2 AA3 rtem, - b1 AA4 ucunt$su : 									
1545	M1795	1745-01-01	1745-12-31	Synopsis (printed)	Synopsis	f			f	f				f										
1546	M1801	1746-01-01	1746-12-31	Synopsis (printed)	Synopsis	f			f	f				f	‘									
1547	M1808	1747-01-01	1747-12-31	Synopsis (printed)	Synopsis	f			f	f				f	-	Goran Proot, Spectacula Iesuitica Belgica Antiqua (SIBA). Pars I: Provincia Flandro-Belgica (Antwerpen, 2008), p. 1-836								
1548	M1810	1747-01-01	1747-12-31	Synopsis (printed)	Synopsis	f			f	f				f		Goran Proot, Spectacula Iesuitica Belgica Antiqua (SIBA). Pars I: Provincia Flandro-Belgica (Antwerpen, 2008), p. 1-836								
1549	M738	1664-01-01	1664-12-31	Synopsis (printed)	Synopsis	f			f	f				f		Goran Proot, Spectacula Iesuitica Belgica Antiqua (SIBA). Pars I: Provincia Flandro-Belgica (Antwerpen, 2008), p. 1-836								
1550	M1031	1704-01-01	1704-12-31	Synopsis (printed)	Synopsis	f			f	f				f		Goran Proot, Spectacula Iesuitica Belgica Antiqua (SIBA). Pars I: Provincia Flandro-Belgica (Antwerpen, 2008), p. 1-836								
1551	M934	1699-01-01	1699-12-31	Synopsis (printed)	Synopsis	f	Tragedy		f	f	https://www.let.leidenuniv.nl/Dutch/Ceneton/Facsimiles/SJDavidEngaddiAntwerpen1699	https://www.let.leidenuniv.nl/Dutch/Ceneton/SJDavidEngaddiAntwerpen1699.html	http://anet.ua.ac.be/desktop/anet/core/index.phtml?language=&euser=&session=&service=opacua&robot=&deskservice=desktop&desktop=anet&workstation=&extra=	f	40000									
1552	M981	1701-01-01	1701-12-31	Synopsis (printed)	Synopsis	f	Tragedy		f	f				f		Goran Proot, Spectacula Iesuitica Belgica Antiqua (SIBA). Pars I: Provincia Flandro-Belgica (Antwerpen, 2008), p. 1-836								
1553	M992	1702-01-01	1702-12-31	Synopsis (printed)	Synopsis	f	Tragedy		f	f				f		Goran Proot, Spectacula Iesuitica Belgica Antiqua (SIBA). Pars I: Provincia Flandro-Belgica (Antwerpen, 2008), p. 1-836								
1554	M411	1633-01-01	1633-12-31	Synopsis (printed)	Synopsis	f			f	f	https://www.let.leidenuniv.nl/Dutch/Ceneton/Facsimiles/SJRomanusDiogenesBrussel1633			f	163304 - a1 A2 i$n - b1 A d$ : b2 A2 I$cu - c1 C te : c2 B2 $R									
1555	M1809	1747-01-01	1747-12-31	Synopsis (printed)	Synopsis	f			f	f	https://www.let.leidenuniv.nl/Dutch/Ceneton/Facsimiles/SJHypocritaMechelen1747			f										
1556	M1064	1711-01-01	1711-12-31	Synopsis (printed)	Synopsis	f	Tragedy		f	f				f	2	Goran Proot, Spectacula Iesuitica Belgica Antiqua (SIBA). Pars I: Provincia Flandro-Belgica (Antwerpen, 2008), p. 1-836								
1557	M1065	1711-01-01	1711-12-31	Synopsis (printed)	Synopsis	f	Comedy		f	f				f	2	Goran Proot, Spectacula Iesuitica Belgica Antiqua (SIBA). Pars I: Provincia Flandro-Belgica (Antwerpen, 2008), p. 1-836	Is volgens Proot hetzelfde als: Ceneton050100 (deze kan worden verwijderd, Ceneton050100 moet worden aangevuld)							
1558	M1093	1714-01-01	1714-12-31	Synopsis (printed)	Synopsis	f			f	f			http://anet.ua.ac.be/desktop/anet/core/index.phtml?language=&euser=&session=&service=opacua&robot=&deskservice=desktop&desktop=anet&workstation=&extra=	f				https://anet.be/record/opacuantwerpen/c:lvd:14052613/N						
1559	M1156	1718-01-01	1718-12-31	Synopsis (printed)	Synopsis	f			f	f				f		Goran Proot, Spectacula Iesuitica Belgica Antiqua (SIBA). Pars I: Provincia Flandro-Belgica (Antwerpen, 2008), p. 1-836								
1560	M1158	1719-01-01	1719-12-31	Synopsis (printed)	Synopsis	f			f	f				f		Goran Proot, Spectacula Iesuitica Belgica Antiqua (SIBA). Pars I: Provincia Flandro-Belgica (Antwerpen, 2008), p. 1-836								
1561	M1172	1720-01-01	1720-12-31	Synopsis (printed)	Synopsis	f	Tragedy		f	f			http://anet.ua.ac.be/desktop/anet/core/index.phtml?language=&euser=&session=&service=opacua&robot=&deskservice=desktop&desktop=anet&workstation=&extra=	f				https://anet.be/record/opacuantwerpen/c:lvd:14023908/N						
1562	M1180	1721-01-01	1721-12-31	Synopsis (printed)	Synopsis	f	Tragedy	Martyr tragedy	f	f			http://anet.ua.ac.be/desktop/anet/core/index.phtml?language=&euser=&session=&service=opacua&robot=&deskservice=desktop&desktop=anet&workstation=&extra=	f		Goran Proot, Spectacula Iesuitica Belgica Antiqua (SIBA). Pars I: Provincia Flandro-Belgica (Antwerpen, 2008), p. 1-836		https://anet.be/record/opacuantwerpen/c:lvd:14052876/N						
1563	M1189	1721-01-01	1721-12-31	Synopsis (printed)	Synopsis	f	Tragedy		f	f			http://anet.ua.ac.be/desktop/anet/core/index.phtml?language=&euser=&session=&service=opacua&robot=&deskservice=desktop&desktop=anet&workstation=&extra=	f				https://anet.be/record/opacuantwerpen/c:lvd:14029400/N						
1564	M1192	1721-01-01	1721-12-31	Synopsis (printed)	Synopsis	f			f	f			http://anet.ua.ac.be/desktop/anet/core/index.phtml?language=&euser=&session=&service=opacua&robot=&deskservice=desktop&desktop=anet&workstation=&extra=	f				https://anet.be/record/opacuantwerpen/c:lvd:14022314/N						
1565	M1193	1721-01-01	1721-12-31	Synopsis (printed)	Synopsis	f			f	f			http://anet.ua.ac.be/desktop/anet/core/index.phtml?language=&euser=&session=&service=opacua&robot=&deskservice=desktop&desktop=anet&workstation=&extra=	f				https://anet.be/record/opacuantwerpen/c:lvd:14025436/N						
1566	M1200	1721-01-01	1721-12-31	Synopsis (printed)	Synopsis	f			f	f			http://anet.ua.ac.be/desktop/anet/core/index.phtml?language=&euser=&session=&service=opacua&robot=&deskservice=desktop&desktop=anet&workstation=&extra=	f		Goran Proot, Spectacula Iesuitica Belgica Antiqua (SIBA). Pars I: Provincia Flandro-Belgica (Antwerpen, 2008), p. 1-836		https://anet.be/record/opacuantwerpen/c:lvd:14052767/N						
1567	M1202	1721-01-01	1721-12-31	Synopsis (printed)	Synopsis	f			f	f			http://anet.ua.ac.be/desktop/anet/core/index.phtml?language=&euser=&session=&service=opacua&robot=&deskservice=desktop&desktop=anet&workstation=&extra=	f		Goran Proot, Spectacula Iesuitica Belgica Antiqua (SIBA). Pars I: Provincia Flandro-Belgica (Antwerpen, 2008), p. 1-836								
1568	M2104	1774-01-01	1774-12-31	Synopsis (printed)	Synopsis	f	Tragedy		f	f				f										
1569	M449	1636-01-01	1636-12-31	Synopsis (printed)	Synopsis	f			f	f				f		Goran Proot, Spectacula Iesuitica Belgica Antiqua (SIBA). Pars I: Provincia Flandro-Belgica (Antwerpen, 2008), p. 1-836								
1570	M469	1638-01-01	1638-12-31	Synopsis (printed)	Synopsis	f			f	f				f		Goran Proot, Spectacula Iesuitica Belgica Antiqua (SIBA). Pars I: Provincia Flandro-Belgica (Antwerpen, 2008), p. 1-836								
1571	M484	1639-01-01	1639-12-31	Synopsis (printed)	Synopsis	f	Tragedy		f	f				f		Goran Proot, Spectacula Iesuitica Belgica Antiqua (SIBA). Pars I: Provincia Flandro-Belgica (Antwerpen, 2008), p. 1-836								
1572	M670	1658-01-01	1658-12-31	Synopsis (printed)	Synopsis	f			f	f				f							https://catalogue.bnf.fr/ark:/12148/cb386844932			
1573	M1139	1717-01-01	1717-12-31	Synopsis (printed)	Synopsis	f	Tragedy		f	f			http://anet.ua.ac.be/desktop/anet/core/index.phtml?language=&euser=&session=&service=opacua&robot=&deskservice=desktop&desktop=anet&workstation=&extra=	f				https://anet.be/record/opacuantwerpen/c:lvd:14023920/N						
1574	M1143	1717-01-01	1717-12-31	Synopsis (printed)	Synopsis	f	Tragedy		f	f			http://anet.ua.ac.be/desktop/anet/core/index.phtml?language=&euser=&session=&service=opacua&robot=&deskservice=desktop&desktop=anet&workstation=&extra=	f				https://anet.be/record/opacuantwerpen/c:lvd:14054323/N						
1575	M1190	1721-01-01	1721-12-31	Synopsis (printed)	Synopsis	f	Tragedy		f	f			http://anet.ua.ac.be/desktop/anet/core/index.phtml?language=&euser=&session=&service=opacua&robot=&deskservice=desktop&desktop=anet&workstation=&extra=	f				https://anet.be/record/opacuantwerpen/c:lvd:14031514/N						
1576	M1342	1726-01-01	1726-12-31	Synopsis (printed)	Synopsis	f	Tragedy		f	f			http://anet.ua.ac.be/desktop/anet/core/index.phtml?language=&euser=&session=&service=opacua&robot=&deskservice=desktop&desktop=anet&workstation=&extra=	f		Goran Proot, Spectacula Iesuitica Belgica Antiqua (SIBA). Pars I: Provincia Flandro-Belgica (Antwerpen, 2008), p. 1-836		https://anet.be/record/opacuantwerpen/c:lvd:14022493/N						
1577	M480	1639-01-01	1639-12-31	First Printing	Full edition	f	Tragedy		t	t				f	163912 - a1 *2 ti$Pro : a2 B6 E - b1 B7 d$ju : b2 C7 la,$ - c1 D e : c2 E7 ma									
1578	M481	1639-01-01	1639-12-31	Reprint	Full edition	f	Tragedy		t	t				f	163912 - a1 *2 ti$Pro : a2 A E - b1 A2 aeta : b2 B5 tri - c1 B6  e : c2 E7 ma									
1579	M135	1566-01-01	1566-12-31	Reprint	Full edition	f	Comedy		f	f				f	156608 - a1 Aij ijs$f : a2 Aiij $qua - b1 B ud : b2 Diiij nibus,									
1580	M857	1684-01-01	1684-12-31	Reprint	Full edition	f			t	t				f						https://lib.ugent.be/catalog/rug01:001305438				
1581	M42	1539-01-01	1539-12-31	First Printing	Full edition	f			f	f	https://www.let.leidenuniv.nl/Dutch/Ceneton/Facsimiles/ZovitiusOvis1539	https://www.let.leidenuniv.nl/Dutch/Ceneton/ZovitiusOvis1539.html		f										
1582	M100	1550-01-01	1550-12-31	Reprint	Full edition	f			f	f				f										
1583	M2090	1772-01-01	1772-12-31	Synopsis (printed)	Synopsis	f			f	f				f										
1584	M2103	1774-01-01	1774-12-31	Synopsis (printed)	Synopsis	f	Tragedy		f	f				f										
1585	M2107	1775-01-01	1775-12-31	Synopsis (printed)	Synopsis	f			t	t		https://www.let.leidenuniv.nl/Dutch/Ceneton/GentGrieseildis1775.html		f										
1586	M2108	1775-01-01	1775-12-31	Synopsis (printed)	Synopsis	f	Tragedy		f	f				f						https://lib.ugent.be/catalog/rug01:000793171				
1587	M2116	1776-01-01	1776-12-31	Synopsis (printed)	Synopsis	f	Tragedy		f	f				f						https://lib.ugent.be/catalog/rug01:000793172				
1591	M937	1699-01-01	1699-12-31	Synopsis (printed)	Synopsis	f			f	f				f		Goran Proot, Spectacula Iesuitica Belgica Antiqua (SIBA). Pars I: Provincia Flandro-Belgica (Antwerpen, 2008), p. 1-836								
1592	M884	1691-01-01	1691-12-31	Synopsis (printed)	Synopsis	f	Tragedy		f	f			http://anet.ua.ac.be/desktop/anet/core/index.phtml?language=&euser=&session=&service=opacua&robot=&deskservice=desktop&desktop=anet&workstation=&extra=	f				https://anet.be/record/opacuantwerpen/c:lvd:14049638/N						
1593	M1731	1742-01-01	1742-12-31	Synopsis (printed)	Synopsis	f			f	f	https://www.let.leidenuniv.nl/Dutch/Ceneton/Facsimiles/SJBaasaDelensGent1742	https://www.let.leidenuniv.nl/Dutch/Ceneton/SJBaasaDelensGent1742.html	https://books.google.nl/books?id=nLw8AAAAcAAJ&printsec=frontcover&hl=nl&source=gbs_ge_summary_r&cad=0#v=onepage&q&f=false	f	000004 - a1 A2 ndu									
1594	M1732	1742-01-01	1742-12-31	Synopsis (printed)	Synopsis	f			f	f	https://www.let.leidenuniv.nl/Dutch/Ceneton/Facsimiles/SJBaasaGent1742	https://www.let.leidenuniv.nl/Dutch/Ceneton/SJBaasaGent1742.html	https://books.google.nl/books?id=m7w8AAAAcAAJ&pg=PP2&lpg=PP2&dq=Baasa+vernietigende+het+geslacht+van+Jeroboam&source=bl&ots=705pmVafsu&sig=6WYiR-PAOHWEHdUyfNdgYloU-f8&hl=nl&sa=X&ved=0ahUKEwjc3-C_24_UAhXDB8AKHWShAAAQ6AEIKzAA#v=onepage&q=Baasa%20vernietigende%20het%20geslacht%20van%20Jeroboam&f=false	f										
1595	M1733	1742-01-01	1742-12-31	Mention	Fragment	f	Comedy	Farce	f	f	https://www.let.leidenuniv.nl/Dutch/Ceneton/Facsimiles/SJBaasaGent1742	https://www.let.leidenuniv.nl/Dutch/Ceneton/SJBaasaGent1742.html	https://books.google.nl/books?id=m7w8AAAAcAAJ&pg=PP2&lpg=PP2&dq=Baasa+vernietigende+het+geslacht+van+Jeroboam&source=bl&ots=705pmVafsu&sig=6WYiR-PAOHWEHdUyfNdgYloU-f8&hl=nl&sa=X&ved=0ahUKEwjc3-C_24_UAhXDB8AKHWShAAAQ6AEIKzAA#v=onepage&q=Baasa%20vernietigende%20het%20geslacht%20van%20Jeroboam&f=false	f										
1596	M1736	1742-01-01	1742-12-31	Synopsis (printed)	Synopsis	f			f	f	https://www.let.leidenuniv.nl/Dutch/Ceneton/Facsimiles/SJBaasaDelensGent1742	https://www.let.leidenuniv.nl/Dutch/Ceneton/SJBaasaDelensGent1742.html	https://books.google.nl/books?id=nLw8AAAAcAAJ&printsec=frontcover&hl=nl&source=gbs_ge_summary_r&cad=0#v=onepage&q&f=false	f	000004 - a1 A2 ndu									
1597	M1737	1742-01-01	1742-12-31	Mention	Fragment	f	Tragedy		f	f			https://books.google.nl/books?id=xmRbAAAAQAAJ&printsec=frontcover&hl=nl&source=gbs_ge_summary_r&cad=0#v=onepage&q&f=false	f										
1598	M1743	1742-01-01	1742-12-31	Synopsis (printed)	Synopsis	f	Tragedy		f	f	https://www.let.leidenuniv.nl/Dutch/Ceneton/Facsimiles/SJRosaliaGent1742			f		Goran Proot, Spectacula Iesuitica Belgica Antiqua (SIBA). Pars I: Provincia Flandro-Belgica (Antwerpen, 2008), p. 1-836								
1599	M1763	1743-01-01	1743-12-31	Synopsis (printed)	Synopsis	f	Tragedy		f	f				f		Goran Proot, Spectacula Iesuitica Belgica Antiqua (SIBA). Pars I: Provincia Flandro-Belgica (Antwerpen, 2008), p. 1-836	Koppelen op M- of E-niveau aan Ceneton049490							
1600	M1768	1744-01-01	1744-12-31	Synopsis (printed)	Synopsis	f			f	f				f		Goran Proot, Spectacula Iesuitica Belgica Antiqua (SIBA). Pars I: Provincia Flandro-Belgica (Antwerpen, 2008), p. 1-836	Koppelen op M- of E-niveau aan Ceneton046710 							
1601	M1779	1744-01-01	1744-12-31	Synopsis (printed)	Synopsis	f			f	f				f		Goran Proot, Spectacula Iesuitica Belgica Antiqua (SIBA). Pars I: Provincia Flandro-Belgica (Antwerpen, 2008), p. 1-836	Koppelen op M- of E-niveau aan Ceneton043040							
1602	M1785	1745-01-01	1745-12-31	Synopsis (printed)	Synopsis	f			f	f				f						https://lib.ugent.be/catalog/bkt01:000325952				
1603	M1786	1745-01-01	1745-12-31	Synopsis (printed)	Synopsis	f			f	f	https://www.let.leidenuniv.nl/Dutch/Ceneton/Facsimiles/SJAbrahamGent1745			f										
1604	M1806	1746-01-01	1746-12-31	Synopsis (printed)	Synopsis	f	Comical tragedy		f	f				f		Goran Proot, Spectacula Iesuitica Belgica Antiqua (SIBA). Pars I: Provincia Flandro-Belgica (Antwerpen, 2008), p. 1-836	Koppelen op M- of E-niveau aan M1802			https://lib.ugent.be/catalog/bkt01:000325955				
1605	M1807	1747-01-01	1747-12-31	Synopsis (printed)	Synopsis	f			t	t	https://www.let.leidenuniv.nl/Dutch/Ceneton/Facsimiles/SJMichaelLinusGent1747			f										
1606	M1818	1748-01-01	1748-12-31	Synopsis (printed)	Synopsis	f	Tragedy		f	f				f						https://lib.ugent.be/catalog/bkt01:000325958				
1607	M1819	1748-01-01	1748-12-31	Synopsis (printed)	Synopsis	f	Tragedy		f	f	https://www.let.leidenuniv.nl/Dutch/Ceneton/Facsimiles/SJJephtiasGent1748			f		Goran Proot, Spectacula Iesuitica Belgica Antiqua (SIBA). Pars I: Provincia Flandro-Belgica (Antwerpen, 2008), p. 1-836								
1608	M1821	1748-01-01	1748-12-31	Synopsis (printed)	Synopsis	f	Tragedy		f	f				f			Koppelen op M- of E-niveau aan Ceneton069980							
1609	M1824	1749-01-01	1749-12-31	Synopsis (printed)	Synopsis	f	Tragedy		f	f				f										
1610	M1827	1749-01-01	1749-12-31	Synopsis (printed)	Synopsis	f			f	f				f						https://lib.ugent.be/catalog/bkt01:000325960				
1611	M1830	1749-01-01	1749-12-31	Synopsis (printed)	Synopsis	f	Tragedy		f	f				f										
1612	M1834	1749-01-01	1749-12-31	Synopsis (printed)	Synopsis	f	Comical tragedy		f	f				f		Goran Proot, Spectacula Iesuitica Belgica Antiqua (SIBA). Pars I: Provincia Flandro-Belgica (Antwerpen, 2008), p. 1-836	Koppelen op M- of E-niveau aan Ceneton049930							
1613	M1835	1749-01-01	1749-12-31	Synopsis (printed)	Synopsis	f	Comical tragedy		f	f				f		Goran Proot, Spectacula Iesuitica Belgica Antiqua (SIBA). Pars I: Provincia Flandro-Belgica (Antwerpen, 2008), p. 1-836	Koppelen op M- of E-niveau aan Ceneton049920							
1614	M1839	1750-01-01	1750-12-31	Synopsis (printed)	Synopsis	f	Comedy		f	f				f										
1615	M1842	1750-01-01	1750-12-31	Synopsis (printed)	Synopsis	f	Tragedy		f	f				f										
1616	M1843	1750-01-01	1750-12-31	Synopsis (printed)	Synopsis	f	Tragedy		f	f			http://books.google.be/books?id=Cb08AAAAcAAJ&printsec=frontcover&hl=nl&source=gbs_ge_summary_r&cad=0#v=onepage&q&f=false	f										
1617	M1844	1750-01-01	1750-12-31	Synopsis (printed)	Synopsis	f			f	f				f										
1618	M1848	1750-01-01	1750-12-31	Synopsis (printed)	Synopsis	f			f	f				f										
1619	M1851	1750-01-01	1750-12-31	Synopsis (printed)	Synopsis	f	Comedy		f	f				f										
1620	M1852	1750-01-01	1750-12-31	Synopsis (printed)	Synopsis	f			f	f			http://books.google.be/books?printsec=frontcover&id=CL08AAAAcAAJ&hl=nl#v=onepage&q&f=false	f										
1621	M1856	1751-01-01	1751-12-31	Synopsis (printed)	Synopsis	f			f	f			http://books.google.be/books?id=EL08AAAAcAAJ&printsec=frontcover&hl=nl&source=gbs_ge_summary_r&cad=0#v=onepage&q&f=false	f										
1622	M1858	1751-01-01	1751-12-31	Synopsis (printed)	Synopsis	f			f	f			http://books.google.be/books?id=D708AAAAcAAJ&printsec=frontcover&hl=nl&source=gbs_ge_summary_r&cad=0#v=onepage&q&f=false	f										
1623	M1859	1751-01-01	1751-12-31	Synopsis (printed)	Synopsis	f			f	f			http://books.google.nl/books?id=Cr08AAAAcAAJ&printsec=frontcover&hl=nl&output=html_text	f										
1624	M1860	1751-01-01	1751-12-31	Mention	Fragment	f	Comedy		f	f				f		Goran Proot, Spectacula Iesuitica Belgica Antiqua (SIBA). Pars I: Provincia Flandro-Belgica (Antwerpen, 2008), p. 1-836								
1625	M1866	1752-01-01	1752-12-31	Synopsis (printed)	Synopsis	f	Tragedy		f	f			http://books.google.nl/books?id=Fb08AAAAcAAJ&printsec=frontcover&hl=nl#v=onepage&q&f=false	f										
1626	M2014	1766-01-01	1766-12-31	Synopsis (printed)	Synopsis	f			f	f				f										
1627	M2240	1734-01-01	1734-12-31	Synopsis (printed)	Synopsis	f			f	f				f		Lies Peeters, Arbeidstijd en vrije tijd in Vlaanderen tijdens de 18de eeuw: een micro-onderzoek (Gent, 2011)								
1654	M1498	1730-01-01	1730-12-31	Synopsis (printed)	Synopsis	f			f	f			http://anet.ua.ac.be/desktop/anet/core/index.phtml?language=&euser=&session=&service=opacua&robot=&deskservice=desktop&desktop=anet&workstation=&extra=	f				https://anet.be/record/opacuantwerpen/c:lvd:14029013/N						
1898	M1532	1731-01-01	1731-12-31	Synopsis	Synopsis	f	Comedy		f	f				f										
1628	M1756	1743-01-01	1743-12-31	Synopsis (printed)	Synopsis	f			f	f			http://books.google.nl/books?id=sn8UAAAAQAAJ&pg=PT30&dq=APPLAUSUs+CONVIVALIS+Illustrissimo+ac+reverendissimo+Domino+D.+Guilielmo+Philippo&hl=nl&sa=X&ei=zm_wU-zhE5SY1AXiy4HwDA&ved=0CCMQ6AEwAA#v=onepage&q=APPLAUSUs%20CONVIVALIS%20Illustrissimo%20ac%20reverendissimo%20Domino%20D.%20Guilielmo%20Philippo&f=false	f		Goran Proot, Spectacula Iesuitica Belgica Antiqua (SIBA). Pars I: Provincia Flandro-Belgica (Antwerpen, 2008), p. 1-836								
1629	M1067	1711-01-01	1711-12-31	Synopsis (printed)	Synopsis	f	Tragicomedy		f	f			http://anet.ua.ac.be/desktop/anet/core/index.phtml?language=&euser=&session=&service=opacua&robot=&deskservice=desktop&desktop=anet&workstation=&extra=	f				https://anet.be/record/opacuantwerpen/c:lvd:14025569/N						
1630	M1068	1711-01-01	1711-12-31	Synopsis (printed)	Synopsis	f			f	f			http://anet.ua.ac.be/desktop/anet/core/index.phtml?language=&euser=&session=&service=opacua&robot=&deskservice=desktop&desktop=anet&workstation=&extra=	f				https://anet.be/record/opacuantwerpen/c:lvd:14025917/N						
1631	M1079	1712-01-01	1712-12-31	Synopsis (printed)	Synopsis	f	Tragicomedy		f	f			http://anet.ua.ac.be/desktop/anet/core/index.phtml?language=&euser=&session=&service=opacua&robot=&deskservice=desktop&desktop=anet&workstation=&extra=	f				https://anet.be/record/opacuantwerpen/c:lvd:14023765/N						
1632	M1087	1713-01-01	1713-12-31	Synopsis (printed)	Synopsis	f	Tragedy		f	f			http://anet.ua.ac.be/desktop/anet/core/index.phtml?language=&euser=&session=&service=opacua&robot=&deskservice=desktop&desktop=anet&workstation=&extra=	f				https://anet.be/record/opacuantwerpen/c:lvd:14051206/N						
1633	M1092	1714-01-01	1714-12-31	Synopsis (printed)	Synopsis	f			f	f			http://anet.ua.ac.be/desktop/anet/core/index.phtml?language=&euser=&session=&service=opacua&robot=&deskservice=desktop&desktop=anet&workstation=&extra=	f		Goran Proot, Spectacula Iesuitica Belgica Antiqua (SIBA). Pars I: Provincia Flandro-Belgica (Antwerpen, 2008), p. 1-836		https://anet.be/record/opacuantwerpen/c:lvd:14049846/N						
1634	M1096	1714-01-01	1714-12-31	Synopsis (printed)	Synopsis	f			f	f			http://anet.ua.ac.be/desktop/anet/core/index.phtml?language=&euser=&session=&service=opacua&robot=&deskservice=desktop&desktop=anet&workstation=&extra=	f		Goran Proot, Spectacula Iesuitica Belgica Antiqua (SIBA). Pars I: Provincia Flandro-Belgica (Antwerpen, 2008), p. 1-836		https://anet.be/record/opacuantwerpen/c:lvd:14024068/N	https://opac.kbr.be/LIBRARY/doc/SYRACUSE/18016262					
1635	M1098	1715-01-01	1715-12-31	Synopsis (printed)	Synopsis	f			f	f			http://anet.ua.ac.be/desktop/anet/core/index.phtml?language=&euser=&session=&service=opacua&robot=&deskservice=desktop&desktop=anet&workstation=&extra=	f				https://anet.be/record/opacuantwerpen/c:lvd:14022285/N						
1636	M1100	1715-01-01	1715-12-31	Synopsis (printed)	Synopsis	f			f	f			http://anet.ua.ac.be/desktop/anet/core/index.phtml?language=&euser=&session=&service=opacua&robot=&deskservice=desktop&desktop=anet&workstation=&extra=	f				https://anet.be/record/opacuantwerpen/c:lvd:14025348/N						
1637	M1101	1715-01-01	1715-12-31	Synopsis (printed)	Synopsis	f	Tragedy		f	f			http://anet.ua.ac.be/desktop/anet/core/index.phtml?language=&euser=&session=&service=opacua&robot=&deskservice=desktop&desktop=anet&workstation=&extra=	f				https://anet.be/record/opacuantwerpen/c:lvd:14025988/N						
1638	M1104	1715-01-01	1715-12-31	Synopsis (printed)	Synopsis	f			f	f			http://anet.ua.ac.be/desktop/anet/core/index.phtml?language=&euser=&session=&service=opacua&robot=&deskservice=desktop&desktop=anet&workstation=&extra=	f				https://anet.be/record/opacuantwerpen/c:lvd:14051216/N						
1639	M1105	1715-01-01	1715-12-31	Synopsis (printed)	Synopsis	f			f	f			http://anet.ua.ac.be/desktop/anet/core/index.phtml?language=&euser=&session=&service=opacua&robot=&deskservice=desktop&desktop=anet&workstation=&extra=	f				https://anet.be/record/opacuantwerpen/c:lvd:14051264/N						
1640	M1106	1715-01-01	1715-12-31	Synopsis (printed)	Synopsis	f			f	f			http://anet.ua.ac.be/desktop/anet/core/index.phtml?language=&euser=&session=&service=opacua&robot=&deskservice=desktop&desktop=anet&workstation=&extra=	f				https://anet.be/record/opacuantwerpen/c:lvd:14052638/N						
1641	M1107	1715-01-01	1715-12-31	Synopsis (printed)	Synopsis	f			f	f			http://anet.ua.ac.be/desktop/anet/core/index.phtml?language=&euser=&session=&service=opacua&robot=&deskservice=desktop&desktop=anet&workstation=&extra=	f				https://anet.be/record/opacuantwerpen/c:lvd:14052653/N						
1642	M1108	1715-01-01	1715-12-31	Synopsis (printed)	Synopsis	f	Tragedy		f	f			http://anet.ua.ac.be/desktop/anet/core/index.phtml?language=&euser=&session=&service=opacua&robot=&deskservice=desktop&desktop=anet&workstation=&extra=	f				https://anet.be/record/opacuantwerpen/c:lvd:14052734/N						
1643	M1115	1716-01-01	1716-12-31	Synopsis (printed)	Synopsis	f			f	f				f		Goran Proot, Spectacula Iesuitica Belgica Antiqua (SIBA). Pars I: Provincia Flandro-Belgica (Antwerpen, 2008), p. 1-836								
1644	M1148	1718-01-01	1718-12-31	Synopsis (printed)	Synopsis	f			f	f			http://anet.ua.ac.be/desktop/anet/core/index.phtml?language=&euser=&session=&service=opacua&robot=&deskservice=desktop&desktop=anet&workstation=&extra=	f				https://anet.be/record/opacuantwerpen/c:lvd:14022309/N						
1645	M1177	1720-01-01	1720-12-31	Synopsis (printed)	Synopsis	f			f	f			http://anet.ua.ac.be/desktop/anet/core/index.phtml?language=&euser=&session=&service=opacua&robot=&deskservice=desktop&desktop=anet&workstation=&extra=	f				https://anet.be/record/opacuantwerpen/c:lvd:14052645/N						
1646	M1191	1721-01-01	1721-12-31	Synopsis (printed)	Synopsis	f			f	f			http://anet.ua.ac.be/desktop/anet/core/index.phtml?language=&euser=&session=&service=opacua&robot=&deskservice=desktop&desktop=anet&workstation=&extra=	f				https://anet.be/record/opacuantwerpen/c:lvd:14031594/N						
1647	M1241	1723-01-01	1723-12-31	Synopsis (printed)	Synopsis	f	Tragedy		f	f			http://anet.ua.ac.be/desktop/anet/core/index.phtml?language=&euser=&session=&service=opacua&robot=&deskservice=desktop&desktop=anet&workstation=&extra=	f				https://anet.be/record/opacuantwerpen/c:lvd:14022438/N						
1648	M1244	1723-01-01	1723-12-31	Synopsis (printed)	Synopsis	f			f	f			http://anet.ua.ac.be/desktop/anet/core/index.phtml?language=&euser=&session=&service=opacua&robot=&deskservice=desktop&desktop=anet&workstation=&extra=	f				https://anet.be/record/opacuantwerpen/c:lvd:14023955/N						
1649	M1258	1723-01-01	1723-12-31	Synopsis (printed)	Synopsis	f	Comedy		f	f			http://anet.ua.ac.be/desktop/anet/core/index.phtml?language=&euser=&session=&service=opacua&robot=&deskservice=desktop&desktop=anet&workstation=&extra=	f				https://anet.be/record/opacuantwerpen/c:lvd:14051249/N						
1650	M1259	1723-01-01	1723-12-31	Synopsis (printed)	Synopsis	f			f	f			http://anet.ua.ac.be/desktop/anet/core/index.phtml?language=&euser=&session=&service=opacua&robot=&deskservice=desktop&desktop=anet&workstation=&extra=	f				https://anet.be/record/opacuantwerpen/c:lvd:14051320/N						
1651	M1261	1723-01-01	1723-12-31	Synopsis (printed)	Synopsis	f			f	f			http://anet.ua.ac.be/desktop/anet/core/index.phtml?language=&euser=&session=&service=opacua&robot=&deskservice=desktop&desktop=anet&workstation=&extra=	f				https://anet.be/record/opacuantwerpen/c:lvd:14051333/N						
1652	M1343	1726-01-01	1726-12-31	Synopsis (printed)	Synopsis	f			f	f			http://anet.ua.ac.be/desktop/anet/core/index.phtml?language=&euser=&session=&service=opacua&robot=&deskservice=desktop&desktop=anet&workstation=&extra=	f		Goran Proot, Spectacula Iesuitica Belgica Antiqua (SIBA). Pars I: Provincia Flandro-Belgica (Antwerpen, 2008), p. 1-836								
1653	M1359	1726-01-01	1726-12-31	Synopsis (printed)	Synopsis	f			f	f			http://anet.ua.ac.be/desktop/anet/core/index.phtml?language=&euser=&session=&service=opacua&robot=&deskservice=desktop&desktop=anet&workstation=&extra=	f				https://anet.be/record/opacuantwerpen/c:lvd:14049722/N						
1655	M1508	1730-01-01	1730-12-31	Synopsis (printed)	Synopsis	f	Tragedy		f	f	https://www.let.leidenuniv.nl/Dutch/Ceneton/Facsimiles/SJAttiliusAntwerpen1730			f	2	Goran Proot, Spectacula Iesuitica Belgica Antiqua (SIBA). Pars I: Provincia Flandro-Belgica (Antwerpen, 2008), p. 1-836								
1656	M1574	1732-01-01	1732-12-31	Synopsis (printed)	Synopsis	f			f	f				f	2									
1657	M1577	1732-01-01	1732-12-31	Synopsis (printed)	Synopsis	f	Tragedy		f	f				f	2									
1658	M1586	1732-01-01	1732-12-31	Synopsis (printed)	Synopsis	f	Comedy		f	f				f	2	Goran Proot, Spectacula Iesuitica Belgica Antiqua (SIBA). Pars I: Provincia Flandro-Belgica (Antwerpen, 2008), p. 1-836								
1659	M1596	1732-01-01	1732-12-31	Synopsis (printed)	Synopsis	f	Comedy		f	f				f	2									
1660	M1599	1732-01-01	1732-12-31	Synopsis (printed)	Synopsis	f	Comedy		f	f				f	2	Goran Proot, Spectacula Iesuitica Belgica Antiqua (SIBA). Pars I: Provincia Flandro-Belgica (Antwerpen, 2008), p. 1-836								
1661	M1631	1733-01-01	1733-12-31	Synopsis (printed)	Synopsis	f	Tragedy		f	f				f	2									
1662	M1632	1733-01-01	1733-12-31	Synopsis (printed)	Synopsis	f	Tragedy		f	f				f	2	Goran Proot, Spectacula Iesuitica Belgica Antiqua (SIBA). Pars I: Provincia Flandro-Belgica (Antwerpen, 2008), p. 1-836								
1663	M1635	1733-01-01	1733-12-31	Synopsis (printed)	Synopsis	f	Comedy		f	f				f	2									
1664	M1658	1733-01-01	1733-12-31	Synopsis (printed)	Synopsis	f	Comedy		f	f				f	4									
1665	M1714	1740-01-01	1740-12-31	Synopsis (printed)	Synopsis	f	Tragedy		f	f				f		Goran Proot, Spectacula Iesuitica Belgica Antiqua (SIBA). Pars I: Provincia Flandro-Belgica (Antwerpen, 2008), p. 1-836								
1666	M1715	1740-01-01	1740-12-31	Synopsis (printed)	Synopsis	f	Comedy		f	f				f		Goran Proot, Spectacula Iesuitica Belgica Antiqua (SIBA). Pars I: Provincia Flandro-Belgica (Antwerpen, 2008), p. 1-836								
1667	M1750	1743-01-01	1743-12-31	Synopsis (printed)	Synopsis	f			f	f				f										
1668	M1829	1749-01-01	1749-12-31	Synopsis (printed)	Synopsis	f			f	f			http://anet.ua.ac.be/desktop/anet/core/index.phtml?language=&euser=&session=&service=opacua&robot=&deskservice=desktop&desktop=anet&workstation=&extra=	f				https://anet.be/record/opacuantwerpen/c:lvd:14054433/N						
1669	M548	1643-01-01	1643-12-31	Synopsis (printed)	Synopsis	f			f	f				f							https://catalogue.bnf.fr/ark:/12148/cb370881455			
1670	M1125	1717-01-01	1717-12-31	Synopsis (printed)	Synopsis	f	Tragedy		f	f				f	4	Goran Proot, Spectacula Iesuitica Belgica Antiqua (SIBA). Pars I: Provincia Flandro-Belgica (Antwerpen, 2008), p. 1-836								
1671	M1181	1721-01-01	1721-12-31	Synopsis (printed)	Synopsis	f			f	f			http://anet.ua.ac.be/desktop/anet/core/index.phtml?language=&euser=&session=&service=opacua&robot=&deskservice=desktop&desktop=anet&workstation=&extra=	f		Goran Proot, Spectacula Iesuitica Belgica Antiqua (SIBA). Pars I: Provincia Flandro-Belgica (Antwerpen, 2008), p. 1-836								
1672	M1201	1721-01-01	1721-12-31	Synopsis (printed)	Synopsis	f			f	f			http://anet.ua.ac.be/desktop/anet/core/index.phtml?language=&euser=&session=&service=opacua&robot=&deskservice=desktop&desktop=anet&workstation=&extra=	f		Goran Proot, Spectacula Iesuitica Belgica Antiqua (SIBA). Pars I: Provincia Flandro-Belgica (Antwerpen, 2008), p. 1-836		https://anet.be/record/opacuantwerpen/c:lvd:14052851/N						
1673	M1213	1722-01-01	1722-12-31	Synopsis (printed)	Synopsis	f			f	f			http://anet.ua.ac.be/desktop/anet/core/index.phtml?language=&euser=&session=&service=opacua&robot=&deskservice=desktop&desktop=anet&workstation=&extra=	f										
1674	M1219	1722-01-01	1722-12-31	Synopsis (printed)	Synopsis	f			f	f			http://anet.ua.ac.be/desktop/anet/core/index.phtml?language=&euser=&session=&service=opacua&robot=&deskservice=desktop&desktop=anet&workstation=&extra=	f				https://anet.be/record/opacuantwerpen/c:lvd:14025501/N						
1675	M1220	1722-01-01	1722-12-31	Synopsis (printed)	Synopsis	f			f	f			http://anet.ua.ac.be/desktop/anet/core/index.phtml?language=&euser=&session=&service=opacua&robot=&deskservice=desktop&desktop=anet&workstation=&extra=	f				https://anet.be/record/opacuantwerpen/c:lvd:14025602/N						
1676	M1232	1722-01-01	1722-12-31	Synopsis (printed)	Synopsis	f			f	f			http://anet.ua.ac.be/desktop/anet/core/index.phtml?language=&euser=&session=&service=opacua&robot=&deskservice=desktop&desktop=anet&workstation=&extra=	f										
1677	M1238	1723-01-01	1723-12-31	Synopsis (printed)	Synopsis	f			f	f			http://anet.ua.ac.be/desktop/anet/core/index.phtml?language=&euser=&session=&service=opacua&robot=&deskservice=desktop&desktop=anet&workstation=&extra=	f				https://anet.be/record/opacuantwerpen/c:lvd:14025478/N						
1678	M1275	1724-01-01	1724-12-31	Synopsis (printed)	Synopsis	f			f	f			http://anet.ua.ac.be/desktop/anet/core/index.phtml?language=&euser=&session=&service=opacua&robot=&deskservice=desktop&desktop=anet&workstation=&extra=	f				https://anet.be/record/opacuantwerpen/c:lvd:14022487/N						
1679	M1284	1724-01-01	1724-12-31	Synopsis (printed)	Synopsis	f			f	f			http://anet.ua.ac.be/desktop/anet/core/index.phtml?language=&euser=&session=&service=opacua&robot=&deskservice=desktop&desktop=anet&workstation=&extra=	f				https://anet.be/record/opacuantwerpen/c:lvd:14026036/N						
1680	M1326	1725-01-01	1725-12-31	Synopsis (printed)	Synopsis	f	Tragedy		f	f			http://anet.ua.ac.be/desktop/anet/core/index.phtml?language=&euser=&session=&service=opacua&robot=&deskservice=desktop&desktop=anet&workstation=&extra=	f										
1681	M1329	1725-01-01	1725-12-31	Synopsis (printed)	Synopsis	f	Tragedy		f	f			http://anet.ua.ac.be/desktop/anet/core/index.phtml?language=&euser=&session=&service=opacua&robot=&deskservice=desktop&desktop=anet&workstation=&extra=	f				https://anet.be/record/opacuantwerpen/c:lvd:14029202/N						
1682	M1331	1725-01-01	1725-12-31	Synopsis (printed)	Synopsis	f	Tragedy		f	f			http://anet.ua.ac.be/desktop/anet/core/index.phtml?language=&euser=&session=&service=opacua&robot=&deskservice=desktop&desktop=anet&workstation=&extra=	f				https://anet.be/record/opacuantwerpen/c:lvd:14029419/N						
1683	M1372	1727-01-01	1727-12-31	Synopsis (printed)	Synopsis	f			f	f			http://anet.ua.ac.be/desktop/anet/core/index.phtml?language=&euser=&session=&service=opacua&robot=&deskservice=desktop&desktop=anet&workstation=&extra=	f										
1684	M1395	1727-01-01	1727-12-31	Synopsis (printed)	Synopsis	f			f	f			http://anet.ua.ac.be/desktop/anet/core/index.phtml?language=&euser=&session=&service=opacua&robot=&deskservice=desktop&desktop=anet&workstation=&extra=	f										
1685	M1417	1728-01-01	1728-12-31	Synopsis (printed)	Synopsis	f			f	f			http://anet.ua.ac.be/desktop/anet/core/index.phtml?language=&euser=&session=&service=opacua&robot=&deskservice=desktop&desktop=anet&workstation=&extra=	f				https://anet.be/record/opacuantwerpen/c:lvd:14031498/N						
1686	M1462	1729-01-01	1729-12-31	Synopsis (printed)	Synopsis	f	Tragedy		f	f			http://anet.ua.ac.be/desktop/anet/core/index.phtml?language=&euser=&session=&service=opacua&robot=&deskservice=desktop&desktop=anet&workstation=&extra=	f		Goran Proot, Spectacula Iesuitica Belgica Antiqua (SIBA). Pars I: Provincia Flandro-Belgica (Antwerpen, 2008), p. 1-836								
1687	M1471	1729-01-01	1729-12-31	Synopsis (printed)	Synopsis	f			f	f			http://anet.ua.ac.be/desktop/anet/core/index.phtml?language=&euser=&session=&service=opacua&robot=&deskservice=desktop&desktop=anet&workstation=&extra=	f				https://anet.be/record/opacuantwerpen/c:lvd:14054325/N						
1688	M1573	1732-01-01	1732-12-31	Synopsis (printed)	Synopsis	f	Tragedy		f	f				f		Goran Proot, Spectacula Iesuitica Belgica Antiqua (SIBA). Pars I: Provincia Flandro-Belgica (Antwerpen, 2008), p. 1-836								
1689	M972	1700-01-01	1700-12-31	Synopsis (printed)	Synopsis	f			f	f				f		Goran Proot, Spectacula Iesuitica Belgica Antiqua (SIBA). Pars I: Provincia Flandro-Belgica (Antwerpen, 2008), p. 1-836								
1690	M986	1701-01-01	1701-12-31	Synopsis	Synopsis	f			f	f				f										
1692	M432	1635-01-01	1635-12-31	First Printing	Full edition	f	Tragedy		t	t	https://www.let.leidenuniv.nl/Dutch/Ceneton/Facsimiles/GrotiusSophompaneas1635	https://www.let.leidenuniv.nl/Dutch/Ceneton/GrotiusSophompaneas1635.html	http://books.google.be/books?id=TScUAAAAQAAJ&printsec=frontcover&hl=nl&source=gbs_ge_summary_r&cad=0#v=onepage&q&f=false	f	163504 - b1 A2 erar : a2 A3 natu - b1 B r : b2 G3 imple - c1 H n : c2 X4 o$pat									
1693	M443	1635-01-01	1635-12-31	Reprint	Full edition	f	Tragedy		f	f				f	163512 - a1 A2 xplo : a2 B7 nt$ - b1 C sta : b2 D3 as$ca - c1 D5 ue$par : c2 E7 octe,$									
1694	M445	1632-01-01	1638-12-31	Reprint	Full edition	f	Tragedy		f	f				f										
1695	M447	1635-01-01	1635-12-31	Reprint	Full edition	f	Tragedy		f	f				f	163512 - a1 A2 xplo : a2 A4 ium$ - b1 A5 $se$in : b2 B7 nt$ - c1 C sta : c2 E7 octe,$									
1696	M203	1599-01-01	1599-12-31	First Printing	Full edition	f	Comedy	Farce	f	f	https://www.let.leidenuniv.nl/Dutch/Ceneton/Facsimiles/SchonaeusCunae1599		https://books.google.nl/books/ucm?id=xesMdv-53McC&pg=PA1&dq=Comoediarum+Cornelii+Schonaei+...+altera+pars:+qua+continentur,+Susanna&hl=nl&ei=aXLYX_rNFo_E-QGPnaPADA&cd=2#v=onepage&q=Comoediarum%20Cornelii%20Schonaei%20...%20altera%20pars%3A%20qua%20continentur%2C%20Susanna&f=false	f	159908 - b1 L m, : b2 M4 est,$									
1697	M204	1599-01-01	1599-12-31	Reprint	Full edition	f	Comedy	Sacred comedy	f	f	https://www.let.leidenuniv.nl/Dutch/Ceneton/Facsimiles/SchonaeusDaniel1599		https://books.google.nl/books/ucm?id=xesMdv-53McC&pg=PA1&dq=Comoediarum+Cornelii+Schonaei+...+altera+pars:+qua+continentur,+Susanna&hl=nl&ei=aXLYX_rNFo_E-QGPnaPADA&cd=2#v=onepage&q=Comoediarum%20Cornelii%20Schonaei%20...%20altera%20pars%3A%20qua%20continentur%2C%20Susanna&f=false	f	159908 - a1 D2 Nihi - b1 D3 odu : b2 F4 ED.$ - c1 F5 bat$ : c2 T4 oles									
1698	M210	1599-01-01	1599-12-31	Reprint	Full edition	f	Comedy	Farce	f	f	https://www.let.leidenuniv.nl/Dutch/Ceneton/Facsimiles/SchonaeusPseudostratiotae1599		https://books.google.nl/books/ucm?id=xesMdv-53McC&pg=PA1&dq=Comoediarum+Cornelii+Schonaei+...+altera+pars:+qua+continentur,+Susanna&hl=nl&ei=aXLYX_rNFo_E-QGPnaPADA&cd=2#v=onepage&q=Comoediarum%20Cornelii%20Schonaei%20...%20altera%20pars%3A%20qua%20continentur%2C%20Susanna&f=false	f	159908 - b1 I e : b2 K5 esto									
1699	M212	1599-01-01	1599-12-31	First Printing	Full edition	f	Comedy	Sacred comedy	f	f	https://www.let.leidenuniv.nl/Dutch/Ceneton/Facsimiles/SchonaeusSusanna1599		https://books.google.nl/books/ucm?id=xesMdv-53McC&pg=PA1&dq=Comoediarum+Cornelii+Schonaei+...+altera+pars:+qua+continentur,+Susanna&hl=nl&ei=aXLYX_rNFo_E-QGPnaPADA&cd=2#v=onepage&q=Comoediarum%20Cornelii%20Schonaei%20...%20altera%20pars%3A%20qua%20continentur%2C%20Susanna&f=false	f	159908 - a1 A2 ag : a2 A4 eli - b1A5 ,$ : b2 D m - c1 D2 Nihi : c2 T4 oles									
1700	M214	1599-01-01	1599-12-31	First Printing	Full edition	f	Comedy	Sacred comedy	f	f	https://www.let.leidenuniv.nl/Dutch/Ceneton/Facsimiles/SchonaeusTriumphus1599		https://books.google.nl/books/ucm?id=xesMdv-53McC&pg=PA1&dq=Comoediarum+Cornelii+Schonaei+...+altera+pars:+qua+continentur,+Susanna&hl=nl&ei=aXLYX_rNFo_E-QGPnaPADA&cd=2#v=onepage&q=Comoediarum%20Cornelii%20Schonaei%20...%20altera%20pars%3A%20qua%20continentur%2C%20Susanna&f=false	f	159908 - b1 F5 at$ : b2 H5 est									
1701	M215	1599-01-01	1599-12-31	First Printing	Full edition	f	Comedy	Farce	f	f	https://www.let.leidenuniv.nl/Dutch/Ceneton/Facsimiles/SchonaeusVitulus1599	https://www.let.leidenuniv.nl/Dutch/Ceneton/SchonaeusVitulus1599.html	https://books.google.nl/books/ucm?id=xesMdv-53McC&pg=PA1&dq=Comoediarum+Cornelii+Schonaei+...+altera+pars:+qua+continentur,+Susanna&hl=nl&ei=aXLYX_rNFo_E-QGPnaPADA&cd=2#v=onepage&q=Comoediarum%20Cornelii%20Schonaei%20...%20altera%20pars%3A%20qua%20continentur%2C%20Susanna&f=false	f	159908 - b1 M5 rut : b2 O4 ite.									
1702	M236	1607-01-01	1607-12-31	First Printing	Full edition	f	Comedy		t	t	https://www.let.leidenuniv.nl/Dutch/Ceneton/Facsimiles/SchonaeusAedificium1607	https://www.let.leidenuniv.nl/Dutch/Ceneton/SchonaeusAedificium1607.html		f	160702 - b1 A c$ : b2 E2 s$est - c1 E M : c2 E5 /$									
1703	M237	1607-01-01	1607-12-31	First Printing	Full edition	f			t	t	https://www.let.leidenuniv.nl/Dutch/Ceneton/Facsimiles/SchonaeusAedificium1607	https://www.let.leidenuniv.nl/Dutch/Ceneton/SchonaeusAedificium1607.html		f	160702 - b1 E m : b2 E5 vol									
1704	M325	1624-01-01	1624-12-31	Synopsis (printed)	Synopsis	f			f	f				f										
1705	M336	1625-01-01	1625-12-31	Synopsis (printed)	Synopsis	f			f	f				f										
1706	M337	1626-01-01	1626-12-31	Synopsis (printed)	Synopsis	f			f	f				f										
1707	M340	1627-01-01	1627-12-31	Synopsis (printed)	Synopsis	f	Tragedy		f	f			http://books.google.nl/books?id=z1hbAAAAQAAJ&printsec=frontcover&hl=nl&source=gbs_ge_summary_r&cad=0#v=onepage&q&f=false	f										
1708	M353	1628-01-01	1628-12-31	Synopsis (printed)	Synopsis	f			f	f	https://www.let.leidenuniv.nl/Dutch/Ceneton/Facsimiles/SJAnastasiusIeper1628			f										
1709	M710	1663-01-01	1663-12-31	Synopsis (printed)	Synopsis	f			f	f				f		Goran Proot, Spectacula Iesuitica Belgica Antiqua (SIBA). Pars I: Provincia Flandro-Belgica (Antwerpen, 2008), p. 1-836	Datering van Ceneton is 1633							
1710	M1	1511-01-01	1511-12-31	First Printing	Full edition	f			f	f				f										
1711	M1000	1702-01-01	1702-12-31	Synopsis	Synopsis	f			f	f				f										
1712	M1004	1702-01-01	1702-12-31	Synopsis	Synopsis	f			f	f				f										
1713	M1007	1702-01-01	1702-12-31	Synopsis (manuscript)	Synopsis	f			f	f				f		Goran Proot, Spectacula Iesuitica Belgica Antiqua (SIBA). Pars I: Provincia Flandro-Belgica (Antwerpen, 2008), p. 1-836	Koppelen op M- of E-niveau aan Ceneton048610							
1714	M1008	1702-01-01	1702-12-31	Manuscript	Full edition	f			f	f				f			Koppelen op M- of E-niveau aan Ceneton044380							
1715	M1012	1703-01-01	1703-12-31	Synopsis (manuscript)	Synopsis	f	Tragicomedy		f	f				f		Goran Proot, Spectacula Iesuitica Belgica Antiqua (SIBA). Pars I: Provincia Flandro-Belgica (Antwerpen, 2008), p. 1-836								
1716	M1014	1703-01-01	1703-12-31	Synopsis	Synopsis	f	Tragedy		f	f				f		Goran Proot, Spectacula Iesuitica Belgica Antiqua (SIBA). Pars I: Provincia Flandro-Belgica (Antwerpen, 2008), p. 1-836	Koppelen op M- of E-niveau aan Ceneton052090							
1717	M1015	1703-01-01	1703-12-31	Synopsis (manuscript)	Synopsis	f	Comedy		f	f				f		Goran Proot, Spectacula Iesuitica Belgica Antiqua (SIBA). Pars I: Provincia Flandro-Belgica (Antwerpen, 2008), p. 1-836								
1718	M1017	1703-01-01	1703-12-31	Synopsis (manuscript)	Synopsis	f			f	f				f		Goran Proot, Spectacula Iesuitica Belgica Antiqua (SIBA). Pars I: Provincia Flandro-Belgica (Antwerpen, 2008), p. 1-836								
1719	M1018	1703-01-01	1703-12-31	Synopsis	Synopsis	f			f	f				f										
1720	M102	1550-01-01	1550-12-31	Reprint	Full edition	f			f	f				f										
1721	M1021	1703-01-01	1703-12-31	Synopsis	Synopsis	f			f	f				f										
1722	M1022	1703-01-01	1703-12-31	Synopsis	Synopsis	f			f	f				f										
1723	M1023	1703-01-01	1703-12-31	Synopsis	Synopsis	f			f	f				f										
1724	M1024	1703-01-01	1703-12-31	Synopsis (printed)	Synopsis	f	Tragedy		f	f				f		Goran Proot, Spectacula Iesuitica Belgica Antiqua (SIBA). Pars I: Provincia Flandro-Belgica (Antwerpen, 2008), p. 1-836	Koppelen op M- of E-niveau aan Ceneton052080							
1725	M1025	1704-01-01	1704-12-31	Synopsis	Synopsis	f	Tragedy		f	f				f										
1726	M1026	1704-01-01	1704-12-31	Synopsis	Synopsis	f			f	f				f										
1727	M1027	1704-01-01	1704-12-31	Synopsis (manuscript)	Synopsis	f			f	f				f		Goran Proot, Spectacula Iesuitica Belgica Antiqua (SIBA). Pars I: Provincia Flandro-Belgica (Antwerpen, 2008), p. 1-836								
1728	M1032	1704-01-01	1704-12-31	Synopsis	Synopsis	f	Tragedy		f	f				f										
1899	M1539	1731-01-01	1731-12-31	Synopsis (manuscript)	Synopsis	f			f	f				f	Ms									
1729	M1036	1705-01-01	1705-12-31	Synopsis (manuscript)	Synopsis	f			f	f				f		Goran Proot, Spectacula Iesuitica Belgica Antiqua (SIBA). Pars I: Provincia Flandro-Belgica (Antwerpen, 2008), p. 1-836	Handschrift ook toegeschreven aan: Nicolaus Valkenborgh							
1730	M1038	1705-01-01	1705-12-31	Synopsis	Synopsis	f			f	f				f										
1731	M1040	1705-01-01	1705-12-31	Synopsis	Synopsis	f			f	f				f										
1732	M1042	1705-01-01	1705-12-31	Synopsis (manuscript)	Synopsis	f	Tragedy		f	f				f	Ms	Goran Proot, Spectacula Iesuitica Belgica Antiqua (SIBA). Pars I: Provincia Flandro-Belgica (Antwerpen, 2008), p. 1-836								
1733	M1044	1707-01-01	1707-12-31	Synopsis	Synopsis	f	Tragedy		f	f				f										
1734	M1045	1707-01-01	1707-12-31	Synopsis	Synopsis	f	Tragicomedy		f	f				f										
1735	M1046	1707-01-01	1707-12-31	Synopsis	Synopsis	f	Comedy		f	f				f										
1736	M1048	1708-01-01	1708-12-31	Synopsis	Synopsis	f	Comedy		f	f				f										
1737	M1049	1708-01-01	1708-12-31	Synopsis	Synopsis	f	Tragedy		f	f				f										
1738	M1053	1708-01-01	1708-12-31	Synopsis (printed)	Synopsis	f			f	f				f					https://opac.kbr.be/LIBRARY/doc/SYRACUSE/18400027					
1739	M1054	1709-01-01	1709-12-31	Synopsis	Synopsis	f	Tragedy		f	f				f										
1740	M1056	1709-01-01	1709-12-31	Synopsis	Synopsis	f	Comedy		f	f				f										
1741	M1057	1709-01-01	1709-12-31	Synopsis	Synopsis	f	Tragedy		f	f				f		Goran Proot, Spectacula Iesuitica Belgica Antiqua (SIBA). Pars I: Provincia Flandro-Belgica (Antwerpen, 2008), p. 1-836			https://opac.kbr.be/LIBRARY/doc/SYRACUSE/18023159 					
1742	M1063	1711-01-01	1711-12-31	Manuscript	Full edition	f			f	f				f	Ms									
1743	M1070	1711-01-01	1711-12-31	Synopsis (printed)	Synopsis	f	Tragedy		f	f				f		Goran Proot, Spectacula Iesuitica Belgica Antiqua (SIBA). Pars I: Provincia Flandro-Belgica (Antwerpen, 2008), p. 1-836	Koppelen op M- of E-niveau aan Ceneton052430							
1744	M1078	1712-01-01	1712-12-31	Synopsis	Synopsis	f	Tragedy		f	f			http://anet.ua.ac.be/desktop/anet/core/index.phtml?language=&euser=&session=&service=opacua&robot=&deskservice=desktop&desktop=anet&workstation=&extra=	f										
1745	M1080	1712-01-01	1712-12-31	Synopsis (printed)	Synopsis	f	Tragedy		f	f				f					https://opac.kbr.be/LIBRARY/doc/SYRACUSE/18015999					
1746	M1081	1712-01-01	1712-12-31	Synopsis (printed)	Synopsis	f			f	f			http://anet.ua.ac.be/desktop/anet/core/index.phtml?language=&euser=&session=&service=opacua&robot=&deskservice=desktop&desktop=anet&workstation=&extra=	f				https://anet.be/record/opacuantwerpen/c:lvd:14029374/N						
1747	M1082	1712-01-01	1712-12-31	Synopsis	Synopsis	f	Comedy		f	f				f										
1748	M1083	1712-01-01	1712-12-31	Synopsis	Synopsis	f	Tragedy		f	f				f										
1749	M1084	1712-01-01	1712-12-31	Synopsis	Synopsis	f			f	f			http://anet.ua.ac.be/desktop/anet/core/index.phtml?language=&euser=&session=&service=opacua&robot=&deskservice=desktop&desktop=anet&workstation=&extra=	f				https://anet.be/record/opacuantwerpen/c:lvd:14051169/N						
1750	M1085	1713-01-01	1713-12-31	Synopsis	Synopsis	f			f	f	https://www.let.leidenuniv.nl/Dutch/Ceneton/Facsimiles/SJJosephBrussel1713		http://anet.ua.ac.be/desktop/anet/core/index.phtml?language=&euser=&session=&service=opacua&robot=&deskservice=desktop&desktop=anet&workstation=&extra=	f										
1751	M1089	1713-01-01	1713-12-31	Synopsis	Synopsis	f			f	f			http://anet.ua.ac.be/desktop/anet/core/index.phtml?language=&euser=&session=&service=opacua&robot=&deskservice=desktop&desktop=anet&workstation=&extra=	f										
1752	M1094	1714-01-01	1714-12-31	Synopsis	Synopsis	f	Comedy		f	f				f										
1753	M1095	1714-01-01	1714-12-31	Synopsis	Synopsis	f	Tragedy		f	f				f										
1754	M11	1531-01-01	1531-12-31	First Printing	Full edition	f			f	f				f										
1755	M1102	1715-01-01	1715-12-31	Synopsis	Synopsis	f	Tragedy		f	f				f										
1756	M1109	1715-01-01	1715-12-31	Synopsis	Synopsis	f	Comedy		f	f				f										
1757	M1116	1716-01-01	1716-12-31	Synopsis	Synopsis	f	Tragedy		f	f				f										
1758	M1117	1716-01-01	1716-12-31	Synopsis (printed)	Synopsis	f	Tragedy		f	f				f										
1759	M1118	1716-01-01	1716-12-31	Synopsis	Synopsis	f	Comical tragedy		f	f				f										
1760	M1119	1716-01-01	1716-12-31	Synopsis	Synopsis	f	Comedy		f	f				f										
1761	M1120	1716-01-01	1716-12-31	Synopsis (printed)	Synopsis	f			f	f				f										
1762	M1121	1716-01-01	1716-12-31	Synopsis	Synopsis	f	Tragedy		f	f				f										
1763	M1122	1716-01-01	1716-12-31	Synopsis	Synopsis	f	Tragedy		f	f				f										
1764	M1124	1717-01-01	1717-12-31	Synopsis	Synopsis	f			t	t				f										
1765	M1126	1717-01-01	1717-12-31	First Printing	Full edition	f			f	f				f										
1766	M1127	1717-01-01	1717-12-31	First Printing	Full edition	f			f	f				f										
1767	M1128	1717-01-01	1717-12-31	First Printing	Full edition	f			f	f				f										
1768	M1129	1717-01-01	1717-12-31	Synopsis (printed)	Synopsis	f	Tragedy		f	f			http://anet.ua.ac.be/desktop/anet/core/index.phtml?language=&euser=&session=&service=opacua&robot=&deskservice=desktop&desktop=anet&workstation=&extra=	f				https://anet.be/record/opacuantwerpen/c:lvd:14022350/N						
1769	M1130	1717-01-01	1717-12-31	First Printing	Full edition	f			f	f				f										
1770	M1131	1717-01-01	1717-12-31	Mention	Fragment	f			f	f				f										
1771	M1133	1717-01-01	1717-12-31	Synopsis (printed)	Synopsis	f			f	f			http://anet.ua.ac.be/desktop/anet/core/index.phtml?language=&euser=&session=&service=opacua&robot=&deskservice=desktop&desktop=anet&workstation=&extra=	f				https://anet.be/record/opacuantwerpen/c:lvd:14025959/N						
1772	M1134	1717-01-01	1717-12-31	First Printing	Full edition	f			f	f				f										
1773	M1135	1717-01-01	1717-12-31	First Printing	Full edition	f			f	f				f										
1774	M1136	1717-01-01	1717-12-31	Synopsis (printed)	Synopsis	f			f	f				f										
1775	M1138	1717-01-01	1717-12-31	First Printing	Full edition	f			f	f				f										
1776	M1140	1717-01-01	1717-12-31	First Printing	Full edition	f			f	f				f										
1777	M1141	1717-01-01	1717-12-31	Synopsis	Synopsis	f	Tragedy		f	f				f										
1778	M1142	1717-01-01	1717-12-31	Synopsis	Synopsis	f	Tragedy		f	f			http://anet.ua.ac.be/desktop/anet/core/index.phtml?language=&euser=&session=&service=opacua&robot=&deskservice=desktop&desktop=anet&workstation=&extra=	f		Goran Proot, Spectacula Iesuitica Belgica Antiqua (SIBA). Pars I: Provincia Flandro-Belgica (Antwerpen, 2008), p. 1-836								
1779	M1145	1718-01-01	1718-12-31	Synopsis (manuscript)	Synopsis	f			f	f			http://anet.ua.ac.be/desktop/anet/core/index.phtml?language=&euser=&session=&service=opacua&robot=&deskservice=desktop&desktop=anet&workstation=&extra=	f	Ms	Goran Proot, Spectacula Iesuitica Belgica Antiqua (SIBA). Pars I: Provincia Flandro-Belgica (Antwerpen, 2008), p. 1-836		https://anet.be/record/opacuantwerpen/c:lvd:14052812/N						
1780	M1147	1718-01-01	1718-12-31	Synopsis	Synopsis	f	Tragedy		f	f				f										
1781	M1149	1718-01-01	1718-12-31	Synopsis (printed)	Synopsis	f	Tragedy		f	f				f		Goran Proot, Spectacula Iesuitica Belgica Antiqua (SIBA). Pars I: Provincia Flandro-Belgica (Antwerpen, 2008), p. 1-836			https://opac.kbr.be/LIBRARY/doc/SYRACUSE/18016471					
1782	M1151	1718-01-01	1718-12-31	Synopsis (manuscript)	Synopsis	f	Comedy		f	f			http://anet.ua.ac.be/desktop/anet/core/index.phtml?language=&euser=&session=&service=opacua&robot=&deskservice=desktop&desktop=anet&workstation=&extra=	f	Ms			https://anet.be/record/opacuantwerpen/c:lvd:14025563/N						
1783	M1152	1718-01-01	1718-12-31	Synopsis	Synopsis	f	Tragedy		f	f				f										
1784	M1153	1718-01-01	1718-12-31	Synopsis (printed)	Synopsis	f			f	f				f										
1785	M1155	1718-01-01	1718-12-31	Synopsis	Synopsis	f	Comedy		f	f				f										
1786	M1157	1719-01-01	1719-12-31	Synopsis	Synopsis	f	Tragedy		f	f			http://anet.ua.ac.be/desktop/anet/core/index.phtml?language=&euser=&session=&service=opacua&robot=&deskservice=desktop&desktop=anet&workstation=&extra=	f										
1787	M1159	1719-01-01	1719-12-31	Synopsis	Synopsis	f	Comedy		f	f				f										
1788	M1162	1719-01-01	1719-12-31	Synopsis	Synopsis	f	Comedy		f	f				f										
1789	M1163	1719-01-01	1719-12-31	Synopsis	Synopsis	f			f	f			http://anet.ua.ac.be/desktop/anet/core/index.phtml?language=&euser=&session=&service=opacua&robot=&deskservice=desktop&desktop=anet&workstation=&extra=	f										
1790	M1165	1719-01-01	1719-12-31	Synopsis	Synopsis	f	Tragedy		f	f				f										
1791	M1167	1719-01-01	1719-12-31	Synopsis (printed)	Synopsis	f			f	f			http://anet.ua.ac.be/desktop/anet/core/index.phtml?language=&euser=&session=&service=opacua&robot=&deskservice=desktop&desktop=anet&workstation=&extra=	f				https://anet.be/record/opacuantwerpen/c:lvd:14052747/N						
1792	M1168	1719-01-01	1719-12-31	Synopsis (printed)	Synopsis	f	Tragedy		f	f				f		Goran Proot, 'Het toneel van de Antwerpse Augustijnen (1671-1783)' in: De Gulden Passer. Jaargang 76-77 (1998-1999), p. 183-194, via: https://www.dbnl.org/tekst/_gul005199801_01/_gul005199801_01_0008.php								
1793	M1169	1719-01-01	1719-12-31	Synopsis	Synopsis	f	Tragedy		f	f				f										
1794	M1173	1720-01-01	1720-12-31	Synopsis	Synopsis	f	Tragedy		f	f				f										
1795	M1174	1720-01-01	1720-12-31	Synopsis	Synopsis	f			f	f			http://anet.ua.ac.be/desktop/anet/core/index.phtml?language=&euser=&session=&service=opacua&robot=&deskservice=desktop&desktop=anet&workstation=&extra=	f										
1796	M1176	1720-01-01	1720-12-31	Synopsis	Synopsis	f	Comedy		f	f				f										
1797	M1183	1721-01-01	1721-12-31	Synopsis	Synopsis	f	Comedy		f	f				f										
1798	M1184	1721-01-01	1721-12-31	Synopsis	Synopsis	f	Tragedy		f	f				f										
1799	M1187	1721-01-01	1721-12-31	Synopsis	Synopsis	f			f	f			http://anet.ua.ac.be/desktop/anet/core/index.phtml?language=&euser=&session=&service=opacua&robot=&deskservice=desktop&desktop=anet&workstation=&extra=	f										
1800	M1188	1721-01-01	1721-12-31	Synopsis	Synopsis	f			f	f			http://anet.ua.ac.be/desktop/anet/core/index.phtml?language=&euser=&session=&service=opacua&robot=&deskservice=desktop&desktop=anet&workstation=&extra=	f										
1801	M1195	1721-01-01	1721-12-31	Synopsis	Synopsis	f	Tragedy		f	f			http://anet.ua.ac.be/desktop/anet/core/index.phtml?language=&euser=&session=&service=opacua&robot=&deskservice=desktop&desktop=anet&workstation=&extra=	f										
1802	M1197	1721-01-01	1721-12-31	Synopsis	Synopsis	f	Tragedy		f	f				f										
1803	M120	1556-01-01	1556-12-31	First Printing	Full edition	f	Tragedy	Martyr tragedy	t	t				f	155608 - a1 Aiij I.$ : a2 Aiiij ntia$a - b1 B d : b2 Eij ti$fi									
1804	M1203	1721-01-01	1721-12-31	Synopsis (printed)	Synopsis	f			f	f			http://anet.ua.ac.be/desktop/anet/core/index.phtml?language=&euser=&session=&service=opacua&robot=&deskservice=desktop&desktop=anet&workstation=&extra=	f				https://anet.be/record/opacuantwerpen/c:lvd:14022280/N						
1805	M1209	1722-01-01	1722-12-31	Synopsis (printed)	Synopsis	f			f	f				f			Koppelen op M- of E-niveau aan Ceneton006220			https://lib.ugent.be/catalog/rug01:000792951				
1806	M1210	1722-01-01	1722-12-31	Synopsis	Synopsis	f	Tragedy		f	f				f										
1807	M1211	1722-01-01	1722-12-31	Synopsis	Synopsis	f			f	f			http://anet.ua.ac.be/desktop/anet/core/index.phtml?language=&euser=&session=&service=opacua&robot=&deskservice=desktop&desktop=anet&workstation=&extra=	f										
1808	M1215	1722-01-01	1722-12-31	Synopsis	Synopsis	f	Tragedy		f	f				f										
1809	M1221	1722-01-01	1722-12-31	Synopsis	Synopsis	f	Comedy		f	f				f										
1810	M1224	1722-01-01	1722-12-31	Synopsis	Synopsis	f	Comedy		f	f				f										
1811	M1225	1722-01-01	1722-12-31	Synopsis	Synopsis	f	Tragedy		f	f				f										
1812	M1226	1722-01-01	1722-12-31	Synopsis	Synopsis	f	Tragedy		f	f				f										
1813	M1229	1722-01-01	1722-12-31	Synopsis	Synopsis	f			f	f			http://books.google.be/books?id=n1FbAAAAQAAJ&printsec=frontcover&hl=nl&source=gbs_ge_summary_r&cad=0#v=onepage&q&f=false	f										
1814	M1233	1722-01-01	1722-12-31	Synopsis	Synopsis	f	Tragedy		f	f				f		Goran Proot, 'Het toneel van de Antwerpse Augustijnen (1671-1783)' in: De Gulden Passer. Jaargang 76-77 (1998-1999), p. 183-194, via: https://www.dbnl.org/tekst/_gul005199801_01/_gul005199801_01_0008.php								
1815	M1234	1722-01-01	1722-12-31	Synopsis	Synopsis	f	Comedy		f	f				f										
1816	M1235	1722-01-01	1722-12-31	Synopsis	Synopsis	f	Comedy		f	f				f										
1817	M1236	1722-01-01	1722-12-31	Synopsis	Synopsis	f	Comedy		f	f				f										
1818	M1240	1723-01-01	1723-12-31	Synopsis	Synopsis	f	Comedy		f	f				f										
1819	M1245	1723-01-01	1723-12-31	Synopsis	Synopsis	f	Tragedy		f	f				f										
1820	M1246	1723-01-01	1723-12-31	Synopsis	Synopsis	f	Comedy		f	f				f										
1821	M1247	1723-01-01	1723-12-31	Synopsis	Synopsis	f	Comedy		f	f				f										
1822	M1250	1723-01-01	1723-12-31	Synopsis	Synopsis	f	Tragicomedy		f	f				f		Goran Proot, 'Het toneel van de Antwerpse Augustijnen (1671-1783)' in: De Gulden Passer. Jaargang 76-77 (1998-1999), p. 183-194, via: https://www.dbnl.org/tekst/_gul005199801_01/_gul005199801_01_0008.php								
1823	M1252	1723-01-01	1723-12-31	Synopsis	Synopsis	f	Tragedy		f	f				f										
1824	M1255	1723-01-01	1723-12-31	Synopsis	Synopsis	f	Comedy		f	f				f										
1825	M1262	1723-01-01	1723-12-31	Synopsis	Synopsis	f	Comedy		f	f				f										
1826	M1264	1723-01-01	1723-12-31	Synopsis	Synopsis	f	Comedy		f	f				f										
1827	M1265	1723-01-01	1723-12-31	Synopsis	Synopsis	f	Tragedy		f	f				f										
1828	M1266	1723-01-01	1723-12-31	Synopsis	Synopsis	f	Tragedy		f	f				f										
1829	M127	1562-01-01	1562-12-31	First Printing	Full edition	f			t	t				f										
1830	M1272	1724-01-01	1724-12-31	Synopsis	Synopsis	f	Tragedy		f	f				f										
1831	M1274	1724-01-01	1724-12-31	Synopsis	Synopsis	f	Comedy		f	f				f										
1832	M1278	1724-01-01	1724-12-31	Synopsis	Synopsis	f	Tragedy		f	f				f										
1833	M1281	1724-01-01	1724-12-31	Synopsis	Synopsis	f	Comedy		f	f				f										
1834	M1282	1724-01-01	1724-12-31	Synopsis (printed)	Synopsis	f	Tragedy		f	f				f		Goran Proot, 'Het toneel van de Antwerpse Augustijnen (1671-1783)' in: De Gulden Passer. Jaargang 76-77 (1998-1999), p. 183-194, via: https://www.dbnl.org/tekst/_gul005199801_01/_gul005199801_01_0008.php								
1835	M1283	1724-01-01	1724-12-31	Synopsis	Synopsis	f	Comedy		f	f				f										
1836	M1287	1724-01-01	1724-12-31	Synopsis	Synopsis	f	Tragedy		f	f				f										
1837	M1290	1724-01-01	1724-12-31	Synopsis	Synopsis	f	Tragedy		f	f				f										
1838	M1295	1724-01-01	1724-12-31	Synopsis	Synopsis	f	Comedy		f	f				f										
1839	M1297	1724-01-01	1724-12-31	Synopsis	Synopsis	f	Tragedy		f	f				f		Goran Proot, 'Het toneel van de Antwerpse Augustijnen (1671-1783)' in: De Gulden Passer. Jaargang 76-77 (1998-1999), p. 183-194, via: https://www.dbnl.org/tekst/_gul005199801_01/_gul005199801_01_0008.php								
1840	M1301	1724-01-01	1724-12-31	Synopsis	Synopsis	f	Comedy		f	f				f										
1841	M1302	1724-01-01	1724-12-31	Synopsis	Synopsis	f	Tragedy		f	f			http://anet.ua.ac.be/desktop/anet/core/index.phtml?language=&euser=&session=&service=opacua&robot=&deskservice=desktop&desktop=anet&workstation=&extra=	f										
1842	M1306	1724-01-01	1724-12-31	Synopsis	Synopsis	f	Comedy		f	f				f										
1845	M1322	1725-01-01	1725-12-31	Synopsis (printed)	Synopsis	f	Comedy		f	f				f		Goran Proot, 'Het toneel van de Antwerpse Augustijnen (1671-1783)' in: De Gulden Passer. Jaargang 76-77 (1998-1999), p. 183-194, via: https://www.dbnl.org/tekst/_gul005199801_01/_gul005199801_01_0008.php								
1846	M1338	1725-01-01	1725-12-31	Synopsis	Synopsis	f	Comedy		f	f				f										
1847	M1347	1726-01-01	1726-12-31	Synopsis (manuscript)	Synopsis	f			f	f			http://anet.ua.ac.be/desktop/anet/core/index.phtml?language=&euser=&session=&service=opacua&robot=&deskservice=desktop&desktop=anet&workstation=&extra=	f	Ms			https://anet.be/record/opacuantwerpen/c:lvd:14025361/N						
1848	M1351	1726-01-01	1726-12-31	Synopsis	Synopsis	f			f	f			http://anet.ua.ac.be/desktop/anet/core/index.phtml?language=&euser=&session=&service=opacua&robot=&deskservice=desktop&desktop=anet&workstation=&extra=	f										
1849	M1356	1726-01-01	1726-12-31	Synopsis (printed)	Synopsis	f	Tragedy		f	f				f		Goran Proot, 'Het toneel van de Antwerpse Augustijnen (1671-1783)' in: De Gulden Passer. Jaargang 76-77 (1998-1999), p. 183-194, via: https://www.dbnl.org/tekst/_gul005199801_01/_gul005199801_01_0008.php								
1850	M1358	1726-01-01	1726-12-31	Synopsis	Synopsis	f	Comedy		f	f				f										
1851	M1368	1726-01-01	1726-12-31	Synopsis	Synopsis	f	Tragedy		f	f			http://anet.ua.ac.be/desktop/anet/core/index.phtml?language=&euser=&session=&service=opacua&robot=&deskservice=desktop&desktop=anet&workstation=&extra=	f										
1852	M1376	1727-01-01	1727-12-31	Synopsis	Synopsis	f	Comedy		f	f				f										
1853	M1377	1727-01-01	1727-12-31	Synopsis	Synopsis	f	Comedy		f	f				f										
1854	M1378	1727-01-01	1727-12-31	Synopsis	Synopsis	f	Comedy		f	f				f										
1855	M1380	1727-01-01	1727-12-31	Synopsis	Synopsis	f			f	f			http://anet.ua.ac.be/desktop/anet/core/index.phtml?language=&euser=&session=&service=opacua&robot=&deskservice=desktop&desktop=anet&workstation=&extra=	f										
1856	M1388	1727-01-01	1727-12-31	Synopsis	Synopsis	f	Tragedy		f	f				f										
1857	M1389	1727-01-01	1727-12-31	Synopsis	Synopsis	f	Comedy		f	f			http://anet.ua.ac.be/desktop/anet/core/index.phtml?language=&euser=&session=&service=opacua&robot=&deskservice=desktop&desktop=anet&workstation=&extra=	f										
1858	M1390	1727-01-01	1727-12-31	Synopsis	Synopsis	f	Tragedy		f	f				f										
1859	M1396	1727-01-01	1727-12-31	Synopsis	Synopsis	f	Tragedy		f	f				f										
1860	M14	1534-01-01	1534-12-31	First Printing	Full edition	f			t	t				f										
1861	M140	1570-01-01	1570-12-31	First Printing	Full edition	f			f	f				f										
1862	M1401	1728-01-01	1728-12-31	Synopsis	Synopsis	f	Tragedy		f	f				f										
1863	M1410	1728-01-01	1728-12-31	Synopsis (printed)	Synopsis	f	Comedy		f	f				f										
1864	M1412	1728-01-01	1728-12-31	Manuscript	Full edition	f			f	f			http://anet.ua.ac.be/desktop/anet/core/index.phtml?language=&euser=&session=&service=opacua&robot=&deskservice=desktop&desktop=anet&workstation=&extra=	f	Ms	Goran Proot, 'Het toneel van de Antwerpse Augustijnen (1671-1783)' in: De Gulden Passer. Jaargang 76-77 (1998-1999), p. 183-194, via: https://www.dbnl.org/tekst/_gul005199801_01/_gul005199801_01_0008.php								
1865	M142	1570-01-01	1570-12-31	Reprint	Full edition	f			f	f				f										
1866	M1420	1728-01-01	1728-12-31	Manuscript	Full edition	f			f	f			http://anet.ua.ac.be/desktop/anet/core/index.phtml?language=&euser=&session=&service=opacua&robot=&deskservice=desktop&desktop=anet&workstation=&extra=	f	Ms	Goran Proot, 'Het toneel van de Antwerpse Augustijnen (1671-1783)' in: De Gulden Passer. Jaargang 76-77 (1998-1999), p. 183-194, via: https://www.dbnl.org/tekst/_gul005199801_01/_gul005199801_01_0008.php								
1867	M1423	1728-01-01	1728-12-31	Synopsis	Synopsis	f	Comedy		f	f				f										
1868	M1427	1728-01-01	1728-12-31	Synopsis (manuscript)	Synopsis	f			f	f				f	Ms									
1869	M1433	1728-01-01	1728-12-31	Synopsis (printed)	Synopsis	f			f	f				f					https://opac.kbr.be/LIBRARY/doc/SYRACUSE/18400545					
1870	M1436	1729-01-01	1729-12-31	Synopsis (manuscript)	Synopsis	f			f	f				f	Ms									
1871	M144	1571-01-01	1571-12-31	Reprint	Full edition	f			f	f				f										
1872	M1442	1729-01-01	1729-12-31	Synopsis	Synopsis	f	Tragedy		f	f				f										
1873	M1443	1729-01-01	1729-12-31	Synopsis	Synopsis	f	Tragedy		f	f			http://anet.ua.ac.be/desktop/anet/core/index.phtml?language=&euser=&session=&service=opacua&robot=&deskservice=desktop&desktop=anet&workstation=&extra=	f										
1874	M1444	1729-01-01	1729-12-31	Synopsis	Synopsis	f	Comedy		f	f				f										
1875	M1445	1729-01-01	1729-12-31	Synopsis	Synopsis	f	Comedy		f	f				f										
1876	M1447	1729-01-01	1729-12-31	Synopsis	Synopsis	f	Tragedy		f	f				f										
1877	M1450	1729-01-01	1729-12-31	Synopsis	Synopsis	f			f	f				f										
1878	M1452	1729-01-01	1729-12-31	Synopsis	Synopsis	f	Comedy		f	f				f										
1879	M1454	1729-01-01	1729-12-31	Synopsis	Synopsis	f	Tragedy		f	f				f										
1880	M1455	1729-01-01	1729-12-31	Synopsis	Synopsis	f			f	f			http://anet.ua.ac.be/desktop/anet/core/index.phtml?language=&euser=&session=&service=opacua&robot=&deskservice=desktop&desktop=anet&workstation=&extra=	f										
1881	M146	1574-01-01	1574-12-31	First Printing	Full edition	f			f	f			http://books.google.nl/books?id=tuRDAAAAcAAJ&printsec=frontcover&dq=scaligeri+poemata+volume+1&hl=nl&sa=X&ei=vBmWU5i9IsK5O8ywgbAD&ved=0CE8Q6AEwBTgK#v=onepage&q&f=false	f										
1882	M1463	1729-01-01	1729-12-31	Synopsis	Synopsis	f			f	f			http://anet.ua.ac.be/desktop/anet/core/index.phtml?language=&euser=&session=&service=opacua&robot=&deskservice=desktop&desktop=anet&workstation=&extra=	f										
1883	M147	1574-01-01	1574-12-31	Reprint	Full edition	f	Comedy	Sacred comedy	f	f				f								https://opc-kb.oclc.org/DB=1/XMLPRS=Y/PPN?PPN=260102032		
1884	M1476	1729-01-01	1729-12-31	Synopsis (manuscript)	Synopsis	f			f	f			http://anet.ua.ac.be/desktop/anet/core/index.phtml?language=&euser=&session=&service=opacua&robot=&deskservice=desktop&desktop=anet&workstation=&extra=	f	Ms	Goran Proot, Spectacula Iesuitica Belgica Antiqua (SIBA). Pars I: Provincia Flandro-Belgica (Antwerpen, 2008), p. 1-836	Koppelen op M- of E-niveau aan Ceneton048040	https://anet.be/record/opacuantwerpen/c:lvd:14054370/N						
1885	M1481	1730-01-01	1730-12-31	Synopsis (manuscript)	Synopsis	f	Tragedy		f	f				f	Ms									
1886	M1490	1730-01-01	1730-12-31	Synopsis (manuscript)	Synopsis	f			f	f				f	Ms	Goran Proot, Spectacula Iesuitica Belgica Antiqua (SIBA). Pars I: Provincia Flandro-Belgica (Antwerpen, 2008), p. 1-836								
1887	M1492	1730-01-01	1730-12-31	Synopsis	Synopsis	f	Tragedy		f	f				f										
1888	M1494	1730-01-01	1730-12-31	Synopsis	Synopsis	f	Comedy		f	f				f										
1889	M150	1578-01-01	1578-01-01	First Printing	Full edition	f			t	t				f										
1890	M1507	1730-01-01	1730-12-31	Manuscript	Synopsis	f			f	f			http://anet.ua.ac.be/desktop/anet/core/index.phtml?language=&euser=&session=&service=opacua&robot=&deskservice=desktop&desktop=anet&workstation=&extra=	f	Ms			https://anet.be/record/opacuantwerpen/c:lvd:14031886/N						
1891	M151	1579-01-01	1579-01-01	Reprint	Full edition	f			t	t				f										
1892	M1511	1730-01-01	1730-12-31	Synopsis	Synopsis	f	Tragedy		f	f				f										
1893	M1513	1730-01-01	1730-12-31	Synopsis	Synopsis	f			f	f				f										
1894	M1514	1730-01-01	1730-12-31	Synopsis	Synopsis	f	Comedy		f	f				f										
1895	M1520	1730-01-01	1730-12-31	Synopsis (manuscript)	Synopsis	f			f	f				f	Ms									
1896	M1521	1730-01-01	1730-12-31	Synopsis	Synopsis	f	Tragedy		f	f				f										
1897	M1528	1730-01-01	1730-12-31	Synopsis	Synopsis	f	Comedy		f	f				f										
1900	M1541	1731-01-01	1731-12-31	Synopsis	Synopsis	f	Tragedy		f	f				f										
1901	M1546	1731-01-01	1731-12-31	Synopsis (printed)	Synopsis	f			f	f				f										
1902	M155	1585-01-01	1585-01-01	Reprint	Full edition	f			f	f				f										
1903	M1555	1731-01-01	1731-12-31	Synopsis	Synopsis	f	Comedy		f	f				f										
1904	M156	1587-01-01	1587-12-31	First Printing	Full edition	f			t	t				f										
1905	M1567	1731-01-01	1731-12-31	Synopsis	Synopsis	f			f	f				f										
1906	M1568	1731-01-01	1731-12-31	Synopsis	Synopsis	f	Tragedy		f	f				f										
1907	M157	1587-01-01	1587-12-31	First Printing	Full edition	f			t	t				f										
1908	M1578	1732-01-01	1732-12-31	Synopsis	Synopsis	f	Tragedy		f	f				f										
1909	M1579	1732-01-01	1732-12-31	Synopsis (manuscript)	Synopsis	f	Comedy		f	f				f	Ms									
1910	M1587	1732-01-01	1732-12-31	Synopsis	Synopsis	f			f	f				f										
1911	M1598	1732-01-01	1732-12-31	Synopsis (printed)	Synopsis	f			f	f				f		Goran Proot, Spectacula Iesuitica Belgica Antiqua (SIBA). Pars I: Provincia Flandro-Belgica (Antwerpen, 2008), p. 1-836								
1912	M1601	1732-01-01	1732-12-31	Synopsis	Synopsis	f	Comedy		f	f				f										
1913	M1606	1732-01-01	1732-12-31	Synopsis	Synopsis	f	Tragedy		f	f				f										
1914	M1607	1732-01-01	1732-12-31	Synopsis	Synopsis	f	Comedy		f	f				f										
1915	M1608	1732-01-01	1732-12-31	Synopsis	Synopsis	f			f	f				f										
1916	M161	1589-01-01	1589-12-31	First Printing	Full edition	f			t	t				f										
1917	M1611	1732-01-01	1732-12-31	Synopsis	Synopsis	f	Tragedy	Martyr tragedy	f	f				f										
1918	M1612	1732-01-01	1732-12-31	Synopsis	Synopsis	f			f	f				f										
1919	M162	1590-01-01	1590-12-31	First Printing	Full edition	f			f	f				f										
1920	M1620	1732-01-01	1732-12-31	Synopsis	Synopsis	f			f	f			http://books.google.be/books?id=ffxLAAAAcAAJ&printsec=frontcover&hl=nl&source=gbs_ge_summary_r&cad=0#v=onepage&q&f=false	f						https://lib.ugent.be/catalog/bkt01:000382281				
1921	M1630	1733-01-01	1733-12-31	Synopsis	Synopsis	f	Comical tragedy		f	f				f										
1922	M1638	1733-01-01	1733-12-31	Synopsis	Synopsis	f	Comedy		f	f				f										
1923	M164	1591-01-01	1591-12-31	Reprint	Full edition	f	Comedy		f	f				f										
1924	M1640	1733-01-01	1733-12-31	Synopsis	Synopsis	f	Tragedy		f	f				f										
1925	M1649	1733-01-01	1733-12-31	Synopsis	Synopsis	f			f	f				f		Goran Proot, Spectacula Iesuitica Belgica Antiqua (SIBA). Pars I: Provincia Flandro-Belgica (Antwerpen, 2008), p. 1-836								
1926	M165	1591-01-01	1591-12-31	Reprint	Full edition	f			f	f				f										
1927	M1650	1733-01-01	1733-12-31	Synopsis	Synopsis	f			f	f				f		Goran Proot, Spectacula Iesuitica Belgica Antiqua (SIBA). Pars I: Provincia Flandro-Belgica (Antwerpen, 2008), p. 1-836								
1928	M1652	1733-01-01	1733-12-31	Synopsis	Synopsis	f	Comedy		f	f				f										
1929	M1654	1733-01-01	1733-12-31	Synopsis	Synopsis	f			f	f				f										
1930	M166	1591-01-01	1591-12-31	Reprint	Full edition	f			f	f				f										
1931	M1665	1734-01-01	1734-12-31	Synopsis	Synopsis	f	Tragedy		f	f				f										
1932	M1666	1734-01-01	1734-12-31	Synopsis	Synopsis	f	Tragedy		f	f				f										
1933	M1668	1734-01-01	1734-12-31	Synopsis	Synopsis	f	Comedy		f	f				f										
1934	M1669	1734-01-01	1734-12-31	Synopsis	Synopsis	f	Comedy		f	f				f										
1935	M167	1591-01-01	1591-12-31	Reprint	Full edition	f			f	f				f										
1936	M1671	1735-01-01	1735-12-31	Synopsis	Synopsis	f	Tragedy		f	f				f										
1937	M1672	1735-01-01	1735-12-31	Synopsis	Synopsis	f	Comedy		f	f				f										
1938	M1679	1735-01-01	1735-12-31	Synopsis	Synopsis	f	Comedy		f	f				f										
1939	M1681	1735-01-01	1735-12-31	Synopsis	Synopsis	f			f	f				f										
1940	M1683	1735-01-01	1735-12-31	Synopsis	Synopsis	f	Tragedy		f	f				f										
1941	M1686	1736-01-01	1736-12-31	Synopsis	Synopsis	f			f	f				f										
1942	M1687	1736-01-01	1736-12-31	Synopsis	Synopsis	f			f	f				f										
1943	M1688	1736-01-01	1736-12-31	Synopsis	Synopsis	f	Comedy		f	f				f										
1944	M1689	1736-01-01	1736-12-31	Synopsis	Synopsis	f	Comedy		f	f				f										
1945	M1690	1736-01-01	1736-12-31	Synopsis (printed)	Synopsis	f	Tragedy		f	f				f		Goran Proot, 'Het toneel van de Antwerpse Augustijnen (1671-1783)' in: De Gulden Passer. Jaargang 76-77 (1998-1999), p. 183-194, via: https://www.dbnl.org/tekst/_gul005199801_01/_gul005199801_01_0008.php								
1946	M1691	1736-01-01	1736-12-31	Synopsis	Synopsis	f	Tragedy		f	f				f										
1947	M1696	1737-01-01	1737-12-31	Synopsis	Synopsis	f	Tragedy		f	f				f										
1948	M1699	1737-01-01	1737-12-31	Synopsis	Synopsis	f	Tragedy		f	f				f										
1949	M17	1534-01-01	1534-12-31	First Printing	Full edition	f			f	f				f										
1950	M1701	1737-01-01	1737-12-31	Synopsis	Synopsis	f	Comedy		f	f				f										
1951	M1702	1737-01-01	1737-12-31	Synopsis	Synopsis	f	Comedy		f	f				f										
1952	M1703	1738-01-01	1738-12-31	Synopsis	Synopsis	f	Tragedy		f	f				f										
1953	M1704	1738-01-01	1738-12-31	Synopsis	Synopsis	f	Tragedy		f	f				f										
1954	M1705	1738-01-01	1738-12-31	Synopsis	Synopsis	f	Comedy		f	f				f										
1955	M1707	1738-01-01	1738-12-31	Synopsis	Synopsis	f	Comedy		f	f				f										
1956	M1709	1739-01-01	1739-12-31	Synopsis	Synopsis	f	Tragedy		f	f				f										
1957	M1710	1739-01-01	1739-12-31	Synopsis	Synopsis	f	Comedy		f	f				f										
1958	M1711	1739-01-01	1739-12-31	Synopsis	Synopsis	f	Comedy		f	f				f										
1959	M1712	1739-01-01	1739-12-31	Synopsis	Synopsis	f	Tragedy		f	f				f		Goran Proot, 'Het toneel van de Antwerpse Augustijnen (1671-1783)' in: De Gulden Passer. Jaargang 76-77 (1998-1999), p. 183-194, via: https://www.dbnl.org/tekst/_gul005199801_01/_gul005199801_01_0008.php								
1960	M1716	1740-01-01	1740-12-31	Synopsis	Synopsis	f	Tragedy		f	f				f										
1961	M1717	1740-01-01	1740-12-31	Synopsis	Synopsis	f	Comedy		f	f				f										
1962	M1718	1740-01-01	1740-12-31	Synopsis	Synopsis	f	Comedy		f	f				f										
1963	M1720	1740-01-01	1740-12-31	Synopsis	Synopsis	f	Tragedy		f	f				f										
1964	M1725	1741-01-01	1741-12-31	Synopsis	Synopsis	f	Tragedy		f	f				f										
1965	M1726	1741-01-01	1741-12-31	Synopsis	Synopsis	f			f	f				f						https://lib.ugent.be/catalog/bkt01:000329430				
1966	M1729	1741-01-01	1741-12-31	Synopsis	Synopsis	f	Comedy		f	f				f										
1967	M1735	1742-01-01	1742-12-31	Synopsis	Synopsis	f			f	f				f										
1968	M1739	1742-01-01	1742-12-31	Synopsis	Synopsis	f	Tragedy		f	f				f										
1969	M1740	1742-01-01	1742-12-31	Manuscript	Full edition	f			f	f				f										
1970	M1744	1742-01-01	1742-12-31	Synopsis	Synopsis	f	Comedy		f	f				f										
1971	M175	1594-01-01	1594-12-31	Manuscript	Full edition	f			t	t				f										
1972	M1754	1743-01-01	1743-12-31	Synopsis	Synopsis	f	Tragedy		f	f				f										
1973	M1759	1743-01-01	1743-12-31	Manuscript	Full edition	f			f	f				f										
1974	M176	1594-01-01	1594-12-31	First Printing	Full edition	f			t	t				f										
1975	M1762	1743-01-01	1743-12-31	Synopsis	Synopsis	f	Comedy		f	f				f										
1976	M1764	1743-01-01	1743-12-31	Synopsis	Synopsis	f			f	f				f			Koppelen op M- of E-niveau aan Ceneton044140							
1977	M1767	1744-01-01	1744-12-31	Synopsis	Synopsis	f	Tragedy		f	f	https://www.let.leidenuniv.nl/Dutch/Ceneton/Facsimiles/SJAndronicusGent1744			f						https://lib.ugent.be/catalog/bkt01:000325949				
1978	M177	1594-01-01	1594-12-31	First Printing	Full edition	f			t	t				f										
1979	M1772	1744-01-01	1744-12-31	Synopsis	Synopsis	f	Tragedy		f	f				f										
1980	M1775	1744-01-01	1744-12-31	Manuscript	Full edition	f			f	f				f										
1981	M1777	1744-01-01	1744-12-31	Synopsis	Synopsis	f	Comedy		f	f				f										
1982	M1787	1745-01-01	1745-12-31	Manuscript	Full edition	f			f	f			http://anet.ua.ac.be/desktop/anet/core/index.phtml?language=&euser=&session=&service=opacua&robot=&deskservice=desktop&desktop=anet&workstation=&extra=	f	Ms	Goran Proot, Spectacula Iesuitica Belgica Antiqua (SIBA). Pars I: Provincia Flandro-Belgica (Antwerpen, 2008), p. 1-836	Koppelen op M- of E-niveau aan M1788							
1983	M1788	1745-01-01	1745-12-31	Synopsis (printed)	Synopsis	f			f	f			http://anet.ua.ac.be/desktop/anet/core/index.phtml?language=&euser=&session=&service=opacua&robot=&deskservice=desktop&desktop=anet&workstation=&extra=	f		Goran Proot, Spectacula Iesuitica Belgica Antiqua (SIBA). Pars I: Provincia Flandro-Belgica (Antwerpen, 2008), p. 1-836	Koppelen op M- of E-niveau aan M1787	https://anet.be/record/opacuantwerpen/c:lvd:14022399/N						
1984	M1790	1745-01-01	1745-12-31	Synopsis	Synopsis	f			f	f				f										
1985	M1791	1745-01-01	1745-12-31	Synopsis	Synopsis	f	Comedy		f	f				f										
1986	M1792	1745-01-01	1745-12-31	Synopsis	Synopsis	f	Tragedy		f	f				f										
1987	M1793	1745-01-01	1745-12-31	Synopsis	Synopsis	f	Comedy		f	f				f										
1988	M1794	1745-01-01	1745-12-31	Synopsis (printed)	Synopsis	f	Tragedy		f	f				f		Goran Proot, 'Het toneel van de Antwerpse Augustijnen (1671-1783)' in: De Gulden Passer. Jaargang 76-77 (1998-1999), p. 183-194, via: https://www.dbnl.org/tekst/_gul005199801_01/_gul005199801_01_0008.php								
1989	M1799	1746-01-01	1746-12-31	Synopsis	Synopsis	f	Tragedy		f	f				f										
1990	M1800	1746-01-01	1746-12-31	Synopsis	Synopsis	f	Comedy		f	f				f										
1991	M1802	1746-01-01	1746-12-31	Synopsis (printed)	Synopsis	f	Comical tragedy		f	f				f		Goran Proot, Spectacula Iesuitica Belgica Antiqua (SIBA). Pars I: Provincia Flandro-Belgica (Antwerpen, 2008), p. 1-836	Koppelen op M- of E-niveau aan M1806							
1992	M1803	1746-01-01	1746-12-31	Synopsis	Synopsis	f	Comedy		f	f				f										
1993	M1804	1746-01-01	1746-12-31	Synopsis (printed)	Synopsis	f	Tragedy		f	f				f		Goran Proot, 'Het toneel van de Antwerpse Augustijnen (1671-1783)' in: De Gulden Passer. Jaargang 76-77 (1998-1999), p. 183-194, via: https://www.dbnl.org/tekst/_gul005199801_01/_gul005199801_01_0008.php	Koppelen met M1805		https://opac.kbr.be/LIBRARY/doc/SYRACUSE/18386879					
1994	M1805	1746-01-01	1746-12-31	Synopsis (printed)	Synopsis	f			f	f			http://anet.ua.ac.be/desktop/anet/core/index.phtml?language=&euser=&session=&service=opacua&robot=&deskservice=desktop&desktop=anet&workstation=&extra=	f		Goran Proot, 'Het toneel van de Antwerpse Augustijnen (1671-1783)' in: De Gulden Passer. Jaargang 76-77 (1998-1999), p. 183-194, via: https://www.dbnl.org/tekst/_gul005199801_01/_gul005199801_01_0008.php	Koppelen met M1804	https://anet.be/record/opacanet/c:lvd:14051244/N						
1995	M1822	1748-01-01	1748-12-31	Synopsis	Synopsis	f			f	f				f			Koppelen op M- of E-niveau aan Ceneton069970							
1996	M1849	1750-01-01	1750-12-31	Synopsis (printed)	Synopsis	f			f	f				f										
1997	M1865	1752-01-01	1752-12-31	Synopsis	Synopsis	f			f	f	https://www.let.leidenuniv.nl/Dutch/Ceneton/Facsimiles/SJAndreasBelaMechelen1752			f										
1998	M1868	1752-01-01	1752-12-31	Synopsis	Synopsis	f			f	f	https://www.let.leidenuniv.nl/Dutch/Ceneton/Facsimiles/SJAndreasBelaMechelen1752			f										
1999	M188	1595-01-01	1595-12-31	Reprint	Full edition	f			f	f				f										
2000	M1888	1755-01-01	1755-12-31	Synopsis	Synopsis	f	Tragedy		f	f				f					https://opac.kbr.be/LIBRARY/doc/SYRACUSE/18020926					
2001	M189	1595-01-01	1595-12-31	Reprint	Full edition	f			f	f				f										
2002	M1890	1755-01-01	1755-12-31	Synopsis	Synopsis	f	Comedy		f	f				f										
2003	M1891	1755-01-01	1755-12-31	Synopsis	Synopsis	f	Comedy	Farce	f	f				f										
2004	M1892	1755-01-01	1755-12-31	Manuscript	Full edition	f			f	f				f										
2005	M1893	1755-01-01	1755-12-31	Manuscript	Full edition	f			f	f				f										
2006	M1895	1755-01-01	1755-12-31	Synopsis (printed)	Synopsis	f	Tragedy		f	f				f		Goran Proot, 'Het toneel van de Antwerpse Augustijnen (1671-1783)' in: De Gulden Passer. Jaargang 76-77 (1998-1999), p. 183-194, via: https://www.dbnl.org/tekst/_gul005199801_01/_gul005199801_01_0008.php								
2007	M1901	1755-01-01	1755-12-31	Manuscript	Full edition	f			f	f				f										
2008	M1903	1756-01-01	1756-12-31	Synopsis	Synopsis	f	Tragedy		f	f				f										
2009	M1906	1756-01-01	1756-12-31	Synopsis (printed)	Synopsis	f	Comedy		f	f				f		Goran Proot, 'Het toneel van de Antwerpse Augustijnen (1671-1783)' in: De Gulden Passer. Jaargang 76-77 (1998-1999), p. 183-194, via: https://www.dbnl.org/tekst/_gul005199801_01/_gul005199801_01_0008.php								
2010	M1907	1756-01-01	1756-12-31	Synopsis (printed)	Synopsis	f	Comedy		f	f				f		Goran Proot, 'Het toneel van de Antwerpse Augustijnen (1671-1783)' in: De Gulden Passer. Jaargang 76-77 (1998-1999), p. 183-194, via: https://www.dbnl.org/tekst/_gul005199801_01/_gul005199801_01_0008.php								
2011	M1910	1756-01-01	1756-12-31	Synopsis (printed)	Synopsis	f	Tragedy		f	f				f		Goran Proot, 'Het toneel van de Antwerpse Augustijnen (1671-1783)' in: De Gulden Passer. Jaargang 76-77 (1998-1999), p. 183-194, via: https://www.dbnl.org/tekst/_gul005199801_01/_gul005199801_01_0008.php								
2012	M1915	1757-01-01	1757-12-31	Synopsis (printed)	Synopsis	f	Comedy		f	f				f		Goran Proot, 'Het toneel van de Antwerpse Augustijnen (1671-1783)' in: De Gulden Passer. Jaargang 76-77 (1998-1999), p. 183-194, via: https://www.dbnl.org/tekst/_gul005199801_01/_gul005199801_01_0008.php								
2013	M1916	1757-01-01	1757-12-31	Synopsis (printed)	Synopsis	f	Comedy		f	f				f		Goran Proot, 'Het toneel van de Antwerpse Augustijnen (1671-1783)' in: De Gulden Passer. Jaargang 76-77 (1998-1999), p. 183-194, via: https://www.dbnl.org/tekst/_gul005199801_01/_gul005199801_01_0008.php								
2014	M1917	1757-01-01	1757-12-31	Manuscript	Full edition	f			f	f				f										
2015	M1918	1757-01-01	1757-12-31	Synopsis (printed)	Synopsis	f	Tragedy		f	f				f		Goran Proot, 'Het toneel van de Antwerpse Augustijnen (1671-1783)' in: De Gulden Passer. Jaargang 76-77 (1998-1999), p. 183-194, via: https://www.dbnl.org/tekst/_gul005199801_01/_gul005199801_01_0008.php			https://opac.kbr.be/LIBRARY/doc/SYRACUSE/18386012  					
2016	M1919	1757-01-01	1757-12-31	Synopsis	Synopsis	f	Tragedy		f	f				f										
2017	M1924	1758-01-01	1758-12-31	Mention	Fragment	f			f	f				f										
2018	M1936	1759-01-01	1759-12-31	Synopsis	Synopsis	f	Pastoral play		f	f				f										
2019	M194	1596-01-01	1596-12-31	First Printing	Full edition	f			t	t				f										
2020	M196	1598-01-01	1598-12-31	Reprint	Full edition	f			f	f				f										
2021	M197	1598-01-01	1598-12-31	Reprint	Full edition	f			f	f				f										
2022	M198	1598-01-01	1598-12-31	Reprint	Full edition	f	Comedy		f	f				f										
2023	M199	1598-01-01	1598-12-31	Reprint	Full edition	f			f	f				f										
2024	M200	1598-01-01	1598-12-31	Reprint	Full edition	f			f	f				f										
2025	M201	1598-01-01	1598-12-31	Reprint	Full edition	f			f	f				f										
4019	M2027	1767-01-01	1767-12-31	Synopsis	Synopsis	t			f	f				f										
2026	M2037	1768-01-01	1768-12-31	Reprint	Full edition	f			f	f				f	000004 - a1 A2 Joc - b1 A3 $ex b2 Z theo - c1 Aa ripi : c2 Lll dona$									
2027	M2043	1769-01-01	1769-12-31	Synopsis	Synopsis	f			f	f				f										
2028	M2068	1771-01-01	1771-12-31	Manuscript	Full edition	f			f	f				f	Ms									
2029	M2071	1771-01-01	1771-12-31	Synopsis	Synopsis	f	Comedy		f	f				f										
2030	M2072	1771-01-01	1771-12-31	Mention	Fragment	f	Comedy		f	f				f										
2031	M2082	1772-01-01	1772-12-31	Synopsis (printed)	Synopsis	f			f	f				f					https://opac.kbr.be/LIBRARY/doc/SYRACUSE/18402261					
4093	M2105	1774-01-01	1774-12-31	Synopsis	Synopsis	t			f	f				f										
2032	M2111	1775-01-01	1775-12-31	First Printing	Full edition	f			f	f				f										
2033	M2113	1775-01-01	1775-12-31	Reprint	Full edition	f			f	f				f										
2034	M2120	1776-01-01	1776-12-31	Mention	Fragment	f	Comedy	Farce	f	f				f										
2035	M2134	1545-01-01	1555-12-31	Manuscript	Full edition	f			t	t				f										
2036	M2135	1545-01-01	1555-12-31	Manuscript	Full edition	f			t	t				f										
2037	M2136	1545-01-01	1555-12-31	Manuscript	Full edition	f			t	t				f										
2038	M2137	1545-01-01	1555-12-31	Manuscript	Full edition	f			t	t				f										
2039	M2138	1545-01-01	1555-12-31	Manuscript	Full edition	f			t	t	https://www.let.leidenuniv.nl/Dutch/Ceneton/Facsimiles/Molanus69Salomon	https://www.let.leidenuniv.nl/Dutch/Ceneton/Molanus69Salomon.html		f										
2040	M2139	1545-01-01	1555-12-31	Manuscript	Full edition	f			t	t				f										
2041	M2140	1545-01-01	1555-12-31	Manuscript	Full edition	f			t	t				f										
2042	M2141	1557-01-01	1567-12-31	First Printing	Full edition	f			f	f				f										
2043	M2142	1560-01-01	1570-12-31	First Printing	Full edition	f	Comedy		f	f				f										
2044	M2143	1560-01-01	1570-12-31	First Printing	Full edition	f	Comedy		f	f				f										
2045	M2144	1589-01-01	1590-12-31	Manuscript	Full edition	f			f	f				f										
4124	M2145	1594-01-01	1604-12-31	Manuscript	Full edition	t			f	f				f	Ms									
2046	M2146	1595-01-01	1605-12-31	Manuscript	Full edition	f			f	f				f	Ms									
2047	M2147	1595-01-01	1605-12-31	Manuscript	Full edition	f			f	f				f	Ms									
2048	M2148	1595-01-01	1605-12-31	First Printing	Full edition	f			f	f				f										
2049	M2149	1595-01-01	1605-12-31	First Printing	Full edition	f			f	f				f										
2050	M2150	1595-01-01	1605-12-31	First Printing	Full edition	f			f	f				f										
2051	M2151	1595-01-01	1605-12-31	First Printing	Full edition	f			f	f				f										
2052	M2152	1595-01-01	1605-12-31	First Printing	Full edition	f			f	f				f										
2053	M2153	1595-01-01	1605-12-31	First Printing	Full edition	f			f	f				f										
2054	M2154	1595-01-01	1605-12-31	First Printing	Full edition	f			f	f				f										
2055	M2155	1595-01-01	1605-12-31	First Printing	Full edition	f			f	f				f										
2056	M2156	1595-01-01	1605-12-31	First Printing	Full edition	f			f	f				f										
2057	M2157	1595-01-01	1605-12-31	First Printing	Full edition	f			f	f				f										
2058	M2158	1595-01-01	1605-12-31	First Printing	Full edition	f			f	f				f										
2059	M2159	1595-01-01	1605-12-31	First Printing	Full edition	f			f	f				f										
2060	M2160	1595-01-01	1605-12-31	First Printing	Full edition	f			f	f				f										
2061	M2161	1595-01-01	1605-12-31	First Printing	Full edition	f			f	f				f										
2062	M2162	1595-01-01	1605-12-31	First Printing	Full edition	f			f	f				f										
2063	M2163	1595-01-01	1605-12-31	First Printing	Full edition	f			f	f				f										
2064	M2164	1595-01-01	1605-12-31	Manuscript	Full edition	f			f	f				f	Ms									
2065	M2165	1595-01-01	1605-12-31	First Printing	Full edition	f			f	f				f										
2066	M2166	1600-01-01	1601-12-31	Manuscript	Full edition	f			f	f				f	Ms									
2067	M2167	1600-01-01	1635-12-31	Manuscript	Full edition	f	Tragedy		t	t				f	Ms									
2068	M2168	1605-01-01	1615-12-31	Manuscript	Full edition	f			f	f				f	Ms									
2069	M2169	1607-01-01	1617-12-31	Mention	Fragment	f			t	t				f										
2070	M2170	1610-01-01	1620-12-31	Manuscript	Full edition	f			f	f				f										
2071	M2171	1610-01-01	1620-12-31	Manuscript	Full edition	f	Tragedy		f	f				f	Ms									
2072	M2172	1615-01-01	1625-12-31	Manuscript	Full edition	f			f	f				f	Ms									
2073	M2173	1616-01-01	1626-12-31	Manuscript	Full edition	f	Tragedy		f	f				f	Ms									
2074	M2174	1619-01-01	1629-12-31	Mention	Fragment	f			f	f				f										
2075	M2176	1629-01-01	1639-12-31	Manuscript	Full edition	f			f	f				f	Ms									
2076	M2177	1630-01-01	1640-12-31	First Printing	Full edition	f			f	f				f										
2077	M2178	1645-01-01	1655-12-31	Manuscript	Full edition	f			f	f				f										
2078	M2179	1645-01-01	1655-12-31	Manuscript	Full edition	f			f	f				f		Goran Proot, Spectacula Iesuitica Belgica Antiqua (SIBA). Pars I: Provincia Flandro-Belgica (Antwerpen, 2008), p. 1-836								
2079	M2180	1645-01-01	1655-12-31	Synopsis (printed)	Synopsis	f			f	f				f										
2080	M2181	1645-01-01	1655-12-31	Manuscript	Full edition	f			f	f				f		Goran Proot, Spectacula Iesuitica Belgica Antiqua (SIBA). Pars I: Provincia Flandro-Belgica (Antwerpen, 2008), p. 1-836								
2081	M2182	1645-01-01	1655-12-31	Synopsis (printed)	Synopsis	f			f	f				f					https://opac.kbr.be/LIBRARY/doc/SYRACUSE/18400374					
2082	M2183	1645-01-01	1655-12-31	Manuscript	Full edition	f			f	f				f										
2083	M2184	1645-01-01	1655-12-31	Manuscript	Full edition	f			f	f				f										
2084	M2186	1645-01-01	1655-12-31	Manuscript	Full edition	f			f	f				f										
2085	M2187	1645-01-01	1655-12-31	Manuscript	Full edition	f			f	f				f										
2086	M2188	1645-01-01	1655-12-31	Manuscript	Full edition	f			f	f				f										
2087	M2189	1645-01-01	1655-12-31	Manuscript	Full edition	f			f	f				f										
2088	M2190	1645-01-01	1655-12-31	Manuscript	Full edition	f			f	f				f										
2089	M2191	1645-01-01	1655-12-31	Manuscript	Full edition	f			f	f				f										
2090	M2192	1645-01-01	1655-12-31	Manuscript	Full edition	f			f	f				f										
2091	M2193	1645-01-01	1655-12-31	Manuscript	Full edition	f			f	f				f										
2092	M2194	1650-01-01	1690-12-31	Manuscript	Full edition	f			f	f				f	Ms									
2093	M2195	1650-01-01	1690-12-31	Manuscript	Full edition	f			f	f				f	Ms									
2094	M2196	1650-01-01	1690-12-31	Manuscript	Full edition	f			f	f				f	Ms									
2095	M2197	1650-01-01	1690-12-31	Manuscript	Full edition	f			f	f				f	Ms									
2096	M2198	1650-01-01	1690-12-31	Manuscript	Full edition	f			f	f				f	Ms									
2097	M2199	1650-01-01	1690-12-31	Manuscript	Full edition	f			f	f				f	Ms									
2098	M2200	1650-01-01	1690-12-31	Manuscript	Full edition	f			f	f				f	Ms									
2099	M2201	1650-01-01	1690-12-31	Manuscript	Full edition	f			f	f				f	Ms									
2100	M2202	1650-01-01	1690-12-31	Manuscript	Full edition	f			f	f				f	Ms									
2101	M2203	1650-01-01	1690-12-31	Manuscript	Full edition	f			f	f				f	Ms									
2102	M2204	1650-01-01	1690-12-31	Manuscript	Full edition	f			f	f				f	Ms									
2103	M2205	1650-01-01	1690-12-31	Manuscript	Full edition	f			f	f				f	Ms									
2104	M2206	1650-01-01	1690-12-31	Manuscript	Full edition	f			f	f				f	Ms									
2105	M2207	1650-01-01	1690-12-31	Manuscript	Full edition	f			f	f				f	Ms									
2106	M2208	1650-01-01	1690-12-31	Manuscript	Full edition	f			f	f				f	Ms									
2107	M2209	1650-01-01	1690-12-31	Manuscript	Full edition	f			f	f				f	Ms									
2108	M2210	1650-01-01	1690-12-31	Manuscript	Full edition	f			f	f				f	Ms									
2109	M2211	1650-01-01	1690-12-31	Manuscript	Full edition	f			f	f				f	Ms									
2110	M2212	1650-01-01	1690-12-31	Manuscript	Full edition	f			f	f				f	Ms									
2111	M2213	1650-01-01	1690-12-31	Manuscript	Full edition	f			f	f				f	Ms									
2112	M2214	1650-01-01	1690-12-31	Manuscript	Full edition	f			f	f				f	Ms									
2113	M2215	1650-01-01	1690-12-31	Manuscript	Full edition	f			f	f				f	Ms									
2114	M2216	1650-01-01	1690-12-31	Manuscript	Full edition	f			f	f				f	Ms									
2115	M2217	1650-01-01	1690-12-31	Manuscript	Full edition	f			f	f				f	Ms									
2116	M2218	1650-01-01	1690-12-31	Manuscript	Full edition	f			f	f				f	Ms									
2117	M2219	1650-01-01	1690-12-31	Manuscript	Full edition	f			f	f				f	Ms									
2118	M2220	1650-01-01	1690-12-31	Manuscript	Full edition	f			f	f				f	Ms									
2119	M2221	1650-01-01	1690-12-31	Manuscript	Full edition	f			f	f				f	Ms									
2120	M2222	1650-01-01	1690-12-31	Manuscript	Full edition	f			f	f				f	Ms									
2121	M2223	1650-01-01	1690-12-31	Manuscript	Full edition	f			f	f				f	Ms									
2122	M2224	1650-01-01	1690-12-31	Manuscript	Full edition	f			f	f				f	Ms									
2123	M2225	1650-01-01	1690-12-31	Manuscript	Full edition	f			f	f				f	Ms									
2124	M2226	1650-01-01	1690-12-31	Manuscript	Full edition	f			f	f				f	Ms									
2125	M2227	1650-01-01	1690-12-31	Manuscript	Full edition	f			f	f				f	Ms									
2126	M2228	1650-01-01	1690-12-31	Manuscript	Full edition	f			f	f				f	Ms									
2127	M2229	1650-01-01	1690-12-31	Manuscript	Full edition	f			f	f				f	Ms	Goran Proot, Spectacula Iesuitica Belgica Antiqua (SIBA). Pars I: Provincia Flandro-Belgica (Antwerpen, 2008), p. 1-836								
2128	M2230	1675-01-01	1685-12-31	Synopsis (manuscript)	Synopsis	f			f	f				f	Ms	Goran Proot, Spectacula Iesuitica Belgica Antiqua (SIBA). Pars I: Provincia Flandro-Belgica (Antwerpen, 2008), p. 1-836								
2129	M2231	1675-01-01	1685-12-31	Synopsis (manuscript)	Synopsis	f			f	f				f	Ms	Goran Proot, Spectacula Iesuitica Belgica Antiqua (SIBA). Pars I: Provincia Flandro-Belgica (Antwerpen, 2008), p. 1-836								
2130	M2232	1675-01-01	1685-12-31	Synopsis (manuscript)	Synopsis	f			f	f				f	Ms									
2131	M2233	1675-01-01	1685-12-31	Synopsis (manuscript)	Synopsis	f			f	f				f	Ms	Goran Proot, Spectacula Iesuitica Belgica Antiqua (SIBA). Pars I: Provincia Flandro-Belgica (Antwerpen, 2008), p. 1-836								
2132	M2234	1675-01-01	1685-12-31	Synopsis (manuscript)	Synopsis	f			f	f				f	Ms									
2133	M2235	1675-01-01	1700-12-31	Synopsis (manuscript)	Synopsis	f			f	f				f	Ms	Goran Proot, Spectacula Iesuitica Belgica Antiqua (SIBA). Pars I: Provincia Flandro-Belgica (Antwerpen, 2008), p. 1-836								
2134	M2236	1680-01-01	1690-12-31	Manuscript	Full edition	f	Comedy		f	f				f						https://lib.ugent.be/catalog/rug01:000792528				
2135	M2239	1694-01-01	1704-12-31	Manuscript	Full edition	f			f	f				f										
2136	M2241	1695-01-01	1705-12-31	Manuscript	Full edition	f	Tragicomedy		f	f				f	Ms	Goran Proot, Spectacula Iesuitica Belgica Antiqua (SIBA). Pars I: Provincia Flandro-Belgica (Antwerpen, 2008), p. 1-836								
2137	M2242	1695-01-01	1705-12-31	Synopsis (manuscript)	Synopsis	f			f	f				f	Ms									
2138	M2243	1700-01-01	1720-12-31	Synopsis (manuscript)	Synopsis	f			f	f			http://anet.ua.ac.be/desktop/anet/core/index.phtml?language=&euser=&session=&service=opacua&robot=&deskservice=desktop&desktop=anet&workstation=&extra=	f	Ms									
2139	M2244	1701-01-01	1726-12-31	Synopsis	Synopsis	f			f	f				f		Goran Proot, Spectacula Iesuitica Belgica Antiqua (SIBA). Pars I: Provincia Flandro-Belgica (Antwerpen, 2008), p. 1-836			https://opac.kbr.be/LIBRARY/doc/SYRACUSE/18022999					
2140	M2245	1718-01-01	1754-12-31	Synopsis (printed)	Synopsis	f			f	f				f					https://opac.kbr.be/LIBRARY/doc/SYRACUSE/18400942					
2141	M2246	1727-01-01	1737-12-31	Synopsis	Synopsis	f			f	f				f										
2142	M2248	1765-01-01	1775-12-31	Manuscript	Full edition	f			f	f				f	Ms									
4227	M2249	1794-01-01	1804-12-31	Manuscript	Full edition	t	Tragedy		f	f				f	Ms									
2143	M226	1603-01-01	1603-12-31	First Printing	Full edition	f			f	f				f										
2144	M227	1603-01-01	1603-12-31	First Printing	Full edition	f			f	f				f										
2145	M245	1611-01-01	1611-12-31	First Printing	Full edition	f			t	t				f										
2146	M246	1611-01-01	1611-12-31	Synopsis	Synopsis	f	Comical tragedy		f	f				f		Goran Proot, Spectacula Iesuitica Belgica Antiqua (SIBA). Pars I: Provincia Flandro-Belgica (Antwerpen, 2008), p. 1-836								
2147	M247	1611-01-01	1611-12-31	Reprint	Full edition	f			f	f				f										
2148	M261	1614-01-01	1614-12-31	First Printing	Full edition	f			f	f				f										
2149	M271	1615-01-01	1615-12-31	Synopsis	Synopsis	f	Tragicomedy		f	f				f					https://opac.kbr.be/LIBRARY/doc/SYRACUSE/13540933					
2150	M273	1612-01-01	1618-12-31	Reprint	Full edition	f			f	f				f										
2151	M277	1616-01-01	1616-12-31	Synopsis	Synopsis	f			f	f				f										
2152	M280	1617-01-01	1617-12-31	First Printing	Full edition	f			t	t			http://books.google.be/books?id=sLcTAAAAQAAJ&pg=PA146&dq=patrisfamilias+surius&hl=nl&sa=X&ei=2XFtUvOQDYmO0AX3zYG4Cg&ved=0CG0Q6AEwCA#v=onepage&q=patrisfamilias%20surius&f=false	f										
2153	M281	1617-01-01	1617-12-31	First Printing	Full edition	f			t	t			http://books.google.be/books?id=sLcTAAAAQAAJ&pg=PA146&dq=patrisfamilias+surius&hl=nl&sa=X&ei=2XFtUvOQDYmO0AX3zYG4Cg&ved=0CG0Q6AEwCA#v=onepage&q=patrisfamilias%20surius&f=false	f										
2154	M283	1617-01-01	1617-12-31	First Printing	Full edition	f			f	f			http://books.google.be/books?id=sLcTAAAAQAAJ&pg=PA146&dq=patrisfamilias+surius&hl=nl&sa=X&ei=2XFtUvOQDYmO0AX3zYG4Cg&ved=0CG0Q6AEwCA#v=onepage&q=patrisfamilias%20surius&f=false	f										
2155	M291	1618-01-01	1618-12-31	Synopsis	Synopsis	f			f	f			http://books.google.be/books?id=LcQ8AAAAcAAJ&printsec=frontcover&hl=nl&source=gbs_ge_summary_r&cad=0#v=onepage&q&f=false	f										
2156	M295	1620-01-01	1620-12-31	First Printing	Full edition	f	Comical tragedy		f	f			http://books.google.be/books?id=i15bAAAAQAAJ&printsec=frontcover&hl=nl&source=gbs_ge_summary_r&cad=0#v=onepage&q&f=false	f										
2157	M3	1513-01-01	1513-12-31	Reprint	Full edition	f			f	f				f										
2158	M302	1621-01-01	1621-12-31	First Printing	Full edition	f			t	t				f										
2159	M303	1621-01-01	1621-12-31	First Printing	Full edition	f			t	t				f										
2160	M304	1621-01-01	1621-12-31	First Printing	Full edition	f			t	t				f										
2161	M305	1621-01-01	1621-12-31	First Printing	Full edition	f			t	t				f										
2162	M307	1621-01-01	1621-12-31	First Printing	Full edition	f			t	t				f	162108 - a1 A2 et.$									
2163	M311	1621-01-01	1621-12-31	First Printing	Full edition	f			f	f				f										
2164	M313	1621-01-01	1621-12-31	First Printing	Full edition	f			f	f				f										
2165	M315	1622-01-01	1622-12-31	Synopsis	Synopsis	f			f	f				f					https://opac.kbr.be/LIBRARY/doc/SYRACUSE/13540933					
2166	M319	1623-01-01	1623-12-31	Synopsis	Synopsis	f			f	f				f										
2167	M332	1625-01-01	1625-12-31	Synopsis	Synopsis	f	Comedy		f	f				f		Goran Proot, Spectacula Iesuitica Belgica Antiqua (SIBA). Pars I: Provincia Flandro-Belgica (Antwerpen, 2008), p. 1-836								
2168	M339	1627-01-01	1627-12-31	Mention	Fragment	f			f	f				f										
2169	M342	1627-01-01	1627-12-31	Synopsis	Synopsis	f			f	f				f		Goran Proot, Spectacula Iesuitica Belgica Antiqua (SIBA). Pars I: Provincia Flandro-Belgica (Antwerpen, 2008), p. 1-836								
2170	M348	1628-01-01	1628-12-31	Reprint	Full edition	f	Comical tragedy		f	f			http://books.google.be/books?id=i15bAAAAQAAJ&printsec=frontcover&hl=nl&source=gbs_ge_summary_r&cad=0#v=onepage&q&f=false	f										
2171	M358	1628-01-01	1628-12-31	First Printing	Full edition	f	Comical tragedy		f	f			http://books.google.be/books?id=i15bAAAAQAAJ&printsec=frontcover&hl=nl&source=gbs_ge_summary_r&cad=0#v=onepage&q&f=false	f										
2172	M372	1630-01-01	1630-12-31	Synopsis (printed)	Synopsis	f	Tragedy		f	f				f		Goran Proot, Spectacula Iesuitica Belgica Antiqua (SIBA). Pars I: Provincia Flandro-Belgica (Antwerpen, 2008), p. 1-836	Auteurs worden door Proot genoemd.				https://catalogue.bnf.fr/ark:/12148/cb38684492q			
2173	M374	1630-01-01	1630-12-31	Synopsis	Synopsis	f			f	f				f					https://opac.kbr.be/LIBRARY/doc/SYRACUSE/13540933					
2174	M375	1630-01-01	1630-12-31	Synopsis	Synopsis	f			f	f				f										
2175	M376	1630-01-01	1630-12-31	Reprint	Full edition	f			f	f				f										
2176	M378	1630-01-01	1630-12-31	Synopsis	Synopsis	f	Tragedy		f	f				f					https://opac.kbr.be/LIBRARY/doc/SYRACUSE/13540933					
2177	M390	1631-01-01	1631-12-31	Synopsis	Synopsis	f	Tragedy		f	f				f		Goran Proot, Spectacula Iesuitica Belgica Antiqua (SIBA). Pars I: Provincia Flandro-Belgica (Antwerpen, 2008), p. 1-836								
2178	M393	1631-01-01	1631-12-31	Synopsis (printed)	Synopsis	f	Comical tragedy		f	f	https://www.let.leidenuniv.nl/Dutch/Ceneton/Facsimiles/SJNabuchodonosorMechelen1631	https://www.let.leidenuniv.nl/Dutch/Ceneton/SJNabuchodonosorMechelen1631.html		f										
2179	M395	1631-01-01	1631-12-31	Reprint	Full edition	f			f	f				f										
2180	M4	1515-01-01	1515-12-31	First Printing	Full edition	f			t	t				f										
2181	M403	1632-01-01	1632-12-31	Synopsis	Synopsis	f			f	f				f		Goran Proot, Spectacula Iesuitica Belgica Antiqua (SIBA). Pars I: Provincia Flandro-Belgica (Antwerpen, 2008), p. 1-836								
2182	M404	1632-01-01	1632-12-31	Synopsis (printed)	Synopsis	f			f	f				f	4	Goran Proot, Spectacula Iesuitica Belgica Antiqua (SIBA). Pars I: Provincia Flandro-Belgica (Antwerpen, 2008), p. 1-836								
2183	M406	1632-01-01	1632-12-31	Synopsis	Synopsis	f	Tragicomedy		f	f				f					https://opac.kbr.be/LIBRARY/doc/SYRACUSE/13540933					
2184	M407	1633-01-01	1633-12-31	Synopsis (printed)	Synopsis	f			f	f	https://www.let.leidenuniv.nl/Dutch/Ceneton/Facsimiles/SJAntoniusAntwerpen1633	https://www.let.leidenuniv.nl/Dutch/Ceneton/SJAntoniusAntwerpen1633.html		f	b1 A2 ante : A3 omi					https://lib.ugent.be/catalog/rug01:001237482				
2185	M410	1633-01-01	1633-12-31	Synopsis (printed)	Synopsis	f			f	f				f		Goran Proot, Spectacula Iesuitica Belgica Antiqua (SIBA). Pars I: Provincia Flandro-Belgica (Antwerpen, 2008), p. 1-836					https://catalogue.bnf.fr/ark:/12148/cb38684483r			
2186	M412	1633-01-01	1633-12-31	Synopsis	Synopsis	f			f	f				f										
2187	M414	1633-01-01	1633-12-31	Synopsis	Synopsis	f	Tragedy		f	f				f		Goran Proot, Spectacula Iesuitica Belgica Antiqua (SIBA). Pars I: Provincia Flandro-Belgica (Antwerpen, 2008), p. 1-836								
2188	M415	1633-01-01	1633-12-31	Synopsis	Synopsis	f	Tragedy		f	f				f		Goran Proot, Spectacula Iesuitica Belgica Antiqua (SIBA). Pars I: Provincia Flandro-Belgica (Antwerpen, 2008), p. 1-836								
2189	M427	1634-01-01	1634-12-31	Synopsis	Synopsis	f			f	f				f										
2190	M433	1635-01-01	1635-12-31	Synopsis	Synopsis	f			f	f	https://www.let.leidenuniv.nl/Dutch/Ceneton/Facsimiles/SJMechtildisBrussel1635			f	000000 - 									
2191	M434	1635-01-01	1635-12-31	Synopsis	Synopsis	f			f	f				f					https://opac.kbr.be/LIBRARY/doc/SYRACUSE/13540933					
2192	M435	1635-01-01	1635-12-31	Synopsis	Synopsis	f			f	f				f		Goran Proot, Spectacula Iesuitica Belgica Antiqua (SIBA). Pars I: Provincia Flandro-Belgica (Antwerpen, 2008), p. 1-836								
2193	M436	1635-01-01	1635-12-31	Synopsis	Synopsis	f			f	f				f					https://opac.kbr.be/LIBRARY/doc/SYRACUSE/13540933					
2194	M437	1635-01-01	1635-12-31	Synopsis	Synopsis	f			f	f				f										
2195	M438	1635-01-01	1635-12-31	Synopsis	Synopsis	f			f	f				f							https://catalogue.bnf.fr/ark:/12148/cb38684407n			
2196	M441	1635-01-01	1635-12-31	Synopsis	Synopsis	f	Tragedy		f	f				f					https://opac.kbr.be/LIBRARY/doc/SYRACUSE/13540933					
2197	M448	1636-01-01	1636-12-31	Synopsis	Synopsis	f			f	f				f		Goran Proot, Spectacula Iesuitica Belgica Antiqua (SIBA). Pars I: Provincia Flandro-Belgica (Antwerpen, 2008), p. 1-836			https://opac.kbr.be/LIBRARY/doc/SYRACUSE/13540933					
2198	M451	1636-01-01	1636-12-31	Synopsis	Synopsis	f			f	f				f		Goran Proot, Spectacula Iesuitica Belgica Antiqua (SIBA). Pars I: Provincia Flandro-Belgica (Antwerpen, 2008), p. 1-836								
2199	M452	1636-01-01	1636-12-31	Synopsis	Synopsis	f	Tragedy		f	f				f										
2200	M454	1637-01-01	1637-12-31	Synopsis	Synopsis	f			f	f				f		Goran Proot, Spectacula Iesuitica Belgica Antiqua (SIBA). Pars I: Provincia Flandro-Belgica (Antwerpen, 2008), p. 1-836								
2201	M458	1637-01-01	1637-12-31	Synopsis	Synopsis	f			f	f				f		Goran Proot, Spectacula Iesuitica Belgica Antiqua (SIBA). Pars I: Provincia Flandro-Belgica (Antwerpen, 2008), p. 1-836								
2202	M459	1637-01-01	1637-12-31	Synopsis	Synopsis	f			f	f				f										
2203	M46	1539-01-01	1539-12-31	Reprint	Full edition	f			f	f				f										
2204	M460	1637-01-01	1637-12-31	Synopsis (printed)	Synopsis	f			f	f				f										
2205	M461	1637-01-01	1637-12-31	Synopsis	Synopsis	f			f	f				f					https://opac.kbr.be/LIBRARY/doc/SYRACUSE/13540933					
2206	M462	1637-01-01	1637-12-31	Synopsis	Synopsis	f			f	f				f										
2207	M463	1637-01-01	1637-12-31	Synopsis	Synopsis	f			f	f				f		Goran Proot, Spectacula Iesuitica Belgica Antiqua (SIBA). Pars I: Provincia Flandro-Belgica (Antwerpen, 2008), p. 1-836								
2208	M464	1638-01-01	1638-12-31	Synopsis (printed)	Synopsis	f			f	f	https://www.let.leidenuniv.nl/Dutch/Ceneton/Facsimiles/SJAugstinusBrussel1638			f	000004 - 									
2209	M468	1638-01-01	1638-12-31	Synopsis	Synopsis	f	Tragicomedy		f	f				f		Goran Proot, Spectacula Iesuitica Belgica Antiqua (SIBA). Pars I: Provincia Flandro-Belgica (Antwerpen, 2008), p. 1-836								
2210	M474	1638-01-01	1638-12-31	Synopsis	Synopsis	f	Tragedy		f	f				f					https://opac.kbr.be/LIBRARY/doc/SYRACUSE/13540933					
2211	M475	1638-01-01	1638-12-31	Synopsis	Synopsis	f	Tragicomedy		f	f				f					https://opac.kbr.be/LIBRARY/doc/SYRACUSE/13540933					
2212	M476	1638-01-01	1638-12-31	Synopsis	Synopsis	f			f	f				f					https://opac.kbr.be/LIBRARY/doc/SYRACUSE/13540933					
2213	M477	1638-01-01	1638-12-31	Synopsis	Synopsis	f	Tragedy		f	f				f							https://catalogue.bnf.fr/ark:/12148/cb38684437k			
2214	M478	1639-01-01	1639-12-31	Synopsis	Synopsis	f			t	t				f										
2215	M489	1639-01-01	1639-12-31	Synopsis	Synopsis	f	Tragedy	Martyr tragedy	f	f				f					https://opac.kbr.be/LIBRARY/doc/SYRACUSE/13540933					
2216	M493	1639-01-01	1639-12-31	Synopsis	Synopsis	f			f	f				f										
2217	M494	1639-01-01	1639-12-31	Synopsis	Synopsis	f			f	f				f										
2218	M504	1639-01-01	1639-12-31	Synopsis	Synopsis	f			f	f				f					https://opac.kbr.be/LIBRARY/doc/SYRACUSE/13540933					
2219	M517	1639-01-01	1639-12-31	Synopsis	Synopsis	f			f	f				f							https://catalogue.bnf.fr/ark:/12148/cb386844398			
2220	M520	1640-01-01	1640-12-31	Synopsis	Synopsis	f			f	f				f		Goran Proot, Spectacula Iesuitica Belgica Antiqua (SIBA). Pars I: Provincia Flandro-Belgica (Antwerpen, 2008), p. 1-836								
2221	M525	1640-01-01	1640-12-31	Synopsis	Synopsis	f			f	f				f		Alfred Harbage, Annals of English drama 975-1700 (Padstow, 1989)								
2222	M527	1640-01-01	1640-12-31	Synopsis	Synopsis	f			f	f				f										
2223	M528	1640-01-01	1640-12-31	Synopsis	Synopsis	f			f	f				f										
2224	M531	1640-01-01	1640-12-31	Synopsis	Synopsis	f	Tragedy		f	f				f		Alfred Harbage, Annals of English drama 975-1700 (Padstow, 1989)								
2225	M535	1640-01-01	1640-12-31	Synopsis	Synopsis	f	Tragedy		f	f				f										
2226	M536	1641-01-01	1641-12-31	Reprint	Full edition	f	Comical tragedy		f	f			https://books.google.be/books?id=i15bAAAAQAAJ&printsec=frontcover&hl=nl&source=gbs_ge_summary_r&cad=0#v=onepage&q&f=false	f										
2227	M537	1641-01-01	1641-12-31	Synopsis	Synopsis	f			f	f				f		Goran Proot, Spectacula Iesuitica Belgica Antiqua (SIBA). Pars I: Provincia Flandro-Belgica (Antwerpen, 2008), p. 1-836								
2228	M540	1641-01-01	1641-12-31	Reprint	Full edition	f	Comedy		f	f			http://books.google.be/books?id=AnUTAAAAQAAJ&printsec=frontcover&hl=nl&source=gbs_ge_summary_r&cad=0#v=onepage&q&f=false	f										
2229	M541	1641-01-01	1641-12-31	Reprint	Full edition	f	Comical tragedy		f	f			http://books.google.be/books?id=i15bAAAAQAAJ&printsec=frontcover&hl=nl&source=gbs_ge_summary_r&cad=0#v=onepage&q&f=false	f										
2230	M542	1641-01-01	1641-12-31	Synopsis	Synopsis	f			f	f				f										
2231	M543	1642-01-01	1642-12-31	Synopsis	Synopsis	f			f	f				f							https://catalogue.bnf.fr/ark:/12148/cb386844069			
2232	M545	1642-01-01	1642-12-31	Synopsis	Synopsis	f			f	f				f					https://opac.kbr.be/LIBRARY/doc/SYRACUSE/18012633 					
2233	M546	1642-01-01	1642-12-31	Synopsis (printed)	Synopsis	f			f	f				f							https://catalogue.bnf.fr/ark:/12148/cb38684449k			
2234	M549	1643-01-01	1643-12-31	Synopsis	Synopsis	f			f	f				f		Goran Proot, Spectacula Iesuitica Belgica Antiqua (SIBA). Pars I: Provincia Flandro-Belgica (Antwerpen, 2008), p. 1-836								
2235	M550	1645-01-01	1645-12-31	Synopsis (printed)	Synopsis	f	Tragedy		f	f				f	4	Goran Proot, Spectacula Iesuitica Belgica Antiqua (SIBA). Pars I: Provincia Flandro-Belgica (Antwerpen, 2008), p. 1-836								
2236	M552	1645-01-01	1645-12-31	Synopsis (printed)	Synopsis	f	Comedy		f	f				f	4	Goran Proot, Spectacula Iesuitica Belgica Antiqua (SIBA). Pars I: Provincia Flandro-Belgica (Antwerpen, 2008), p. 1-836								
2237	M556	1645-01-01	1645-12-31	Synopsis	Synopsis	f	Comedy		f	f				f										
2238	M6	1519-01-01	1519-12-31	Reprint	Full edition	f			t	t			https://books.google.nl/books?id=Zxc_AAAAcAAJ&pg=PP145&dq=grisellis&hl=nl&sa=X&ved=0ahUKEwiJ4sP1oYHhAhVCElAKHYz1AKQQ6AEIKzAA#v=onepage&q=grisellis&f=false	f										
2239	M602	1649-01-01	1649-12-31	Synopsis	Synopsis	f			f	f				f		Goran Proot, Spectacula Iesuitica Belgica Antiqua (SIBA). Pars I: Provincia Flandro-Belgica (Antwerpen, 2008), p. 1-836								
2240	M604	1649-01-01	1649-12-31	Synopsis	Synopsis	f			f	f				f		Goran Proot, Spectacula Iesuitica Belgica Antiqua (SIBA). Pars I: Provincia Flandro-Belgica (Antwerpen, 2008), p. 1-836	Koppelen op M- of E-niveau met Latijnse versie				https://catalogue.bnf.fr/ark:/12148/cb38684401k			
2241	M605	1649-01-01	1649-12-31	First Printing	Full edition	f	Tragedy		f	f				f										
2242	M61	1540-01-01	1540-12-31	Reprint	Full edition	f			f	f				f	154008 - a1 A2 ysium : a2 A3 $quide - b1 A4 ik.$scil : b2 E5 ara$									
2243	M610	1651-01-01	1651-12-31	Synopsis (printed)	Synopsis	f			f	f				f	000004 - b1 K2 ulo$a									
2244	M612	1651-01-01	1651-12-31	Synopsis	Synopsis	f			f	f				f										
2245	M628	1653-01-01	1653-12-31	Synopsis	Synopsis	f			f	f				f										
2246	M631	1654-01-01	1654-12-31	Synopsis (printed)	Synopsis	f			f	f				f	000004 ; b1 A2 llec	Goran Proot, Spectacula Iesuitica Belgica Antiqua (SIBA). Pars I: Provincia Flandro-Belgica (Antwerpen, 2008), p. 1-836								
2247	M633	1655-01-01	1655-12-31	Synopsis	Synopsis	f			f	f				f		Goran Proot, Spectacula Iesuitica Belgica Antiqua (SIBA). Pars I: Provincia Flandro-Belgica (Antwerpen, 2008), p. 1-836								
2248	M634	1655-01-01	1655-12-31	Synopsis	Synopsis	f			f	f				f		Goran Proot, Spectacula Iesuitica Belgica Antiqua (SIBA). Pars I: Provincia Flandro-Belgica (Antwerpen, 2008), p. 1-836								
2249	M635	1655-01-01	1655-12-31	Synopsis	Synopsis	f	Tragicomedy		f	f				f					https://opac.kbr.be/LIBRARY/doc/SYRACUSE/18012883 					
2250	M650	1656-01-01	1656-12-31	First Printing	Full edition	f			f	f				f										
2251	M659	1657-01-01	1657-12-31	Synopsis (printed)	Synopsis	f			f	f				f	4									
2252	M664	1657-01-01	1657-12-31	Synopsis (printed)	Synopsis	f			f	f				f	000004 - b1 A2 atu : b2 A3 onit									
2253	M668	1658-01-01	1658-12-31	Synopsis (printed)	Synopsis	f			f	f				f	000004 - b1 A2 ia.$	Goran Proot, Spectacula Iesuitica Belgica Antiqua (SIBA). Pars I: Provincia Flandro-Belgica (Antwerpen, 2008), p. 1-836								
2254	M672	1659-01-01	1659-12-31	Synopsis	Synopsis	f			t	t				f							https://catalogue.bnf.fr/ark:/12148/cb386844723			
2255	M2252	1662-01-01	1662-12-31	Synopsis	Synopsis	f			f	f				f		Goran Proot, Spectacula Iesuitica Belgica Antiqua (SIBA). Pars I: Provincia Flandro-Belgica (Antwerpen, 2008), p. 1-836								
2256	M674	1659-01-01	1659-12-31	Synopsis (printed)	Synopsis	f			f	f				f		Goran Proot, Spectacula Iesuitica Belgica Antiqua (SIBA). Pars I: Provincia Flandro-Belgica (Antwerpen, 2008), p. 1-836								
2257	M677	1660-01-01	1660-12-31	Synopsis	Synopsis	f	Tragedy		f	f				f							https://catalogue.bnf.fr/ark:/12148/cb38684473f			
2258	M679	1660-01-01	1660-12-31	Synopsis (printed)	Synopsis	f			f	f				f		Goran Proot, Spectacula Iesuitica Belgica Antiqua (SIBA). Pars I: Provincia Flandro-Belgica (Antwerpen, 2008), p. 1-836								
2259	M680	1660-01-01	1660-12-31	Synopsis (printed)	Synopsis	f			f	f				f	000004 - b1 A2 dit$a									
2260	M682	1660-01-01	1660-12-31	Synopsis	Synopsis	f			f	f				f										
2261	M690	1661-01-01	1661-12-31	Synopsis (printed)	Synopsis	f			f	f				f										
2262	M691	1658-01-01	1664-12-31	Synopsis (printed)	Synopsis	f			f	f				f										
2263	M694	1661-01-01	1661-12-31	Manuscript	Full edition	f			f	f				f	Ms									
2264	M702	1662-01-01	1662-12-31	Synopsis	Synopsis	f			f	f				f										
2265	M704	1662-01-01	1662-12-31	Synopsis (printed)	Synopsis	f			f	f				f	4	Goran Proot, Spectacula Iesuitica Belgica Antiqua (SIBA). Pars I: Provincia Flandro-Belgica (Antwerpen, 2008), p. 1-836								
2266	M707	1662-01-01	1662-12-31	Synopsis (printed)	Synopsis	f			f	f				f										
2267	M71	1541-01-01	1541-12-31	Reprint	Full edition	f			f	f			http://books.google.be/books?id=P3YTAAAAQAAJ&printsec=frontcover&hl=nl&source=gbs_ge_summary_r&cad=0#v=onepage&q&f=false	f										
2268	M724	1663-01-01	1663-12-31	Synopsis (printed)	Synopsis	f			f	f				f										
2269	M739	1664-01-01	1664-12-31	Synopsis (printed)	Synopsis	f			f	f				f										
2270	M741	1665-01-01	1665-12-31	Synopsis (printed)	Synopsis	f			f	f				f	2									
2271	M753	1666-01-01	1666-12-31	Synopsis (printed)	Synopsis	f			f	f				f		Goran Proot, Spectacula Iesuitica Belgica Antiqua (SIBA). Pars I: Provincia Flandro-Belgica (Antwerpen, 2008), p. 1-836								
2272	M759	1666-01-01	1666-12-31	Synopsis	Synopsis	f			f	f				f										
2273	M761	1666-01-01	1666-12-31	Synopsis	Synopsis	f			f	f				f			Koppelen op E-, M- of W-niveau met Ceneton049970							
2274	M762	1666-01-01	1666-12-31	Manuscript	Full edition	f			f	f				f	Ms	Goran Proot, Spectacula Iesuitica Belgica Antiqua (SIBA). Pars I: Provincia Flandro-Belgica (Antwerpen, 2008), p. 1-836	Koppelen op E-, M- of W-niveau met programmaboekje Ceneton049960							
2275	M763	1667-01-01	1667-12-31	Synopsis (manuscript)	Synopsis	f			f	f				f	Ms									
2276	M770	1668-01-01	1668-12-31	Synopsis (manuscript)	Synopsis	f			f	f				f		Goran Proot, Spectacula Iesuitica Belgica Antiqua (SIBA). Pars I: Provincia Flandro-Belgica (Antwerpen, 2008), p. 1-836								
2277	M771	1668-01-01	1668-12-31	Manuscript	Full edition	f			f	f				f	Ms									
2278	M776	1667-01-01	1673-12-31	Synopsis	Synopsis	f			f	f				f										
2279	M777	1670-01-01	1670-12-31	Synopsis	Synopsis	f			f	f				f										
2280	M787	1672-01-01	1672-12-31	Synopsis (manuscript)	Synopsis	f			f	f				f	Ms	Goran Proot, Spectacula Iesuitica Belgica Antiqua (SIBA). Pars I: Provincia Flandro-Belgica (Antwerpen, 2008), p. 1-836								
2281	M8	1522-01-01	1522-12-31	First Printing	Full edition	f			t	t				f										
2282	M803	1674-01-01	1674-12-31	Reprint	Full edition	f			f	f				f										
2283	M804	1675-01-01	1675-12-31	Synopsis (manuscript)	Synopsis	f	Comedy		f	f				f	Ms	Goran Proot, Spectacula Iesuitica Belgica Antiqua (SIBA). Pars I: Provincia Flandro-Belgica (Antwerpen, 2008), p. 1-836								
2284	M806	1677-01-01	1677-12-31	Manuscript	Full edition	f			f	f				f										
2285	M807	1678-01-01	1678-12-31	Synopsis	Synopsis	f			f	f				f										
2286	M808	1678-01-01	1678-12-31	Reprint	Full edition	f			f	f			http://anet.ua.ac.be/desktop/anet/core/index.phtml?language=&euser=&session=&service=opacua&robot=&deskservice=desktop&desktop=anet&workstation=&extra=	f										
2287	M811	1678-01-01	1678-12-31	Manuscript	Full edition	f			f	f				f		Goran Proot, Spectacula Iesuitica Belgica Antiqua (SIBA). Pars I: Provincia Flandro-Belgica (Antwerpen, 2008), p. 1-836								
2288	M813	1679-01-01	1679-12-31	Mention	Fragment	f			f	f				f	Ms									
2289	M827	1680-01-01	1680-12-31	Synopsis (manuscript)	Synopsis	f			f	f				f	Ms									
2290	M829	1680-01-01	1680-12-31	Synopsis (printed)	Synopsis	f			f	f				f										
2291	M834	1680-01-01	1680-12-31	Synopsis (manuscript)	Synopsis	f			f	f				f	Ms									
2292	M835	1681-01-01	1681-12-31	Synopsis (manuscript)	Synopsis	f			f	f				f	Ms									
2293	M836	1681-01-01	1681-12-31	Synopsis (manuscript)	Synopsis	f			f	f				f	Ms									
2294	M837	1682-01-01	1682-12-31	Synopsis (manuscript)	Synopsis	f			f	f				f	Ms									
2295	M845	1682-01-01	1682-12-31	Synopsis (manuscript)	Synopsis	f			f	f				f	Ms									
2296	M846	1682-01-01	1682-12-31	Synopsis (manuscript)	Synopsis	f			f	f				f	Ms									
2297	M848	1682-01-01	1682-12-31	Synopsis (printed)	Synopsis	f			f	f				f										
2298	M849	1682-01-01	1682-12-31	Synopsis	Synopsis	f	Tragedy		f	f				f					https://opac.kbr.be/LIBRARY/doc/SYRACUSE/15033539					
2299	M850	1682-01-01	1682-12-31	Synopsis (manuscript)	Synopsis	f			f	f				f	Ms									
2300	M851	1683-01-01	1683-12-31	Synopsis (manuscript)	Synopsis	f			t	t			https://books.google.be/books?id=bPxLAAAAcAAJ&printsec=frontcover&dq=Ganda+ethnica,+catholica,+Hispanica&hl=nl&sa=X&ved=0ahUKEwjLgOvj65fTAhVrIcAKHRfTBicQ6AEIHjAA#v=onepage&q=Ganda%20ethnica%2C%20catholica%2C%20Hispanica&f=false	f										
2301	M852	1683-01-01	1683-12-31	Synopsis (manuscript)	Synopsis	f			f	f				f	Ms									
2302	M854	1683-01-01	1683-12-31	Synopsis (manuscript)	Synopsis	f			f	f				f	Ms									
2303	M855	1683-01-01	1683-12-31	Synopsis (manuscript)	Synopsis	f			f	f				f	Ms									
2304	M858	1685-01-01	1685-12-31	Synopsis (manuscript)	Synopsis	f			f	f				f	Ms									
2305	M859	1685-01-01	1685-12-31	Synopsis (manuscript)	Synopsis	f			f	f				f	Ms									
2306	M863	1686-01-01	1686-12-31	Synopsis (manuscript)	Synopsis	f			f	f				f	Ms	Goran Proot, Spectacula Iesuitica Belgica Antiqua (SIBA). Pars I: Provincia Flandro-Belgica (Antwerpen, 2008), p. 1-836								
2307	M868	1687-01-01	1687-12-31	Synopsis (printed)	Synopsis	f	Tragicomedy		f	f				f					https://opac.kbr.be/LIBRARY/doc/SYRACUSE/18399595					
2308	M869	1688-01-01	1688-12-31	Manuscript	Full edition	f	Comedy		f	f				f										
2309	M871	1688-01-01	1688-12-31	Manuscript	Full edition	f			f	f				f	Ms	Goran Proot, Spectacula Iesuitica Belgica Antiqua (SIBA). Pars I: Provincia Flandro-Belgica (Antwerpen, 2008), p. 1-836								
2310	M872	1688-01-01	1688-12-31	Synopsis (manuscript)	Synopsis	f			f	f				f										
2311	M873	1688-01-01	1688-12-31	Synopsis	Synopsis	f			f	f				f						https://lib.ugent.be/catalog/rug01:001237484				
2312	M874	1688-01-01	1688-12-31	Synopsis (printed)	Synopsis	f			f	f				f					https://opac.kbr.be/LIBRARY/doc/SYRACUSE/18399982					
2313	M880	1691-01-01	1691-12-31	Synopsis	Synopsis	f	Comedy		f	f				f										
2314	M885	1692-01-01	1692-12-31	Synopsis	Synopsis	f	Tragedy		f	f				f										
2315	M886	1692-01-01	1692-12-31	Synopsis (manuscript)	Synopsis	f	Tragedy		f	f				f	Ms									
2316	M890	1693-01-01	1693-12-31	Synopsis (manuscript)	Synopsis	f			f	f				f	Ms									
2317	M891	1693-01-01	1693-12-31	Synopsis (manuscript)	Synopsis	f	Tragedy		f	f				f	Ms									
2318	M892	1693-01-01	1693-12-31	Synopsis (manuscript)	Synopsis	f	Comedy		f	f				f	Ms									
2319	M894	1693-01-01	1693-12-31	Synopsis	Synopsis	f	Tragedy		f	f				f										
2320	M895	1693-01-01	1693-12-31	Synopsis (manuscript)	Synopsis	f			f	f				f	Ms									
2321	M896	1693-01-01	1693-12-31	Synopsis (manuscript)	Synopsis	f			f	f				f	Ms									
2322	M898	1694-01-01	1694-12-31	Synopsis (manuscript)	Synopsis	f	Tragedy		f	f				f	Ms	Goran Proot, Spectacula Iesuitica Belgica Antiqua (SIBA). Pars I: Provincia Flandro-Belgica (Antwerpen, 2008), p. 1-836								
2323	M899	1694-01-01	1694-12-31	Synopsis	Synopsis	f			f	f	https://www.let.leidenuniv.nl/Dutch/Ceneton/Facsimiles/SJJosephRoermond1694		http://anet.ua.ac.be/desktop/anet/core/index.phtml?language=&euser=&session=&service=opacua&robot=&deskservice=desktop&desktop=anet&workstation=&extra=	f										
2324	M901	1694-01-01	1694-12-31	Synopsis (manuscript)	Synopsis	f	Tragedy		f	f				f	Ms	Goran Proot, Spectacula Iesuitica Belgica Antiqua (SIBA). Pars I: Provincia Flandro-Belgica (Antwerpen, 2008), p. 1-836								
2325	M904	1695-01-01	1695-12-31	Synopsis	Synopsis	f	Tragedy		f	f			http://books.google.be/books?id=l1FbAAAAQAAJ&printsec=frontcover&hl=nl&source=gbs_ge_summary_r&cad=0#v=onepage&q&f=false	f										
2326	M908	1696-01-01	1696-12-31	Synopsis (manuscript)	Synopsis	f	Tragedy		f	f				f	Ms									
2327	M910	1696-01-01	1696-12-31	Synopsis	Synopsis	f			f	f				f										
2328	M911	1696-01-01	1696-12-31	Synopsis	Synopsis	f			f	f				f										
2329	M914	1697-01-01	1697-12-31	Synopsis (manuscript)	Synopsis	f			f	f				f	Ms									
2330	M919	1697-01-01	1697-12-31	Synopsis (manuscript)	Synopsis	f			f	f				f	Ms									
2331	M924	1698-01-01	1698-12-31	Synopsis (manuscript)	Synopsis	f			f	f				f	Ms									
2332	M929	1698-01-01	1698-12-31	Synopsis (manuscript)	Synopsis	f			f	f				f	Ms									
2333	M932	1699-01-01	1699-12-31	Synopsis (manuscript)	Synopsis	f			f	f				f	Ms									
2334	M933	1699-01-01	1699-12-31	Synopsis	Synopsis	f			f	f				f										
2335	M935	1699-01-01	1699-12-31	Synopsis (manuscript)	Synopsis	f			f	f				f		Goran Proot, Spectacula Iesuitica Belgica Antiqua (SIBA). Pars I: Provincia Flandro-Belgica (Antwerpen, 2008), p. 1-836								
2336	M936	1699-01-01	1699-12-31	Synopsis (manuscript)	Synopsis	f			f	f				f		Goran Proot, Spectacula Iesuitica Belgica Antiqua (SIBA). Pars I: Provincia Flandro-Belgica (Antwerpen, 2008), p. 1-836								
2337	M939	1699-01-01	1699-12-31	Synopsis (manuscript)	Synopsis	f			f	f				f	Ms									
2338	M940	1699-01-01	1699-12-31	Synopsis (manuscript)	Synopsis	f			f	f				f	Ms									
2339	M941	1699-01-01	1699-12-31	Synopsis (manuscript)	Synopsis	f			f	f				f	Ms									
2340	M942	1699-01-01	1699-12-31	Synopsis (manuscript)	Synopsis	f			f	f				f	Ms	Goran Proot, Spectacula Iesuitica Belgica Antiqua (SIBA). Pars I: Provincia Flandro-Belgica (Antwerpen, 2008), p. 1-836	Koppelen op E-, M- of W-niveau met Ceneton043940, wel door andere jezuïetencollege opgevoerd!							
2341	M943	1699-01-01	1699-12-31	Synopsis (manuscript)	Synopsis	f			f	f				f	Ms									
2342	M945	1699-01-01	1699-12-31	Synopsis	Synopsis	f			f	f				f										
2343	M946	1699-01-01	1699-12-31	Synopsis	Synopsis	f			f	f				f										
2344	M948	1699-01-01	1699-12-31	Synopsis (manuscript)	Synopsis	f			f	f				f	Ms									
2345	M949	1699-01-01	1699-12-31	Synopsis (manuscript)	Synopsis	f			f	f				f		Goran Proot, Spectacula Iesuitica Belgica Antiqua (SIBA). Pars I: Provincia Flandro-Belgica (Antwerpen, 2008), p. 1-836	Handschrift toegeschreven aan Henricus Blesen, Dominicus Hendricks en Bernardus Baenen							
2346	M950	1699-01-01	1699-12-31	Synopsis (manuscript)	Synopsis	f	Tragedy		f	f				f		Goran Proot, Spectacula Iesuitica Belgica Antiqua (SIBA). Pars I: Provincia Flandro-Belgica (Antwerpen, 2008), p. 1-836								
2347	M953	1699-01-01	1699-12-31	Synopsis (manuscript)	Synopsis	f			f	f				f	Ms	Goran Proot, Spectacula Iesuitica Belgica Antiqua (SIBA). Pars I: Provincia Flandro-Belgica (Antwerpen, 2008), p. 1-836	Koppelen op M- of E-niveau aan Ceneton049220. Proot acht dit programmaboekje hetzelfde, maar aangezien er één manuscript tussenzit, lijkt dat onwaarschijnlijk.							
2348	M954	1699-01-01	1699-12-31	Synopsis	Synopsis	f			f	f				f		Goran Proot, Spectacula Iesuitica Belgica Antiqua (SIBA). Pars I: Provincia Flandro-Belgica (Antwerpen, 2008), p. 1-836	Koppelen op M- of E-niveau aan Ceneton049210. Proot acht dit programmaboekje hetzelfde, maar aangezien er één manuscript tussenzit, lijkt dat onwaarschijnlijk.							
2349	M956	1700-01-01	1700-12-31	Synopsis (manuscript)	Synopsis	f			f	f				f		Goran Proot, Spectacula Iesuitica Belgica Antiqua (SIBA). Pars I: Provincia Flandro-Belgica (Antwerpen, 2008), p. 1-836								
2350	M957	1697-01-01	1703-12-31	Synopsis	Synopsis	f			f	f				f										
2351	M958	1700-01-01	1700-12-31	Synopsis (manuscript)	Synopsis	f	Tragedy		f	f				f		Goran Proot, Spectacula Iesuitica Belgica Antiqua (SIBA). Pars I: Provincia Flandro-Belgica (Antwerpen, 2008), p. 1-836								
2352	M959	1700-01-01	1700-12-31	Synopsis (manuscript)	Synopsis	f			f	f				f		Goran Proot, Spectacula Iesuitica Belgica Antiqua (SIBA). Pars I: Provincia Flandro-Belgica (Antwerpen, 2008), p. 1-836								
2353	M960	1700-01-01	1700-12-31	Synopsis	Synopsis	f			f	f				f										
2354	M961	1700-01-01	1700-12-31	Synopsis	Synopsis	f	Interlude		f	f				f										
2355	M962	1700-01-01	1700-12-31	Synopsis (manuscript)	Synopsis	f			f	f				f		Goran Proot, Spectacula Iesuitica Belgica Antiqua (SIBA). Pars I: Provincia Flandro-Belgica (Antwerpen, 2008), p. 1-836								
2356	M963	1700-01-01	1700-12-31	Synopsis (manuscript)	Synopsis	f			f	f				f										
2357	M964	1700-01-01	1700-12-31	Synopsis (printed)	Synopsis	f	Tragedy		f	f				f		Goran Proot, Spectacula Iesuitica Belgica Antiqua (SIBA). Pars I: Provincia Flandro-Belgica (Antwerpen, 2008), p. 1-836								
2358	M965	1700-01-01	1700-12-31	Synopsis (printed)	Synopsis	f			f	f				f		Goran Proot, Spectacula Iesuitica Belgica Antiqua (SIBA). Pars I: Provincia Flandro-Belgica (Antwerpen, 2008), p. 1-836	Koppelen op E-, M- of W-niveau met Ceneton048620, wel door andere jezuïetencollege opgevoerd!							
2359	M966	1700-01-01	1700-12-31	Synopsis (printed)	Synopsis	f	Tragedy		f	f				f		Goran Proot, Spectacula Iesuitica Belgica Antiqua (SIBA). Pars I: Provincia Flandro-Belgica (Antwerpen, 2008), p. 1-836								
2360	M968	1700-01-01	1700-12-31	Synopsis	Synopsis	f	Tragedy		f	f				f		Goran Proot, Spectacula Iesuitica Belgica Antiqua (SIBA). Pars I: Provincia Flandro-Belgica (Antwerpen, 2008), p. 1-836								
2361	M969	1700-01-01	1700-12-31	Synopsis	Synopsis	f			f	f				f										
2362	M970	1700-01-01	1700-12-31	Synopsis (manuscript)	Synopsis	f			f	f				f										
2363	M971	1700-01-01	1700-12-31	Synopsis	Synopsis	f			f	f				f										
2364	M973	1700-01-01	1700-12-31	Synopsis	Synopsis	f			f	f				f										
2365	M974	1700-01-01	1700-12-31	Synopsis (manuscript)	Synopsis	f			f	f				f		Goran Proot, Spectacula Iesuitica Belgica Antiqua (SIBA). Pars I: Provincia Flandro-Belgica (Antwerpen, 2008), p. 1-836								
2366	M975	1700-01-01	1700-12-31	Synopsis (manuscript)	Synopsis	f			f	f				f		Goran Proot, Spectacula Iesuitica Belgica Antiqua (SIBA). Pars I: Provincia Flandro-Belgica (Antwerpen, 2008), p. 1-836								
2367	M978	1701-01-01	1701-12-31	Synopsis	Synopsis	f			f	f				f										
2368	M983	1701-01-01	1701-12-31	Synopsis	Synopsis	f			f	f				f										
2369	M984	1701-01-01	1701-12-31	Synopsis (manuscript)	Synopsis	f			f	f				f		Goran Proot, Spectacula Iesuitica Belgica Antiqua (SIBA). Pars I: Provincia Flandro-Belgica (Antwerpen, 2008), p. 1-836	Handschrift ook toegeschreven aan: Franc[isc]us Xaver[ius]							
2370	M985	1701-01-01	1701-12-31	Synopsis	Synopsis	f			f	f				f										
2371	M987	1702-01-01	1702-12-31	Synopsis	Synopsis	f			f	f				f		Goran Proot, Spectacula Iesuitica Belgica Antiqua (SIBA). Pars I: Provincia Flandro-Belgica (Antwerpen, 2008), p. 1-836								
2372	M991	1702-01-01	1702-12-31	Synopsis (manuscript)	Synopsis	f	Comedy		f	f				f	Ms	Goran Proot, Spectacula Iesuitica Belgica Antiqua (SIBA). Pars I: Provincia Flandro-Belgica (Antwerpen, 2008), p. 1-836								
2373	M993	1702-01-01	1702-12-31	Synopsis	Synopsis	f			f	f				f										
2374	M994	1702-01-01	1702-12-31	Synopsis (printed)	Synopsis	f	Tragedy		f	f				f		Goran Proot, Spectacula Iesuitica Belgica Antiqua (SIBA). Pars I: Provincia Flandro-Belgica (Antwerpen, 2008), p. 1-836	Moet gekoppeld worden aan M1922							
2375	M995	1702-01-01	1702-12-31	Synopsis	Synopsis	f			f	f				f										
2376	M997	1702-01-01	1702-12-31	Synopsis (printed)	Synopsis	f	Tragicomedy		f	f				f		Goran Proot, Spectacula Iesuitica Belgica Antiqua (SIBA). Pars I: Provincia Flandro-Belgica (Antwerpen, 2008), p. 1-836								
2377	M998	1702-01-01	1702-12-31	Synopsis	Synopsis	f			f	f				f										
