annotation	node
a00000000	124536
a00001371	124537
a00001372	124538
a00001373	124539
a00001374	124540
a00001375	124541
a00001376	124542
a00001377	124543
a00001378	124544
a00001379	124545
a00001380	124546
a00001381	124547
a00001382	124548
a00001383	124549
a00001384	124550
a00001385	124551
a00001386	124552
a00001387	124553
a00001388	124554
a00001389	124555
a00001390	124556
a00001391	124557
a00001392	124558
a00001393	124559
a00001394	124560
a00001395	124561
a00001396	124562
a00001397	124563
a00001398	124564
a00001399	124565
a00001400	124566
a00001401	124567
a00001402	124568
a00001403	124569
a00001404	124570
a00001405	124571
a00001406	124572
a00001407	124573
a00001408	124574
a00001409	124575
a00001410	124576
a00001411	124577
a00001412	124578
a00001413	124579
a00001414	124580
a00001415	124581
a00001416	124582
a00001417	124583
a00001418	124584
a00001419	124585
a00001420	124586
a00001421	124587
a00001422	124588
a00001423	124589
a00001424	124590
a00001425	124591
a00001426	124592
a00001427	124593
a00001428	124594
a00001429	124595
a00001430	124596
a00001431	124597
a00001432	124598
a00001433	124599
a00001434	124600
a00001435	124601
a00001436	124602
a00001437	124603
a00001438	124604
a00001439	124605
a00001440	124606
a00001441	124607
a00001442	124608
a00001443	124609
a00001444	124610
a00001445	124611
a00001446	124612
a00001447	124613
a00001448	124614
a00001449	124615
a00001450	124616
a00001451	124617
a00001452	124618
a00001453	124619
a00001454	124620
a00001455	124621
a00001456	124622
a00001457	124623
a00001458	124624
a00001459	124625
a00001460	124626
a00001461	124627
a00001462	124628
a00001463	124629
a00001464	124630
a00001465	124631
a00001466	124632
a00001467	124633
a00001468	124634
a00001469	124635
a00001470	124636
a00001471	124637
a00001472	124638
a00001473	124639
a00001474	124640
a00001475	124641
a00001476	124642
a00001477	124643
a00001478	124644
a00001479	124645
a00001480	124646
a00001481	124647
a00001482	124648
a00001483	124649
a00001484	124650
a00001485	124651
a00001486	124652
a00001487	124653
a00001488	124654
a00001489	124655
a00001490	124656
a00001491	124657
a00001492	124658
a00001493	124659
a00001494	124660
a00001495	124661
a00001496	124662
a00001497	124663
a00001498	124664
a00001499	124665
a00001500	124666
a00001501	124667
a00001502	124668
a00001503	124669
a00001504	124670
a00001505	124671
a00001506	124672
a00001507	124673
a00001508	124674
a00001509	124675
a00001510	124676
a00001511	124677
a00001512	124678
a00001513	124679
a00001514	124680
a00001515	124681
a00001516	124682
a00001517	124683
a00001518	124684
a00001519	124685
a00001520	124686
a00001521	124687
a00001522	124688
a00001523	124689
a00001524	124690
a00001525	124691
a00001526	124692
a00001527	124693
a00001528	124694
a00001529	124695
a00001530	124696
a00001531	124697
a00001532	124698
a00001533	124699
a00001534	124700
a00001535	124701
a00001536	124702
a00001537	124703
a00001538	124704
a00001539	124705
a00001540	124706
a00001541	124707
a00001542	124708
a00001543	124709
a00001544	124710
a00001545	124711
a00001546	124712
a00001547	124713
a00001548	124714
a00001549	124715
a00001550	124716
a00001551	124717
a00001552	124718
a00001553	124719
a00001554	124720
a00001555	124721
a00001556	124722
a00001557	124723
a00001558	124724
a00001559	124725
a00001560	124726
a00001561	124727
a00001562	124728
a00001563	124729
a00001564	124730
a00001565	124731
a00001566	124732
a00001567	124733
a00001568	124734
a00001569	124735
a00001570	124736
a00001571	124737
a00001572	124738
a00001573	124739
a00001574	124740
a00001575	124741
a00001576	124742
a00001577	124743
a00001578	124744
a00001579	124745
a00001580	124746
a00001581	124747
a00001582	124748
a00001583	124749
a00001584	124750
a00001585	124751
a00001586	124752
a00001587	124753
a00001588	124754
a00001589	124755
a00001590	124756
a00001591	124757
a00001592	124758
a00001593	124759
a00001594	124760
a00001595	124761
a00001596	124762
a00001597	124763
a00001598	124764
a00001599	124765
a00001600	124766
a00001601	124767
a00001602	124768
a00001603	124769
a00001604	124770
a00001605	124771
a00001606	124772
a00001607	124773
a00001608	124774
a00001609	124775
a00001610	124776
a00001611	124777
a00001612	124778
a00001613	124779
a00001614	124780
a00001615	124781
a00001616	124782
a00001617	124783
a00001618	124784
a00001619	124785
a00001620	124786
a00001621	124787
a00001622	124788
a00001623	124789
a00001624	124790
a00001625	124791
a00001626	124792
a00001627	124793
a00001628	124794
a00001629	124795
a00001630	124796
a00001631	124797
a00001632	124798
a00001633	124799
a00001634	124800
a00001635	124801
a00001636	124802
a00001637	124803
a00001638	124804
a00001639	124805
a00001640	124806
a00001641	124807
a00001642	124808
a00001643	124809
a00001644	124810
a00001645	124811
a00001646	124812
a00001647	124813
a00001648	124814
a00001649	124815
a00001650	124816
a00001651	124817
a00001652	124818
a00001653	124819
a00001654	124820
a00001655	124821
a00001656	124822
a00001657	124823
a00001658	124824
a00001659	124825
a00001660	124826
a00001661	124827
a00001662	124828
a00001663	124829
a00001664	124830
a00001665	124831
a00001666	124832
a00001667	124833
a00001668	124834
a00001669	124835
a00001670	124836
a00001671	124837
a00001672	124838
a00001673	124839
a00001674	124840
a00001675	124841
a00001676	124842
a00001677	124843
a00001678	124844
a00001679	124845
a00001680	124846
a00001681	124847
a00001682	124848
a00001683	124849
a00001684	124850
a00001685	124851
a00001686	124852
a00001687	124853
a00001688	124854
a00001689	124855
a00001690	124856
a00001691	124857
a00001692	124858
a00001693	124859
a00001694	124860
a00001695	124861
a00001696	124862
a00001697	124863
a00001698	124864
a00001699	124865
a00001700	124866
a00001701	124867
a00001702	124868
a00001703	124869
a00001704	124870
a00001705	124871
a00001706	124872
a00001707	124873
a00001708	124874
a00001709	124875
a00001710	124876
a00001711	124877
a00001712	124878
a00001713	124879
a00001714	124880
a00001715	124881
a00001716	124882
a00001717	124883
a00001718	124884
a00001719	124885
a00001720	124886
a00001721	124887
a00001722	124888
a00001723	124889
a00001724	124890
a00001725	124891
a00001726	124892
a00001727	124893
a00001728	124894
a00001729	124895
a00001730	124896
a00001731	124897
a00001732	124898
a00001733	124899
a00001734	124900
a00001735	124901
a00001736	124902
a00001737	124903
a00001738	124904
a00001739	124905
a00001740	124906
a00001741	124907
a00001742	124908
a00001743	124909
a00001744	124910
a00001745	124911
a00001746	124912
a00001747	124913
a00001748	124914
a00001749	124915
a00001750	124916
a00001751	124917
a00001752	124918
a00001753	124919
a00001754	124920
a00001755	124921
a00001756	124922
a00001757	124923
a00001758	124924
a00001759	124925
a00001760	124926
a00001761	124927
a00001762	124928
a00001763	124929
a00001764	124930
a00001765	124931
a00001766	124932
a00001767	124933
a00001768	124934
a00001769	124935
a00001770	124936
a00001771	124937
a00001772	124938
a00001773	124939
a00001774	124940
a00001775	124941
a00001776	124942
a00001777	124943
a00001778	124944
a00001779	124945
a00001780	124946
a00001781	124947
a00001782	124948
a00001783	124949
a00001784	124950
a00001785	124951
a00001786	124952
a00001787	124953
a00001788	124954
a00001789	124955
a00001790	124956
a00001791	124957
a00001792	124958
a00001793	124959
a00001794	124960
a00001795	124961
a00001796	124962
a00001797	124963
a00001798	124964
a00001799	124965
a00001800	124966
a00001801	124967
a00001802	124968
a00001803	124969
a00001804	124970
a00001805	124971
a00001806	124972
a00001807	124973
a00001808	124974
a00001809	124975
a00001810	124976
a00001811	124977
a00001812	124978
a00001813	124979
a00001814	124980
a00001815	124981
a00001816	124982
a00001817	124983
a00001818	124984
a00001819	124985
a00001820	124986
a00001821	124987
a00001822	124988
a00001823	124989
a00001824	124990
a00001825	124991
a00001826	124992
a00001827	124993
a00001828	124994
a00001829	124995
a00001830	124996
a00001831	124997
a00001832	124998
a00001833	124999
a00001834	125000
a00001835	125001
a00001836	125002
a00001837	125003
a00001838	125004
a00001839	125005
a00001840	125006
a00001841	125007
a00001842	125008
a00001843	125009
a00001844	125010
a00001845	125011
a00001846	125012
a00001847	125013
a00001848	125014
a00001849	125015
a00001850	125016
a00001851	125017
a00001852	125018
a00001853	125019
a00001854	125020
a00001855	125021
a00001856	125022
a00001857	125023
a00001858	125024
a00001859	125025
a00001860	125026
a00001861	125027
a00001862	125028
a00001863	125029
a00001864	125030
a00001865	125031
a00001866	125032
a00001867	125033
a00001868	125034
a00001869	125035
a00001870	125036
a00001871	125037
a00001872	125038
a00001873	125039
a00001874	125040
a00001875	125041
a00001876	125042
a00001877	125043
a00001878	125044
a00001879	125045
a00001880	125046
a00001881	125047
a00001882	125048
a00001883	125049
a00001884	125050
a00001885	125051
a00001886	125052
a00001887	125053
a00001888	125054
a00001889	125055
a00001890	125056
a00001891	125057
a00001892	125058
a00001893	125059
a00001894	125060
a00001895	125061
a00001896	125062
a00001897	125063
a00001898	125064
a00001899	125065
a00001900	125066
a00001901	125067
a00001902	125068
a00001903	125069
a00001904	125070
a00001905	125071
a00001906	125072
a00001907	125073
a00001908	125074
a00001909	125075
a00001910	125076
a00001911	125077
a00001912	125078
a00001913	125079
a00001914	125080
a00001915	125081
a00001916	125082
a00001917	125083
a00001918	125084
a00001919	125085
a00001920	125086
a00001921	125087
a00001922	125088
a00001923	125089
a00001924	125090
a00001925	125091
a00001926	125092
a00001927	125093
a00001928	125094
a00001929	125095
a00001930	125096
a00001931	125097
a00001932	125098
a00001933	125099
a00001934	125100
a00001935	125101
a00001936	125102
a00001937	125103
a00001938	125104
a00001939	125105
a00001940	125106
a00001941	125107
a00001942	125108
a00001943	125109
a00001944	125110
a00001945	125111
a00001946	125112
a00001947	125113
a00001948	125114
a00001949	125115
a00001950	125116
a00001951	125117
a00001952	125118
a00001953	125119
a00001954	125120
a00001955	125121
a00001956	125122
a00001957	125123
a00001958	125124
a00001959	125125
a00001960	125126
a00001961	125127
a00001962	125128
a00001963	125129
a00001964	125130
a00001965	125131
a00001966	125132
a00001967	125133
a00001968	125134
a00001969	125135
a00001970	125136
a00001971	125137
a00001972	125138
a00001973	125139
a00001974	125140
a00001975	125141
a00001976	125142
a00001977	125143
a00001978	125144
a00001979	125145
a00001980	125146
a00001981	125147
a00001982	125148
a00001983	125149
a00001984	125150
a00001985	125151
a00001986	125152
a00001987	125153
a00001988	125154
a00001989	125155
a00001990	125156
a00001991	125157
a00001992	125158
a00001993	125159
a00001994	125160
a00001995	125161
a00001996	125162
a00001997	125163
a00001998	125164
a00001999	125165
a00002000	125166
a00002001	125167
a00002002	125168
a00002003	125169
a00002004	125170
a00002005	125171
a00002006	125172
a00002007	125173
a00002008	125174
a00002009	125175
a00002010	125176
a00002011	125177
a00002012	125178
a00002013	125179
a00002014	125180
a00002015	125181
a00002016	125182
a00002017	125183
a00002018	125184
a00002019	125185
a00002020	125186
a00002021	125187
a00002022	125188
a00002023	125189
a00002024	125190
a00002025	125191
a00002026	125192
a00002027	125193
a00002028	125194
a00002029	125195
a00002030	125196
a00002031	125197
a00002032	125198
a00002033	125199
a00002034	125200
a00002035	125201
a00002036	125202
a00002037	125203
a00002038	125204
a00002039	125205
a00002040	125206
a00002041	125207
a00002042	125208
a00002043	125209
a00002044	125210
a00002045	125211
a00002046	125212
a00002047	125213
a00002048	125214
a00002049	125215
a00002050	125216
a00002051	125217
a00002052	125218
a00002053	125219
a00002054	125220
a00002055	125221
a00002056	125222
a00002057	125223
a00002058	125224
a00002059	125225
a00002060	125226
a00002061	125227
a00002062	125228
a00002063	125229
a00002064	125230
a00002065	125231
a00002066	125232
a00002067	125233
a00002068	125234
a00002069	125235
a00002070	125236
a00002071	125237
a00002072	125238
a00002073	125239
a00002074	125240
a00002075	125241
a00002076	125242
a00002077	125243
a00002078	125244
a00002079	125245
a00002080	125246
a00002081	125247
a00002082	125248
a00002083	125249
a00002084	125250
a00002085	125251
a00002086	125252
a00002087	125253
a00002088	125254
a00002089	125255
a00002090	125256
a00002091	125257
a00002092	125258
a00002093	125259
a00002094	125260
a00002095	125261
a00002096	125262
a00002097	125263
a00002098	125264
a00002099	125265
a00002100	125266
a00002101	125267
a00002102	125268
a00002103	125269
a00002104	125270
a00002105	125271
a00002106	125272
a00002107	125273
a00002108	125274
a00002109	125275
a00002110	125276
a00002111	125277
a00002112	125278
a00002113	125279
a00002114	125280
a00002115	125281
a00002116	125282
a00002117	125283
a00002118	125284
a00002119	125285
a00002120	125286
a00002121	125287
a00002122	125288
a00002123	125289
a00002124	125290
a00002125	125291
a00002126	125292
a00002127	125293
a00002128	125294
a00002129	125295
a00002130	125296
a00002131	125297
a00002132	125298
a00002133	125299
a00002134	125300
a00002135	125301
a00002136	125302
a00002137	125303
a00002138	125304
a00002139	125305
a00002140	125306
a00002141	125307
a00002142	125308
a00002143	125309
a00002144	125310
a00002145	125311
a00002146	125312
a00002147	125313
a00002148	125314
a00002149	125315
a00002150	125316
a00002151	125317
a00002152	125318
a00002153	125319
a00002154	125320
a00002155	125321
a00002156	125322
a00002157	125323
a00002158	125324
a00002159	125325
a00002160	125326
a00002161	125327
a00002162	125328
a00002163	125329
a00002164	125330
a00002165	125331
a00002166	125332
a00002167	125333
a00002168	125334
a00002169	125335
a00002170	125336
a00002171	125337
a00002172	125338
a00002173	125339
a00002174	125340
a00002175	125341
a00002176	125342
a00002177	125343
a00002178	125344
a00002179	125345
a00002180	125346
a00002181	125347
a00002182	125348
a00002183	125349
a00002184	125350
a00002185	125351
a00002186	125352
a00002187	125353
a00002188	125354
a00002189	125355
a00002190	125356
a00002191	125357
a00002192	125358
a00002193	125359
a00002194	125360
a00002195	125361
a00002196	125362
a00002197	125363
a00002198	125364
a00002199	125365
a00002200	125366
a00002201	125367
a00002202	125368
a00002203	125369
a00002204	125370
a00002205	125371
a00002206	125372
a00002207	125373
a00002208	125374
a00002209	125375
a00002210	125376
a00002211	125377
a00002212	125378
a00002213	125379
a00002214	125380
a00002215	125381
a00002216	125382
a00002217	125383
a00002218	125384
a00002219	125385
a00002220	125386
a00002221	125387
a00002222	125388
a00002223	125389
a00002224	125390
a00002225	125391
a00002226	125392
a00002227	125393
a00002228	125394
a00002229	125395
a00002230	125396
a00002231	125397
a00002232	125398
a00002233	125399
a00002234	125400
a00002235	125401
a00002236	125402
a00002237	125403
a00002238	125404
a00002239	125405
a00002240	125406
a00002241	125407
a00002242	125408
a00002243	125409
a00002244	125410
a00002245	125411
a00002246	125412
a00002247	125413
a00002248	125414
a00002249	125415
a00002250	125416
a00002251	125417
a00002252	125418
a00002253	125419
a00002254	125420
a00002255	125421
a00002256	125422
a00002257	125423
a00002258	125424
a00002259	125425
a00002260	125426
a00002261	125427
a00002262	125428
a00002263	125429
a00002264	125430
a00002265	125431
a00002266	125432
a00002267	125433
a00002268	125434
a00002269	125435
a00002270	125436
a00002271	125437
a00002272	125438
a00002273	125439
a00002274	125440
a00002275	125441
a00002276	125442
a00002277	125443
a00002278	125444
a00002279	125445
a00002280	125446
a00002281	125447
a00002282	125448
a00002283	125449
a00002284	125450
a00002285	125451
a00002286	125452
a00002287	125453
a00002288	125454
a00002289	125455
a00002290	125456
a00002291	125457
a00002292	125458
a00002293	125459
a00002294	125460
a00002295	125461
a00002296	125462
a00002297	125463
a00002298	125464
a00002299	125465
a00002300	125466
a00002301	125467
a00002302	125468
a00002303	125469
a00002304	125470
a00002305	125471
a00002306	125472
a00002307	125473
a00002308	125474
a00002309	125475
a00002310	125476
a00002311	125477
a00002312	125478
a00002313	125479
a00002314	125480
a00002315	125481
a00002316	125482
a00002317	125483
a00002318	125484
a00002319	125485
a00002320	125486
a00002321	125487
a00002322	125488
a00002323	125489
a00002324	125490
a00002325	125491
a00002326	125492
a00002327	125493
a00002328	125494
a00002329	125495
a00002330	125496
a00002331	125497
a00002332	125498
a00002333	125499
a00002334	125500
a00002335	125501
a00002336	125502
a00002337	125503
a00002338	125504
a00002339	125505
a00002340	125506
a00002341	125507
a00002342	125508
a00002343	125509
a00002344	125510
a00002345	125511
a00002346	125512
a00002347	125513
a00002348	125514
a00002349	125515
a00002350	125516
a00002351	125517
a00002352	125518
a00002353	125519
a00002354	125520
a00002355	125521
a00002356	125522
a00002357	125523
a00002358	125524
a00002359	125525
a00002360	125526
a00002361	125527
a00002362	125528
a00002363	125529
a00002364	125530
a00002365	125531
a00002366	125532
a00002367	125533
a00002368	125534
a00002369	125535
a00002370	125536
a00002371	125537
a00002372	125538
a00002373	125539
a00002374	125540
a00002375	125541
a00002376	125542
a00002377	125543
a00002378	125544
a00002379	125545
a00002380	125546
a00002381	125547
a00002382	125548
a00002383	125549
a00002384	125550
a00002385	125551
a00002386	125552
a00002387	125553
a00002388	125554
a00002389	125555
a00002390	125556
a00002391	125557
a00002392	125558
a00002393	125559
a00002394	125560
a00002395	125561
a00002396	125562
a00002397	125563
a00002398	125564
a00002399	125565
a00002400	125566
a00002401	125567
a00002402	125568
a00002403	125569
a00002404	125570
a00002405	125571
a00002406	125572
a00002407	125573
a00002408	125574
a00002409	125575
a00002410	125576
a00002411	125577
a00002412	125578
a00002413	125579
a00002414	125580
a00002415	125581
a00002416	125582
a00002417	125583
a00002418	125584
a00002419	125585
a00002420	125586
a00002421	125587
a00002422	125588
a00002423	125589
a00002424	125590
a00002425	125591
a00002426	125592
a00002427	125593
a00002428	125594
a00002429	125595
a00002430	125596
a00002431	125597
a00002432	125598
a00002433	125599
a00002434	125600
a00002435	125601
a00002436	125602
a00002437	125603
a00002438	125604
a00002439	125605
a00002440	125606
a00002441	125607
a00002442	125608
a00002443	125609
a00002444	125610
a00002445	125611
a00002446	125612
a00002447	125613
a00002448	125614
a00002449	125615
a00002450	125616
a00002451	125617
a00002452	125618
a00002453	125619
a00002454	125620
a00002455	125621
a00002456	125622
a00002457	125623
a00002458	125624
a00002459	125625
a00002460	125626
a00002461	125627
a00002462	125628
a00002463	125629
a00002464	125630
a00002465	125631
a00002466	125632
a00002467	125633
a00002468	125634
a00002469	125635
a00002470	125636
a00002471	125637
a00002472	125638
a00002473	125639
a00002474	125640
a00002475	125641
a00002476	125642
a00002477	125643
a00002478	125644
a00002479	125645
a00002480	125646
a00002481	125647
a00002482	125648
a00002483	125649
a00002484	125650
a00002485	125651
a00002486	125652
a00002487	125653
a00002488	125654
a00002489	125655
a00002490	125656
a00002491	125657
a00002492	125658
a00002493	125659
a00002494	125660
a00002495	125661
a00002496	125662
a00002497	125663
a00002498	125664
a00002499	125665
a00002500	125666
a00002501	125667
a00002502	125668
a00002503	125669
a00002504	125670
a00002505	125671
a00002506	125672
a00002507	125673
a00002508	125674
a00002509	125675
a00002510	125676
a00002511	125677
a00002512	125678
a00002513	125679
a00002514	125680
a00002515	125681
a00002516	125682
a00002517	125683
a00002518	125684
a00002519	125685
a00002520	125686
a00002521	125687
a00002522	125688
a00002523	125689
a00002524	125690
a00002525	125691
a00002526	125692
a00002527	125693
a00002528	125694
a00002529	125695
a00002530	125696
a00002531	125697
a00002532	125698
a00002533	125699
a00002534	125700
a00002535	125701
a00002536	125702
a00002537	125703
a00002538	125704
a00002539	125705
a00002540	125706
a00002541	125707
a00002542	125708
a00002543	125709
a00002544	125710
a00002545	125711
a00002546	125712
a00002547	125713
a00002548	125714
a00002549	125715
a00002550	125716
a00002551	125717
a00002552	125718
a00002553	125719
a00002554	125720
a00002555	125721
a00002556	125722
a00002557	125723
a00002558	125724
a00002559	125725
a00002560	125726
a00002561	125727
a00002562	125728
a00002563	125729
a00002564	125730
a00002565	125731
a00002566	125732
a00002567	125733
a00002568	125734
a00002569	125735
a00002570	125736
a00002571	125737
a00002572	125738
a00002573	125739
a00002574	125740
a00002575	125741
a00002576	125742
a00002577	125743
a00002578	125744
a00002579	125745
a00002580	125746
a00002581	125747
a00002582	125748
a00002583	125749
a00002584	125750
a00002585	125751
a00002586	125752
a00002587	125753
a00002588	125754
a00002589	125755
a00002590	125756
a00002591	125757
a00002592	125758
a00002593	125759
a00002594	125760
a00002595	125761
a00002596	125762
a00002597	125763
a00002598	125764
a00002599	125765
a00002600	125766
a00002601	125767
a00002602	125768
a00002603	125769
a00002604	125770
a00002605	125771
a00002606	125772
a00002607	125773
a00002608	125774
a00002609	125775
a00002610	125776
a00002611	125777
a00002612	125778
a00002613	125779
a00002614	125780
a00002615	125781
a00002616	125782
a00002617	125783
a00002618	125784
a00002619	125785
a00002620	125786
a00002621	125787
a00002622	125788
a00002623	125789
a00002624	125790
a00002625	125791
a00002626	125792
a00002627	125793
a00002628	125794
a00002629	125795
a00002630	125796
a00002631	125797
a00002632	125798
a00002633	125799
a00002634	125800
a00002635	125801
a00002636	125802
a00002637	125803
a00002638	125804
a00002639	125805
a00002640	125806
a00002641	125807
a00002642	125808
a00002643	125809
a00002644	125810
a00002645	125811
a00002646	125812
a00002647	125813
a00002648	125814
a00002649	125815
a00002650	125816
a00002651	125817
a00002652	125818
a00002653	125819
a00002654	125820
a00002655	125821
a00002656	125822
a00002657	125823
a00002658	125824
a00002659	125825
a00002660	125826
a00002661	125827
a00002662	125828
a00002663	125829
a00002664	125830
a00002665	125831
a00002666	125832
a00002667	125833
a00002668	125834
a00002669	125835
a00002670	125836
a00002671	125837
a00002672	125838
a00002673	125839
a00002674	125840
a00002675	125841
a00002676	125842
a00002677	125843
a00002678	125844
a00002679	125845
a00002680	125846
a00002681	125847
a00002682	125848
a00002683	125849
a00002684	125850
a00002685	125851
a00002686	125852
a00002687	125853
a00002688	125854
a00002689	125855
a00002690	125856
a00002691	125857
a00002692	125858
a00002693	125859
a00002694	125860
a00002695	125861
a00002696	125862
a00002697	125863
a00002698	125864
a00002699	125865
a00002700	125866
a00002701	125867
a00002702	125868
a00002703	125869
a00002704	125870
a00002705	125871
a00002706	125872
a00002707	125873
a00002708	125874
a00002709	125875
a00002710	125876
a00002711	125877
a00002712	125878
a00002713	125879
a00002714	125880
a00002715	125881
a00002716	125882
a00002717	125883
a00002718	125884
a00002719	125885
a00002720	125886
a00002721	125887
a00002722	125888
a00002723	125889
a00002724	125890
a00002725	125891
a00002726	125892
a00002727	125893
a00002728	125894
a00002729	125895
a00002730	125896
a00002731	125897
a00002732	125898
a00002733	125899
a00002734	125900
a00002735	125901
a00002736	125902
a00002737	125903
a00002738	125904
a00002739	125905
a00002740	125906
a00002741	125907
a00002742	125908
a00002743	125909
a00002744	125910
a00002745	125911
a00002746	125912
a00002747	125913
a00002748	125914
a00002749	125915
a00002750	125916
a00002751	125917
a00002752	125918
a00002753	125919
a00002754	125920
a00002755	125921
a00002756	125922
a00002757	125923
a00002758	125924
a00002759	125925
a00002760	125926
a00002761	125927
a00002762	125928
a00002763	125929
a00002764	125930
a00002765	125931
a00002766	125932
a00002767	125933
a00002768	125934
a00002769	125935
a00002770	125936
a00002771	125937
a00002772	125938
a00002773	125939
a00002774	125940
a00002775	125941
a00002776	125942
a00002777	125943
a00002778	125944
a00002779	125945
a00002780	125946
a00002781	125947
a00002782	125948
a00002783	125949
a00002784	125950
a00002785	125951
a00002786	125952
a00002787	125953
a00002788	125954
a00002789	125955
a00002790	125956
a00002791	125957
a00002792	125958
a00002793	125959
a00002794	125960
a00002795	125961
a00002796	125962
a00002797	125963
a00002798	125964
a00002799	125965
a00002800	125966
a00002801	125967
a00002802	125968
a00002803	125969
a00002804	125970
a00002805	125971
a00002806	125972
a00002807	125973
a00002808	125974
a00002809	125975
a00002810	125976
a00002811	125977
a00002812	125978
a00002813	125979
a00002814	125980
a00002815	125981
a00002816	125982
a00002817	125983
a00002818	125984
a00002819	125985
a00002820	125986
a00002821	125987
a00002822	125988
a00002823	125989
a00002824	125990
a00002825	125991
a00002826	125992
a00002827	125993
a00002828	125994
a00002829	125995
a00002830	125996
a00002831	125997
a00002832	125998
a00002833	125999
a00002834	126000
a00002835	126001
a00002836	126002
a00002837	126003
a00002838	126004
a00002839	126005
a00002840	126006
a00002841	126007
a00002842	126008
a00002843	126009
a00002844	126010
a00002845	126011
a00002846	126012
a00002847	126013
a00002848	126014
a00002849	126015
a00002850	126016
a00002851	126017
a00002852	126018
a00002853	126019
a00002854	126020
a00002855	126021
a00002856	126022
a00002857	126023
a00002858	126024
a00002859	126025
a00002860	126026
a00002861	126027
a00002862	126028
a00002863	126029
a00002864	126030
a00002865	126031
a00002866	126032
a00002867	126033
a00002868	126034
a00002869	126035
a00002870	126036
a00002871	126037
a00002872	126038
a00002873	126039
a00002874	126040
a00002875	126041
a00002876	126042
a00002877	126043
a00002878	126044
a00002879	126045
a00002880	126046
a00002881	126047
a00002882	126048
a00002883	126049
a00002884	126050
a00002885	126051
a00002886	126052
a00002887	126053
a00002888	126054
a00002889	126055
a00002890	126056
a00002891	126057
a00002892	126058
a00002893	126059
a00002894	126060
a00002895	126061
a00002896	126062
a00002897	126063
a00002898	126064
a00002899	126065
a00002900	126066
a00002901	126067
a00002902	126068
a00002903	126069
a00002904	126070
a00002905	126071
a00002906	126072
a00002907	126073
a00002908	126074
a00002909	126075
a00002910	126076
a00002911	126077
a00002912	126078
a00002913	126079
a00002914	126080
a00002915	126081
a00002916	126082
a00002917	126083
a00002918	126084
a00002919	126085
a00002920	126086
a00002921	126087
a00002922	126088
a00002923	126089
a00002924	126090
a00002925	126091
a00002926	126092
a00002927	126093
a00002928	126094
a00002929	126095
a00002930	126096
a00002931	126097
a00002932	126098
a00002933	126099
a00002934	126100
a00002935	126101
a00002936	126102
a00002937	126103
a00002938	126104
a00002939	126105
a00002940	126106
a00002941	126107
a00002942	126108
a00002943	126109
a00002944	126110
a00002945	126111
a00002946	126112
a00002947	126113
a00002948	126114
a00002949	126115
a00002950	126116
a00002951	126117
a00002952	126118
a00002953	126119
a00002954	126120
a00002955	126121
a00002956	126122
a00002957	126123
a00002958	126124
a00002959	126125
a00002960	126126
a00002961	126127
a00002962	126128
a00002963	126129
a00002964	126130
a00002965	126131
a00002966	126132
a00002967	126133
a00002968	126134
a00002969	126135
a00002970	126136
a00002971	126137
a00002972	126138
a00002973	126139
a00002974	126140
a00002975	126141
a00002976	126142
a00002977	126143
a00002978	126144
a00002979	126145
a00002980	126146
a00002981	126147
a00002982	126148
a00002983	126149
a00002984	126150
a00002985	126151
a00002986	126152
a00002987	126153
a00002988	126154
a00002989	126155
a00002990	126156
a00002991	126157
a00002992	126158
a00002993	126159
a00002994	126160
a00002995	126161
a00002996	126162
a00002997	126163
a00002998	126164
a00002999	126165
a00003000	126166
a00003001	126167
a00003002	126168
a00003003	126169
a00003004	126170
a00003005	126171
a00003006	126172
a00003007	126173
a00003008	126174
a00003009	126175
a00003010	126176
a00003011	126177
a00003012	126178
a00003013	126179
a00003014	126180
a00003015	126181
a00003016	126182
a00003017	126183
a00003018	126184
a00003019	126185
a00003020	126186
a00003021	126187
a00003022	126188
a00003023	126189
a00003024	126190
a00003025	126191
a00003026	126192
a00003027	126193
a00003028	126194
a00003029	126195
a00003030	126196
a00003031	126197
a00003032	126198
a00003033	126199
a00003034	126200
a00003035	126201
a00003036	126202
a00003037	126203
a00003038	126204
a00003039	126205
a00003040	126206
a00003041	126207
a00003042	126208
a00003043	126209
a00003044	126210
a00003045	126211
a00003046	126212
a00003047	126213
a00003048	126214
a00003049	126215
a00003050	126216
a00003051	126217
a00003052	126218
a00003053	126219
a00003054	126220
a00003055	126221
a00003056	126222
a00003057	126223
a00003058	126224
a00003059	126225
a00003060	126226
a00003061	126227
a00003062	126228
a00003063	126229
a00003064	126230
a00003065	126231
a00003066	126232
a00003067	126233
a00003068	126234
a00003069	126235
a00003070	126236
a00003071	126237
a00003072	126238
a00003073	126239
a00003074	126240
a00003075	126241
a00003076	126242
a00003077	126243
a00003078	126244
a00003079	126245
a00003080	126246
a00003081	126247
a00003082	126248
a00003083	126249
a00003084	126250
a00003085	126251
a00003086	126252
a00003087	126253
a00003088	126254
a00003089	126255
a00003090	126256
a00003091	126257
a00003092	126258
a00003093	126259
a00003094	126260
a00003095	126261
a00003096	126262
a00003097	126263
a00003098	126264
a00003099	126265
a00003100	126266
a00003101	126267
a00003102	126268
a00003103	126269
a00003104	126270
a00003105	126271
a00003106	126272
a00003107	126273
a00003108	126274
a00003109	126275
a00003110	126276
a00003111	126277
a00003112	126278
a00003113	126279
a00003114	126280
a00003115	126281
a00003116	126282
a00003117	126283
a00003118	126284
a00003119	126285
a00003120	126286
a00003121	126287
a00003122	126288
a00003123	126289
a00003124	126290
a00003125	126291
a00003126	126292
a00003127	126293
a00003128	126294
a00003129	126295
a00003130	126296
a00003131	126297
a00003132	126298
a00003133	126299
a00003134	126300
a00003135	126301
a00003136	126302
a00003137	126303
a00003138	126304
a00003139	126305
a00003140	126306
a00003141	126307
a00003142	126308
a00003143	126309
a00003144	126310
a00003145	126311
a00003146	126312
a00003147	126313
a00003148	126314
a00003149	126315
a00003150	126316
a00003151	126317
a00003152	126318
a00003153	126319
a00003154	126320
a00003155	126321
a00003156	126322
a00003157	126323
a00003158	126324
a00003159	126325
a00003160	126326
a00003161	126327
a00003162	126328
a00003163	126329
a00003164	126330
a00003165	126331
a00003166	126332
a00003167	126333
a00003168	126334
a00003169	126335
a00003170	126336
a00003171	126337
a00003172	126338
a00003173	126339
a00003174	126340
a00003175	126341
a00003176	126342
a00003177	126343
a00003178	126344
a00003179	126345
a00003180	126346
a00003181	126347
a00003182	126348
a00003183	126349
a00003184	126350
a00003185	126351
a00003186	126352
a00003187	126353
a00003188	126354
a00003189	126355
a00003190	126356
a00003191	126357
a00003192	126358
a00003193	126359
a00003194	126360
a00003195	126361
a00003196	126362
a00003197	126363
a00003198	126364
a00003199	126365
a00003200	126366
a00003201	126367
a00003202	126368
a00003203	126369
a00003204	126370
a00003205	126371
a00003206	126372
a00003207	126373
a00003208	126374
a00003209	126375
a00003210	126376
a00003211	126377
a00003212	126378
a00003213	126379
a00003214	126380
a00003215	126381
a00003216	126382
a00003217	126383
a00003218	126384
a00003219	126385
a00003220	126386
a00003221	126387
a00003222	126388
a00003223	126389
a00003224	126390
a00003225	126391
a00003226	126392
a00003227	126393
a00003228	126394
a00003229	126395
a00003230	126396
a00003231	126397
a00003232	126398
a00003233	126399
a00003234	126400
a00003235	126401
a00003236	126402
a00003237	126403
a00003238	126404
a00003239	126405
a00003240	126406
a00003241	126407
a00003242	126408
a00003243	126409
a00003244	126410
a00003245	126411
a00003246	126412
a00003247	126413
a00003248	126414
a00003249	126415
a00003250	126416
a00003251	126417
a00003252	126418
a00003253	126419
a00003254	126420
a00003255	126421
a00003256	126422
a00003257	126423
a00003258	126424
a00003259	126425
a00003260	126426
a00003261	126427
a00003262	126428
a00003263	126429
a00003264	126430
a00003265	126431
a00003266	126432
a00003267	126433
a00003268	126434
a00003269	126435
a00003270	126436
a00003271	126437
a00003272	126438
a00003273	126439
a00003274	126440
a00003275	126441
a00003276	126442
a00003277	126443
a00003278	126444
a00003279	126445
a00003280	126446
a00003281	126447
a00003282	126448
a00003283	126449
a00003284	126450
a00003285	126451
a00003286	126452
a00003287	126453
a00003288	126454
a00003289	126455
a00003290	126456
a00003291	126457
a00003292	126458
a00003293	126459
a00003294	126460
a00003295	126461
a00003296	126462
a00003297	126463
a00003298	126464
a00003299	126465
a00003300	126466
a00003301	126467
a00003302	126468
a00003303	126469
a00003304	126470
a00003305	126471
a00003306	126472
a00003307	126473
a00003308	126474
a00003309	126475
a00003310	126476
a00003311	126477
a00003312	126478
a00003313	126479
a00003314	126480
a00003315	126481
a00003316	126482
a00003317	126483
a00003318	126484
a00003319	126485
a00003320	126486
a00003321	126487
a00003322	126488
a00003323	126489
a00003324	126490
a00003325	126491
a00003326	126492
a00003327	126493
a00003328	126494
a00003329	126495
a00003330	126496
a00003331	126497
a00003332	126498
a00003333	126499
a00003334	126500
a00003335	126501
a00003336	126502
a00003337	126503
a00003338	126504
a00003339	126505
a00003340	126506
a00003341	126507
a00003342	126508
a00003343	126509
a00003344	126510
a00003345	126511
a00003346	126512
a00003347	126513
a00003348	126514
a00003349	126515
a00003350	126516
a00003351	126517
a00003352	126518
a00003353	126519
a00003354	126520
a00003355	126521
a00003356	126522
a00003357	126523
a00003358	126524
a00003359	126525
a00003360	126526
a00003361	126527
a00003362	126528
a00003363	126529
a00003364	126530
a00003365	126531
a00003366	126532
a00003367	126533
a00003368	126534
a00003369	126535
a00003370	126536
a00003371	126537
a00003372	126538
a00003373	126539
a00003374	126540
a00003375	126541
a00003376	126542
a00003377	126543
a00003378	126544
a00003379	126545
a00003380	126546
a00003381	126547
a00003382	126548
a00003383	126549
a00003384	126550
a00003385	126551
a00003386	126552
a00003387	126553
a00003388	126554
a00003389	126555
a00003390	126556
a00003391	126557
a00003392	126558
a00003393	126559
a00003394	126560
a00003395	126561
a00003396	126562
a00003397	126563
a00003398	126564
a00003399	126565
a00003400	126566
a00003401	126567
a00003402	126568
a00003403	126569
a00003404	126570
a00003405	126571
a00003406	126572
a00003407	126573
a00003408	126574
a00003409	126575
a00003410	126576
a00003411	126577
a00003412	126578
a00003413	126579
a00003414	126580
a00003415	126581
a00003416	126582
a00003417	126583
a00003418	126584
a00003419	126585
a00003420	126586
a00003421	126587
a00003422	126588
a00003423	126589
a00003424	126590
a00003425	126591
a00003426	126592
a00003427	126593
a00003428	126594
a00003429	126595
a00003430	126596
a00003431	126597
a00003432	126598
a00003433	126599
a00003434	126600
a00003435	126601
a00003436	126602
a00003437	126603
a00003438	126604
a00003439	126605
a00003440	126606
a00003441	126607
a00003442	126608
a00003443	126609
a00003444	126610
a00003445	126611
a00003446	126612
a00003447	126613
a00003448	126614
a00003449	126615
a00003450	126616
a00003451	126617
a00003452	126618
a00003453	126619
a00003454	126620
a00003455	126621
a00003456	126622
a00003457	126623
a00003458	126624
a00003459	126625
a00003460	126626
a00003461	126627
a00003462	126628
a00003463	126629
a00003464	126630
a00003465	126631
a00003466	126632
a00003467	126633
a00003468	126634
a00003469	126635
a00003470	126636
a00003471	126637
a00003472	126638
a00003473	126639
a00003474	126640
a00003475	126641
a00003476	126642
a00003477	126643
a00003478	126644
a00003479	126645
a00003480	126646
a00003481	126647
a00003482	126648
a00003483	126649
a00003484	126650
a00003485	126651
a00003486	126652
a00003487	126653
a00003488	126654
a00003489	126655
a00003490	126656
a00003491	126657
a00003492	126658
a00003493	126659
a00003494	126660
a00003495	126661
a00003496	126662
a00003497	126663
a00003498	126664
a00003499	126665
a00003500	126666
a00003501	126667
a00003502	126668
a00003503	126669
a00003504	126670
a00003505	126671
a00003506	126672
a00003507	126673
a00003508	126674
a00003509	126675
a00003510	126676
a00003511	126677
a00003512	126678
a00003513	126679
a00003514	126680
a00003515	126681
a00003516	126682
a00003517	126683
a00003518	126684
a00003519	126685
a00003520	126686
a00003521	126687
a00003522	126688
a00003523	126689
a00003524	126690
a00003525	126691
a00003526	126692
a00003527	126693
a00003528	126694
a00003529	126695
a00003530	126696
a00003531	126697
a00003532	126698
a00003533	126699
a00003534	126700
a00003535	126701
a00003536	126702
a00003537	126703
a00003538	126704
a00003539	126705
a00003540	126706
a00003541	126707
a00003542	126708
a00003543	126709
a00003544	126710
a00003545	126711
a00003546	126712
a00003547	126713
a00003548	126714
a00003549	126715
a00003550	126716
a00003551	126717
a00003552	126718
a00003553	126719
a00003554	126720
a00003555	126721
a00003556	126722
a00003557	126723
a00003558	126724
a00003559	126725
a00003560	126726
a00003561	126727
a00003562	126728
a00003563	126729
a00003564	126730
a00003565	126731
a00003566	126732
a00003567	126733
a00003568	126734
a00003569	126735
a00003570	126736
a00003571	126737
a00003572	126738
a00003573	126739
a00003574	126740
a00003575	126741
a00003576	126742
a00003577	126743
a00003578	126744
a00003579	126745
a00003580	126746
a00003581	126747
a00003582	126748
a00003583	126749
a00003584	126750
a00003585	126751
a00003586	126752
a00003587	126753
a00003588	126754
a00003589	126755
a00003590	126756
a00003591	126757
a00003592	126758
a00003593	126759
a00003594	126760
a00003595	126761
a00003596	126762
a00003597	126763
a00003598	126764
a00003599	126765
a00003600	126766
a00003601	126767
a00003602	126768
a00003603	126769
a00003604	126770
a00003605	126771
a00003606	126772
a00003607	126773
a00003608	126774
a00003609	126775
a00003610	126776
a00003611	126777
a00003612	126778
a00003613	126779
a00003614	126780
a00003615	126781
a00003616	126782
a00003617	126783
a00003618	126784
a00003619	126785
a00003620	126786
a00003621	126787
a00003622	126788
a00003623	126789
a00003624	126790
a00003625	126791
a00003626	126792
a00003627	126793
a00003628	126794
a00003629	126795
a00003630	126796
a00003631	126797
a00003632	126798
a00003633	126799
a00003634	126800
a00003635	126801
a00003636	126802
a00003637	126803
a00003638	126804
a00003639	126805
a00003640	126806
a00003641	126807
a00003642	126808
a00003643	126809
a00003644	126810
a00003645	126811
a00003646	126812
a00003647	126813
a00003648	126814
a00003649	126815
a00003650	126816
a00003651	126817
a00003652	126818
a00003653	126819
a00003654	126820
a00003655	126821
a00003656	126822
a00003657	126823
a00003658	126824
a00003659	126825
a00003660	126826
a00003661	126827
a00003662	126828
a00003663	126829
a00003664	126830
a00003665	126831
a00003666	126832
a00003667	126833
a00003668	126834
a00003669	126835
a00003670	126836
a00003671	126837
a00003672	126838
a00003673	126839
a00003674	126840
a00003675	126841
a00003676	126842
a00003677	126843
a00003678	126844
a00003679	126845
a00003680	126846
a00003681	126847
a00003682	126848
a00003683	126849
a00003684	126850
a00003685	126851
a00003686	126852
a00003687	126853
a00003688	126854
a00003689	126855
a00003690	126856
a00003691	126857
a00003692	126858
a00003693	126859
a00003694	126860
a00003695	126861
a00003696	126862
a00003697	126863
a00003698	126864
a00003699	126865
a00003700	126866
a00003701	126867
a00003702	126868
a00003703	126869
a00003704	126870
a00003705	126871
a00003706	126872
a00003707	126873
a00003708	126874
a00003709	126875
a00003710	126876
a00003711	126877
a00003712	126878
a00003713	126879
a00003714	126880
a00003715	126881
a00003716	126882
a00003717	126883
a00003718	126884
a00003719	126885
a00003720	126886
a00003721	126887
a00003722	126888
a00003723	126889
a00003724	126890
a00003725	126891
a00003726	126892
a00003727	126893
a00003728	126894
a00003729	126895
a00003730	126896
a00003731	126897
a00003732	126898
a00003733	126899
a00003734	126900
a00003735	126901
a00003736	126902
a00003737	126903
a00003738	126904
a00003739	126905
a00003740	126906
a00003741	126907
a00003742	126908
a00003743	126909
a00003744	126910
a00003745	126911
a00003746	126912
a00003747	126913
a00003748	126914
a00003749	126915
a00003750	126916
a00003751	126917
a00003752	126918
a00003753	126919
a00003754	126920
a00003755	126921
a00003756	126922
a00003757	126923
a00003758	126924
a00003759	126925
a00003760	126926
a00003761	126927
a00003762	126928
a00003763	126929
a00003764	126930
a00003765	126931
a00003766	126932
a00003767	126933
a00003768	126934
a00003769	126935
a00003770	126936
a00003771	126937
a00003772	126938
a00003773	126939
a00003774	126940
a00003775	126941
a00003776	126942
a00003777	126943
a00003778	126944
a00003779	126945
a00003780	126946
a00003781	126947
a00003782	126948
a00003783	126949
a00003784	126950
a00003785	126951
a00003786	126952
a00003787	126953
a00003788	126954
a00003789	126955
a00003790	126956
a00003791	126957
a00003792	126958
a00003793	126959
a00003794	126960
a00003795	126961
a00003796	126962
a00003797	126963
a00003798	126964
a00003799	126965
a00003800	126966
a00003801	126967
a00003802	126968
a00003803	126969
a00003804	126970
a00003805	126971
a00003806	126972
a00003807	126973
a00003808	126974
a00003809	126975
a00003810	126976
a00003811	126977
a00003812	126978
a00003813	126979
a00003814	126980
a00003815	126981
a00003816	126982
a00003817	126983
a00003818	126984
a00003819	126985
a00003820	126986
a00003821	126987
a00003822	126988
a00003823	126989
a00003824	126990
a00003825	126991
a00003826	126992
a00003827	126993
a00003828	126994
a00003829	126995
a00003830	126996
a00003831	126997
a00003832	126998
a00003833	126999
a00003834	127000
a00003835	127001
a00003836	127002
a00003837	127003
a00003838	127004
a00003839	127005
a00003840	127006
a00003841	127007
a00003842	127008
a00003843	127009
a00003844	127010
a00003845	127011
a00003846	127012
a00003847	127013
a00003848	127014
a00003849	127015
a00003850	127016
a00003851	127017
a00003852	127018
a00003853	127019
a00003854	127020
a00003855	127021
a00003856	127022
a00003857	127023
a00003858	127024
a00003859	127025
a00003860	127026
a00003861	127027
a00003862	127028
a00003863	127029
a00003864	127030
a00003865	127031
a00003866	127032
a00003867	127033
a00003868	127034
a00003869	127035
a00003870	127036
a00003871	127037
a00003872	127038
a00003873	127039
a00003874	127040
a00003875	127041
a00003876	127042
a00003877	127043
a00003878	127044
a00003879	127045
a00003880	127046
a00003881	127047
a00003882	127048
a00003883	127049
a00003884	127050
a00003885	127051
a00003886	127052
a00003887	127053
a00003888	127054
a00003889	127055
a00003890	127056
a00003891	127057
a00003892	127058
a00003893	127059
a00003894	127060
a00003895	127061
a00003896	127062
a00003897	127063
a00003898	127064
a00003899	127065
a00003900	127066
a00003901	127067
a00003902	127068
a00003903	127069
a00003904	127070
a00003905	127071
a00003906	127072
a00003907	127073
a00003908	127074
a00003909	127075
a00003910	127076
a00003911	127077
a00003912	127078
a00003913	127079
a00003914	127080
a00003915	127081
a00003916	127082
a00003917	127083
a00003918	127084
a00003919	127085
a00003920	127086
a00003921	127087
a00003922	127088
a00003923	127089
a00003924	127090
a00003925	127091
a00003926	127092
a00003927	127093
a00003928	127094
a00003929	127095
a00003930	127096
a00003931	127097
a00003932	127098
a00003933	127099
a00003934	127100
a00003935	127101
a00003936	127102
a00003937	127103
a00003938	127104
a00003939	127105
a00003940	127106
a00003941	127107
a00003942	127108
a00003943	127109
a00003944	127110
a00003945	127111
a00003946	127112
a00003947	127113
a00003948	127114
a00003949	127115
a00003950	127116
a00003951	127117
a00003952	127118
a00003953	127119
a00003954	127120
a00003955	127121
a00003956	127122
a00003957	127123
a00003958	127124
a00003959	127125
a00003960	127126
a00003961	127127
a00003962	127128
a00003963	127129
a00003964	127130
a00003965	127131
a00003966	127132
a00003967	127133
a00003968	127134
a00003969	127135
a00003970	127136
a00003971	127137
a00003972	127138
a00003973	127139
a00003974	127140
a00003975	127141
a00003976	127142
a00003977	127143
a00003978	127144
a00003979	127145
a00003980	127146
a00003981	127147
a00003982	127148
a00003983	127149
a00003984	127150
a00003985	127151
a00003986	127152
a00003987	127153
a00003988	127154
a00003989	127155
a00003990	127156
a00003991	127157
a00003992	127158
a00003993	127159
a00003994	127160
a00003995	127161
a00003996	127162
a00003997	127163
a00003998	127164
a00003999	127165
a00004000	127166
a00004001	127167
a00004002	127168
a00004003	127169
a00004004	127170
a00004005	127171
a00004006	127172
a00004007	127173
a00004008	127174
a00004009	127175
a00004010	127176
a00004011	127177
a00004012	127178
a00004013	127179
a00004014	127180
a00004015	127181
a00004016	127182
a00004017	127183
a00004018	127184
a00004019	127185
a00004020	127186
a00004021	127187
a00004022	127188
a00004023	127189
a00004024	127190
a00004025	127191
a00004026	127192
a00004027	127193
a00004028	127194
a00004029	127195
a00004030	127196
a00004031	127197
a00004032	127198
a00004033	127199
a00004034	127200
a00004035	127201
a00004036	127202
a00004037	127203
a00004038	127204
a00004039	127205
a00004040	127206
a00004041	127207
a00004042	127208
a00004043	127209
a00004044	127210
a00004045	127211
a00004046	127212
a00004047	127213
a00004048	127214
a00004049	127215
a00004050	127216
a00004051	127217
a00004052	127218
a00004053	127219
a00004054	127220
a00004055	127221
a00004056	127222
a00004057	127223
a00004058	127224
a00004059	127225
a00004060	127226
a00004061	127227
a00004062	127228
a00004063	127229
a00004064	127230
a00004065	127231
a00004066	127232
a00004067	127233
a00004068	127234
a00004069	127235
a00004070	127236
a00004071	127237
a00004072	127238
a00004073	127239
a00004074	127240
a00004075	127241
a00004076	127242
a00004077	127243
a00004078	127244
a00004079	127245
a00004080	127246
a00004081	127247
a00004082	127248
a00004083	127249
a00004084	127250
a00004085	127251
a00004086	127252
a00004087	127253
a00004088	127254
a00004089	127255
a00004090	127256
a00004091	127257
a00004092	127258
a00004093	127259
a00004094	127260
a00004095	127261
a00004096	127262
a00004097	127263
a00004098	127264
a00004099	127265
a00004100	127266
a00004101	127267
a00004102	127268
a00004103	127269
a00004104	127270
a00004105	127271
a00004106	127272
a00004107	127273
a00004108	127274
a00004109	127275
a00004110	127276
a00004111	127277
a00004112	127278
a00004113	127279
a00004114	127280
a00004115	127281
a00004116	127282
a00004117	127283
a00004118	127284
a00004119	127285
a00004120	127286
a00004121	127287
a00004122	127288
a00004123	127289
a00004124	127290
a00004125	127291
a00004126	127292
a00004127	127293
a00004128	127294
a00004129	127295
a00004130	127296
a00004131	127297
a00004132	127298
a00004133	127299
a00004134	127300
a00004135	127301
a00004136	127302
a00004137	127303
a00004138	127304
a00004139	127305
a00004140	127306
a00004141	127307
a00004142	127308
a00004143	127309
a00004144	127310
a00004145	127311
a00004146	127312
a00004147	127313
a00004148	127314
a00004149	127315
a00004150	127316
a00004151	127317
a00004152	127318
a00004153	127319
a00004154	127320
a00004155	127321
a00004156	127322
a00004157	127323
a00004158	127324
a00004159	127325
a00004160	127326
a00004161	127327
a00004162	127328
a00004163	127329
a00004164	127330
a00004165	127331
a00004166	127332
a00004167	127333
a00004168	127334
a00004169	127335
a00004170	127336
a00004171	127337
a00004172	127338
a00004173	127339
a00004174	127340
a00004175	127341
a00004176	127342
a00004177	127343
a00004178	127344
a00004179	127345
a00004180	127346
a00004181	127347
a00004182	127348
a00004183	127349
a00004184	127350
a00004185	127351
a00004186	127352
a00004187	127353
a00004188	127354
a00004189	127355
a00004190	127356
a00004191	127357
a00004192	127358
a00004193	127359
a00004194	127360
a00004195	127361
a00004196	127362
a00004197	127363
a00004198	127364
a00004199	127365
a00004200	127366
a00004201	127367
a00004202	127368
a00004203	127369
a00004204	127370
a00004205	127371
a00004206	127372
a00004207	127373
a00004208	127374
a00004209	127375
a00004210	127376
a00004211	127377
a00004212	127378
a00004213	127379
a00004214	127380
a00004215	127381
a00004216	127382
a00004217	127383
a00004218	127384
a00004219	127385
a00004220	127386
a00004221	127387
a00004222	127388
a00004223	127389
a00004224	127390
a00004225	127391
a00004226	127392
a00004227	127393
a00004228	127394
a00004229	127395
a00004230	127396
a00004231	127397
a00004232	127398
a00004233	127399
a00004234	127400
a00004235	127401
a00004236	127402
a00004237	127403
a00004238	127404
a00004239	127405
a00004240	127406
a00004241	127407
a00004242	127408
a00004243	127409
a00004244	127410
a00004245	127411
a00004246	127412
a00004247	127413
a00004248	127414
a00004249	127415
a00004250	127416
a00004251	127417
a00004252	127418
a00004253	127419
a00004254	127420
a00004255	127421
a00004256	127422
a00004257	127423
a00004258	127424
a00004259	127425
a00004260	127426
a00004261	127427
a00004262	127428
a00004263	127429
a00004264	127430
a00004265	127431
a00004266	127432
a00004267	127433
a00004268	127434
a00004269	127435
a00004270	127436
a00004271	127437
a00004272	127438
a00004273	127439
a00004274	127440
a00004275	127441
a00004276	127442
a00004277	127443
a00004278	127444
a00004279	127445
a00004280	127446
a00004281	127447
a00004282	127448
a00004283	127449
a00004284	127450
a00004285	127451
a00004286	127452
a00004287	127453
a00004288	127454
a00004289	127455
a00004290	127456
a00004291	127457
a00004292	127458
a00004293	127459
a00004294	127460
a00004295	127461
a00004296	127462
a00004297	127463
a00004298	127464
a00004299	127465
a00004300	127466
a00004301	127467
a00004302	127468
a00004303	127469
a00004304	127470
a00004305	127471
a00004306	127472
a00004307	127473
a00004308	127474
a00004309	127475
a00004310	127476
a00004311	127477
a00004312	127478
a00004313	127479
a00004314	127480
a00004315	127481
a00004316	127482
a00004317	127483
a00004318	127484
a00004319	127485
a00004320	127486
a00004321	127487
a00004322	127488
a00004323	127489
a00004324	127490
a00004325	127491
a00004326	127492
a00004327	127493
a00004328	127494
a00004329	127495
a00004330	127496
a00004331	127497
a00004332	127498
a00004333	127499
a00004334	127500
a00004335	127501
a00004336	127502
a00004337	127503
a00004338	127504
a00004339	127505
a00004340	127506
a00004341	127507
a00004342	127508
a00004343	127509
a00004344	127510
a00004345	127511
a00004346	127512
a00004347	127513
a00004348	127514
a00004349	127515
a00004350	127516
a00004351	127517
a00004352	127518
a00004353	127519
a00004354	127520
a00004355	127521
a00004356	127522
a00004357	127523
a00004358	127524
a00004359	127525
a00004360	127526
a00004361	127527
a00004362	127528
a00004363	127529
a00004364	127530
a00004365	127531
a00004366	127532
a00004367	127533
a00004368	127534
a00004369	127535
a00004370	127536
a00004371	127537
a00004372	127538
a00004373	127539
a00004374	127540
a00004375	127541
a00004376	127542
a00004377	127543
a00004378	127544
a00004379	127545
a00004380	127546
a00004381	127547
a00004382	127548
a00004383	127549
a00004384	127550
a00004385	127551
a00004386	127552
a00004387	127553
a00004388	127554
a00004389	127555
a00004390	127556
a00004391	127557
a00004392	127558
a00004393	127559
a00004394	127560
a00004395	127561
a00004396	127562
a00004397	127563
a00004398	127564
a00004399	127565
a00004400	127566
a00004401	127567
a00004402	127568
a00004403	127569
a00004404	127570
a00004405	127571
a00004406	127572
a00004407	127573
a00004408	127574
a00004409	127575
a00004410	127576
a00004411	127577
a00004412	127578
a00004413	127579
a00004414	127580
a00004415	127581
a00004416	127582
a00004417	127583
a00004418	127584
a00004419	127585
a00004420	127586
a00004421	127587
a00004422	127588
a00004423	127589
a00004424	127590
a00004425	127591
a00004426	127592
a00004427	127593
a00004428	127594
a00004429	127595
a00004430	127596
a00004431	127597
a00004432	127598
a00004433	127599
a00004434	127600
a00004435	127601
a00004436	127602
a00004437	127603
a00004438	127604
a00004439	127605
a00004440	127606
a00004441	127607
a00004442	127608
a00004443	127609
a00004444	127610
a00004445	127611
a00004446	127612
a00004447	127613
a00004448	127614
a00004449	127615
a00004450	127616
a00004451	127617
a00004452	127618
a00004453	127619
a00004454	127620
a00004455	127621
a00004456	127622
a00004457	127623
a00004458	127624
a00004459	127625
a00004460	127626
a00004461	127627
a00004462	127628
a00004463	127629
a00004464	127630
a00004465	127631
a00004466	127632
a00004467	127633
a00004468	127634
a00004469	127635
a00004470	127636
a00004471	127637
a00004472	127638
a00004473	127639
a00004474	127640
a00004475	127641
a00004476	127642
a00004477	127643
a00004478	127644
a00004479	127645
a00004480	127646
a00004481	127647
a00004482	127648
a00004483	127649
a00004484	127650
a00004485	127651
a00004486	127652
a00004487	127653
a00004488	127654
a00004489	127655
a00004490	127656
a00004491	127657
a00004492	127658
a00004493	127659
a00004494	127660
a00004495	127661
a00004496	127662
a00004497	127663
a00004498	127664
a00004499	127665
a00004500	127666
a00004501	127667
a00004502	127668
a00004503	127669
a00004504	127670
a00004505	127671
a00004506	127672
a00004507	127673
a00004508	127674
a00004509	127675
a00004510	127676
a00004511	127677
a00004512	127678
a00004513	127679
a00004514	127680
a00004515	127681
a00004516	127682
a00004517	127683
a00004518	127684
a00004519	127685
a00004520	127686
a00004521	127687
a00004522	127688
a00004523	127689
a00004524	127690
a00004525	127691
a00004526	127692
a00004527	127693
a00004528	127694
a00004529	127695
a00004530	127696
a00004531	127697
a00004532	127698
a00004533	127699
a00004534	127700
a00004535	127701
a00004536	127702
a00004537	127703
a00004538	127704
a00004539	127705
a00004540	127706
a00004541	127707
a00004542	127708
a00004543	127709
a00004544	127710
a00004545	127711
a00004546	127712
a00004547	127713
a00004548	127714
a00004549	127715
a00004550	127716
a00004551	127717
a00004552	127718
a00004553	127719
a00004554	127720
a00004555	127721
a00004556	127722
a00004557	127723
a00004558	127724
a00004559	127725
a00004560	127726
a00004561	127727
a00004562	127728
a00004563	127729
a00004564	127730
a00004565	127731
a00004566	127732
a00004567	127733
a00004568	127734
a00004569	127735
a00004570	127736
a00004571	127737
a00004572	127738
a00004573	127739
a00004574	127740
a00004575	127741
a00004576	127742
a00004577	127743
a00004578	127744
a00004579	127745
a00004580	127746
a00004581	127747
a00004582	127748
a00004583	127749
a00004584	127750
a00004585	127751
a00004586	127752
a00004587	127753
a00004588	127754
a00004589	127755
a00004590	127756
a00004591	127757
a00004592	127758
a00004593	127759
a00004594	127760
a00004595	127761
a00004596	127762
a00004597	127763
a00004598	127764
a00004599	127765
a00004600	127766
a00004601	127767
a00004602	127768
a00004603	127769
a00004604	127770
a00004605	127771
a00004606	127772
a00004607	127773
a00004608	127774
a00004609	127775
a00004610	127776
a00004611	127777
a00004612	127778
a00004613	127779
a00004614	127780
a00004615	127781
a00004616	127782
a00004617	127783
a00004618	127784
a00004619	127785
a00004620	127786
a00004621	127787
a00004622	127788
a00004623	127789
a00004624	127790
a00004625	127791
a00004626	127792
a00004627	127793
a00004628	127794
a00004629	127795
a00004630	127796
a00004631	127797
a00004632	127798
a00004633	127799
a00004634	127800
a00004635	127801
a00004636	127802
a00004637	127803
a00004638	127804
a00004639	127805
a00004640	127806
a00004641	127807
a00004642	127808
a00004643	127809
a00004644	127810
a00004645	127811
a00004646	127812
a00004647	127813
a00004648	127814
a00004649	127815
a00004650	127816
a00004651	127817
a00004652	127818
a00004653	127819
a00004654	127820
a00004655	127821
a00004656	127822
a00004657	127823
a00004658	127824
a00004659	127825
a00004660	127826
a00004661	127827
a00004662	127828
a00004663	127829
a00004664	127830
a00004665	127831
a00004666	127832
a00004667	127833
a00004668	127834
a00004669	127835
a00004670	127836
a00004671	127837
a00004672	127838
a00004673	127839
a00004674	127840
a00004675	127841
a00004676	127842
a00004677	127843
a00004678	127844
a00004679	127845
a00004680	127846
a00004681	127847
a00004682	127848
a00004683	127849
a00004684	127850
a00004685	127851
a00004686	127852
a00004687	127853
a00004688	127854
a00004689	127855
a00004690	127856
a00004691	127857
a00004692	127858
a00004693	127859
a00004694	127860
a00004695	127861
a00004696	127862
a00004697	127863
a00004698	127864
a00004699	127865
a00004700	127866
a00004701	127867
a00004702	127868
a00004703	127869
a00004704	127870
a00004705	127871
a00004706	127872
a00004707	127873
a00004708	127874
a00004709	127875
a00004710	127876
a00004711	127877
a00004712	127878
a00004713	127879
a00004714	127880
a00004715	127881
a00004716	127882
a00004717	127883
a00004718	127884
a00004719	127885
a00004720	127886
a00004721	127887
a00004722	127888
a00004723	127889
a00004724	127890
a00004725	127891
a00004726	127892
a00004727	127893
a00004728	127894
a00004729	127895
a00004730	127896
a00004731	127897
a00004732	127898
a00004733	127899
a00004734	127900
a00004735	127901
a00004736	127902
a00004737	127903
a00004738	127904
a00004739	127905
a00004740	127906
a00004741	127907
a00004742	127908
a00004743	127909
a00004744	127910
a00004745	127911
a00004746	127912
a00004747	127913
a00004748	127914
a00004749	127915
a00004750	127916
a00004751	127917
a00004752	127918
a00004753	127919
a00004754	127920
a00004755	127921
a00004756	127922
a00004757	127923
a00004758	127924
a00004759	127925
a00004760	127926
a00004761	127927
a00004762	127928
a00004763	127929
a00004764	127930
a00004765	127931
a00004766	127932
a00004767	127933
a00004768	127934
a00004769	127935
a00004770	127936
a00004771	127937
a00004772	127938
a00004773	127939
a00004774	127940
a00004775	127941
a00004776	127942
a00004777	127943
a00004778	127944
a00004779	127945
a00004780	127946
a00004781	127947
a00004782	127948
a00004783	127949
a00004784	127950
a00004785	127951
a00004786	127952
a00004787	127953
a00004788	127954
a00004789	127955
a00004790	127956
a00004791	127957
a00004792	127958
a00004793	127959
a00004794	127960
a00004795	127961
a00004796	127962
a00004797	127963
a00004798	127964
a00004799	127965
a00004800	127966
a00004801	127967
a00004802	127968
a00004803	127969
a00004804	127970
a00004805	127971
a00004806	127972
a00004807	127973
a00004808	127974
a00004809	127975
a00004810	127976
a00004811	127977
a00004812	127978
a00004813	127979
a00004814	127980
a00004815	127981
a00004816	127982
a00004817	127983
a00004818	127984
a00004819	127985
a00004820	127986
a00004821	127987
a00004822	127988
a00004823	127989
a00004824	127990
a00004825	127991
a00004826	127992
a00004827	127993
a00004828	127994
a00004829	127995
a00004830	127996
a00004831	127997
a00004832	127998
a00004833	127999
a00004834	128000
a00004835	128001
a00004836	128002
a00004837	128003
a00004838	128004
a00004839	128005
a00004840	128006
a00004841	128007
a00004842	128008
a00004843	128009
a00004844	128010
a00004845	128011
a00004846	128012
a00004847	128013
a00004848	128014
a00004849	128015
a00004850	128016
a00004851	128017
a00004852	128018
a00004853	128019
a00004854	128020
a00004855	128021
a00004856	128022
a00004857	128023
a00004858	128024
a00004859	128025
a00004860	128026
a00004861	128027
a00004862	128028
a00004863	128029
a00004864	128030
a00004865	128031
a00004866	128032
a00004867	128033
a00004868	128034
a00004869	128035
a00004870	128036
a00004871	128037
a00004872	128038
a00004873	128039
a00004874	128040
a00004875	128041
a00004876	128042
a00004877	128043
a00004878	128044
a00004879	128045
a00004880	128046
a00004881	128047
a00004882	128048
a00004883	128049
a00004884	128050
a00004885	128051
a00004886	128052
a00004887	128053
a00004888	128054
a00004889	128055
a00004890	128056
a00004891	128057
a00004892	128058
a00004893	128059
a00004894	128060
a00004895	128061
a00004896	128062
a00004897	128063
a00004898	128064
a00004899	128065
a00004900	128066
a00004901	128067
a00004902	128068
a00004903	128069
a00004904	128070
a00004905	128071
a00004906	128072
a00004907	128073
a00004908	128074
a00004909	128075
a00004910	128076
a00004911	128077
a00004912	128078
a00004913	128079
a00004914	128080
a00004915	128081
a00004916	128082
a00004917	128083
a00004918	128084
a00004919	128085
a00004920	128086
a00004921	128087
a00004922	128088
a00004923	128089
a00004924	128090
a00004925	128091
a00004926	128092
a00004927	128093
a00004928	128094
a00004929	128095
a00004930	128096
a00004931	128097
a00004932	128098
a00004933	128099
a00004934	128100
a00004935	128101
a00004936	128102
a00004937	128103
a00004938	128104
a00004939	128105
a00004940	128106
a00004941	128107
a00004942	128108
a00004943	128109
a00004944	128110
a00004945	128111
a00004946	128112
a00004947	128113
a00004948	128114
a00004949	128115
a00004950	128116
a00004951	128117
a00004952	128118
a00004953	128119
a00004954	128120
a00004955	128121
a00004956	128122
a00004957	128123
a00004958	128124
a00004959	128125
a00004960	128126
a00004961	128127
a00004962	128128
a00004963	128129
a00004964	128130
a00004965	128131
a00004966	128132
a00004967	128133
a00004968	128134
a00004969	128135
a00004970	128136
a00004971	128137
a00004972	128138
a00004973	128139
a00004974	128140
a00004975	128141
a00004976	128142
a00004977	128143
a00004978	128144
a00004979	128145
a00004980	128146
a00004981	128147
a00004982	128148
a00004983	128149
a00004984	128150
a00004985	128151
a00004986	128152
a00004987	128153
a00004988	128154
a00004989	128155
a00004990	128156
a00004991	128157
a00004992	128158
a00004993	128159
a00004994	128160
a00004995	128161
a00004996	128162
a00004997	128163
a00004998	128164
a00004999	128165
a00005000	128166
a00005001	128167
a00005002	128168
a00005003	128169
a00005004	128170
a00005005	128171
a00005006	128172
a00005007	128173
a00005008	128174
a00005009	128175
a00005010	128176
a00005011	128177
a00005012	128178
a00005013	128179
a00005014	128180
a00005015	128181
a00005016	128182
a00005017	128183
a00005018	128184
a00005019	128185
a00005020	128186
a00005021	128187
a00005022	128188
a00005023	128189
a00005024	128190
a00005025	128191
a00005026	128192
a00005027	128193
a00005028	128194
a00005029	128195
a00005030	128196
a00005031	128197
a00005032	128198
a00005033	128199
a00005034	128200
a00005035	128201
a00005036	128202
a00005037	128203
a00005038	128204
a00005039	128205
a00005040	128206
a00005041	128207
a00005042	128208
a00005043	128209
a00005044	128210
a00005045	128211
a00005046	128212
a00005047	128213
a00005048	128214
a00005049	128215
a00005050	128216
a00005051	128217
a00005052	128218
a00005053	128219
a00005054	128220
a00005055	128221
a00005056	128222
a00005057	128223
a00005058	128224
a00005059	128225
a00005060	128226
a00005061	128227
a00005062	128228
a00005063	128229
a00005064	128230
a00005065	128231
a00005066	128232
a00005067	128233
a00005068	128234
a00005069	128235
a00005070	128236
a00005071	128237
a00005072	128238
a00005073	128239
a00005074	128240
a00005075	128241
a00005076	128242
a00005077	128243
a00005078	128244
a00005079	128245
a00005080	128246
a00005081	128247
a00005082	128248
a00005083	128249
a00005084	128250
a00005085	128251
a00005086	128252
a00005087	128253
a00005088	128254
a00005089	128255
a00005090	128256
a00005091	128257
a00005092	128258
a00005093	128259
a00005094	128260
a00005095	128261
a00005096	128262
a00005097	128263
a00005098	128264
a00005099	128265
a00005100	128266
a00005101	128267
a00005102	128268
a00005103	128269
a00005104	128270
a00005105	128271
a00005106	128272
a00005107	128273
a00005108	128274
a00005109	128275
a00005110	128276
a00005111	128277
a00005112	128278
a00005113	128279
a00005114	128280
a00005115	128281
a00005116	128282
a00005117	128283
a00005118	128284
a00005119	128285
a00005120	128286
a00005121	128287
a00005122	128288
a00005123	128289
a00005124	128290
a00005125	128291
a00005126	128292
a00005127	128293
a00005128	128294
a00005129	128295
a00005130	128296
a00005131	128297
a00005132	128298
a00005133	128299
a00005134	128300
a00005135	128301
a00005136	128302
a00005137	128303
a00005138	128304
a00005139	128305
a00005140	128306
a00005141	128307
a00005142	128308
a00005143	128309
a00005144	128310
a00005145	128311
a00005146	128312
a00005147	128313
a00005148	128314
a00005149	128315
a00005150	128316
a00005151	128317
a00005152	128318
a00005153	128319
a00005154	128320
a00005155	128321
a00005156	128322
a00005157	128323
a00005158	128324
a00005159	128325
a00005160	128326
a00005161	128327
a00005162	128328
a00005163	128329
a00005164	128330
a00005165	128331
a00005166	128332
a00005167	128333
a00005168	128334
a00005169	128335
a00005170	128336
a00005171	128337
a00005172	128338
a00005173	128339
a00005174	128340
a00005175	128341
a00005176	128342
a00005177	128343
a00005178	128344
a00005179	128345
a00005180	128346
a00005181	128347
a00005182	128348
a00005183	128349
a00005184	128350
a00005185	128351
a00005186	128352
a00005187	128353
a00005188	128354
a00005189	128355
a00005190	128356
a00005191	128357
a00005192	128358
a00005193	128359
a00005194	128360
a00005195	128361
a00005196	128362
a00005197	128363
a00005198	128364
a00005199	128365
a00005200	128366
a00005201	128367
a00005202	128368
a00005203	128369
a00005204	128370
a00005205	128371
a00005206	128372
a00005207	128373
a00005208	128374
a00005209	128375
a00005210	128376
a00005211	128377
a00005212	128378
a00005213	128379
a00005214	128380
a00005215	128381
a00005216	128382
a00005217	128383
a00005218	128384
a00005219	128385
a00005220	128386
a00005221	128387
a00005222	128388
a00005223	128389
a00005224	128390
a00005225	128391
a00005226	128392
a00005227	128393
a00005228	128394
a00005229	128395
a00005230	128396
a00005231	128397
a00005232	128398
a00005233	128399
a00005234	128400
a00005235	128401
a00005236	128402
a00005237	128403
a00005238	128404
a00005239	128405
a00005240	128406
a00005241	128407
a00005242	128408
a00005243	128409
a00005244	128410
a00005245	128411
a00005246	128412
a00005247	128413
a00005248	128414
a00005249	128415
a00005250	128416
a00005251	128417
a00005252	128418
a00005253	128419
a00005254	128420
a00005255	128421
a00005256	128422
a00005257	128423
a00005258	128424
a00005259	128425
a00005260	128426
a00005261	128427
a00005262	128428
a00005263	128429
a00005264	128430
a00005265	128431
a00005266	128432
a00005267	128433
a00005268	128434
a00005269	128435
a00005270	128436
a00005271	128437
a00005272	128438
a00005273	128439
a00005274	128440
a00005275	128441
a00005276	128442
a00005277	128443
a00005278	128444
a00005279	128445
a00005280	128446
a00005281	128447
a00005282	128448
a00005283	128449
a00005284	128450
a00005285	128451
a00005286	128452
a00005287	128453
a00005288	128454
a00005289	128455
a00005290	128456
a00005291	128457
a00005292	128458
a00005293	128459
a00005294	128460
a00005295	128461
a00005296	128462
a00005297	128463
a00005298	128464
a00005299	128465
a00005300	128466
a00005301	128467
a00005302	128468
a00005303	128469
a00005304	128470
a00005305	128471
a00005306	128472
a00005307	128473
a00005308	128474
a00005309	128475
a00005310	128476
a00005311	128477
a00005312	128478
a00005313	128479
a00005314	128480
a00005315	128481
a00005316	128482
a00005317	128483
a00005318	128484
a00005319	128485
a00005320	128486
a00005321	128487
a00005322	128488
a00005323	128489
a00005324	128490
a00005325	128491
a00005326	128492
a00005327	128493
a00005328	128494
a00005329	128495
a00005330	128496
a00005331	128497
a00005332	128498
a00005333	128499
a00005334	128500
a00005335	128501
a00005336	128502
a00005337	128503
a00005338	128504
a00005339	128505
a00005340	128506
a00005341	128507
a00005342	128508
a00005343	128509
a00005344	128510
a00005345	128511
a00005346	128512
a00005347	128513
a00005348	128514
a00005349	128515
a00005350	128516
a00005351	128517
a00005352	128518
a00005353	128519
a00005354	128520
a00005355	128521
a00005356	128522
a00005357	128523
a00005358	128524
a00005359	128525
a00005360	128526
a00005361	128527
a00005362	128528
a00005363	128529
a00005364	128530
a00005365	128531
a00005366	128532
a00005367	128533
a00005368	128534
a00005369	128535
a00005370	128536
a00005371	128537
a00005372	128538
a00005373	128539
a00005374	128540
a00005375	128541
a00005376	128542
a00005377	128543
a00005378	128544
a00005379	128545
a00005380	128546
a00005381	128547
a00005382	128548
a00005383	128549
a00005384	128550
a00005385	128551
a00005386	128552
a00005387	128553
a00005388	128554
a00005389	128555
a00005390	128556
a00005391	128557
a00005392	128558
a00005393	128559
a00005394	128560
a00005395	128561
a00005396	128562
a00005397	128563
a00005398	128564
a00005399	128565
a00005400	128566
a00005401	128567
a00005402	128568
a00005403	128569
a00005404	128570
a00005405	128571
a00005406	128572
a00005407	128573
a00005408	128574
a00005409	128575
a00005410	128576
a00005411	128577
a00005412	128578
a00005413	128579
a00005414	128580
a00005415	128581
a00005416	128582
a00005417	128583
a00005418	128584
a00005419	128585
a00005420	128586
a00005421	128587
a00005422	128588
a00005423	128589
a00005424	128590
a00005425	128591
a00005426	128592
a00005427	128593
a00005428	128594
a00005429	128595
a00005430	128596
a00005431	128597
a00005432	128598
a00005433	128599
a00005434	128600
a00005435	128601
a00005436	128602
a00005437	128603
a00005438	128604
a00005439	128605
a00005440	128606
a00005441	128607
a00005442	128608
a00005443	128609
a00005444	128610
a00005445	128611
a00005446	128612
a00005447	128613
a00005448	128614
a00005449	128615
a00005450	128616
a00005451	128617
a00005452	128618
a00005453	128619
a00005454	128620
a00005455	128621
a00005456	128622
a00005457	128623
a00005458	128624
a00005459	128625
a00005460	128626
a00005461	128627
a00005462	128628
a00005463	128629
a00005464	128630
a00005465	128631
a00005466	128632
a00005467	128633
a00005468	128634
a00005469	128635
a00005470	128636
a00005471	128637
a00005472	128638
a00005473	128639
a00005474	128640
a00005475	128641
a00005476	128642
a00005477	128643
a00005478	128644
a00005479	128645
a00005480	128646
a00005481	128647
a00005482	128648
a00005483	128649
a00005484	128650
a00005485	128651
a00005486	128652
a00005487	128653
a00005488	128654
a00005489	128655
a00005490	128656
a00005491	128657
a00005492	128658
a00005493	128659
a00005494	128660
a00005495	128661
a00005496	128662
a00005497	128663
a00005498	128664
a00005499	128665
a00005500	128666
a00005501	128667
a00005502	128668
a00005503	128669
a00005504	128670
a00005505	128671
a00005506	128672
a00005507	128673
a00005508	128674
a00005509	128675
a00005510	128676
a00005511	128677
a00005512	128678
a00005513	128679
a00005514	128680
a00005515	128681
a00005516	128682
a00005517	128683
a00005518	128684
a00005519	128685
a00005520	128686
a00005521	128687
a00005522	128688
a00005523	128689
a00005524	128690
a00005525	128691
a00005526	128692
a00005527	128693
a00005528	128694
a00005529	128695
a00005530	128696
a00005531	128697
a00005532	128698
a00005533	128699
a00005534	128700
a00005535	128701
a00005536	128702
a00005537	128703
a00005538	128704
a00005539	128705
a00005540	128706
a00005541	128707
a00005542	128708
a00005543	128709
a00005544	128710
a00005545	128711
a00005546	128712
a00005547	128713
a00005548	128714
a00005549	128715
a00005550	128716
a00005551	128717
a00005552	128718
a00005553	128719
a00005554	128720
a00005555	128721
a00005556	128722
a00005557	128723
a00005558	128724
a00005559	128725
a00005560	128726
a00005561	128727
a00005562	128728
a00005563	128729
a00005564	128730
a00005565	128731
a00005566	128732
a00005567	128733
a00005568	128734
a00005569	128735
a00005570	128736
a00005571	128737
a00005572	128738
a00005573	128739
a00005574	128740
a00005575	128741
a00005576	128742
a00005577	128743
a00005578	128744
a00005579	128745
a00005580	128746
a00005581	128747
a00005582	128748
a00005583	128749
a00005584	128750
a00005585	128751
a00005586	128752
a00005587	128753
a00005588	128754
a00005589	128755
a00005590	128756
a00005591	128757
a00005592	128758
a00005593	128759
a00005594	128760
a00005595	128761
a00005596	128762
a00005597	128763
a00005598	128764
a00005599	128765
a00005600	128766
a00005601	128767
a00005602	128768
a00005603	128769
a00005604	128770
a00005605	128771
a00005606	128772
a00005607	128773
a00005608	128774
a00005609	128775
a00005610	128776
a00005611	128777
a00005612	128778
a00005613	128779
a00005614	128780
a00005615	128781
a00005616	128782
a00005617	128783
a00005618	128784
a00005619	128785
a00005620	128786
a00005621	128787
a00005622	128788
a00005623	128789
a00005624	128790
a00005625	128791
a00005626	128792
a00005627	128793
a00005628	128794
a00005629	128795
a00005630	128796
a00005631	128797
a00005632	128798
a00005633	128799
a00005634	128800
a00005635	128801
a00005636	128802
a00005637	128803
a00005638	128804
a00005639	128805
a00005640	128806
a00005641	128807
a00005642	128808
a00005643	128809
a00005644	128810
a00005645	128811
a00005646	128812
a00005647	128813
a00005648	128814
a00005649	128815
a00005650	128816
a00005651	128817
a00005652	128818
a00005653	128819
a00005654	128820
a00005655	128821
a00005656	128822
a00005657	128823
a00005658	128824
a00005659	128825
a00005660	128826
a00005661	128827
a00005662	128828
a00005663	128829
a00005664	128830
a00005665	128831
a00005666	128832
a00005667	128833
a00005668	128834
a00005669	128835
a00005670	128836
a00005671	128837
a00005672	128838
a00005673	128839
a00005674	128840
a00005675	128841
a00005676	128842
a00005677	128843
a00005678	128844
a00005679	128845
a00005680	128846
a00005681	128847
a00005682	128848
a00005683	128849
a00005684	128850
a00005685	128851
a00005686	128852
a00005687	128853
a00005688	128854
a00005689	128855
a00005690	128856
a00005691	128857
a00005692	128858
a00005693	128859
a00005694	128860
a00005695	128861
a00005696	128862
a00005697	128863
a00005698	128864
a00005699	128865
a00005700	128866
a00005701	128867
a00005702	128868
a00005703	128869
a00005704	128870
a00005705	128871
a00005706	128872
a00005707	128873
a00005708	128874
a00005709	128875
a00005710	128876
a00005711	128877
a00005712	128878
a00005713	128879
a00005714	128880
a00005715	128881
a00005716	128882
a00005717	128883
a00005718	128884
a00005719	128885
a00005720	128886
a00005721	128887
a00005722	128888
a00005723	128889
a00005724	128890
a00005725	128891
a00005726	128892
a00005727	128893
a00005728	128894
a00005729	128895
a00005730	128896
a00005731	128897
a00005732	128898
a00005733	128899
a00005734	128900
a00005735	128901
a00005736	128902
a00005737	128903
a00005738	128904
a00005739	128905
a00005740	128906
a00005741	128907
a00005742	128908
a00005743	128909
a00005744	128910
a00005745	128911
a00005746	128912
a00005747	128913
a00005748	128914
a00005749	128915
a00005750	128916
a00005751	128917
a00005752	128918
a00005753	128919
a00005754	128920
a00005755	128921
a00005756	128922
a00005757	128923
a00005758	128924
a00005759	128925
a00005760	128926
a00005761	128927
a00005762	128928
a00005763	128929
a00005764	128930
a00005765	128931
a00005766	128932
a00005767	128933
a00005768	128934
a00005769	128935
a00005770	128936
a00005771	128937
a00005772	128938
a00005773	128939
a00005774	128940
a00005775	128941
a00005776	128942
a00005777	128943
a00005778	128944
a00005779	128945
a00005780	128946
a00005781	128947
a00005782	128948
a00005783	128949
a00005784	128950
a00005785	128951
a00005786	128952
a00005787	128953
a00005788	128954
a00005789	128955
a00005790	128956
a00005791	128957
a00005792	128958
a00005793	128959
a00005794	128960
a00005795	128961
a00005796	128962
a00005797	128963
a00005798	128964
a00005799	128965
a00005800	128966
a00005801	128967
a00005802	128968
a00005803	128969
a00005804	128970
a00005805	128971
a00005806	128972
a00005807	128973
a00005808	128974
a00005809	128975
a00005810	128976
a00005811	128977
a00005812	128978
a00005813	128979
a00005814	128980
a00005815	128981
a00005816	128982
a00005817	128983
a00005818	128984
a00005819	128985
a00005820	128986
a00005821	128987
a00005822	128988
a00005823	128989
a00005824	128990
a00005825	128991
a00005826	128992
a00005827	128993
a00005828	128994
a00005829	128995
a00005830	128996
a00005831	128997
a00005832	128998
a00005833	128999
a00005834	129000
a00005835	129001
a00005836	129002
a00005837	129003
a00005838	129004
a00005839	129005
a00005840	129006
a00005841	129007
a00005842	129008
a00005843	129009
a00005844	129010
a00005845	129011
a00005846	129012
a00005847	129013
a00005848	129014
a00005849	129015
a00005850	129016
a00005851	129017
a00005852	129018
a00005853	129019
a00005854	129020
a00005855	129021
a00005856	129022
a00005857	129023
a00005858	129024
a00005859	129025
a00005860	129026
a00005861	129027
a00005862	129028
a00005863	129029
a00005864	129030
a00005865	129031
a00005866	129032
a00005867	129033
a00005868	129034
a00005869	129035
a00005870	129036
a00005871	129037
a00005872	129038
a00005873	129039
a00005874	129040
a00005875	129041
a00005876	129042
a00005877	129043
a00005878	129044
a00005879	129045
a00005880	129046
a00005881	129047
a00005882	129048
a00005883	129049
a00005884	129050
a00005885	129051
a00005886	129052
a00005887	129053
a00005888	129054
a00005889	129055
a00005890	129056
a00005891	129057
a00005892	129058
a00005893	129059
a00005894	129060
a00005895	129061
a00005896	129062
a00005897	129063
a00005898	129064
a00005899	129065
a00005900	129066
a00005901	129067
a00005902	129068
a00005903	129069
a00005904	129070
a00005905	129071
a00005906	129072
a00005907	129073
a00005908	129074
a00005909	129075
a00005910	129076
a00005911	129077
a00005912	129078
a00005913	129079
a00005914	129080
a00005915	129081
a00005916	129082
a00005917	129083
a00005918	129084
a00005919	129085
a00005920	129086
a00005921	129087
a00005922	129088
a00005923	129089
a00005924	129090
a00005925	129091
a00005926	129092
a00005927	129093
a00005928	129094
a00005929	129095
a00005930	129096
a00005931	129097
a00005932	129098
a00005933	129099
a00005934	129100
a00005935	129101
a00005936	129102
a00005937	129103
a00005938	129104
a00005939	129105
a00005940	129106
a00005941	129107
a00005942	129108
a00005943	129109
a00005944	129110
a00005945	129111
a00005946	129112
a00005947	129113
a00005948	129114
a00005949	129115
a00005950	129116
a00005951	129117
a00005952	129118
a00005953	129119
a00005954	129120
a00005955	129121
a00005956	129122
a00005957	129123
a00005958	129124
a00005959	129125
a00005960	129126
a00005961	129127
a00005962	129128
a00005963	129129
a00005964	129130
a00005965	129131
a00005966	129132
a00005967	129133
a00005968	129134
a00005969	129135
a00005970	129136
a00005971	129137
a00005972	129138
a00005973	129139
a00005974	129140
a00005975	129141
a00005976	129142
a00005977	129143
a00005978	129144
a00005979	129145
a00005980	129146
a00005981	129147
a00005982	129148
a00005983	129149
a00005984	129150
a00005985	129151
a00005986	129152
a00005987	129153
a00005988	129154
a00005989	129155
a00005990	129156
a00005991	129157
a00005992	129158
a00005993	129159
a00005994	129160
a00005995	129161
a00005996	129162
a00005997	129163
a00005998	129164
a00005999	129165
a00006000	129166
a00006001	129167
a00006002	129168
a00006003	129169
a00006004	129170
a00006005	129171
a00006006	129172
a00006007	129173
a00006008	129174
a00006009	129175
a00006010	129176
a00006011	129177
a00006012	129178
a00006013	129179
a00006014	129180
a00006015	129181
a00006016	129182
a00006017	129183
a00006018	129184
a00006019	129185
a00006020	129186
a00006021	129187
a00006022	129188
a00006023	129189
a00006024	129190
a00006025	129191
a00006026	129192
a00006027	129193
a00006028	129194
a00006029	129195
a00006030	129196
a00006031	129197
a00006032	129198
a00006033	129199
a00006034	129200
a00006035	129201
a00006036	129202
a00006037	129203
a00006038	129204
a00006039	129205
a00006040	129206
a00006041	129207
a00006042	129208
a00006043	129209
a00006044	129210
a00006045	129211
a00006046	129212
a00006047	129213
a00006048	129214
a00006049	129215
a00006050	129216
a00006051	129217
a00006052	129218
a00006053	129219
a00006054	129220
a00006055	129221
a00006056	129222
a00006057	129223
a00006058	129224
a00006059	129225
a00006060	129226
a00006061	129227
a00006062	129228
a00006063	129229
a00006064	129230
a00006065	129231
a00006066	129232
a00006067	129233
a00006068	129234
a00006069	129235
a00006070	129236
a00006071	129237
a00006072	129238
a00006073	129239
a00006074	129240
a00006075	129241
a00006076	129242
a00006077	129243
a00006078	129244
a00006079	129245
a00006080	129246
a00006081	129247
a00006082	129248
a00006083	129249
a00006084	129250
a00006085	129251
a00006086	129252
a00006087	129253
a00006088	129254
a00006089	129255
a00006090	129256
a00006091	129257
a00006092	129258
a00006093	129259
a00006094	129260
a00006095	129261
a00006096	129262
a00006097	129263
a00006098	129264
a00006099	129265
a00006100	129266
a00006101	129267
a00006102	129268
a00006103	129269
a00006104	129270
a00006105	129271
a00006106	129272
a00006107	129273
a00006108	129274
a00006109	129275
a00006110	129276
a00006111	129277
a00006112	129278
a00006113	129279
a00006114	129280
a00006115	129281
a00006116	129282
a00006117	129283
a00006118	129284
a00006119	129285
a00006120	129286
a00006121	129287
a00006122	129288
a00006123	129289
a00006124	129290
a00006125	129291
a00006126	129292
a00006127	129293
a00006128	129294
a00006129	129295
a00006130	129296
a00006131	129297
a00006132	129298
a00006133	129299
a00006134	129300
a00006135	129301
a00006136	129302
a00006137	129303
a00006138	129304
a00006139	129305
a00006140	129306
a00006141	129307
a00006142	129308
a00006143	129309
a00006144	129310
a00006145	129311
a00006146	129312
a00006147	129313
a00006148	129314
a00006149	129315
a00006150	129316
a00006151	129317
a00006152	129318
a00006153	129319
a00006154	129320
a00006155	129321
a00006156	129322
a00006157	129323
a00006158	129324
a00006159	129325
a00006160	129326
a00006161	129327
a00006162	129328
a00006163	129329
a00006164	129330
a00006165	129331
a00006166	129332
a00006167	129333
a00006168	129334
a00006169	129335
a00006170	129336
a00006171	129337
a00006172	129338
a00006173	129339
a00006174	129340
a00006175	129341
a00006176	129342
a00006177	129343
a00006178	129344
a00006179	129345
a00006180	129346
a00006181	129347
a00006182	129348
a00006183	129349
a00006184	129350
a00006185	129351
a00006186	129352
a00006187	129353
a00006188	129354
a00006189	129355
a00006190	129356
a00006191	129357
a00006192	129358
a00006193	129359
a00006194	129360
a00006195	129361
a00006196	129362
a00006197	129363
a00006198	129364
a00006199	129365
a00006200	129366
a00006201	129367
a00006202	129368
a00006203	129369
a00006204	129370
a00006205	129371
a00006206	129372
a00006207	129373
a00006208	129374
a00006209	129375
a00006210	129376
a00006211	129377
a00006212	129378
a00006213	129379
a00006214	129380
a00006215	129381
a00006216	129382
a00006217	129383
a00006218	129384
a00006219	129385
a00006220	129386
a00006221	129387
a00006222	129388
a00006223	129389
a00006224	129390
a00006225	129391
a00006226	129392
a00006227	129393
a00006228	129394
a00006229	129395
a00006230	129396
a00006231	129397
a00006232	129398
a00006233	129399
a00006234	129400
a00006235	129401
a00006236	129402
a00006237	129403
a00006238	129404
a00006239	129405
a00006240	129406
a00006241	129407
a00006242	129408
a00006243	129409
a00006244	129410
a00006245	129411
a00006246	129412
a00006247	129413
a00006248	129414
a00006249	129415
a00006250	129416
a00006251	129417
a00006252	129418
a00006253	129419
a00006254	129420
a00006255	129421
a00006256	129422
a00006257	129423
a00006258	129424
a00006259	129425
a00006260	129426
a00006261	129427
a00006262	129428
a00006263	129429
a00006264	129430
a00006265	129431
a00006266	129432
a00006267	129433
a00006268	129434
a00006269	129435
a00006270	129436
a00006271	129437
a00006272	129438
a00006273	129439
a00006274	129440
a00006275	129441
a00006276	129442
a00006277	129443
a00006278	129444
a00006279	129445
a00006280	129446
a00006281	129447
a00006282	129448
a00006283	129449
a00006284	129450
a00006285	129451
a00006286	129452
a00006287	129453
a00006288	129454
a00006289	129455
a00006290	129456
a00006291	129457
a00006292	129458
a00006293	129459
a00006294	129460
a00006295	129461
a00006296	129462
a00006297	129463
a00006298	129464
a00006299	129465
a00006300	129466
a00006301	129467
a00006302	129468
a00006303	129469
a00006304	129470
a00006305	129471
a00006306	129472
a00006307	129473
a00006308	129474
a00006309	129475
a00006310	129476
a00006311	129477
a00006312	129478
a00006313	129479
a00006314	129480
a00006315	129481
a00006316	129482
a00006317	129483
a00006318	129484
a00006319	129485
a00006320	129486
a00006321	129487
a00006322	129488
a00006323	129489
a00006324	129490
a00006325	129491
a00006326	129492
a00006327	129493
a00006328	129494
a00006329	129495
a00006330	129496
a00006331	129497
a00006332	129498
a00006333	129499
a00006334	129500
a00006335	129501
a00006336	129502
a00006337	129503
a00006338	129504
a00006339	129505
a00006340	129506
a00006341	129507
a00006342	129508
a00006343	129509
a00006344	129510
a00006345	129511
a00006346	129512
a00006347	129513
a00006348	129514
a00006349	129515
a00006350	129516
a00006351	129517
a00006352	129518
a00006353	129519
a00006354	129520
a00006355	129521
a00006356	129522
a00006357	129523
a00006358	129524
a00006359	129525
a00006360	129526
a00006361	129527
a00006362	129528
a00006363	129529
a00006364	129530
a00006365	129531
a00006366	129532
a00006367	129533
a00006368	129534
a00006369	129535
a00006370	129536
a00006371	129537
a00006372	129538
a00006373	129539
a00006374	129540
a00006375	129541
a00006376	129542
a00006377	129543
a00006378	129544
a00006379	129545
a00006380	129546
a00006381	129547
a00006382	129548
a00006383	129549
a00006384	129550
a00006385	129551
a00006386	129552
a00006387	129553
a00006388	129554
a00006389	129555
a00006390	129556
a00006391	129557
a00006392	129558
a00006393	129559
a00006394	129560
a00006395	129561
a00006396	129562
a00006397	129563
a00006398	129564
a00006399	129565
a00006400	129566
a00006401	129567
a00006402	129568
a00006403	129569
a00006404	129570
a00006405	129571
a00006406	129572
a00006407	129573
a00006408	129574
a00006409	129575
a00006410	129576
a00006411	129577
a00006412	129578
a00006413	129579
a00006414	129580
a00006415	129581
a00006416	129582
a00006417	129583
a00006418	129584
a00006419	129585
a00006420	129586
a00006421	129587
a00006422	129588
a00006423	129589
a00006424	129590
a00006425	129591
a00006426	129592
a00006427	129593
a00006428	129594
a00006429	129595
a00006430	129596
a00006431	129597
a00006432	129598
a00006433	129599
a00006434	129600
a00006435	129601
a00006436	129602
a00006437	129603
a00006438	129604
a00006439	129605
a00006440	129606
a00006441	129607
a00006442	129608
a00006443	129609
a00006444	129610
a00006445	129611
a00006446	129612
a00006447	129613
a00006448	129614
a00006449	129615
a00006450	129616
a00006451	129617
a00006452	129618
a00006453	129619
a00006454	129620
a00006455	129621
a00006456	129622
a00006457	129623
a00006458	129624
a00006459	129625
a00006460	129626
a00006461	129627
a00006462	129628
a00006463	129629
a00006464	129630
a00006465	129631
a00006466	129632
a00006467	129633
a00006468	129634
a00006469	129635
a00006470	129636
a00006471	129637
a00006472	129638
a00006473	129639
a00006474	129640
a00006475	129641
a00006476	129642
a00006477	129643
a00006478	129644
a00006479	129645
a00006480	129646
a00006481	129647
a00006482	129648
a00006483	129649
a00006484	129650
a00006485	129651
a00006486	129652
a00006487	129653
a00006488	129654
a00006489	129655
a00006490	129656
a00006491	129657
a00006492	129658
a00006493	129659
a00006494	129660
a00006495	129661
a00006496	129662
a00006497	129663
a00006498	129664
a00006499	129665
a00006500	129666
a00006501	129667
a00006502	129668
a00006503	129669
a00006504	129670
a00006505	129671
a00006506	129672
a00006507	129673
a00006508	129674
a00006509	129675
a00006510	129676
a00006511	129677
a00006512	129678
a00006513	129679
a00006514	129680
a00006515	129681
a00006516	129682
a00006517	129683
a00006518	129684
a00006519	129685
a00006520	129686
a00006521	129687
a00006522	129688
a00006523	129689
a00006524	129690
a00006525	129691
a00006526	129692
a00006527	129693
a00006528	129694
a00006529	129695
a00006530	129696
a00006531	129697
a00006532	129698
a00006533	129699
a00006534	129700
a00006535	129701
a00006536	129702
a00006537	129703
a00006538	129704
a00006539	129705
a00006540	129706
a00006541	129707
a00006542	129708
a00006543	129709
a00006544	129710
a00006545	129711
a00006546	129712
a00006547	129713
a00006548	129714
a00006549	129715
a00006550	129716
a00006551	129717
a00006552	129718
a00006553	129719
a00006554	129720
a00006555	129721
a00006556	129722
a00006557	129723
a00006558	129724
a00006559	129725
a00006560	129726
a00006561	129727
a00006562	129728
a00006563	129729
a00006564	129730
a00006565	129731
a00006566	129732
a00006567	129733
a00006568	129734
a00006569	129735
a00006570	129736
a00006571	129737
a00006572	129738
a00006573	129739
a00006574	129740
a00006575	129741
a00006576	129742
a00006577	129743
a00006578	129744
a00006579	129745
a00006580	129746
a00006581	129747
a00006582	129748
a00006583	129749
a00006584	129750
a00006585	129751
a00006586	129752
a00006587	129753
a00006588	129754
a00006589	129755
a00006590	129756
a00006591	129757
a00006592	129758
a00006593	129759
a00006594	129760
a00006595	129761
a00006596	129762
a00006597	129763
a00006598	129764
a00006599	129765
a00006600	129766
a00006601	129767
a00006602	129768
a00006603	129769
a00006604	129770
a00006605	129771
a00006606	129772
a00006607	129773
a00006608	129774
a00006609	129775
a00006610	129776
a00006611	129777
a00006612	129778
a00006613	129779
a00006614	129780
a00006615	129781
a00006616	129782
a00006617	129783
a00006618	129784
a00006619	129785
a00006620	129786
a00006621	129787
a00006622	129788
a00006623	129789
a00006624	129790
a00006625	129791
a00006626	129792
a00006627	129793
a00006628	129794
a00006629	129795
a00006630	129796
a00006631	129797
a00006632	129798
a00006633	129799
a00006634	129800
a00006635	129801
a00006636	129802
a00006637	129803
a00006638	129804
a00006639	129805
a00006640	129806
a00006641	129807
a00006642	129808
a00006643	129809
a00006644	129810
a00006645	129811
a00006646	129812
a00006647	129813
a00006648	129814
a00006649	129815
a00006650	129816
a00006651	129817
a00006652	129818
a00006653	129819
a00006654	129820
a00006655	129821
a00006656	129822
a00006657	129823
a00006658	129824
a00006659	129825
a00006660	129826
a00006661	129827
a00006662	129828
a00006663	129829
a00006664	129830
a00006665	129831
a00006666	129832
a00006667	129833
a00006668	129834
a00006669	129835
a00006670	129836
a00006671	129837
a00006672	129838
a00006673	129839
a00006674	129840
a00006675	129841
a00006676	129842
a00006677	129843
a00006678	129844
a00006679	129845
a00006680	129846
a00006681	129847
a00006682	129848
a00006683	129849
a00006684	129850
a00006685	129851
a00006686	129852
a00006687	129853
a00006688	129854
a00006689	129855
a00006690	129856
a00006691	129857
a00006692	129858
a00006693	129859
a00006694	129860
a00006695	129861
a00006696	129862
a00006697	129863
a00006698	129864
a00006699	129865
a00006700	129866
a00006701	129867
a00006702	129868
a00006703	129869
a00006704	129870
a00006705	129871
a00006706	129872
a00006707	129873
a00006708	129874
a00006709	129875
a00006710	129876
a00006711	129877
a00006712	129878
a00006713	129879
a00006714	129880
a00006715	129881
a00006716	129882
a00006717	129883
a00006718	129884
a00006719	129885
a00006720	129886
a00006721	129887
a00006722	129888
a00006723	129889
a00006724	129890
a00006725	129891
a00006726	129892
a00006727	129893
a00006728	129894
a00006729	129895
a00006730	129896
a00006731	129897
a00006732	129898
a00006733	129899
a00006734	129900
a00006735	129901
a00006736	129902
a00006737	129903
a00006738	129904
a00006739	129905
a00006740	129906
a00006741	129907
a00006742	129908
a00006743	129909
a00006744	129910
a00006745	129911
a00006746	129912
a00006747	129913
a00006748	129914
a00006749	129915
a00006750	129916
a00006751	129917
a00006752	129918
a00006753	129919
a00006754	129920
a00006755	129921
a00006756	129922
a00006757	129923
a00006758	129924
a00006759	129925
a00006760	129926
a00006761	129927
a00006762	129928
a00006763	129929
a00006764	129930
a00006765	129931
a00006766	129932
a00006767	129933
a00006768	129934
a00006769	129935
a00006770	129936
a00006771	129937
a00006772	129938
a00006773	129939
a00006774	129940
a00006775	129941
a00006776	129942
a00006777	129943
a00006778	129944
a00006779	129945
a00006780	129946
a00006781	129947
a00006782	129948
a00006783	129949
a00006784	129950
a00006785	129951
a00006786	129952
a00006787	129953
a00006788	129954
a00006789	129955
a00006790	129956
a00006791	129957
a00006792	129958
a00006793	129959
a00006794	129960
a00006795	129961
a00006796	129962
a00006797	129963
a00006798	129964
a00006799	129965
a00006800	129966
a00006801	129967
a00006802	129968
a00006803	129969
a00006804	129970
a00006805	129971
a00006806	129972
a00006807	129973
a00006808	129974
a00006809	129975
a00006810	129976
a00006811	129977
a00006812	129978
a00006813	129979
a00006814	129980
a00006815	129981
a00006816	129982
a00006817	129983
a00006818	129984
a00006819	129985
a00006820	129986
a00006821	129987
a00006822	129988
a00006823	129989
a00006824	129990
a00006825	129991
a00006826	129992
a00006827	129993
a00006828	129994
a00006829	129995
a00006830	129996
a00006831	129997
a00006832	129998
a00006833	129999
a00006834	130000
a00006835	130001
a00006836	130002
a00006837	130003
a00006838	130004
a00006839	130005
a00006840	130006
a00006841	130007
a00006842	130008
a00006843	130009
a00006844	130010
a00006845	130011
a00006846	130012
a00006847	130013
a00006848	130014
a00006849	130015
a00006850	130016
a00006851	130017
a00006852	130018
a00006853	130019
a00006854	130020
a00006855	130021
a00006856	130022
a00006857	130023
a00006858	130024
a00006859	130025
a00006860	130026
a00006861	130027
a00006862	130028
a00006863	130029
a00006864	130030
a00006865	130031
a00006866	130032
a00006867	130033
a00006868	130034
a00006869	130035
a00006870	130036
a00006871	130037
a00006872	130038
a00006873	130039
a00006874	130040
a00006875	130041
a00006876	130042
a00006877	130043
a00006878	130044
a00006879	130045
a00006880	130046
a00006881	130047
a00006882	130048
a00006883	130049
a00006884	130050
a00006885	130051
a00006886	130052
a00006887	130053
a00006888	130054
a00006889	130055
a00006890	130056
a00006891	130057
a00006892	130058
a00006893	130059
a00006894	130060
a00006895	130061
a00006896	130062
a00006897	130063
a00006898	130064
a00006899	130065
a00006900	130066
a00006901	130067
a00006902	130068
a00006903	130069
a00006904	130070
a00006905	130071
a00006906	130072
a00006907	130073
a00006908	130074
a00006909	130075
a00006910	130076
a00006911	130077
a00006912	130078
a00006913	130079
a00006914	130080
a00006915	130081
a00006916	130082
a00006917	130083
a00006918	130084
a00006919	130085
a00006920	130086
a00006921	130087
a00006922	130088
a00006923	130089
a00006924	130090
a00006925	130091
a00006926	130092
a00006927	130093
a00006928	130094
a00006929	130095
a00006930	130096
a00006931	130097
a00006932	130098
a00006933	130099
a00006934	130100
a00006935	130101
a00006936	130102
a00006937	130103
a00006938	130104
a00006939	130105
a00006940	130106
a00006941	130107
a00006942	130108
a00006943	130109
a00006944	130110
a00006945	130111
a00006946	130112
a00006947	130113
a00006948	130114
a00006949	130115
a00006950	130116
a00006951	130117
a00006952	130118
a00006953	130119
a00006954	130120
a00006955	130121
a00006956	130122
a00006957	130123
a00006958	130124
a00006959	130125
a00006960	130126
a00006961	130127
a00006962	130128
a00006963	130129
a00006964	130130
a00006965	130131
a00006966	130132
a00006967	130133
a00006968	130134
a00006969	130135
a00006970	130136
a00006971	130137
a00006972	130138
a00006973	130139
a00006974	130140
a00006975	130141
a00006976	130142
a00006977	130143
a00006978	130144
a00006979	130145
a00006980	130146
a00006981	130147
a00006982	130148
a00006983	130149
a00006984	130150
a00006985	130151
a00006986	130152
a00006987	130153
a00006988	130154
a00006989	130155
a00006990	130156
a00006991	130157
a00006992	130158
a00006993	130159
a00006994	130160
a00006995	130161
a00006996	130162
a00006997	130163
a00006998	130164
a00006999	130165
a00007000	130166
a00007001	130167
a00007002	130168
a00007003	130169
a00007004	130170
a00007005	130171
a00007006	130172
a00007007	130173
a00007008	130174
a00007009	130175
a00007010	130176
a00007011	130177
a00007012	130178
a00007013	130179
a00007014	130180
a00007015	130181
a00007016	130182
a00007017	130183
a00007018	130184
a00007019	130185
a00007020	130186
a00007021	130187
a00007022	130188
a00007023	130189
a00007024	130190
a00007025	130191
a00007026	130192
a00007027	130193
a00007028	130194
a00007029	130195
a00007030	130196
a00007031	130197
a00007032	130198
a00007033	130199
a00007034	130200
a00007035	130201
a00007036	130202
a00007037	130203
a00007038	130204
a00007039	130205
a00007040	130206
a00007041	130207
a00007042	130208
a00007043	130209
a00007044	130210
a00007045	130211
a00007046	130212
a00007047	130213
a00007048	130214
a00007049	130215
a00007050	130216
a00007051	130217
a00007052	130218
a00007053	130219
a00007054	130220
a00007055	130221
a00007056	130222
a00007057	130223
a00007058	130224
a00007059	130225
a00007060	130226
a00007061	130227
a00007062	130228
a00007063	130229
a00007064	130230
a00007065	130231
a00007066	130232
a00007067	130233
a00007068	130234
a00007069	130235
a00007070	130236
a00007071	130237
a00007072	130238
a00007073	130239
a00007074	130240
a00007075	130241
a00007076	130242
a00007077	130243
a00007078	130244
a00007079	130245
a00007080	130246
a00007081	130247
a00007082	130248
a00007083	130249
a00007084	130250
a00007085	130251
a00007086	130252
a00007087	130253
a00007088	130254
a00007089	130255
a00007090	130256
a00007091	130257
a00007092	130258
a00007093	130259
a00007094	130260
a00007095	130261
a00007096	130262
a00007097	130263
a00007098	130264
a00007099	130265
a00007100	130266
a00007101	130267
a00007102	130268
a00007103	130269
a00007104	130270
a00007105	130271
a00007106	130272
a00007107	130273
a00007108	130274
a00007109	130275
a00007110	130276
a00007111	130277
a00007112	130278
a00007113	130279
a00007114	130280
a00007115	130281
a00007116	130282
a00007117	130283
a00007118	130284
a00007119	130285
a00007120	130286
a00007121	130287
a00007122	130288
a00007123	130289
a00007124	130290
a00007125	130291
a00007126	130292
a00007127	130293
a00007128	130294
a00007129	130295
a00007130	130296
a00007131	130297
a00007132	130298
a00007133	130299
a00007134	130300
a00007135	130301
a00007136	130302
a00007137	130303
a00007138	130304
a00007139	130305
a00007140	130306
a00007141	130307
a00007142	130308
a00007143	130309
a00007144	130310
a00007145	130311
a00007146	130312
a00007147	130313
a00007148	130314
a00007149	130315
a00007150	130316
a00007151	130317
a00007152	130318
a00007153	130319
a00007154	130320
a00007155	130321
a00007156	130322
a00007157	130323
a00007158	130324
a00007159	130325
a00007160	130326
a00007161	130327
a00007162	130328
a00007163	130329
a00007164	130330
a00007165	130331
a00007166	130332
a00007167	130333
a00007168	130334
a00007169	130335
a00007170	130336
a00007171	130337
a00007172	130338
a00007173	130339
a00007174	130340
a00007175	130341
a00007176	130342
a00007177	130343
a00007178	130344
a00007179	130345
a00007180	130346
a00007181	130347
a00007182	130348
a00007183	130349
a00007184	130350
a00007185	130351
a00007186	130352
a00007187	130353
a00007188	130354
a00007189	130355
a00007190	130356
a00007191	130357
a00007192	130358
a00007193	130359
a00007194	130360
a00007195	130361
a00007196	130362
a00007197	130363
a00007198	130364
a00007199	130365
a00007200	130366
a00007201	130367
a00007202	130368
a00007203	130369
a00007204	130370
a00007205	130371
a00007206	130372
a00007207	130373
a00007208	130374
a00007209	130375
a00007210	130376
a00007211	130377
a00007212	130378
a00007213	130379
a00007214	130380
a00007215	130381
a00007216	130382
a00007217	130383
a00007218	130384
a00007219	130385
a00007220	130386
a00007221	130387
a00007222	130388
a00007223	130389
a00007224	130390
a00007225	130391
a00007226	130392
a00007227	130393
a00007228	130394
a00007229	130395
a00007230	130396
a00007231	130397
a00007232	130398
a00007233	130399
a00007234	130400
a00007235	130401
a00007236	130402
a00007237	130403
a00007238	130404
a00007239	130405
a00007240	130406
a00007241	130407
a00007242	130408
a00007243	130409
a00007244	130410
a00007245	130411
a00007246	130412
a00007247	130413
a00007248	130414
a00007249	130415
a00007250	130416
a00007251	130417
a00007252	130418
a00007253	130419
a00007254	130420
a00007255	130421
a00007256	130422
a00007257	130423
a00007258	130424
a00007259	130425
a00007260	130426
a00007261	130427
a00007262	130428
a00007263	130429
a00007264	130430
a00007265	130431
a00007266	130432
a00007267	130433
a00007268	130434
a00007269	130435
a00007270	130436
a00007271	130437
a00007272	130438
a00007273	130439
a00007274	130440
a00007275	130441
a00007276	130442
a00007277	130443
a00007278	130444
a00007279	130445
a00007280	130446
a00007281	130447
a00007282	130448
a00007283	130449
a00007284	130450
a00007285	130451
a00007286	130452
a00007287	130453
a00007288	130454
a00007289	130455
a00007290	130456
a00007291	130457
a00007292	130458
a00007293	130459
a00007294	130460
a00007295	130461
a00007296	130462
a00007297	130463
a00007298	130464
a00007299	130465
a00007300	130466
a00007301	130467
a00007302	130468
a00007303	130469
a00007304	130470
a00007305	130471
a00007306	130472
a00007307	130473
a00007308	130474
a00007309	130475
a00007310	130476
a00007311	130477
a00007312	130478
a00007313	130479
a00007314	130480
a00007315	130481
a00007316	130482
a00007317	130483
a00007318	130484
a00007319	130485
a00007320	130486
a00007321	130487
a00007322	130488
a00007323	130489
a00007324	130490
a00007325	130491
a00007326	130492
a00007327	130493
a00007328	130494
a00007329	130495
a00007330	130496
a00007331	130497
a00007332	130498
a00007333	130499
a00007334	130500
a00007335	130501
a00007336	130502
a00007337	130503
a00007338	130504
a00007339	130505
a00007340	130506
a00007341	130507
a00007342	130508
a00007343	130509
a00007344	130510
a00007345	130511
a00007346	130512
a00007347	130513
a00007348	130514
a00007349	130515
a00007350	130516
a00007351	130517
a00007352	130518
a00007353	130519
a00007354	130520
a00007355	130521
a00007356	130522
a00007357	130523
a00007358	130524
a00007359	130525
a00007360	130526
a00007361	130527
a00007362	130528
a00007363	130529
a00007364	130530
a00007365	130531
a00007366	130532
a00007367	130533
a00007368	130534
a00007369	130535
a00007370	130536
a00007371	130537
a00007372	130538
a00007373	130539
a00007374	130540
a00007375	130541
a00007376	130542
a00007377	130543
a00007378	130544
a00007379	130545
a00007380	130546
a00007381	130547
a00007382	130548
a00007383	130549
a00007384	130550
a00007385	130551
a00007386	130552
a00007387	130553
a00007388	130554
a00007389	130555
a00007390	130556
a00007391	130557
a00007392	130558
a00007393	130559
a00007394	130560
a00007395	130561
a00007396	130562
a00007397	130563
a00007398	130564
a00007399	130565
a00007400	130566
a00007401	130567
a00007402	130568
a00007403	130569
a00007404	130570
a00007405	130571
a00007406	130572
a00007407	130573
a00007408	130574
a00007409	130575
a00007410	130576
a00007411	130577
a00007412	130578
a00007413	130579
a00007414	130580
a00007415	130581
a00007416	130582
a00007417	130583
a00007418	130584
a00007419	130585
a00007420	130586
a00007421	130587
a00007422	130588
a00007423	130589
a00007424	130590
a00007425	130591
a00007426	130592
a00007427	130593
a00007428	130594
a00007429	130595
a00007430	130596
a00007431	130597
a00007432	130598
a00007433	130599
a00007434	130600
a00007435	130601
a00007436	130602
a00007437	130603
a00007438	130604
a00007439	130605
a00007440	130606
a00007441	130607
a00007442	130608
a00007443	130609
a00007444	130610
a00007445	130611
a00007446	130612
a00007447	130613
a00007448	130614
a00007449	130615
a00007450	130616
a00007451	130617
a00007452	130618
a00007453	130619
a00007454	130620
a00007455	130621
a00007456	130622
a00007457	130623
a00007458	130624
a00007459	130625
a00007460	130626
a00007461	130627
a00007462	130628
a00007463	130629
a00007464	130630
a00007465	130631
a00007466	130632
a00007467	130633
a00007468	130634
a00007469	130635
a00007470	130636
a00007471	130637
a00007472	130638
a00007473	130639
a00007474	130640
a00007475	130641
a00007476	130642
a00007477	130643
a00007478	130644
a00007479	130645
a00007480	130646
a00007481	130647
a00007482	130648
a00007483	130649
a00007484	130650
a00007485	130651
a00007486	130652
a00007487	130653
a00007488	130654
a00007489	130655
a00007490	130656
a00007491	130657
a00007492	130658
a00007493	130659
a00007494	130660
a00007495	130661
a00007496	130662
a00007497	130663
a00007498	130664
a00007499	130665
a00007500	130666
a00007501	130667
a00007502	130668
a00007503	130669
a00007504	130670
a00007505	130671
a00007506	130672
a00007507	130673
a00007508	130674
a00007509	130675
a00007510	130676
a00007511	130677
a00007512	130678
a00007513	130679
a00007514	130680
a00007515	130681
a00007516	130682
a00007517	130683
a00007518	130684
a00007519	130685
a00007520	130686
a00007521	130687
a00007522	130688
a00007523	130689
a00007524	130690
a00007525	130691
a00007526	130692
a00007527	130693
a00007528	130694
a00007529	130695
a00007530	130696
a00007531	130697
a00007532	130698
a00007533	130699
a00007534	130700
a00007535	130701
a00007536	130702
a00007537	130703
a00007538	130704
a00007539	130705
a00007540	130706
a00007541	130707
a00007542	130708
a00007543	130709
a00007544	130710
a00007545	130711
a00007546	130712
a00007547	130713
a00007548	130714
a00007549	130715
a00007550	130716
a00007551	130717
a00007552	130718
a00007553	130719
a00007554	130720
a00007555	130721
a00007556	130722
a00007557	130723
a00007558	130724
a00007559	130725
a00007560	130726
a00007561	130727
a00007562	130728
a00007563	130729
a00007564	130730
a00007565	130731
a00007566	130732
a00007567	130733
a00007568	130734
a00007569	130735
a00007570	130736
a00007571	130737
a00007572	130738
a00007573	130739
a00007574	130740
a00007575	130741
a00007576	130742
a00007577	130743
a00007578	130744
a00007579	130745
a00007580	130746
a00007581	130747
a00007582	130748
a00007583	130749
a00007584	130750
a00007585	130751
a00007586	130752
a00007587	130753
a00007588	130754
a00007589	130755
a00007590	130756
a00007591	130757
a00007592	130758
a00007593	130759
a00007594	130760
a00007595	130761
a00007596	130762
a00007597	130763
a00007598	130764
a00007599	130765
a00007600	130766
a00007601	130767
a00007602	130768
a00007603	130769
a00007604	130770
a00007605	130771
a00007606	130772
a00007607	130773
a00007608	130774
a00007609	130775
a00007610	130776
a00007611	130777
a00007612	130778
a00007613	130779
a00007614	130780
a00007615	130781
a00007616	130782
a00007617	130783
a00007618	130784
a00007619	130785
a00007620	130786
a00007621	130787
a00007622	130788
a00007623	130789
a00007624	130790
a00007625	130791
a00007626	130792
a00007627	130793
a00007628	130794
a00007629	130795
a00007630	130796
a00007631	130797
a00007632	130798
a00007633	130799
a00007634	130800
a00007635	130801
a00007636	130802
a00007637	130803
a00007638	130804
a00007639	130805
a00007640	130806
a00007641	130807
a00007642	130808
a00007643	130809
a00007644	130810
a00007645	130811
a00007646	130812
a00007647	130813
a00007648	130814
a00007649	130815
a00007650	130816
a00007651	130817
a00007652	130818
a00007653	130819
a00007654	130820
a00007655	130821
a00007656	130822
a00007657	130823
a00007658	130824
a00007659	130825
a00007660	130826
a00007661	130827
a00007662	130828
a00007663	130829
a00007664	130830
a00007665	130831
a00007666	130832
a00007667	130833
a00007668	130834
a00007669	130835
a00007670	130836
a00007671	130837
a00007672	130838
a00007673	130839
a00007674	130840
a00007675	130841
a00007676	130842
a00007677	130843
a00007678	130844
a00007679	130845
a00007680	130846
a00007681	130847
a00007682	130848
a00007683	130849
a00007684	130850
a00007685	130851
a00007686	130852
a00007687	130853
a00007688	130854
a00007689	130855
a00007690	130856
a00007691	130857
a00007692	130858
a00007693	130859
a00007694	130860
a00007695	130861
a00007696	130862
a00007697	130863
a00007698	130864
a00007699	130865
a00007700	130866
a00007701	130867
a00007702	130868
a00007703	130869
a00007704	130870
a00007705	130871
a00007706	130872
a00007707	130873
a00007708	130874
a00007709	130875
a00007710	130876
a00007711	130877
a00007712	130878
a00007713	130879
a00007714	130880
a00007715	130881
a00007716	130882
a00007717	130883
a00007718	130884
a00007719	130885
a00007720	130886
a00007721	130887
a00007722	130888
a00007723	130889
a00007724	130890
a00007725	130891
a00007726	130892
a00007727	130893
a00007728	130894
a00007729	130895
a00007730	130896
a00007731	130897
a00007732	130898
a00007733	130899
a00007734	130900
a00007735	130901
a00007736	130902
a00007737	130903
a00007738	130904
a00007739	130905
a00007740	130906
a00007741	130907
a00007742	130908
a00007743	130909
a00007744	130910
a00007745	130911
a00007746	130912
a00007747	130913
a00007748	130914
a00007749	130915
a00007750	130916
a00007751	130917
a00007752	130918
a00007753	130919
a00007754	130920
a00007755	130921
a00007756	130922
a00007757	130923
a00007758	130924
a00007759	130925
a00007760	130926
a00007761	130927
a00007762	130928
a00007763	130929
a00007764	130930
a00007765	130931
a00007766	130932
a00007767	130933
a00007768	130934
a00007769	130935
a00007770	130936
a00007771	130937
a00007772	130938
a00007773	130939
a00007774	130940
a00007775	130941
a00007776	130942
a00007777	130943
a00007778	130944
a00007779	130945
a00007780	130946
a00007781	130947
a00007782	130948
a00007783	130949
a00007784	130950
a00007785	130951
a00007786	130952
a00007787	130953
a00007788	130954
a00007789	130955
a00007790	130956
a00007791	130957
a00007792	130958
a00007793	130959
a00007794	130960
a00007795	130961
a00007796	130962
a00007797	130963
a00007798	130964
a00007799	130965
a00007800	130966
a00007801	130967
a00007802	130968
a00007803	130969
a00007804	130970
a00007805	130971
a00007806	130972
a00007807	130973
a00007808	130974
a00007809	130975
a00007810	130976
a00007811	130977
a00007812	130978
a00007813	130979
a00007814	130980
a00007815	130981
a00007816	130982
a00007817	130983
a00007818	130984
a00007819	130985
a00007820	130986
a00007821	130987
a00007822	130988
a00007823	130989
a00007824	130990
a00007825	130991
a00007826	130992
a00007827	130993
a00007828	130994
a00007829	130995
a00007830	130996
a00007831	130997
a00007832	130998
a00007833	130999
a00007834	131000
a00007835	131001
a00007836	131002
a00007837	131003
a00007838	131004
a00007839	131005
a00007840	131006
a00007841	131007
a00007842	131008
a00007843	131009
a00007844	131010
a00007845	131011
a00007846	131012
a00007847	131013
a00007848	131014
a00007849	131015
a00007850	131016
a00007851	131017
a00007852	131018
a00007853	131019
a00007854	131020
a00007855	131021
a00007856	131022
a00007857	131023
a00007858	131024
a00007859	131025
a00007860	131026
a00007861	131027
a00007862	131028
a00007863	131029
a00007864	131030
a00007865	131031
a00007866	131032
a00007867	131033
a00007868	131034
a00007869	131035
a00007870	131036
a00007871	131037
a00007872	131038
a00007873	131039
a00007874	131040
a00007875	131041
a00007876	131042
a00007877	131043
a00007878	131044
a00007879	131045
a00007880	131046
a00007881	131047
a00007882	131048
a00007883	131049
a00007884	131050
a00007885	131051
a00007886	131052
a00007887	131053
a00007888	131054
a00007889	131055
a00007890	131056
a00007891	131057
a00007892	131058
a00007893	131059
a00007894	131060
a00007895	131061
a00007896	131062
a00007897	131063
a00007898	131064
a00007899	131065
a00007900	131066
a00007901	131067
a00007902	131068
a00007903	131069
a00007904	131070
a00007905	131071
a00007906	131072
a00007907	131073
a00007908	131074
a00007909	131075
a00007910	131076
a00007911	131077
a00007912	131078
a00007913	131079
a00007914	131080
a00007915	131081
a00007916	131082
a00007917	131083
a00007918	131084
a00007919	131085
a00007920	131086
a00007921	131087
a00007922	131088
a00007923	131089
a00007924	131090
a00007925	131091
a00007926	131092
a00007927	131093
a00007928	131094
a00007929	131095
a00007930	131096
a00007931	131097
a00007932	131098
a00007933	131099
a00007934	131100
a00007935	131101
a00007936	131102
a00007937	131103
a00007938	131104
a00007939	131105
a00007940	131106
a00007941	131107
a00007942	131108
a00007943	131109
a00007944	131110
a00007945	131111
a00007946	131112
a00007947	131113
a00007948	131114
a00007949	131115
a00007950	131116
a00007951	131117
a00007952	131118
a00007953	131119
a00007954	131120
a00007955	131121
a00007956	131122
a00007957	131123
a00007958	131124
a00007959	131125
a00007960	131126
a00007961	131127
a00007962	131128
a00007963	131129
a00007964	131130
a00007965	131131
a00007966	131132
a00007967	131133
a00007968	131134
a00007969	131135
a00007970	131136
a00007971	131137
a00007972	131138
a00007973	131139
a00007974	131140
a00007975	131141
a00007976	131142
a00007977	131143
a00007978	131144
a00007979	131145
a00007980	131146
a00007981	131147
a00007982	131148
a00007983	131149
a00007984	131150
a00007985	131151
a00007986	131152
a00007987	131153
a00007988	131154
a00007989	131155
a00007990	131156
a00007991	131157
a00007992	131158
a00007993	131159
a00007994	131160
a00007995	131161
a00007996	131162
a00007997	131163
a00007998	131164
a00007999	131165
a00008000	131166
a00008001	131167
a00008002	131168
a00008003	131169
a00008004	131170
a00008005	131171
a00008006	131172
a00008007	131173
a00008008	131174
a00008009	131175
a00008010	131176
a00008011	131177
a00008012	131178
a00008013	131179
a00008014	131180
a00008015	131181
a00008016	131182
a00008017	131183
a00008018	131184
a00008019	131185
a00008020	131186
a00008021	131187
a00008022	131188
a00008023	131189
a00008024	131190
a00008025	131191
a00008026	131192
a00008027	131193
a00008028	131194
a00008029	131195
a00008030	131196
a00008031	131197
a00008032	131198
a00008033	131199
a00008034	131200
a00008035	131201
a00008036	131202
a00008037	131203
a00008038	131204
a00008039	131205
a00008040	131206
a00008041	131207
a00008042	131208
a00008043	131209
a00008044	131210
a00008045	131211
a00008046	131212
a00008047	131213
a00008048	131214
a00008049	131215
a00008050	131216
a00008051	131217
a00008052	131218
a00008053	131219
a00008054	131220
a00008055	131221
a00008056	131222
a00008057	131223
a00008058	131224
a00008059	131225
a00008060	131226
a00008061	131227
a00008062	131228
a00008063	131229
a00008064	131230
a00008065	131231
a00008066	131232
a00008067	131233
a00008068	131234
a00008069	131235
a00008070	131236
a00008071	131237
a00008072	131238
a00008073	131239
a00008074	131240
a00008075	131241
a00008076	131242
a00008077	131243
a00008078	131244
a00008079	131245
a00008080	131246
a00008081	131247
a00008082	131248
a00008083	131249
a00008084	131250
a00008085	131251
a00008086	131252
a00008087	131253
a00008088	131254
a00008089	131255
a00008090	131256
a00008091	131257
a00008092	131258
a00008093	131259
a00008094	131260
a00008095	131261
a00008096	131262
a00008097	131263
a00008098	131264
a00008099	131265
a00008100	131266
a00008101	131267
a00008102	131268
a00008103	131269
a00008104	131270
a00008105	131271
a00008106	131272
a00008107	131273
a00008108	131274
a00008109	131275
a00008110	131276
a00008111	131277
a00008112	131278
a00008113	131279
a00008114	131280
a00008115	131281
a00008116	131282
a00008117	131283
a00008118	131284
a00008119	131285
a00008120	131286
a00008121	131287
a00008122	131288
a00008123	131289
a00008124	131290
a00008125	131291
a00008126	131292
a00008127	131293
a00008128	131294
a00008129	131295
a00008130	131296
a00008131	131297
a00008132	131298
a00008133	131299
a00008134	131300
a00008135	131301
a00008136	131302
a00008137	131303
a00008138	131304
a00008139	131305
a00008140	131306
a00008141	131307
a00008142	131308
a00008143	131309
a00008144	131310
a00008145	131311
a00008146	131312
a00008147	131313
a00008148	131314
a00008149	131315
a00008150	131316
a00008151	131317
a00008152	131318
a00008153	131319
a00008154	131320
a00008155	131321
a00008156	131322
a00008157	131323
a00008158	131324
a00008159	131325
a00008160	131326
a00008161	131327
a00008162	131328
a00008163	131329
a00008164	131330
a00008165	131331
a00008166	131332
a00008167	131333
a00008168	131334
a00008169	131335
a00008170	131336
a00008171	131337
a00008172	131338
a00008173	131339
a00008174	131340
a00008175	131341
a00008176	131342
a00008177	131343
a00008178	131344
a00008179	131345
a00008180	131346
a00008181	131347
a00008182	131348
a00008183	131349
a00008184	131350
a00008185	131351
a00008186	131352
a00008187	131353
a00008188	131354
a00008189	131355
a00008190	131356
a00008191	131357
a00008192	131358
a00008193	131359
a00008194	131360
a00008195	131361
a00008196	131362
a00008197	131363
a00008198	131364
a00008199	131365
a00008200	131366
a00008201	131367
a00008202	131368
a00008203	131369
a00008204	131370
a00008205	131371
a00008206	131372
a00008207	131373
a00008208	131374
a00008209	131375
a00008210	131376
a00008211	131377
a00008212	131378
a00008213	131379
a00008214	131380
a00008215	131381
a00008216	131382
a00008217	131383
a00008218	131384
a00008219	131385
a00008220	131386
a00008221	131387
a00008222	131388
a00008223	131389
a00008224	131390
a00008225	131391
a00008226	131392
a00008227	131393
a00008228	131394
a00008229	131395
a00008230	131396
a00008231	131397
a00008232	131398
a00008233	131399
a00008234	131400
a00008235	131401
a00008236	131402
a00008237	131403
a00008238	131404
a00008239	131405
a00008240	131406
a00008241	131407
a00008242	131408
a00008243	131409
a00008244	131410
a00008245	131411
a00008246	131412
a00008247	131413
a00008248	131414
a00008249	131415
a00008250	131416
a00008251	131417
a00008252	131418
a00008253	131419
a00008254	131420
a00008255	131421
a00008256	131422
a00008257	131423
a00008258	131424
a00008259	131425
a00008260	131426
a00008261	131427
a00008262	131428
a00008263	131429
a00008264	131430
a00008265	131431
a00008266	131432
a00008267	131433
a00008268	131434
a00008269	131435
a00008270	131436
a00008271	131437
a00008272	131438
a00008273	131439
a00008274	131440
a00008275	131441
a00008276	131442
a00008277	131443
a00008278	131444
a00008279	131445
a00008280	131446
a00008281	131447
a00008282	131448
a00008283	131449
a00008284	131450
a00008285	131451
a00008286	131452
a00008287	131453
a00008288	131454
a00008289	131455
a00008290	131456
a00008291	131457
a00008292	131458
a00008293	131459
a00008294	131460
a00008295	131461
a00008296	131462
a00008297	131463
a00008298	131464
a00008299	131465
a00008300	131466
a00008301	131467
a00008302	131468
a00008303	131469
a00008304	131470
a00008305	131471
a00008306	131472
a00008307	131473
a00008308	131474
a00008309	131475
a00008310	131476
a00008311	131477
a00008312	131478
a00008313	131479
a00008314	131480
a00008315	131481
a00008316	131482
a00008317	131483
a00008318	131484
a00008319	131485
a00008320	131486
a00008321	131487
a00008322	131488
a00008323	131489
a00008324	131490
a00008325	131491
a00008326	131492
a00008327	131493
a00008328	131494
a00008329	131495
a00008330	131496
a00008331	131497
a00008332	131498
a00008333	131499
a00008334	131500
a00008335	131501
a00008336	131502
a00008337	131503
a00008338	131504
a00008339	131505
a00008340	131506
a00008341	131507
a00008342	131508
a00008343	131509
a00008344	131510
a00008345	131511
a00008346	131512
a00008347	131513
a00008348	131514
a00008349	131515
a00008350	131516
a00008351	131517
a00008352	131518
a00008353	131519
a00008354	131520
a00008355	131521
a00008356	131522
a00008357	131523
a00008358	131524
a00008359	131525
a00008360	131526
a00008361	131527
a00008362	131528
a00008363	131529
a00008364	131530
a00008365	131531
a00008366	131532
a00008367	131533
a00008368	131534
a00008369	131535
a00008370	131536
a00008371	131537
a00008372	131538
a00008373	131539
a00008374	131540
a00008375	131541
a00008376	131542
a00008377	131543
a00008378	131544
a00008379	131545
a00008380	131546
a00008381	131547
a00008382	131548
a00008383	131549
a00008384	131550
a00008385	131551
a00008386	131552
a00008387	131553
a00008388	131554
a00008389	131555
a00008390	131556
a00008391	131557
a00008392	131558
a00008393	131559
a00008394	131560
a00008395	131561
a00008396	131562
a00008397	131563
a00008398	131564
a00008399	131565
a00008400	131566
a00008401	131567
a00008402	131568
a00008403	131569
a00008404	131570
a00008405	131571
a00008406	131572
a00008407	131573
a00008408	131574
a00008409	131575
a00008410	131576
a00008411	131577
a00008412	131578
a00008413	131579
a00008414	131580
a00008415	131581
a00008416	131582
a00008417	131583
a00008418	131584
a00008419	131585
a00008420	131586
a00008421	131587
a00008422	131588
a00008423	131589
a00008424	131590
a00008425	131591
a00008426	131592
a00008427	131593
a00008428	131594
a00008429	131595
a00008430	131596
a00008431	131597
a00008432	131598
a00008433	131599
a00008434	131600
a00008435	131601
a00008436	131602
a00008437	131603
a00008438	131604
a00008439	131605
a00008440	131606
a00008441	131607
a00008442	131608
a00008443	131609
a00008444	131610
a00008445	131611
a00008446	131612
a00008447	131613
a00008448	131614
a00008449	131615
a00008450	131616
a00008451	131617
a00008452	131618
a00008453	131619
a00008454	131620
a00008455	131621
a00008456	131622
a00008457	131623
a00008458	131624
a00008459	131625
a00008460	131626
a00008461	131627
a00008462	131628
a00008463	131629
a00008464	131630
a00008465	131631
a00008466	131632
a00008467	131633
a00008468	131634
a00008469	131635
a00008470	131636
a00008471	131637
a00008472	131638
a00008473	131639
a00008474	131640
a00008475	131641
a00008476	131642
a00008477	131643
a00008478	131644
a00008479	131645
a00008480	131646
a00008481	131647
a00008482	131648
a00008483	131649
a00008484	131650
a00008485	131651
a00008486	131652
a00008487	131653
a00008488	131654
a00008489	131655
a00008490	131656
a00008491	131657
a00008492	131658
a00008493	131659
a00008494	131660
a00008495	131661
a00008496	131662
a00008497	131663
a00008498	131664
a00008499	131665
a00008500	131666
a00008501	131667
a00008502	131668
a00008503	131669
a00008504	131670
a00008505	131671
a00008506	131672
a00008507	131673
a00008508	131674
a00008509	131675
a00008510	131676
a00008511	131677
a00008512	131678
a00008513	131679
a00008514	131680
a00008515	131681
a00008516	131682
a00008517	131683
a00008518	131684
a00008519	131685
a00008520	131686
a00008521	131687
a00008522	131688
a00008523	131689
a00008524	131690
a00008525	131691
a00008526	131692
a00008527	131693
a00008528	131694
a00008529	131695
a00008530	131696
a00008531	131697
a00008532	131698
a00008533	131699
a00008534	131700
a00008535	131701
a00008536	131702
a00008537	131703
a00008538	131704
a00008539	131705
a00008540	131706
a00008541	131707
a00008542	131708
a00008543	131709
a00008544	131710
a00008545	131711
a00008546	131712
a00008547	131713
a00008548	131714
a00008549	131715
a00008550	131716
a00008551	131717
a00008552	131718
a00008553	131719
a00008554	131720
a00008555	131721
a00008556	131722
a00008557	131723
a00008558	131724
a00008559	131725
a00008560	131726
a00008561	131727
a00008562	131728
a00008563	131729
a00008564	131730
a00008565	131731
a00008566	131732
a00008567	131733
a00008568	131734
a00008569	131735
a00008570	131736
a00008571	131737
a00008572	131738
a00008573	131739
a00008574	131740
a00008575	131741
a00008576	131742
a00008577	131743
a00008578	131744
a00008579	131745
a00008580	131746
a00008581	131747
a00008582	131748
a00008583	131749
a00008584	131750
a00008585	131751
a00008586	131752
a00008587	131753
a00008588	131754
a00008589	131755
a00008590	131756
a00008591	131757
a00008592	131758
a00008593	131759
a00008594	131760
a00008595	131761
a00008596	131762
a00008597	131763
a00008598	131764
a00008599	131765
a00008600	131766
a00008601	131767
a00008602	131768
a00008603	131769
a00008604	131770
a00008605	131771
a00008606	131772
a00008607	131773
a00008608	131774
a00008609	131775
a00008610	131776
a00008611	131777
a00008612	131778
a00008613	131779
a00008614	131780
a00008615	131781
a00008616	131782
a00008617	131783
a00008618	131784
a00008619	131785
a00008620	131786
a00008621	131787
a00008622	131788
a00008623	131789
a00008624	131790
a00008625	131791
a00008626	131792
a00008627	131793
a00008628	131794
a00008629	131795
a00008630	131796
a00008631	131797
a00008632	131798
a00008633	131799
a00008634	131800
a00008635	131801
a00008636	131802
a00008637	131803
a00008638	131804
a00008639	131805
a00008640	131806
a00008641	131807
a00008642	131808
a00008643	131809
a00008644	131810
a00008645	131811
a00008646	131812
a00008647	131813
a00008648	131814
a00008649	131815
a00008650	131816
a00008651	131817
a00008652	131818
a00008653	131819
a00008654	131820
a00008655	131821
a00008656	131822
a00008657	131823
a00008658	131824
a00008659	131825
a00008660	131826
a00008661	131827
a00008662	131828
a00008663	131829
a00008664	131830
a00008665	131831
a00008666	131832
a00008667	131833
a00008668	131834
a00008669	131835
a00008670	131836
a00008671	131837
a00008672	131838
a00008673	131839
a00008674	131840
a00008675	131841
a00008676	131842
a00008677	131843
a00008678	131844
a00008679	131845
a00008680	131846
a00008681	131847
a00008682	131848
a00008683	131849
a00008684	131850
a00008685	131851
a00008686	131852
a00008687	131853
a00008688	131854
a00008689	131855
a00008690	131856
a00008691	131857
a00008692	131858
a00008693	131859
a00008694	131860
a00008695	131861
a00008696	131862
a00008697	131863
a00008698	131864
a00008699	131865
a00008700	131866
a00008701	131867
a00008702	131868
a00008703	131869
a00008704	131870
a00008705	131871
a00008706	131872
a00008707	131873
a00008708	131874
a00008709	131875
a00008710	131876
a00008711	131877
a00008712	131878
a00008713	131879
a00008714	131880
a00008715	131881
a00008716	131882
a00008717	131883
a00008718	131884
a00008719	131885
a00008720	131886
a00008721	131887
a00008722	131888
a00008723	131889
a00008724	131890
a00008725	131891
a00008726	131892
a00008727	131893
a00008728	131894
a00008729	131895
a00008730	131896
a00008731	131897
a00008732	131898
a00008733	131899
a00008734	131900
a00008735	131901
a00008736	131902
a00008737	131903
a00008738	131904
a00008739	131905
a00008740	131906
a00008741	131907
a00008742	131908
a00008743	131909
a00008744	131910
a00008745	131911
a00008746	131912
a00008747	131913
a00008748	131914
a00008749	131915
a00008750	131916
a00008751	131917
a00008752	131918
a00008753	131919
a00008754	131920
a00008755	131921
a00008756	131922
a00008757	131923
a00008758	131924
a00008759	131925
a00008760	131926
a00008761	131927
a00008762	131928
a00008763	131929
a00008764	131930
a00008765	131931
a00008766	131932
a00008767	131933
a00008768	131934
a00008769	131935
a00008770	131936
a00008771	131937
a00008772	131938
a00008773	131939
a00008774	131940
a00008775	131941
a00008776	131942
a00008777	131943
a00008778	131944
a00008779	131945
a00008780	131946
a00008781	131947
a00008782	131948
a00008783	131949
a00008784	131950
a00008785	131951
a00008786	131952
a00008787	131953
a00008788	131954
a00008789	131955
a00008790	131956
a00008791	131957
a00008792	131958
a00008793	131959
a00008794	131960
a00008795	131961
a00008796	131962
a00008797	131963
a00008798	131964
a00008799	131965
a00008800	131966
a00008801	131967
a00008802	131968
a00008803	131969
a00008804	131970
a00008805	131971
a00008806	131972
a00008807	131973
a00008808	131974
a00008809	131975
a00008810	131976
a00008811	131977
a00008812	131978
a00008813	131979
a00008814	131980
a00008815	131981
a00008816	131982
a00008817	131983
a00008818	131984
a00008819	131985
a00008820	131986
a00008821	131987
a00008822	131988
a00008823	131989
a00008824	131990
a00008825	131991
a00008826	131992
a00008827	131993
a00008828	131994
a00008829	131995
a00008830	131996
a00008831	131997
a00008832	131998
a00008833	131999
a00008834	132000
a00008835	132001
a00008836	132002
a00008837	132003
a00008838	132004
a00008839	132005
a00008840	132006
a00008841	132007
a00008842	132008
a00008843	132009
a00008844	132010
a00008845	132011
a00008846	132012
a00008847	132013
a00008848	132014
a00008849	132015
a00008850	132016
a00008851	132017
a00008852	132018
a00008853	132019
a00008854	132020
a00008855	132021
a00008856	132022
a00008857	132023
a00008858	132024
a00008859	132025
a00008860	132026
a00008861	132027
a00008862	132028
a00008863	132029
a00008864	132030
a00008865	132031
a00008866	132032
a00008867	132033
a00008868	132034
a00008869	132035
a00008870	132036
a00008871	132037
a00008872	132038
a00008873	132039
a00008874	132040
a00008875	132041
a00008876	132042
a00008877	132043
a00008878	132044
a00008879	132045
a00008880	132046
a00008881	132047
a00008882	132048
a00008883	132049
a00008884	132050
a00008885	132051
a00008886	132052
a00008887	132053
a00008888	132054
a00008889	132055
a00008890	132056
a00008891	132057
a00008892	132058
a00008893	132059
a00008894	132060
a00008895	132061
a00008896	132062
a00008897	132063
a00008898	132064
a00008899	132065
a00008900	132066
a00008901	132067
a00008902	132068
a00008903	132069
a00008904	132070
a00008905	132071
a00008906	132072
a00008907	132073
a00008908	132074
a00008909	132075
a00008910	132076
a00008911	132077
a00008912	132078
a00008913	132079
a00008914	132080
a00008915	132081
a00008916	132082
a00008917	132083
a00008918	132084
a00008919	132085
a00008920	132086
a00008921	132087
a00008922	132088
a00008923	132089
a00008924	132090
a00008925	132091
a00008926	132092
a00008927	132093
a00008928	132094
a00008929	132095
a00008930	132096
a00008931	132097
a00008932	132098
a00008933	132099
a00008934	132100
a00008935	132101
a00008936	132102
a00008937	132103
a00008938	132104
a00008939	132105
a00008940	132106
a00008941	132107
a00008942	132108
a00008943	132109
a00008944	132110
a00008945	132111
a00008946	132112
a00008947	132113
a00008948	132114
a00008949	132115
a00008950	132116
a00008951	132117
a00008952	132118
a00008953	132119
a00008954	132120
a00008955	132121
a00008956	132122
a00008957	132123
a00008958	132124
a00008959	132125
a00008960	132126
a00008961	132127
a00008962	132128
a00008963	132129
a00008964	132130
a00008965	132131
a00008966	132132
a00008967	132133
a00008968	132134
a00008969	132135
a00008970	132136
a00008971	132137
a00008972	132138
a00008973	132139
a00008974	132140
a00008975	132141
a00008976	132142
a00008977	132143
a00008978	132144
a00008979	132145
a00008980	132146
a00008981	132147
a00008982	132148
a00008983	132149
a00008984	132150
a00008985	132151
a00008986	132152
a00008987	132153
a00008988	132154
a00008989	132155
a00008990	132156
a00008991	132157
a00008992	132158
a00008993	132159
a00008994	132160
a00008995	132161
a00008996	132162
a00008997	132163
a00008998	132164
a00008999	132165
a00009000	132166
a00009001	132167
a00009002	132168
a00009003	132169
a00009004	132170
a00009005	132171
a00009006	132172
a00009007	132173
a00009008	132174
a00009009	132175
a00009010	132176
a00009011	132177
a00009012	132178
a00009013	132179
a00009014	132180
a00009015	132181
a00009016	132182
a00009017	132183
a00009018	132184
a00009019	132185
a00009020	132186
a00009021	132187
a00009022	132188
a00009023	132189
a00009024	132190
a00009025	132191
a00009026	132192
a00009027	132193
a00009028	132194
a00009029	132195
a00009030	132196
a00009031	132197
a00009032	132198
a00009033	132199
a00009034	132200
a00009035	132201
a00009036	132202
a00009037	132203
a00009038	132204
a00009039	132205
a00009040	132206
a00009041	132207
a00009042	132208
a00009043	132209
a00009044	132210
a00009045	132211
a00009046	132212
a00009047	132213
a00009048	132214
a00009049	132215
a00009050	132216
a00009051	132217
a00009052	132218
a00009053	132219
a00009054	132220
a00009055	132221
a00009056	132222
a00009057	132223
a00009058	132224
a00009059	132225
a00009060	132226
a00009061	132227
a00009062	132228
a00009063	132229
a00009064	132230
a00009065	132231
a00009066	132232
a00009067	132233
a00009068	132234
a00009069	132235
a00009070	132236
a00009071	132237
a00009072	132238
a00009073	132239
a00009074	132240
a00009075	132241
a00009076	132242
a00009077	132243
a00009078	132244
a00009079	132245
a00009080	132246
a00009081	132247
a00009082	132248
a00009083	132249
a00009084	132250
a00009085	132251
a00009086	132252
a00009087	132253
a00009088	132254
a00009089	132255
a00009090	132256
a00009091	132257
a00009092	132258
a00009093	132259
a00009094	132260
a00009095	132261
a00009096	132262
a00009097	132263
a00009098	132264
a00009099	132265
a00009100	132266
a00009101	132267
a00009102	132268
a00009103	132269
a00009104	132270
a00009105	132271
a00009106	132272
a00009107	132273
a00009108	132274
a00009109	132275
a00009110	132276
a00009111	132277
a00009112	132278
a00009113	132279
a00009114	132280
a00009115	132281
a00009116	132282
a00009117	132283
a00009118	132284
a00009119	132285
a00009120	132286
a00009121	132287
a00009122	132288
a00009123	132289
a00009124	132290
a00009125	132291
a00009126	132292
a00009127	132293
a00009128	132294
a00009129	132295
a00009130	132296
a00009131	132297
a00009132	132298
a00009133	132299
a00009134	132300
a00009135	132301
a00009136	132302
a00009137	132303
a00009138	132304
a00009139	132305
a00009140	132306
a00009141	132307
a00009142	132308
a00009143	132309
a00009144	132310
a00009145	132311
a00009146	132312
a00009147	132313
a00009148	132314
a00009149	132315
a00009150	132316
a00009151	132317
a00009152	132318
a00009153	132319
a00009154	132320
a00009155	132321
a00009156	132322
a00009157	132323
a00009158	132324
a00009159	132325
a00009160	132326
a00009161	132327
a00009162	132328
a00009163	132329
a00009164	132330
a00009165	132331
a00009166	132332
a00009167	132333
a00009168	132334
a00009169	132335
a00009170	132336
a00009171	132337
a00009172	132338
a00009173	132339
a00009174	132340
a00009175	132341
a00009176	132342
a00009177	132343
a00009178	132344
a00009179	132345
a00009180	132346
a00009181	132347
a00009182	132348
a00009183	132349
a00009184	132350
a00009185	132351
a00009186	132352
a00009187	132353
a00009188	132354
a00009189	132355
a00009190	132356
a00009191	132357
a00009192	132358
a00009193	132359
a00009194	132360
a00009195	132361
a00009196	132362
a00009197	132363
a00009198	132364
a00009199	132365
a00009200	132366
a00009201	132367
a00009202	132368
a00009203	132369
a00009204	132370
a00009205	132371
a00009206	132372
a00009207	132373
a00009208	132374
a00009209	132375
a00009210	132376
a00009211	132377
a00009212	132378
a00009213	132379
a00009214	132380
a00009215	132381
a00009216	132382
a00009217	132383
a00009218	132384
a00009219	132385
a00009220	132386
a00009221	132387
a00009222	132388
a00009223	132389
a00009224	132390
a00009225	132391
a00009226	132392
a00009227	132393
a00009228	132394
a00009229	132395
a00009230	132396
a00009231	132397
a00009232	132398
a00009233	132399
a00009234	132400
a00009235	132401
a00009236	132402
a00009237	132403
a00009238	132404
a00009239	132405
a00009240	132406
a00009241	132407
a00009242	132408
a00009243	132409
a00009244	132410
a00009245	132411
a00009246	132412
a00009247	132413
a00009248	132414
a00009249	132415
a00009250	132416
a00009251	132417
a00009252	132418
a00009253	132419
a00009254	132420
a00009255	132421
a00009256	132422
a00009257	132423
a00009258	132424
a00009259	132425
a00009260	132426
a00009261	132427
a00009262	132428
a00009263	132429
a00009264	132430
a00009265	132431
a00009266	132432
a00009267	132433
a00009268	132434
a00009269	132435
a00009270	132436
a00009271	132437
a00009272	132438
a00009273	132439
a00009274	132440
a00009275	132441
a00009276	132442
a00009277	132443
a00009278	132444
a00009279	132445
a00009280	132446
a00009281	132447
a00009282	132448
a00009283	132449
a00009284	132450
a00009285	132451
a00009286	132452
a00009287	132453
a00009288	132454
a00009289	132455
a00009290	132456
a00009291	132457
a00009292	132458
a00009293	132459
a00009294	132460
a00009295	132461
a00009296	132462
a00009297	132463
a00009298	132464
a00009299	132465
a00009300	132466
a00009301	132467
a00009302	132468
a00009303	132469
a00009304	132470
a00009305	132471
a00009306	132472
a00009307	132473
a00009308	132474
a00009309	132475
a00009310	132476
a00009311	132477
a00009312	132478
a00009313	132479
a00009314	132480
a00009315	132481
a00009316	132482
a00009317	132483
a00009318	132484
a00009319	132485
a00009320	132486
a00009321	132487
a00009322	132488
a00009323	132489
a00009324	132490
a00009325	132491
a00009326	132492
a00009327	132493
a00009328	132494
a00009329	132495
a00009330	132496
a00009331	132497
a00009332	132498
a00009333	132499
a00009334	132500
a00009335	132501
a00009336	132502
a00009337	132503
a00009338	132504
a00009339	132505
a00009340	132506
a00009341	132507
a00009342	132508
a00009343	132509
a00009344	132510
a00009345	132511
a00009346	132512
a00009347	132513
a00009348	132514
a00009349	132515
a00009350	132516
a00009351	132517
a00009352	132518
a00009353	132519
a00009354	132520
a00009355	132521
a00009356	132522
a00009357	132523
a00009358	132524
a00009359	132525
a00009360	132526
a00009361	132527
a00009362	132528
a00009363	132529
a00009364	132530
a00009365	132531
a00009366	132532
a00009367	132533
a00009368	132534
a00009369	132535
a00009370	132536
a00009371	132537
a00009372	132538
a00009373	132539
a00009374	132540
a00009375	132541
a00009376	132542
a00009377	132543
a00009378	132544
a00009379	132545
a00009380	132546
a00009381	132547
a00009382	132548
a00009383	132549
a00009384	132550
a00009385	132551
a00009386	132552
a00009387	132553
a00009388	132554
a00009389	132555
a00009390	132556
a00009391	132557
a00009392	132558
a00009393	132559
a00009394	132560
a00009395	132561
a00009396	132562
a00009397	132563
a00009398	132564
a00009399	132565
a00009400	132566
a00009401	132567
a00009402	132568
a00009403	132569
a00009404	132570
a00009405	132571
a00009406	132572
a00009407	132573
a00009408	132574
a00009409	132575
a00009410	132576
a00009411	132577
a00009412	132578
a00009413	132579
a00009414	132580
a00009415	132581
a00009416	132582
a00009417	132583
a00009418	132584
a00009419	132585
a00009420	132586
a00009421	132587
a00009422	132588
a00009423	132589
a00009424	132590
a00009425	132591
a00009426	132592
a00009427	132593
a00009428	132594
a00009429	132595
a00009430	132596
a00009431	132597
a00009432	132598
a00009433	132599
a00009434	132600
a00009435	132601
a00009436	132602
a00009437	132603
a00009438	132604
a00009439	132605
a00009440	132606
a00009441	132607
a00009442	132608
a00009443	132609
a00009444	132610
a00009445	132611
a00009446	132612
a00009447	132613
a00009448	132614
a00009449	132615
a00009450	132616
a00009451	132617
a00009452	132618
a00009453	132619
a00009454	132620
a00009455	132621
a00009456	132622
a00009457	132623
a00009458	132624
a00009459	132625
a00009460	132626
a00009461	132627
a00009462	132628
a00009463	132629
a00009464	132630
a00009465	132631
a00009466	132632
a00009467	132633
a00009468	132634
a00009469	132635
a00009470	132636
a00009471	132637
a00009472	132638
a00009473	132639
a00009474	132640
a00009475	132641
a00009476	132642
a00009477	132643
a00009478	132644
a00009479	132645
a00009480	132646
a00009481	132647
a00009482	132648
a00009483	132649
a00009484	132650
a00009485	132651
a00009486	132652
a00009487	132653
a00009488	132654
a00009489	132655
a00009490	132656
a00009491	132657
a00009492	132658
a00009493	132659
a00009494	132660
a00009495	132661
a00009496	132662
a00009497	132663
a00009498	132664
a00009499	132665
a00009500	132666
a00009501	132667
a00009502	132668
a00009503	132669
a00009504	132670
a00009505	132671
a00009506	132672
a00009507	132673
a00009508	132674
a00009509	132675
a00009510	132676
a00009511	132677
a00009512	132678
a00009513	132679
a00009514	132680
a00009515	132681
a00009516	132682
a00009517	132683
a00009518	132684
a00009519	132685
a00009520	132686
a00009521	132687
a00009522	132688
a00009523	132689
a00009524	132690
a00009525	132691
a00009526	132692
a00009527	132693
a00009528	132694
a00009529	132695
a00009530	132696
a00009531	132697
a00009532	132698
a00009533	132699
a00009534	132700
a00009535	132701
a00009536	132702
a00009537	132703
a00009538	132704
a00009539	132705
a00009540	132706
a00009541	132707
a00009542	132708
a00009543	132709
a00009544	132710
a00009545	132711
a00009546	132712
a00009547	132713
a00009548	132714
a00009549	132715
a00009550	132716
a00009551	132717
a00009552	132718
a00009553	132719
a00009554	132720
a00009555	132721
a00009556	132722
a00009557	132723
a00009558	132724
a00009559	132725
a00009560	132726
a00009561	132727
a00009562	132728
a00009563	132729
a00009564	132730
a00009565	132731
a00009566	132732
a00009567	132733
a00009568	132734
a00009569	132735
a00009570	132736
a00009571	132737
a00009572	132738
a00009573	132739
a00009574	132740
a00009575	132741
a00009576	132742
a00009577	132743
a00009578	132744
a00009579	132745
a00009580	132746
a00009581	132747
a00009582	132748
a00009583	132749
a00009584	132750
a00009585	132751
a00009586	132752
a00009587	132753
a00009588	132754
a00009589	132755
a00009590	132756
a00009591	132757
a00009592	132758
a00009593	132759
a00009594	132760
a00009595	132761
a00009596	132762
a00009597	132763
a00009598	132764
a00009599	132765
a00009600	132766
a00009601	132767
a00009602	132768
a00009603	132769
a00009604	132770
a00009605	132771
a00009606	132772
a00009607	132773
a00009608	132774
a00009609	132775
a00009610	132776
a00009611	132777
a00009612	132778
a00009613	132779
a00009614	132780
a00009615	132781
a00009616	132782
a00009617	132783
a00009618	132784
a00009619	132785
a00009620	132786
a00009621	132787
a00009622	132788
a00009623	132789
a00009624	132790
a00009625	132791
a00009626	132792
a00009627	132793
a00009628	132794
a00009629	132795
a00009630	132796
a00009631	132797
a00009632	132798
a00009633	132799
a00009634	132800
a00009635	132801
a00009636	132802
a00009637	132803
a00009638	132804
a00009639	132805
a00009640	132806
a00009641	132807
a00009642	132808
a00009643	132809
a00009644	132810
a00009645	132811
a00009646	132812
a00009647	132813
a00009648	132814
a00009649	132815
a00009650	132816
a00009651	132817
a00009652	132818
a00009653	132819
a00009654	132820
a00009655	132821
a00009656	132822
a00009657	132823
a00009658	132824
a00009659	132825
a00009660	132826
a00009661	132827
a00009662	132828
a00009663	132829
a00009664	132830
a00009665	132831
a00009666	132832
a00009667	132833
a00009668	132834
a00009669	132835
a00009670	132836
a00009671	132837
a00009672	132838
a00009673	132839
a00009674	132840
a00009675	132841
a00009676	132842
a00009677	132843
a00009678	132844
a00009679	132845
a00009680	132846
a00009681	132847
a00009682	132848
a00009683	132849
a00009684	132850
a00009685	132851
a00009686	132852
a00009687	132853
a00009688	132854
a00009689	132855
a00009690	132856
a00009691	132857
a00009692	132858
a00009693	132859
a00009694	132860
a00009695	132861
a00009696	132862
a00009697	132863
a00009698	132864
a00009699	132865
a00009700	132866
a00009701	132867
a00009702	132868
a00009703	132869
a00009704	132870
a00009705	132871
a00009706	132872
a00009707	132873
a00009708	132874
a00009709	132875
a00009710	132876
a00009711	132877
a00009712	132878
a00009713	132879
a00009714	132880
a00009715	132881
a00009716	132882
a00009717	132883
a00009718	132884
a00009719	132885
a00009720	132886
a00009721	132887
a00009722	132888
a00009723	132889
a00009724	132890
a00009725	132891
a00009726	132892
a00009727	132893
a00009728	132894
a00009729	132895
a00009730	132896
a00009731	132897
a00009732	132898
a00009733	132899
a00009734	132900
a00009735	132901
a00009736	132902
a00009737	132903
a00009738	132904
a00009739	132905
a00009740	132906
a00009741	132907
a00009742	132908
a00009743	132909
a00009744	132910
a00009745	132911
a00009746	132912
a00009747	132913
a00009748	132914
a00009749	132915
a00009750	132916
a00009751	132917
a00009752	132918
a00009753	132919
a00009754	132920
a00009755	132921
a00009756	132922
a00009757	132923
a00009758	132924
a00009759	132925
a00009760	132926
a00009761	132927
a00009762	132928
a00009763	132929
a00009764	132930
a00009765	132931
a00009766	132932
a00009767	132933
a00009768	132934
a00009769	132935
a00009770	132936
a00009771	132937
a00009772	132938
a00009773	132939
a00009774	132940
a00009775	132941
a00009776	132942
a00009777	132943
a00009778	132944
a00009779	132945
a00009780	132946
a00009781	132947
a00009782	132948
a00009783	132949
a00009784	132950
a00009785	132951
a00009786	132952
a00009787	132953
a00009788	132954
a00009789	132955
a00009790	132956
a00009791	132957
a00009792	132958
a00009793	132959
a00009794	132960
a00009795	132961
a00009796	132962
a00009797	132963
a00009798	132964
a00009799	132965
a00009800	132966
a00009801	132967
a00009802	132968
a00009803	132969
a00009804	132970
a00009805	132971
a00009806	132972
a00009807	132973
a00009808	132974
a00009809	132975
a00009810	132976
a00009811	132977
a00009812	132978
a00009813	132979
a00009814	132980
a00009815	132981
a00009816	132982
a00009817	132983
a00009818	132984
a00009819	132985
a00009820	132986
a00009821	132987
a00009822	132988
a00009823	132989
a00009824	132990
a00009825	132991
a00009826	132992
a00009827	132993
a00009828	132994
a00009829	132995
a00009830	132996
a00009831	132997
a00009832	132998
a00009833	132999
a00009834	133000
a00009835	133001
a00009836	133002
a00009837	133003
a00009838	133004
a00009839	133005
a00009840	133006
a00009841	133007
a00009842	133008
a00009843	133009
a00009844	133010
a00009845	133011
a00009846	133012
a00009847	133013
a00009848	133014
a00009849	133015
a00009850	133016
a00009851	133017
a00009852	133018
a00009853	133019
a00009854	133020
a00009855	133021
a00009856	133022
a00009857	133023
a00009858	133024
a00009859	133025
a00009860	133026
a00009861	133027
a00009862	133028
a00009863	133029
a00009864	133030
a00009865	133031
a00009866	133032
a00009867	133033
a00009868	133034
a00009869	133035
a00009870	133036
a00009871	133037
a00009872	133038
a00009873	133039
a00009874	133040
a00009875	133041
a00009876	133042
a00009877	133043
a00009878	133044
a00009879	133045
a00009880	133046
a00009881	133047
a00009882	133048
a00009883	133049
a00009884	133050
a00009885	133051
a00009886	133052
a00009887	133053
a00009888	133054
a00009889	133055
a00009890	133056
a00009891	133057
a00009892	133058
a00009893	133059
a00009894	133060
a00009895	133061
a00009896	133062
a00009897	133063
a00009898	133064
a00009899	133065
a00009900	133066
a00009901	133067
a00009902	133068
a00009903	133069
a00009904	133070
a00009905	133071
a00009906	133072
a00009907	133073
a00009908	133074
a00009909	133075
a00009910	133076
a00009911	133077
a00009912	133078
a00009913	133079
a00009914	133080
a00009915	133081
a00009916	133082
a00009917	133083
a00009918	133084
a00009919	133085
a00009920	133086
a00009921	133087
a00009922	133088
a00009923	133089
a00009924	133090
a00009925	133091
a00009926	133092
a00009927	133093
a00009928	133094
a00009929	133095
a00009930	133096
a00009931	133097
a00009932	133098
a00009933	133099
a00009934	133100
a00009935	133101
a00009936	133102
a00009937	133103
a00009938	133104
a00009939	133105
a00009940	133106
a00009941	133107
a00009942	133108
a00009943	133109
a00009944	133110
a00009945	133111
a00009946	133112
a00009947	133113
a00009948	133114
a00009949	133115
a00009950	133116
a00009951	133117
a00009952	133118
a00009953	133119
a00009954	133120
a00009955	133121
a00009956	133122
a00009957	133123
a00009958	133124
a00009959	133125
a00009960	133126
a00009961	133127
a00009962	133128
a00009963	133129
a00009964	133130
a00009965	133131
a00009966	133132
a00009967	133133
a00009968	133134
a00009969	133135
a00009970	133136
a00009971	133137
a00009972	133138
a00009973	133139
a00009974	133140
a00009975	133141
a00009976	133142
a00009977	133143
a00009978	133144
a00009979	133145
a00009980	133146
a00009981	133147
a00009982	133148
a00009983	133149
a00009984	133150
a00009985	133151
a00009986	133152
a00009987	133153
a00009988	133154
a00009989	133155
a00009990	133156
a00009991	133157
a00009992	133158
a00009993	133159
a00009994	133160
a00009995	133161
a00009996	133162
a00009997	133163
a00009998	133164
a00009999	133165
a00010000	133166
a00010001	133167
a00010002	133168
a00010003	133169
a00010004	133170
a00010005	133171
a00010006	133172
a00010007	133173
a00010008	133174
a00010009	133175
a00010010	133176
a00010011	133177
a00010012	133178
a00010013	133179
a00010014	133180
a00010015	133181
a00010016	133182
a00010017	133183
a00010018	133184
a00010019	133185
a00010020	133186
a00010021	133187
a00010022	133188
a00010023	133189
a00010024	133190
a00010025	133191
a00010026	133192
a00010027	133193
a00010028	133194
a00010029	133195
a00010030	133196
a00010031	133197
a00010032	133198
a00010033	133199
a00010034	133200
a00010035	133201
a00010036	133202
a00010037	133203
a00010038	133204
a00010039	133205
a00010040	133206
a00010041	133207
a00010042	133208
a00010043	133209
a00010044	133210
a00010045	133211
a00010046	133212
a00010047	133213
a00010048	133214
a00010049	133215
a00010050	133216
a00010051	133217
a00010052	133218
a00010053	133219
a00010054	133220
a00010055	133221
a00010056	133222
a00010057	133223
a00010058	133224
a00010059	133225
a00010060	133226
a00010061	133227
a00010062	133228
a00010063	133229
a00010064	133230
a00010065	133231
a00010066	133232
a00010067	133233
a00010068	133234
a00010069	133235
a00010070	133236
a00010071	133237
a00010072	133238
a00010073	133239
a00010074	133240
a00010075	133241
a00010076	133242
a00010077	133243
a00010078	133244
a00010079	133245
a00010080	133246
a00010081	133247
a00010082	133248
a00010083	133249
a00010084	133250
a00010085	133251
a00010086	133252
a00010087	133253
a00010088	133254
a00010089	133255
a00010090	133256
a00010091	133257
a00010092	133258
a00010093	133259
a00010094	133260
a00010095	133261
a00010096	133262
a00010097	133263
a00010098	133264
a00010099	133265
a00010100	133266
a00010101	133267
a00010102	133268
a00010103	133269
a00010104	133270
a00010105	133271
a00010106	133272
a00010107	133273
a00010108	133274
a00010109	133275
a00010110	133276
a00010111	133277
a00010112	133278
a00010113	133279
a00010114	133280
a00010115	133281
a00010116	133282
a00010117	133283
a00010118	133284
a00010119	133285
a00010120	133286
a00010121	133287
a00010122	133288
a00010123	133289
a00010124	133290
a00010125	133291
a00010126	133292
a00010127	133293
a00010128	133294
a00010129	133295
a00010130	133296
a00010131	133297
a00010132	133298
a00010133	133299
a00010134	133300
a00010135	133301
a00010136	133302
a00010137	133303
a00010138	133304
a00010139	133305
a00010140	133306
a00010141	133307
a00010142	133308
a00010143	133309
a00010144	133310
a00010145	133311
a00010146	133312
a00010147	133313
a00010148	133314
a00010149	133315
a00010150	133316
a00010151	133317
a00010152	133318
a00010153	133319
a00010154	133320
a00010155	133321
a00010156	133322
a00010157	133323
a00010158	133324
a00010159	133325
a00010160	133326
a00010161	133327
a00010162	133328
a00010163	133329
a00010164	133330
a00010165	133331
a00010166	133332
a00010167	133333
a00010168	133334
a00010169	133335
a00010170	133336
a00010171	133337
a00010172	133338
a00010173	133339
a00010174	133340
a00010175	133341
a00010176	133342
a00010177	133343
a00010178	133344
a00010179	133345
a00010180	133346
a00010181	133347
a00010182	133348
a00010183	133349
a00010184	133350
a00010185	133351
a00010186	133352
a00010187	133353
a00010188	133354
a00010189	133355
a00010190	133356
a00010191	133357
a00010192	133358
a00010193	133359
a00010194	133360
a00010195	133361
a00010196	133362
a00010197	133363
a00010198	133364
a00010199	133365
a00010200	133366
a00010201	133367
a00010202	133368
a00010203	133369
a00010204	133370
a00010205	133371
a00010206	133372
a00010207	133373
a00010208	133374
a00010209	133375
a00010210	133376
a00010211	133377
a00010212	133378
a00010213	133379
a00010214	133380
a00010215	133381
a00010216	133382
a00010217	133383
a00010218	133384
a00010219	133385
a00010220	133386
a00010221	133387
a00010222	133388
a00010223	133389
a00010224	133390
a00010225	133391
a00010226	133392
a00010227	133393
a00010228	133394
a00010229	133395
a00010230	133396
a00010231	133397
a00010232	133398
a00010233	133399
a00010234	133400
a00010235	133401
a00010236	133402
a00010237	133403
a00010238	133404
a00010239	133405
a00010240	133406
a00010241	133407
a00010242	133408
a00010243	133409
a00010244	133410
a00010245	133411
a00010246	133412
a00010247	133413
a00010248	133414
a00010249	133415
a00010250	133416
a00010251	133417
a00010252	133418
a00010253	133419
a00010254	133420
a00010255	133421
a00010256	133422
a00010257	133423
a00010258	133424
a00010259	133425
a00010260	133426
a00010261	133427
a00010262	133428
a00010263	133429
a00010264	133430
a00010265	133431
a00010266	133432
a00010267	133433
a00010268	133434
a00010269	133435
a00010270	133436
a00010271	133437
a00010272	133438
a00010273	133439
a00010274	133440
a00010275	133441
a00010276	133442
a00010277	133443
a00010278	133444
a00010279	133445
a00010280	133446
a00010281	133447
a00010282	133448
a00010283	133449
a00010284	133450
a00010285	133451
a00010286	133452
a00010287	133453
a00010288	133454
a00010289	133455
a00010290	133456
a00010291	133457
a00010292	133458
a00010293	133459
a00010294	133460
a00010295	133461
a00010296	133462
a00010297	133463
a00010298	133464
a00010299	133465
a00010300	133466
a00010301	133467
a00010302	133468
a00010303	133469
a00010304	133470
a00010305	133471
a00010306	133472
a00010307	133473
a00010308	133474
a00010309	133475
a00010310	133476
a00010311	133477
a00010312	133478
a00010313	133479
a00010314	133480
a00010315	133481
a00010316	133482
a00010317	133483
a00010318	133484
a00010319	133485
a00010320	133486
a00010321	133487
a00010322	133488
a00010323	133489
a00010324	133490
a00010325	133491
a00010326	133492
a00010327	133493
a00010328	133494
a00010329	133495
a00010330	133496
a00010331	133497
a00010332	133498
a00010333	133499
a00010334	133500
a00010335	133501
a00010336	133502
a00010337	133503
a00010338	133504
a00010339	133505
a00010340	133506
a00010341	133507
a00010342	133508
a00010343	133509
a00010344	133510
a00010345	133511
a00010346	133512
a00010347	133513
a00010348	133514
a00010349	133515
a00010350	133516
a00010351	133517
a00010352	133518
a00010353	133519
a00010354	133520
a00010355	133521
a00010356	133522
a00010357	133523
a00010358	133524
a00010359	133525
a00010360	133526
a00010361	133527
a00010362	133528
a00010363	133529
a00010364	133530
a00010365	133531
a00010366	133532
a00010367	133533
a00010368	133534
a00010369	133535
a00010370	133536
a00010371	133537
a00010372	133538
a00010373	133539
a00010374	133540
a00010375	133541
a00010376	133542
a00010377	133543
a00010378	133544
a00010379	133545
a00010380	133546
a00010381	133547
a00010382	133548
a00010383	133549
a00010384	133550
a00010385	133551
a00010386	133552
a00010387	133553
a00010388	133554
a00010389	133555
a00010390	133556
a00010391	133557
a00010392	133558
a00010393	133559
a00010394	133560
a00010395	133561
a00010396	133562
a00010397	133563
a00010398	133564
a00010399	133565
a00010400	133566
a00010401	133567
a00010402	133568
a00010403	133569
a00010404	133570
a00010405	133571
a00010406	133572
a00010407	133573
a00010408	133574
a00010409	133575
a00010410	133576
a00010411	133577
a00010412	133578
a00010413	133579
a00010414	133580
a00010415	133581
a00010416	133582
a00010417	133583
a00010418	133584
a00010419	133585
a00010420	133586
a00010421	133587
a00010422	133588
a00010423	133589
a00010424	133590
a00010425	133591
a00010426	133592
a00010427	133593
a00010428	133594
a00010429	133595
a00010430	133596
a00010431	133597
a00010432	133598
a00010433	133599
a00010434	133600
a00010435	133601
a00010436	133602
a00010437	133603
a00010438	133604
a00010439	133605
a00010440	133606
a00010441	133607
a00010442	133608
a00010443	133609
a00010444	133610
a00010445	133611
a00010446	133612
a00010447	133613
a00010448	133614
a00010449	133615
a00010450	133616
a00010451	133617
a00010452	133618
a00010453	133619
a00010454	133620
a00010455	133621
a00010456	133622
a00010457	133623
a00010458	133624
a00010459	133625
a00010460	133626
a00010461	133627
a00010462	133628
a00010463	133629
a00010464	133630
a00010465	133631
a00010466	133632
a00010467	133633
a00010468	133634
a00010469	133635
a00010470	133636
a00010471	133637
a00010472	133638
a00010473	133639
a00010474	133640
a00010475	133641
a00010476	133642
a00010477	133643
a00010478	133644
a00010479	133645
a00010480	133646
a00010481	133647
a00010482	133648
a00010483	133649
a00010484	133650
a00010485	133651
a00010486	133652
a00010487	133653
a00010488	133654
a00010489	133655
a00010490	133656
a00010491	133657
a00010492	133658
a00010493	133659
a00010494	133660
a00010495	133661
a00010496	133662
a00010497	133663
a00010498	133664
a00010499	133665
a00010500	133666
a00010501	133667
a00010502	133668
a00010503	133669
a00010504	133670
a00010505	133671
a00010506	133672
a00010507	133673
a00010508	133674
a00010509	133675
a00010510	133676
a00010511	133677
a00010512	133678
a00010513	133679
a00010514	133680
a00010515	133681
a00010516	133682
a00010517	133683
a00010518	133684
a00010519	133685
a00010520	133686
a00010521	133687
a00010522	133688
a00010523	133689
a00010524	133690
a00010525	133691
a00010526	133692
a00010527	133693
a00010528	133694
a00010529	133695
a00010530	133696
a00010531	133697
a00010532	133698
a00010533	133699
a00010534	133700
a00010535	133701
a00010536	133702
a00010537	133703
a00010538	133704
a00010539	133705
a00010540	133706
a00010541	133707
a00010542	133708
a00010543	133709
a00010544	133710
a00010545	133711
a00010546	133712
a00010547	133713
a00010548	133714
a00010549	133715
a00010550	133716
a00010551	133717
a00010552	133718
a00010553	133719
a00010554	133720
a00010555	133721
a00010556	133722
a00010557	133723
a00010558	133724
a00010559	133725
a00010560	133726
a00010561	133727
a00010562	133728
a00010563	133729
a00010564	133730
a00010565	133731
a00010566	133732
a00010567	133733
a00010568	133734
a00010569	133735
a00010570	133736
a00010571	133737
a00010572	133738
a00010573	133739
a00010574	133740
a00010575	133741
a00010576	133742
a00010577	133743
a00010578	133744
a00010579	133745
a00010580	133746
a00010581	133747
a00010582	133748
a00010583	133749
a00010584	133750
a00010585	133751
a00010586	133752
a00010587	133753
a00010588	133754
a00010589	133755
a00010590	133756
a00010591	133757
a00010592	133758
a00010593	133759
a00010594	133760
a00010595	133761
a00010596	133762
a00010597	133763
a00010598	133764
a00010599	133765
a00010600	133766
a00010601	133767
a00010602	133768
a00010603	133769
a00010604	133770
a00010605	133771
a00010606	133772
a00010607	133773
a00010608	133774
a00010609	133775
a00010610	133776
a00010611	133777
a00010612	133778
a00010613	133779
a00010614	133780
a00010615	133781
a00010616	133782
a00010617	133783
a00010618	133784
a00010619	133785
a00010620	133786
a00010621	133787
a00010622	133788
a00010623	133789
a00010624	133790
a00010625	133791
a00010626	133792
a00010627	133793
a00010628	133794
a00010629	133795
a00010630	133796
a00010631	133797
a00010632	133798
a00010633	133799
a00010634	133800
a00010635	133801
a00010636	133802
a00010637	133803
a00010638	133804
a00010639	133805
a00010640	133806
a00010641	133807
a00010642	133808
a00010643	133809
a00010644	133810
a00010645	133811
a00010646	133812
a00010647	133813
a00010648	133814
a00010649	133815
a00010650	133816
a00010651	133817
a00010652	133818
a00010653	133819
a00010654	133820
a00010655	133821
a00010656	133822
a00010657	133823
a00010658	133824
a00010659	133825
a00010660	133826
a00010661	133827
a00010662	133828
a00010663	133829
a00010664	133830
a00010665	133831
a00010666	133832
a00010667	133833
a00010668	133834
a00010669	133835
a00010670	133836
a00010671	133837
a00010672	133838
a00010673	133839
a00010674	133840
a00010675	133841
a00010676	133842
a00010677	133843
a00010678	133844
a00010679	133845
a00010680	133846
a00010681	133847
a00010682	133848
a00010683	133849
a00010684	133850
a00010685	133851
a00010686	133852
a00010687	133853
a00010688	133854
a00010689	133855
a00010690	133856
a00010691	133857
a00010692	133858
a00010693	133859
a00010694	133860
a00010695	133861
a00010696	133862
a00010697	133863
a00010698	133864
a00010699	133865
a00010700	133866
a00010701	133867
a00010702	133868
a00010703	133869
a00010704	133870
a00010705	133871
a00010706	133872
a00010707	133873
a00010708	133874
a00010709	133875
a00010710	133876
a00010711	133877
a00010712	133878
a00010713	133879
a00010714	133880
a00010715	133881
a00010716	133882
a00010717	133883
a00010718	133884
a00010719	133885
a00010720	133886
a00010721	133887
a00010722	133888
a00010723	133889
a00010724	133890
a00010725	133891
a00010726	133892
a00010727	133893
a00010728	133894
a00010729	133895
a00010730	133896
a00010731	133897
a00010732	133898
a00010733	133899
a00010734	133900
a00010735	133901
a00010736	133902
a00010737	133903
a00010738	133904
a00010739	133905
a00010740	133906
a00010741	133907
a00010742	133908
a00010743	133909
a00010744	133910
a00010745	133911
a00010746	133912
a00010747	133913
a00010748	133914
a00010749	133915
a00010750	133916
a00010751	133917
a00010752	133918
a00010753	133919
a00010754	133920
a00010755	133921
a00010756	133922
a00010757	133923
a00010758	133924
a00010759	133925
a00010760	133926
a00010761	133927
a00010762	133928
a00010763	133929
a00010764	133930
a00010765	133931
a00010766	133932
a00010767	133933
a00010768	133934
a00010769	133935
a00010770	133936
a00010771	133937
a00010772	133938
a00010773	133939
a00010774	133940
a00010775	133941
a00010776	133942
a00010777	133943
a00010778	133944
a00010779	133945
a00010780	133946
a00010781	133947
a00010782	133948
a00010783	133949
a00010784	133950
a00010785	133951
a00010786	133952
a00010787	133953
a00010788	133954
a00010789	133955
a00010790	133956
a00010791	133957
a00010792	133958
a00010793	133959
a00010794	133960
a00010795	133961
a00010796	133962
a00010797	133963
a00010798	133964
a00010799	133965
a00010800	133966
a00010801	133967
a00010802	133968
a00010803	133969
a00010804	133970
a00010805	133971
a00010806	133972
a00010807	133973
a00010808	133974
a00010809	133975
a00010810	133976
a00010811	133977
a00010812	133978
a00010813	133979
a00010814	133980
a00010815	133981
a00010816	133982
a00010817	133983
a00010818	133984
a00010819	133985
a00010820	133986
a00010821	133987
a00010822	133988
a00010823	133989
a00010824	133990
a00010825	133991
a00010826	133992
a00010827	133993
a00010828	133994
a00010829	133995
a00010830	133996
a00010831	133997
a00010832	133998
a00010833	133999
a00010834	134000
a00010835	134001
a00010836	134002
a00010837	134003
a00010838	134004
a00010839	134005
a00010840	134006
a00010841	134007
a00010842	134008
a00010843	134009
a00010844	134010
a00010845	134011
a00010846	134012
a00010847	134013
a00010848	134014
a00010849	134015
a00010850	134016
a00010851	134017
a00010852	134018
a00010853	134019
a00010854	134020
a00010855	134021
a00010856	134022
a00010857	134023
a00010858	134024
a00010859	134025
a00010860	134026
a00010861	134027
a00010862	134028
a00010863	134029
a00010864	134030
a00010865	134031
a00010866	134032
a00010867	134033
a00010868	134034
a00010869	134035
a00010870	134036
a00010871	134037
a00010872	134038
a00010873	134039
a00010874	134040
a00010875	134041
a00010876	134042
a00010877	134043
a00010878	134044
a00010879	134045
a00010880	134046
a00010881	134047
a00010882	134048
a00010883	134049
a00010884	134050
a00010885	134051
a00010886	134052
a00010887	134053
a00010888	134054
a00010889	134055
a00010890	134056
a00010891	134057
a00010892	134058
a00010893	134059
a00010894	134060
a00010895	134061
a00010896	134062
a00010897	134063
a00010898	134064
a00010899	134065
a00010900	134066
a00010901	134067
a00010902	134068
a00010903	134069
a00010904	134070
a00010905	134071
a00010906	134072
a00010907	134073
a00010908	134074
a00010909	134075
a00010910	134076
a00010911	134077
a00010912	134078
a00010913	134079
a00010914	134080
a00010915	134081
a00010916	134082
a00010917	134083
a00010918	134084
a00010919	134085
a00010920	134086
a00010921	134087
a00010922	134088
a00010923	134089
a00010924	134090
a00010925	134091
a00010926	134092
a00010927	134093
a00010928	134094
a00010929	134095
a00010930	134096
a00010931	134097
a00010932	134098
a00010933	134099
a00010934	134100
a00010935	134101
a00010936	134102
a00010937	134103
a00010938	134104
a00010939	134105
a00010940	134106
a00010941	134107
a00010942	134108
a00010943	134109
a00010944	134110
a00010945	134111
a00010946	134112
a00010947	134113
a00010948	134114
a00010949	134115
a00010950	134116
a00010951	134117
a00010952	134118
a00010953	134119
a00010954	134120
a00010955	134121
a00010956	134122
a00010957	134123
a00010958	134124
a00010959	134125
a00010960	134126
a00010961	134127
a00010962	134128
a00010963	134129
a00010964	134130
a00010965	134131
a00010966	134132
a00010967	134133
a00010968	134134
a00010969	134135
a00010970	134136
a00010971	134137
a00010972	134138
a00010973	134139
a00010974	134140
a00010975	134141
a00010976	134142
a00010977	134143
a00010978	134144
a00010979	134145
a00010980	134146
a00010981	134147
a00010982	134148
a00010983	134149
a00010984	134150
a00010985	134151
a00010986	134152
a00010987	134153
a00010988	134154
a00010989	134155
a00010990	134156
a00010991	134157
a00010992	134158
a00010993	134159
a00010994	134160
a00010995	134161
a00010996	134162
a00010997	134163
a00010998	134164
a00010999	134165
a00011000	134166
a00011001	134167
a00011002	134168
a00011003	134169
a00011004	134170
a00011005	134171
a00011006	134172
a00011007	134173
a00011008	134174
a00011009	134175
a00011010	134176
a00011011	134177
a00011012	134178
a00011013	134179
a00011014	134180
a00011015	134181
a00011016	134182
a00011017	134183
a00011018	134184
a00011019	134185
a00011020	134186
a00011021	134187
a00011022	134188
a00011023	134189
a00011024	134190
a00011025	134191
a00011026	134192
a00011027	134193
a00011028	134194
a00011029	134195
a00011030	134196
a00011031	134197
a00011032	134198
a00011033	134199
a00011034	134200
a00011035	134201
a00011036	134202
a00011037	134203
a00011038	134204
a00011039	134205
a00011040	134206
a00011041	134207
a00011042	134208
a00011043	134209
a00011044	134210
a00011045	134211
a00011046	134212
a00011047	134213
a00011048	134214
a00011049	134215
a00011050	134216
a00011051	134217
a00011052	134218
a00011053	134219
a00011054	134220
a00011055	134221
a00011056	134222
a00011057	134223
a00011058	134224
a00011059	134225
a00011060	134226
a00011061	134227
a00011062	134228
a00011063	134229
a00011064	134230
a00011065	134231
a00011066	134232
a00011067	134233
a00011068	134234
a00011069	134235
a00011070	134236
a00011071	134237
a00011072	134238
a00011073	134239
a00011074	134240
a00011075	134241
a00011076	134242
a00011077	134243
a00011078	134244
a00011079	134245
a00011080	134246
a00011081	134247
a00011082	134248
a00011083	134249
a00011084	134250
a00011085	134251
a00011086	134252
a00011087	134253
a00011088	134254
a00011089	134255
a00011090	134256
a00011091	134257
a00011092	134258
a00011093	134259
a00011094	134260
a00011095	134261
a00011096	134262
a00011097	134263
a00011098	134264
a00011099	134265
a00011100	134266
a00011101	134267
a00011102	134268
a00011103	134269
a00011104	134270
a00011105	134271
a00011106	134272
a00011107	134273
a00011108	134274
a00011109	134275
a00011110	134276
a00011111	134277
a00011112	134278
a00011113	134279
a00011114	134280
a00011115	134281
a00011116	134282
a00011117	134283
a00011118	134284
a00011119	134285
a00011120	134286
a00011121	134287
a00011122	134288
a00011123	134289
a00011124	134290
a00011125	134291
a00011126	134292
a00011127	134293
a00011128	134294
a00011129	134295
a00011130	134296
a00011131	134297
a00011132	134298
a00011133	134299
a00011134	134300
a00011135	134301
a00011136	134302
a00011137	134303
a00011138	134304
a00011139	134305
a00011140	134306
a00011141	134307
a00011142	134308
a00011143	134309
a00011144	134310
a00011145	134311
a00011146	134312
a00011147	134313
a00011148	134314
a00011149	134315
a00011150	134316
a00011151	134317
a00011152	134318
a00011153	134319
a00011154	134320
a00011155	134321
a00011156	134322
a00011157	134323
a00011158	134324
a00011159	134325
a00011160	134326
a00011161	134327
a00011162	134328
a00011163	134329
a00011164	134330
a00011165	134331
a00011166	134332
a00011167	134333
a00011168	134334
a00011169	134335
a00011170	134336
a00011171	134337
a00011172	134338
a00011173	134339
a00011174	134340
a00011175	134341
a00011176	134342
a00011177	134343
a00011178	134344
a00011179	134345
a00011180	134346
a00011181	134347
a00011182	134348
a00011183	134349
a00011184	134350
a00011185	134351
a00011186	134352
a00011187	134353
a00011188	134354
a00011189	134355
a00011190	134356
a00011191	134357
a00011192	134358
a00011193	134359
a00011194	134360
a00011195	134361
a00011196	134362
a00011197	134363
a00011198	134364
a00011199	134365
a00011200	134366
a00011201	134367
a00011202	134368
a00011203	134369
a00011204	134370
a00011205	134371
a00011206	134372
a00011207	134373
a00011208	134374
a00011209	134375
a00011210	134376
a00011211	134377
a00011212	134378
a00011213	134379
a00011214	134380
a00011215	134381
a00011216	134382
a00011217	134383
a00011218	134384
a00011219	134385
a00011220	134386
a00011221	134387
a00011222	134388
a00011223	134389
a00011224	134390
a00011225	134391
a00011226	134392
a00011227	134393
a00011228	134394
a00011229	134395
a00011230	134396
a00011231	134397
a00011232	134398
a00011233	134399
a00011234	134400
a00011235	134401
a00011236	134402
a00011237	134403
a00011238	134404
a00011239	134405
a00011240	134406
a00011241	134407
a00011242	134408
a00011243	134409
a00011244	134410
a00011245	134411
a00011246	134412
a00011247	134413
a00011248	134414
a00011249	134415
a00011250	134416
a00011251	134417
a00011252	134418
a00011253	134419
a00011254	134420
a00011255	134421
a00011256	134422
a00011257	134423
a00011258	134424
a00011259	134425
a00011260	134426
a00011261	134427
a00011262	134428
a00011263	134429
a00011264	134430
a00011265	134431
a00011266	134432
a00011267	134433
a00011268	134434
a00011269	134435
a00011270	134436
a00011271	134437
a00011272	134438
a00011273	134439
a00011274	134440
a00011275	134441
a00011276	134442
a00011277	134443
a00011278	134444
a00011279	134445
a00011280	134446
a00011281	134447
a00011282	134448
a00011283	134449
a00011284	134450
a00011285	134451
a00011286	134452
a00011287	134453
a00011288	134454
a00011289	134455
a00011290	134456
a00011291	134457
a00011292	134458
a00011293	134459
a00011294	134460
a00011295	134461
a00011296	134462
a00011297	134463
a00011298	134464
a00011299	134465
a00011300	134466
a00011301	134467
a00011302	134468
a00011303	134469
a00011304	134470
a00011305	134471
a00011306	134472
a00011307	134473
a00011308	134474
a00011309	134475
a00011310	134476
a00011311	134477
a00011312	134478
a00011313	134479
a00011314	134480
a00011315	134481
a00011316	134482
a00011317	134483
a00011318	134484
a00011319	134485
a00011320	134486
a00011321	134487
a00011322	134488
a00011323	134489
a00011324	134490
a00011325	134491
a00011326	134492
a00011327	134493
a00011328	134494
a00011329	134495
a00011330	134496
a00011331	134497
a00011332	134498
a00011333	134499
a00011334	134500
a00011335	134501
a00011336	134502
a00011337	134503
a00011338	134504
a00011339	134505
a00011340	134506
a00011341	134507
a00011342	134508
a00011343	134509
a00011344	134510
a00011345	134511
a00011346	134512
a00011347	134513
a00011348	134514
a00011349	134515
a00011350	134516
a00011351	134517
a00011352	134518
a00011353	134519
a00011354	134520
a00011355	134521
a00011356	134522
a00011357	134523
a00011358	134524
a00011359	134525
a00011360	134526
a00011361	134527
a00011362	134528
a00011363	134529
a00011364	134530
a00011365	134531
a00011366	134532
a00011367	134533
a00011368	134534
a00011369	134535
a00011370	134536
a00011371	134537
a00011372	134538
a00011373	134539
a00011374	134540
a00011375	134541
a00011376	134542
a00011377	134543
a00011378	134544
a00011379	134545
a00011380	134546
a00011381	134547
a00011382	134548
a00011383	134549
a00011384	134550
a00011385	134551
a00011386	134552
a00011387	134553
a00011388	134554
a00011389	134555
a00011390	134556
a00011391	134557
a00011392	134558
a00011393	134559
a00011394	134560
a00011395	134561
a00011396	134562
a00011397	134563
a00011398	134564
a00011399	134565
a00011400	134566
a00011401	134567
a00011402	134568
a00011403	134569
a00011404	134570
a00011405	134571
a00011406	134572
a00011407	134573
a00011408	134574
a00011409	134575
a00011410	134576
a00011411	134577
a00011412	134578
a00011413	134579
a00011414	134580
a00011415	134581
a00011416	134582
a00011417	134583
a00011418	134584
a00011419	134585
a00011420	134586
a00011421	134587
a00011422	134588
a00011423	134589
a00011424	134590
a00011425	134591
a00011426	134592
a00011427	134593
a00011428	134594
a00011429	134595
a00011430	134596
a00011431	134597
a00011432	134598
a00011433	134599
a00011434	134600
a00011435	134601
a00011436	134602
a00011437	134603
a00011438	134604
a00011439	134605
a00011440	134606
a00011441	134607
a00011442	134608
a00011443	134609
a00011444	134610
a00011445	134611
a00011446	134612
a00011447	134613
a00011448	134614
a00011449	134615
a00011450	134616
a00011451	134617
a00011452	134618
a00011453	134619
a00011454	134620
a00011455	134621
a00011456	134622
a00011457	134623
a00011458	134624
a00011459	134625
a00011460	134626
a00011461	134627
a00011462	134628
a00011463	134629
a00011464	134630
a00011465	134631
a00011466	134632
a00011467	134633
a00011468	134634
a00011469	134635
a00011470	134636
a00011471	134637
a00011472	134638
a00011473	134639
a00011474	134640
a00011475	134641
a00011476	134642
a00011477	134643
a00011478	134644
a00011479	134645
a00011480	134646
a00011481	134647
a00011482	134648
a00011483	134649
a00011484	134650
a00011485	134651
a00011486	134652
a00011487	134653
a00011488	134654
a00011489	134655
a00011490	134656
a00011491	134657
a00011492	134658
a00011493	134659
a00011494	134660
a00011495	134661
a00011496	134662
a00011497	134663
a00011498	134664
a00011499	134665
a00011500	134666
a00011501	134667
a00011502	134668
a00011503	134669
a00011504	134670
a00011505	134671
a00011506	134672
a00011507	134673
a00011508	134674
a00011509	134675
a00011510	134676
a00011511	134677
a00011512	134678
a00011513	134679
a00011514	134680
a00011515	134681
a00011516	134682
a00011517	134683
a00011518	134684
a00011519	134685
a00011520	134686
a00011521	134687
a00011522	134688
a00011523	134689
a00011524	134690
a00011525	134691
a00011526	134692
a00011527	134693
a00011528	134694
a00011529	134695
a00011530	134696
a00011531	134697
a00011532	134698
a00011533	134699
a00011534	134700
a00011535	134701
a00011536	134702
a00011537	134703
a00011538	134704
a00011539	134705
a00011540	134706
a00011541	134707
a00011542	134708
a00011543	134709
a00011544	134710
a00011545	134711
a00011546	134712
a00011547	134713
a00011548	134714
a00011549	134715
a00011550	134716
a00011551	134717
a00011552	134718
a00011553	134719
a00011554	134720
a00011555	134721
a00011556	134722
a00011557	134723
a00011558	134724
a00011559	134725
a00011560	134726
a00011561	134727
a00011562	134728
a00011563	134729
a00011564	134730
a00011565	134731
a00011566	134732
a00011567	134733
a00011568	134734
a00011569	134735
a00011570	134736
a00011571	134737
a00011572	134738
a00011573	134739
a00011574	134740
a00011575	134741
a00011576	134742
a00011577	134743
a00011578	134744
a00011579	134745
a00011580	134746
a00011581	134747
a00011582	134748
a00011583	134749
a00011584	134750
a00011585	134751
a00011586	134752
a00011587	134753
a00011588	134754
a00011589	134755
a00011590	134756
a00011591	134757
a00011592	134758
a00011593	134759
a00011594	134760
a00011595	134761
a00011596	134762
a00011597	134763
a00011598	134764
a00011599	134765
a00011600	134766
a00011601	134767
a00011602	134768
a00011603	134769
a00011604	134770
a00011605	134771
a00011606	134772
a00011607	134773
a00011608	134774
a00011609	134775
a00011610	134776
a00011611	134777
a00011612	134778
a00011613	134779
a00011614	134780
a00011615	134781
a00011616	134782
a00011617	134783
a00011618	134784
a00011619	134785
a00011620	134786
a00011621	134787
a00011622	134788
a00011623	134789
a00011624	134790
a00011625	134791
a00011626	134792
a00011627	134793
a00011628	134794
a00011629	134795
a00011630	134796
a00011631	134797
a00011632	134798
a00011633	134799
a00011634	134800
a00011635	134801
a00011636	134802
a00011637	134803
a00011638	134804
a00011639	134805
a00011640	134806
a00011641	134807
a00011642	134808
a00011643	134809
a00011644	134810
a00011645	134811
a00011646	134812
a00011647	134813
a00011648	134814
a00011649	134815
a00011650	134816
a00011651	134817
a00011652	134818
a00011653	134819
a00011654	134820
a00011655	134821
a00011656	134822
a00011657	134823
a00011658	134824
a00011659	134825
a00011660	134826
a00011661	134827
a00011662	134828
a00011663	134829
a00011664	134830
a00011665	134831
a00011666	134832
a00011667	134833
a00011668	134834
a00011669	134835
a00011670	134836
a00011671	134837
a00011672	134838
a00011673	134839
a00011674	134840
a00011675	134841
a00011676	134842
a00011677	134843
a00011678	134844
a00011679	134845
a00011680	134846
a00011681	134847
a00011682	134848
a00011683	134849
a00011684	134850
a00011685	134851
a00011686	134852
a00011687	134853
a00011688	134854
a00011689	134855
a00011690	134856
a00011691	134857
a00011692	134858
a00011693	134859
a00011694	134860
a00011695	134861
a00011696	134862
a00011697	134863
a00011698	134864
a00011699	134865
a00011700	134866
a00011701	134867
a00011702	134868
a00011703	134869
a00011704	134870
a00011705	134871
a00011706	134872
a00011707	134873
a00011708	134874
a00011709	134875
a00011710	134876
a00011711	134877
a00011712	134878
a00011713	134879
a00011714	134880
a00011715	134881
a00011716	134882
a00011717	134883
a00011718	134884
a00011719	134885
a00011720	134886
a00011721	134887
a00011722	134888
a00011723	134889
a00011724	134890
a00011725	134891
a00011726	134892
a00011727	134893
a00011728	134894
a00011729	134895
a00011730	134896
a00011731	134897
a00011732	134898
a00011733	134899
a00011734	134900
a00011735	134901
a00011736	134902
a00011737	134903
a00011738	134904
a00011739	134905
a00011740	134906
a00011741	134907
a00011742	134908
a00011743	134909
a00011744	134910
a00011745	134911
a00011746	134912
a00011747	134913
a00011748	134914
a00011749	134915
a00011750	134916
a00011751	134917
a00011752	134918
a00011753	134919
a00011754	134920
a00011755	134921
a00011756	134922
a00011757	134923
a00011758	134924
a00011759	134925
a00011760	134926
a00011761	134927
a00011762	134928
a00011763	134929
a00011764	134930
a00011765	134931
a00011766	134932
a00011767	134933
a00011768	134934
a00011769	134935
a00011770	134936
a00011771	134937
a00011772	134938
a00011773	134939
a00011774	134940
a00011775	134941
a00011776	134942
a00011777	134943
a00011778	134944
a00011779	134945
a00011780	134946
a00011781	134947
a00011782	134948
a00011783	134949
a00011784	134950
a00011785	134951
a00011786	134952
a00011787	134953
a00011788	134954
a00011789	134955
a00011790	134956
a00011791	134957
a00011792	134958
a00011793	134959
a00011794	134960
a00011795	134961
a00011796	134962
a00011797	134963
a00011798	134964
a00011799	134965
a00011800	134966
a00011801	134967
a00011802	134968
a00011803	134969
a00011804	134970
a00011805	134971
a00011806	134972
a00011807	134973
a00011808	134974
a00011809	134975
a00011810	134976
a00011811	134977
a00011812	134978
a00011813	134979
a00011814	134980
a00011815	134981
a00011816	134982
a00011817	134983
a00011818	134984
a00011819	134985
a00011820	134986
a00011821	134987
a00011822	134988
a00011823	134989
a00011824	134990
a00011825	134991
a00011826	134992
a00011827	134993
a00011828	134994
a00011829	134995
a00011830	134996
a00011831	134997
a00011832	134998
a00011833	134999
a00011834	135000
a00011835	135001
a00011836	135002
a00011837	135003
a00011838	135004
a00011839	135005
a00011840	135006
a00011841	135007
a00011842	135008
a00011843	135009
a00011844	135010
a00011845	135011
a00011846	135012
a00011847	135013
a00011848	135014
a00011849	135015
a00011850	135016
a00011851	135017
a00011852	135018
a00011853	135019
a00011854	135020
a00011855	135021
a00011856	135022
a00011857	135023
a00011858	135024
a00011859	135025
a00011860	135026
a00011861	135027
a00011862	135028
a00011863	135029
a00011864	135030
a00011865	135031
a00011866	135032
a00011867	135033
a00011868	135034
a00011869	135035
a00011870	135036
a00011871	135037
a00011872	135038
a00011873	135039
a00011874	135040
a00011875	135041
a00011876	135042
a00011877	135043
a00011878	135044
a00011879	135045
a00011880	135046
a00011881	135047
a00011882	135048
a00011883	135049
a00011884	135050
a00011885	135051
a00011886	135052
a00011887	135053
a00011888	135054
a00011889	135055
a00011890	135056
a00011891	135057
a00011892	135058
a00011893	135059
a00011894	135060
a00011895	135061
a00011896	135062
a00011897	135063
a00011898	135064
a00011899	135065
a00011900	135066
a00011901	135067
a00011902	135068
a00011903	135069
a00011904	135070
a00011905	135071
a00011906	135072
a00011907	135073
a00011908	135074
a00011909	135075
a00011910	135076
a00011911	135077
a00011912	135078
a00011913	135079
a00011914	135080
a00011915	135081
a00011916	135082
a00011917	135083
a00011918	135084
a00011919	135085
a00011920	135086
a00011921	135087
a00011922	135088
a00011923	135089
a00011924	135090
a00011925	135091
a00011926	135092
a00011927	135093
a00011928	135094
a00011929	135095
a00011930	135096
a00011931	135097
a00011932	135098
a00011933	135099
a00011934	135100
a00011935	135101
a00011936	135102
a00011937	135103
a00011938	135104
a00011939	135105
a00011940	135106
a00011941	135107
a00011942	135108
a00011943	135109
a00011944	135110
a00011945	135111
a00011946	135112
a00011947	135113
a00011948	135114
a00011949	135115
a00011950	135116
a00011951	135117
a00011952	135118
a00011953	135119
a00011954	135120
a00011955	135121
a00011956	135122
a00011957	135123
a00011958	135124
a00011959	135125
a00011960	135126
a00011961	135127
a00011962	135128
a00011963	135129
a00011964	135130
a00011965	135131
a00011966	135132
a00011967	135133
a00011968	135134
a00011969	135135
a00011970	135136
a00011971	135137
a00011972	135138
a00011973	135139
a00011974	135140
a00011975	135141
a00011976	135142
a00011977	135143
a00011978	135144
a00011979	135145
a00011980	135146
a00011981	135147
a00011982	135148
a00011983	135149
a00011984	135150
a00011985	135151
a00011986	135152
a00011987	135153
a00011988	135154
a00011989	135155
a00011990	135156
a00011991	135157
a00011992	135158
a00011993	135159
a00011994	135160
a00011995	135161
a00011996	135162
a00011997	135163
a00011998	135164
a00011999	135165
a00012000	135166
a00012001	135167
a00012002	135168
a00012003	135169
a00012004	135170
a00012005	135171
a00012006	135172
a00012007	135173
a00012008	135174
a00012009	135175
a00012010	135176
a00012011	135177
a00012012	135178
a00012013	135179
a00012014	135180
a00012015	135181
a00012016	135182
a00012017	135183
a00012018	135184
a00012019	135185
a00012020	135186
a00012021	135187
a00012022	135188
a00012023	135189
a00012024	135190
a00012025	135191
a00012026	135192
a00012027	135193
a00012028	135194
a00012029	135195
a00012030	135196
a00012031	135197
a00012032	135198
a00012033	135199
a00012034	135200
a00012035	135201
a00012036	135202
a00012037	135203
a00012038	135204
a00012039	135205
a00012040	135206
a00012041	135207
a00012042	135208
a00012043	135209
a00012044	135210
a00012045	135211
a00012046	135212
a00012047	135213
a00012048	135214
a00012049	135215
a00012050	135216
a00012051	135217
a00012052	135218
a00012053	135219
a00012054	135220
a00012055	135221
a00012056	135222
a00012057	135223
a00012058	135224
a00012059	135225
a00012060	135226
a00012061	135227
a00012062	135228
a00012063	135229
a00012064	135230
a00012065	135231
a00012066	135232
a00012067	135233
a00012068	135234
a00012069	135235
a00012070	135236
a00012071	135237
a00012072	135238
a00012073	135239
a00012074	135240
a00012075	135241
a00012076	135242
a00012077	135243
a00012078	135244
a00012079	135245
a00012080	135246
a00012081	135247
a00012082	135248
a00012083	135249
a00012084	135250
a00012085	135251
a00012086	135252
a00012087	135253
a00012088	135254
a00012089	135255
a00012090	135256
a00012091	135257
a00012092	135258
a00012093	135259
a00012094	135260
a00012095	135261
a00012096	135262
a00012097	135263
a00012098	135264
a00012099	135265
a00012100	135266
a00012101	135267
a00012102	135268
a00012103	135269
a00012104	135270
a00012105	135271
a00012106	135272
a00012107	135273
a00012108	135274
a00012109	135275
a00012110	135276
a00012111	135277
a00012112	135278
a00012113	135279
a00012114	135280
a00012115	135281
a00012116	135282
a00012117	135283
a00012118	135284
a00012119	135285
a00012120	135286
a00012121	135287
a00012122	135288
a00012123	135289
a00012124	135290
a00012125	135291
a00012126	135292
a00012127	135293
a00012128	135294
a00012129	135295
a00012130	135296
a00012131	135297
a00012132	135298
a00012133	135299
a00012134	135300
a00012135	135301
a00012136	135302
a00012137	135303
a00012138	135304
a00012139	135305
a00012140	135306
a00012141	135307
a00012142	135308
a00012143	135309
a00012144	135310
a00012145	135311
a00012146	135312
a00012147	135313
a00012148	135314
a00012149	135315
a00012150	135316
a00012151	135317
a00012152	135318
a00012153	135319
a00012154	135320
a00012155	135321
a00012156	135322
a00012157	135323
a00012158	135324
a00012159	135325
a00012160	135326
a00012161	135327
a00012162	135328
a00012163	135329
a00012164	135330
a00012165	135331
a00012166	135332
a00012167	135333
a00012168	135334
a00012169	135335
a00012170	135336
a00012171	135337
a00012172	135338
a00012173	135339
a00012174	135340
a00012175	135341
a00012176	135342
a00012177	135343
a00012178	135344
a00012179	135345
a00012180	135346
a00012181	135347
a00012182	135348
a00012183	135349
a00012184	135350
a00012185	135351
a00012186	135352
a00012187	135353
a00012188	135354
a00012189	135355
a00012190	135356
a00012191	135357
a00012192	135358
a00012193	135359
a00012194	135360
a00012195	135361
a00012196	135362
a00012197	135363
a00012198	135364
a00012199	135365
a00012200	135366
a00012201	135367
a00012202	135368
a00012203	135369
a00012204	135370
a00012205	135371
a00012206	135372
a00012207	135373
a00012208	135374
a00012209	135375
a00012210	135376
a00012211	135377
a00012212	135378
a00012213	135379
a00012214	135380
a00012215	135381
a00012216	135382
a00012217	135383
a00012218	135384
a00012219	135385
a00012220	135386
a00012221	135387
a00012222	135388
a00012223	135389
a00012224	135390
a00012225	135391
a00012226	135392
a00012227	135393
a00012228	135394
a00012229	135395
a00012230	135396
a00012231	135397
a00012232	135398
a00012233	135399
a00012234	135400
a00012235	135401
a00012236	135402
a00012237	135403
a00012238	135404
a00012239	135405
a00012240	135406
a00012241	135407
a00012242	135408
a00012243	135409
a00012244	135410
a00012245	135411
a00012246	135412
a00012247	135413
a00012248	135414
a00012249	135415
a00012250	135416
a00012251	135417
a00012252	135418
a00012253	135419
a00012254	135420
a00012255	135421
a00012256	135422
a00012257	135423
a00012258	135424
a00012259	135425
a00012260	135426
a00012261	135427
a00012262	135428
a00012263	135429
a00012264	135430
a00012265	135431
a00012266	135432
a00012267	135433
a00012268	135434
a00012269	135435
a00012270	135436
a00012271	135437
a00012272	135438
a00012273	135439
a00012274	135440
a00012275	135441
a00012276	135442
a00012277	135443
a00012278	135444
a00012279	135445
a00012280	135446
a00012281	135447
a00012282	135448
a00012283	135449
a00012284	135450
a00012285	135451
a00012286	135452
a00012287	135453
a00012288	135454
a00012289	135455
a00012290	135456
a00012291	135457
a00012292	135458
a00012293	135459
a00012294	135460
a00012295	135461
a00012296	135462
a00012297	135463
a00012298	135464
a00012299	135465
a00012300	135466
a00012301	135467
a00012302	135468
a00012303	135469
a00012304	135470
a00012305	135471
a00012306	135472
a00012307	135473
a00012308	135474
a00012309	135475
a00012310	135476
a00012311	135477
a00012312	135478
a00012313	135479
a00012314	135480
a00012315	135481
a00012316	135482
a00012317	135483
a00012318	135484
a00012319	135485
a00012320	135486
a00012321	135487
a00012322	135488
a00012323	135489
a00012324	135490
a00012325	135491
a00012326	135492
a00012327	135493
a00012328	135494
a00012329	135495
a00012330	135496
a00012331	135497
a00012332	135498
a00012333	135499
a00012334	135500
a00012335	135501
a00012336	135502
a00012337	135503
a00012338	135504
a00012339	135505
a00012340	135506
a00012341	135507
a00012342	135508
a00012343	135509
a00012344	135510
a00012345	135511
a00012346	135512
a00012347	135513
a00012348	135514
a00012349	135515
a00012350	135516
a00012351	135517
a00012352	135518
a00012353	135519
a00012354	135520
a00012355	135521
a00012356	135522
a00012357	135523
a00012358	135524
a00012359	135525
a00012360	135526
a00012361	135527
a00012362	135528
a00012363	135529
a00012364	135530
a00012365	135531
a00012366	135532
a00012367	135533
a00012368	135534
a00012369	135535
a00012370	135536
a00012371	135537
a00012372	135538
a00012373	135539
a00012374	135540
a00012375	135541
a00012376	135542
a00012377	135543
a00012378	135544
a00012379	135545
a00012380	135546
a00012381	135547
a00012382	135548
a00012383	135549
a00012384	135550
a00012385	135551
a00012386	135552
a00012387	135553
a00012388	135554
a00012389	135555
a00012390	135556
a00012391	135557
a00012392	135558
a00012393	135559
a00012394	135560
a00012395	135561
a00012396	135562
a00012397	135563
a00012398	135564
a00012399	135565
a00012400	135566
a00012401	135567
a00012402	135568
a00012403	135569
a00012404	135570
a00012405	135571
a00012406	135572
a00012407	135573
a00012408	135574
a00012409	135575
a00012410	135576
a00012411	135577
a00012412	135578
a00012413	135579
a00012414	135580
a00012415	135581
a00012416	135582
a00012417	135583
a00012418	135584
a00012419	135585
a00012420	135586
a00012421	135587
a00012422	135588
a00012423	135589
a00012424	135590
a00012425	135591
a00012426	135592
a00012427	135593
a00012428	135594
a00012429	135595
a00012430	135596
a00012431	135597
a00012432	135598
a00012433	135599
a00012434	135600
a00012435	135601
a00012436	135602
a00012437	135603
a00012438	135604
a00012439	135605
a00012440	135606
a00012441	135607
a00012442	135608
a00012443	135609
a00012444	135610
a00012445	135611
a00012446	135612
a00012447	135613
a00012448	135614
a00012449	135615
a00012450	135616
a00012451	135617
a00012452	135618
a00012453	135619
a00012454	135620
a00012455	135621
a00012456	135622
a00012457	135623
a00012458	135624
a00012459	135625
a00012460	135626
a00012461	135627
a00012462	135628
a00012463	135629
a00012464	135630
a00012465	135631
a00012466	135632
a00012467	135633
a00012468	135634
a00012469	135635
a00012470	135636
a00012471	135637
a00012472	135638
a00012473	135639
a00012474	135640
a00012475	135641
a00012476	135642
a00012477	135643
a00012478	135644
a00012479	135645
a00012480	135646
a00012481	135647
a00012482	135648
a00012483	135649
a00012484	135650
a00012485	135651
a00012486	135652
a00012487	135653
a00012488	135654
a00012489	135655
a00012490	135656
a00012491	135657
a00012492	135658
a00012493	135659
a00012494	135660
a00012495	135661
a00012496	135662
a00012497	135663
a00012498	135664
a00012499	135665
a00012500	135666
a00012501	135667
a00012502	135668
a00012503	135669
a00012504	135670
a00012505	135671
a00012506	135672
a00012507	135673
a00012508	135674
a00012509	135675
a00012510	135676
a00012511	135677
a00012512	135678
a00012513	135679
a00012514	135680
a00012515	135681
a00012516	135682
a00012517	135683
a00012518	135684
a00012519	135685
a00012520	135686
a00012521	135687
a00012522	135688
a00012523	135689
a00012524	135690
a00012525	135691
a00012526	135692
a00012527	135693
a00012528	135694
a00012529	135695
a00012530	135696
a00012531	135697
a00012532	135698
a00012533	135699
a00012534	135700
a00012535	135701
a00012536	135702
a00012537	135703
a00012538	135704
a00012539	135705
a00012540	135706
a00012541	135707
a00012542	135708
a00012543	135709
a00012544	135710
a00012545	135711
a00012546	135712
a00012547	135713
a00012548	135714
a00012549	135715
a00012550	135716
a00012551	135717
a00012552	135718
a00012553	135719
a00012554	135720
a00012555	135721
a00012556	135722
a00012557	135723
a00012558	135724
a00012559	135725
a00012560	135726
a00012561	135727
a00012562	135728
a00012563	135729
a00012564	135730
a00012565	135731
a00012566	135732
a00012567	135733
a00012568	135734
a00012569	135735
a00012570	135736
a00012571	135737
a00012572	135738
a00012573	135739
a00012574	135740
a00012575	135741
a00012576	135742
a00012577	135743
a00012578	135744
a00012579	135745
a00012580	135746
a00012581	135747
a00012582	135748
a00012583	135749
a00012584	135750
a00012585	135751
a00012586	135752
a00012587	135753
a00012588	135754
a00012589	135755
a00012590	135756
a00012591	135757
a00012592	135758
a00012593	135759
a00012594	135760
a00012595	135761
a00012596	135762
a00012597	135763
a00012598	135764
a00012599	135765
a00012600	135766
a00012601	135767
a00012602	135768
a00012603	135769
a00012604	135770
a00012605	135771
a00012606	135772
a00012607	135773
a00012608	135774
a00012609	135775
a00012610	135776
a00012611	135777
a00012612	135778
a00012613	135779
a00012614	135780
a00012615	135781
a00012616	135782
a00012617	135783
a00012618	135784
a00012619	135785
a00012620	135786
a00012621	135787
a00012622	135788
a00012623	135789
a00012624	135790
a00012625	135791
a00012626	135792
a00012627	135793
a00012628	135794
a00012629	135795
a00012630	135796
a00012631	135797
a00012632	135798
a00012633	135799
a00012634	135800
a00012635	135801
a00012636	135802
a00012637	135803
a00012638	135804
a00012639	135805
a00012640	135806
a00012641	135807
a00012642	135808
a00012643	135809
a00012644	135810
a00012645	135811
a00012646	135812
a00012647	135813
a00012648	135814
a00012649	135815
a00012650	135816
a00012651	135817
a00012652	135818
a00012653	135819
a00012654	135820
a00012655	135821
a00012656	135822
a00012657	135823
a00012658	135824
a00012659	135825
a00012660	135826
a00012661	135827
a00012662	135828
a00012663	135829
a00012664	135830
a00012665	135831
a00012666	135832
a00012667	135833
a00012668	135834
a00012669	135835
a00012670	135836
a00012671	135837
a00012672	135838
a00012673	135839
a00012674	135840
a00012675	135841
a00012676	135842
a00012677	135843
a00012678	135844
a00012679	135845
a00012680	135846
a00012681	135847
a00012682	135848
a00012683	135849
a00012684	135850
a00012685	135851
a00012686	135852
a00012687	135853
a00012688	135854
a00012689	135855
a00012690	135856
a00012691	135857
a00012692	135858
a00012693	135859
a00012694	135860
a00012695	135861
a00012696	135862
a00012697	135863
a00012698	135864
a00012699	135865
a00012700	135866
a00012701	135867
a00012702	135868
a00012703	135869
a00012704	135870
a00012705	135871
a00012706	135872
a00012707	135873
a00012708	135874
a00012709	135875
a00012710	135876
a00012711	135877
a00012712	135878
a00012713	135879
a00012714	135880
a00012715	135881
a00012716	135882
a00012717	135883
a00012718	135884
a00012719	135885
a00012720	135886
a00012721	135887
a00012722	135888
a00012723	135889
a00012724	135890
a00012725	135891
a00012726	135892
a00012727	135893
a00012728	135894
a00012729	135895
a00012730	135896
a00012731	135897
a00012732	135898
a00012733	135899
a00012734	135900
a00012735	135901
a00012736	135902
a00012737	135903
a00012738	135904
a00012739	135905
a00012740	135906
a00012741	135907
a00012742	135908
a00012743	135909
a00012744	135910
a00012745	135911
a00012746	135912
a00012747	135913
a00012748	135914
a00012749	135915
a00012750	135916
a00012751	135917
a00012752	135918
a00012753	135919
a00012754	135920
a00012755	135921
a00012756	135922
a00012757	135923
a00012758	135924
a00012759	135925
a00012760	135926
a00012761	135927
a00012762	135928
a00012763	135929
a00012764	135930
a00012765	135931
a00012766	135932
a00012767	135933
a00012768	135934
a00012769	135935
a00012770	135936
a00012771	135937
a00012772	135938
a00012773	135939
a00012774	135940
a00012775	135941
a00012776	135942
a00012777	135943
a00012778	135944
a00012779	135945
a00012780	135946
a00012781	135947
a00012782	135948
a00012783	135949
a00012784	135950
a00012785	135951
a00012786	135952
a00012787	135953
a00012788	135954
a00012789	135955
a00012790	135956
a00012791	135957
a00012792	135958
a00012793	135959
a00012794	135960
a00012795	135961
a00012796	135962
a00012797	135963
a00012798	135964
a00012799	135965
a00012800	135966
a00012801	135967
a00012802	135968
a00012803	135969
a00012804	135970
a00012805	135971
a00012806	135972
a00012807	135973
a00012808	135974
a00012809	135975
a00012810	135976
a00012811	135977
a00012812	135978
a00012813	135979
a00012814	135980
a00012815	135981
a00012816	135982
a00012817	135983
a00012818	135984
a00012819	135985
a00012820	135986
a00012821	135987
a00012822	135988
a00012823	135989
a00012824	135990
a00012825	135991
a00012826	135992
a00012827	135993
a00012828	135994
a00012829	135995
a00012830	135996
a00012831	135997
a00012832	135998
a00012833	135999
a00012834	136000
a00012835	136001
a00012836	136002
a00012837	136003
a00012838	136004
a00012839	136005
a00012840	136006
a00012841	136007
a00012842	136008
a00012843	136009
a00012844	136010
a00012845	136011
a00012846	136012
a00012847	136013
a00012848	136014
a00012849	136015
a00012850	136016
a00012851	136017
a00012852	136018
a00012853	136019
a00012854	136020
a00012855	136021
a00012856	136022
a00012857	136023
a00012858	136024
a00012859	136025
a00012860	136026
a00012861	136027
a00012862	136028
a00012863	136029
a00012864	136030
a00012865	136031
a00012866	136032
a00012867	136033
a00012868	136034
a00012869	136035
a00012870	136036
a00012871	136037
a00012872	136038
a00012873	136039
a00012874	136040
a00012875	136041
a00012876	136042
a00012877	136043
a00012878	136044
a00012879	136045
a00012880	136046
a00012881	136047
a00012882	136048
a00012883	136049
a00012884	136050
a00012885	136051
a00012886	136052
a00012887	136053
a00012888	136054
a00012889	136055
a00012890	136056
a00012891	136057
a00012892	136058
a00012893	136059
a00012894	136060
a00012895	136061
a00012896	136062
a00012897	136063
a00012898	136064
a00012899	136065
a00012900	136066
a00012901	136067
a00012902	136068
a00012903	136069
a00012904	136070
a00012905	136071
a00012906	136072
a00012907	136073
a00012908	136074
a00012909	136075
a00012910	136076
a00012911	136077
a00012912	136078
a00012913	136079
a00012914	136080
a00012915	136081
a00012916	136082
a00012917	136083
a00012918	136084
a00012919	136085
a00012920	136086
a00012921	136087
a00012922	136088
a00012923	136089
a00012924	136090
a00012925	136091
a00012926	136092
a00012927	136093
a00012928	136094
a00012929	136095
a00012930	136096
a00012931	136097
a00012932	136098
a00012933	136099
a00012934	136100
a00012935	136101
a00012936	136102
a00012937	136103
a00012938	136104
a00012939	136105
a00012940	136106
a00012941	136107
a00012942	136108
a00012943	136109
a00012944	136110
a00012945	136111
a00012946	136112
a00012947	136113
a00012948	136114
a00012949	136115
a00012950	136116
a00012951	136117
a00012952	136118
a00012953	136119
a00012954	136120
a00012955	136121
a00012956	136122
a00012957	136123
a00012958	136124
a00012959	136125
a00012960	136126
a00012961	136127
a00012962	136128
a00012963	136129
a00012964	136130
a00012965	136131
a00012966	136132
a00012967	136133
a00012968	136134
a00012969	136135
a00012970	136136
a00012971	136137
a00012972	136138
a00012973	136139
a00012974	136140
a00012975	136141
a00012976	136142
a00012977	136143
a00012978	136144
a00012979	136145
a00012980	136146
a00012981	136147
a00012982	136148
a00012983	136149
a00012984	136150
a00012985	136151
a00012986	136152
a00012987	136153
a00012988	136154
a00012989	136155
a00012990	136156
a00012991	136157
a00012992	136158
a00012993	136159
a00012994	136160
a00012995	136161
a00012996	136162
a00012997	136163
a00012998	136164
a00012999	136165
a00013000	136166
a00013001	136167
a00013002	136168
a00013003	136169
a00013004	136170
a00013005	136171
a00013006	136172
a00013007	136173
a00013008	136174
a00013009	136175
a00013010	136176
a00013011	136177
a00013012	136178
a00013013	136179
a00013014	136180
a00013015	136181
a00013016	136182
a00013017	136183
a00013018	136184
a00013019	136185
a00013020	136186
a00013021	136187
a00013022	136188
a00013023	136189
a00013024	136190
a00013025	136191
a00013026	136192
a00013027	136193
a00013028	136194
a00013029	136195
a00013030	136196
a00013031	136197
a00013032	136198
a00013033	136199
a00013034	136200
a00013035	136201
a00013036	136202
a00013037	136203
a00013038	136204
a00013039	136205
a00013040	136206
a00013041	136207
a00013042	136208
a00013043	136209
a00013044	136210
a00013045	136211
a00013046	136212
a00013047	136213
a00013048	136214
a00013049	136215
a00013050	136216
a00013051	136217
a00013052	136218
a00013053	136219
a00013054	136220
a00013055	136221
a00013056	136222
a00013057	136223
a00013058	136224
a00013059	136225
a00013060	136226
a00013061	136227
a00013062	136228
a00013063	136229
a00013064	136230
a00013065	136231
a00013066	136232
a00013067	136233
a00013068	136234
a00013069	136235
a00013070	136236
a00013071	136237
a00013072	136238
a00013073	136239
a00013074	136240
a00013075	136241
a00013076	136242
a00013077	136243
a00013078	136244
a00013079	136245
a00013080	136246
a00013081	136247
a00013082	136248
a00013083	136249
a00013084	136250
a00013085	136251
a00013086	136252
a00013087	136253
a00013088	136254
a00013089	136255
a00013090	136256
a00013091	136257
a00013092	136258
a00013093	136259
a00013094	136260
a00013095	136261
a00013096	136262
a00013097	136263
a00013098	136264
a00013099	136265
a00013100	136266
a00013101	136267
a00013102	136268
a00013103	136269
a00013104	136270
a00013105	136271
a00013106	136272
a00013107	136273
a00013108	136274
a00013109	136275
a00013110	136276
a00013111	136277
a00013112	136278
a00013113	136279
a00013114	136280
a00013115	136281
a00013116	136282
a00013117	136283
a00013118	136284
a00013119	136285
a00013120	136286
a00013121	136287
a00013122	136288
a00013123	136289
a00013124	136290
a00013125	136291
a00013126	136292
a00013127	136293
a00013128	136294
a00013129	136295
a00013130	136296
a00013131	136297
a00013132	136298
a00013133	136299
a00013134	136300
a00013135	136301
a00013136	136302
a00013137	136303
a00013138	136304
a00013139	136305
a00013140	136306
a00013141	136307
a00013142	136308
a00013143	136309
a00013144	136310
a00013145	136311
a00013146	136312
a00013147	136313
a00013148	136314
a00013149	136315
a00013150	136316
a00013151	136317
a00013152	136318
a00013153	136319
a00013154	136320
a00013155	136321
a00013156	136322
a00013157	136323
a00013158	136324
a00013159	136325
a00013160	136326
a00013161	136327
a00013162	136328
a00013163	136329
a00013164	136330
a00013165	136331
a00013166	136332
a00013167	136333
a00013168	136334
a00013169	136335
a00013170	136336
a00013171	136337
a00013172	136338
a00013173	136339
a00013174	136340
a00013175	136341
a00013176	136342
a00013177	136343
a00013178	136344
a00013179	136345
a00013180	136346
a00013181	136347
a00013182	136348
a00013183	136349
a00013184	136350
a00013185	136351
a00013186	136352
a00013187	136353
a00013188	136354
a00013189	136355
a00013190	136356
a00013191	136357
a00013192	136358
a00013193	136359
a00013194	136360
a00013195	136361
a00013196	136362
a00013197	136363
a00013198	136364
a00013199	136365
a00013200	136366
a00013201	136367
a00013202	136368
a00013203	136369
a00013204	136370
a00013205	136371
a00013206	136372
a00013207	136373
a00013208	136374
a00013209	136375
a00013210	136376
a00013211	136377
a00013212	136378
a00013213	136379
a00013214	136380
a00013215	136381
a00013216	136382
a00013217	136383
a00013218	136384
a00013219	136385
a00013220	136386
a00013221	136387
a00013222	136388
a00013223	136389
a00013224	136390
a00013225	136391
a00013226	136392
a00013227	136393
a00013228	136394
a00013229	136395
a00013230	136396
a00013231	136397
a00013232	136398
a00013233	136399
a00013234	136400
a00013235	136401
a00013236	136402
a00013237	136403
a00013238	136404
a00013239	136405
a00013240	136406
a00013241	136407
a00013242	136408
a00013243	136409
a00013244	136410
a00013245	136411
a00013246	136412
a00013247	136413
a00013248	136414
a00013249	136415
a00013250	136416
a00013251	136417
a00013252	136418
a00013253	136419
a00013254	136420
a00013255	136421
a00013256	136422
a00013257	136423
a00013258	136424
a00013259	136425
a00013260	136426
a00013261	136427
a00013262	136428
a00013263	136429
a00013264	136430
a00013265	136431
a00013266	136432
a00013267	136433
a00013268	136434
a00013269	136435
a00013270	136436
a00013271	136437
a00013272	136438
a00013273	136439
a00013274	136440
a00013275	136441
a00013276	136442
a00013277	136443
a00013278	136444
a00013279	136445
a00013280	136446
a00013281	136447
a00013282	136448
a00013283	136449
a00013284	136450
a00013285	136451
a00013286	136452
a00013287	136453
a00013288	136454
a00013289	136455
a00013290	136456
a00013291	136457
a00013292	136458
a00013293	136459
a00013294	136460
a00013295	136461
a00013296	136462
a00013297	136463
a00013298	136464
a00013299	136465
a00013300	136466
a00013301	136467
a00013302	136468
a00013303	136469
a00013304	136470
a00013305	136471
a00013306	136472
a00013307	136473
a00013308	136474
a00013309	136475
a00013310	136476
a00013311	136477
a00013312	136478
a00013313	136479
a00013314	136480
a00013315	136481
a00013316	136482
a00013317	136483
a00013318	136484
a00013319	136485
a00013320	136486
a00013321	136487
a00013322	136488
a00013323	136489
a00013324	136490
a00013325	136491
a00013326	136492
a00013327	136493
a00013328	136494
a00013329	136495
a00013330	136496
a00013331	136497
a00013332	136498
a00013333	136499
a00013334	136500
a00013335	136501
a00013336	136502
a00013337	136503
a00013338	136504
a00013339	136505
a00013340	136506
a00013341	136507
a00013342	136508
a00013343	136509
a00013344	136510
a00013345	136511
a00013346	136512
a00013347	136513
a00013348	136514
a00013349	136515
a00013350	136516
a00013351	136517
a00013352	136518
a00013353	136519
a00013354	136520
a00013355	136521
a00013356	136522
a00013357	136523
a00013358	136524
a00013359	136525
a00013360	136526
a00013361	136527
a00013362	136528
a00013363	136529
a00013364	136530
a00013365	136531
a00013366	136532
a00013367	136533
a00013368	136534
a00013369	136535
a00013370	136536
a00013371	136537
a00013372	136538
a00013373	136539
a00013374	136540
a00013375	136541
a00013376	136542
a00013377	136543
a00013378	136544
a00013379	136545
a00013380	136546
a00013381	136547
a00013382	136548
a00013383	136549
a00013384	136550
a00013385	136551
a00013386	136552
a00013387	136553
a00013388	136554
a00013389	136555
a00013390	136556
a00013391	136557
a00013392	136558
a00013393	136559
a00013394	136560
a00013395	136561
a00013396	136562
a00013397	136563
a00013398	136564
a00013399	136565
a00013400	136566
a00013401	136567
a00013402	136568
a00013403	136569
a00013404	136570
a00013405	136571
a00013406	136572
a00013407	136573
a00013408	136574
a00013409	136575
a00013410	136576
a00013411	136577
a00013412	136578
a00013413	136579
a00013414	136580
a00013415	136581
a00013416	136582
a00013417	136583
a00013418	136584
a00013419	136585
a00013420	136586
a00013421	136587
a00013422	136588
a00013423	136589
a00013424	136590
a00013425	136591
a00013426	136592
a00013427	136593
a00013428	136594
a00013429	136595
a00013430	136596
a00013431	136597
a00013432	136598
a00013433	136599
a00013434	136600
a00013435	136601
a00013436	136602
a00013437	136603
a00013438	136604
a00013439	136605
a00013440	136606
a00013441	136607
a00013442	136608
a00013443	136609
a00013444	136610
a00013445	136611
a00013446	136612
a00013447	136613
a00013448	136614
a00013449	136615
a00013450	136616
a00013451	136617
a00013452	136618
a00013453	136619
a00013454	136620
a00013455	136621
a00013456	136622
a00013457	136623
a00013458	136624
a00013459	136625
a00013460	136626
a00013461	136627
a00013462	136628
a00013463	136629
a00013464	136630
a00013465	136631
a00013466	136632
a00013467	136633
a00013468	136634
a00013469	136635
a00013470	136636
a00013471	136637
a00013472	136638
a00013473	136639
a00013474	136640
a00013475	136641
a00013476	136642
a00013477	136643
a00013478	136644
a00013479	136645
a00013480	136646
a00013481	136647
a00013482	136648
a00013483	136649
a00013484	136650
a00013485	136651
a00013486	136652
a00013487	136653
a00013488	136654
a00013489	136655
a00013490	136656
a00013491	136657
a00013492	136658
a00013493	136659
a00013494	136660
a00013495	136661
a00013496	136662
a00013497	136663
a00013498	136664
a00013499	136665
a00013500	136666
a00013501	136667
a00013502	136668
a00013503	136669
a00013504	136670
a00013505	136671
a00013506	136672
a00013507	136673
a00013508	136674
a00013509	136675
a00013510	136676
a00013511	136677
a00013512	136678
a00013513	136679
a00013514	136680
a00013515	136681
a00013516	136682
a00013517	136683
a00013518	136684
a00013519	136685
a00013520	136686
a00013521	136687
a00013522	136688
a00013523	136689
a00013524	136690
a00013525	136691
a00013526	136692
a00013527	136693
a00013528	136694
a00013529	136695
a00013530	136696
a00013531	136697
a00013532	136698
a00013533	136699
a00013534	136700
a00013535	136701
a00013536	136702
a00013537	136703
a00013538	136704
a00013539	136705
a00013540	136706
a00013541	136707
a00013542	136708
a00013543	136709
a00013544	136710
a00013545	136711
a00013546	136712
a00013547	136713
a00013548	136714
a00013549	136715
a00013550	136716
a00013551	136717
a00013552	136718
a00013553	136719
a00013554	136720
a00013555	136721
a00013556	136722
a00013557	136723
a00013558	136724
a00013559	136725
a00013560	136726
a00013561	136727
a00013562	136728
a00013563	136729
a00013564	136730
a00013565	136731
a00013566	136732
a00013567	136733
a00013568	136734
a00013569	136735
a00013570	136736
a00013571	136737
a00013572	136738
a00013573	136739
a00013574	136740
a00013575	136741
a00013576	136742
a00013577	136743
a00013578	136744
a00013579	136745
a00013580	136746
a00013581	136747
a00013582	136748
a00013583	136749
a00013584	136750
a00013585	136751
a00013586	136752
a00013587	136753
a00013588	136754
a00013589	136755
a00013590	136756
a00013591	136757
a00013592	136758
a00013593	136759
a00013594	136760
a00013595	136761
a00013596	136762
a00013597	136763
a00013598	136764
a00013599	136765
a00013600	136766
a00013601	136767
a00013602	136768
a00013603	136769
a00013604	136770
a00013605	136771
a00013606	136772
a00013607	136773
a00013608	136774
a00013609	136775
a00013610	136776
a00013611	136777
a00013612	136778
a00013613	136779
a00013614	136780
a00013615	136781
a00013616	136782
a00013617	136783
a00013618	136784
a00013619	136785
a00013620	136786
a00013621	136787
a00013622	136788
a00013623	136789
a00013624	136790
a00013625	136791
a00013626	136792
a00013627	136793
a00013628	136794
a00013629	136795
a00013630	136796
a00013631	136797
a00013632	136798
a00013633	136799
a00013634	136800
a00013635	136801
a00013636	136802
a00013637	136803
a00013638	136804
a00013639	136805
a00013640	136806
a00013641	136807
a00013642	136808
a00013643	136809
a00013644	136810
a00013645	136811
a00013646	136812
a00013647	136813
a00013648	136814
a00013649	136815
a00013650	136816
a00013651	136817
a00013652	136818
a00013653	136819
a00013654	136820
a00013655	136821
a00013656	136822
a00013657	136823
a00013658	136824
a00013659	136825
a00013660	136826
a00013661	136827
a00013662	136828
a00013663	136829
a00013664	136830
a00013665	136831
a00013666	136832
a00013667	136833
a00013668	136834
a00013669	136835
a00013670	136836
a00013671	136837
a00013672	136838
a00013673	136839
a00013674	136840
a00013675	136841
a00013676	136842
a00013677	136843
a00013678	136844
a00013679	136845
a00013680	136846
a00013681	136847
a00013682	136848
a00013683	136849
a00013684	136850
a00013685	136851
a00013686	136852
a00013687	136853
a00013688	136854
a00013689	136855
a00013690	136856
a00013691	136857
a00013692	136858
a00013693	136859
a00013694	136860
a00013695	136861
a00013696	136862
a00013697	136863
a00013698	136864
a00013699	136865
a00013700	136866
a00013701	136867
a00013702	136868
a00013703	136869
a00013704	136870
a00013705	136871
a00013706	136872
a00013707	136873
a00013708	136874
a00013709	136875
a00013710	136876
a00013711	136877
a00013712	136878
a00013713	136879
a00013714	136880
a00013715	136881
a00013716	136882
a00013717	136883
a00013718	136884
a00013719	136885
a00013720	136886
a00013721	136887
a00013722	136888
a00013723	136889
a00013724	136890
a00013725	136891
a00013726	136892
a00013727	136893
a00013728	136894
a00013729	136895
a00013730	136896
a00013731	136897
a00013732	136898
a00013733	136899
a00013734	136900
a00013735	136901
a00013736	136902
a00013737	136903
a00013738	136904
a00013739	136905
a00013740	136906
a00013741	136907
a00013742	136908
a00013743	136909
a00013744	136910
a00013745	136911
a00013746	136912
a00013747	136913
a00013748	136914
a00013749	136915
a00013750	136916
a00013751	136917
a00013752	136918
a00013753	136919
a00013754	136920
a00013755	136921
a00013756	136922
a00013757	136923
a00013758	136924
a00013759	136925
a00013760	136926
a00013761	136927
a00013762	136928
a00013763	136929
a00013764	136930
a00013765	136931
a00013766	136932
a00013767	136933
a00013768	136934
a00013769	136935
a00013770	136936
a00013771	136937
a00013772	136938
a00013773	136939
a00013774	136940
a00013775	136941
a00013776	136942
a00013777	136943
a00013778	136944
a00013779	136945
a00013780	136946
a00013781	136947
a00013782	136948
a00013783	136949
a00013784	136950
a00013785	136951
a00013786	136952
a00013787	136953
a00013788	136954
a00013789	136955
a00013790	136956
a00013791	136957
a00013792	136958
a00013793	136959
a00013794	136960
a00013795	136961
a00013796	136962
a00013797	136963
a00013798	136964
a00013799	136965
a00013800	136966
a00013801	136967
a00013802	136968
a00013803	136969
a00013804	136970
a00013805	136971
a00013806	136972
a00013807	136973
a00013808	136974
a00013809	136975
a00013810	136976
a00013811	136977
a00013812	136978
a00013813	136979
a00013814	136980
a00013815	136981
a00013816	136982
a00013817	136983
a00013818	136984
a00013819	136985
a00013820	136986
a00013821	136987
a00013822	136988
a00013823	136989
a00013824	136990
a00013825	136991
a00013826	136992
a00013827	136993
a00013828	136994
a00013829	136995
a00013830	136996
a00013831	136997
a00013832	136998
a00013833	136999
a00013834	137000
a00013835	137001
a00013836	137002
a00013837	137003
a00013838	137004
a00013839	137005
a00013840	137006
a00013841	137007
a00013842	137008
a00013843	137009
a00013844	137010
a00013845	137011
a00013846	137012
a00013847	137013
a00013848	137014
a00013849	137015
a00013850	137016
a00013851	137017
a00013852	137018
a00013853	137019
a00013854	137020
a00013855	137021
a00013856	137022
a00013857	137023
a00013858	137024
a00013859	137025
a00013860	137026
a00013861	137027
a00013862	137028
a00013863	137029
a00013864	137030
a00013865	137031
a00013866	137032
a00013867	137033
a00013868	137034
a00013869	137035
a00013870	137036
a00013871	137037
a00013872	137038
a00013873	137039
a00013874	137040
a00013875	137041
a00013876	137042
a00013877	137043
a00013878	137044
a00013879	137045
a00013880	137046
a00013881	137047
a00013882	137048
a00013883	137049
a00013884	137050
a00013885	137051
a00013886	137052
a00013887	137053
a00013888	137054
a00013889	137055
a00013890	137056
a00013891	137057
a00013892	137058
a00013893	137059
a00013894	137060
a00013895	137061
a00013896	137062
a00013897	137063
a00013898	137064
a00013899	137065
a00013900	137066
a00013901	137067
a00013902	137068
a00013903	137069
a00013904	137070
a00013905	137071
a00013906	137072
a00013907	137073
a00013908	137074
a00013909	137075
a00013910	137076
a00013911	137077
a00013912	137078
a00013913	137079
a00013914	137080
a00013915	137081
a00013916	137082
a00013917	137083
a00013918	137084
a00013919	137085
a00013920	137086
a00013921	137087
a00013922	137088
a00013923	137089
a00013924	137090
a00013925	137091
a00013926	137092
a00013927	137093
a00013928	137094
a00013929	137095
a00013930	137096
a00013931	137097
a00013932	137098
a00013933	137099
a00013934	137100
a00013935	137101
a00013936	137102
a00013937	137103
a00013938	137104
a00013939	137105
a00013940	137106
a00013941	137107
a00013942	137108
a00013943	137109
a00013944	137110
a00013945	137111
a00013946	137112
a00013947	137113
a00013948	137114
a00013949	137115
a00013950	137116
a00013951	137117
a00013952	137118
a00013953	137119
a00013954	137120
a00013955	137121
a00013956	137122
a00013957	137123
a00013958	137124
a00013959	137125
a00013960	137126
a00013961	137127
a00013962	137128
a00013963	137129
a00013964	137130
a00013965	137131
a00013966	137132
a00013967	137133
a00013968	137134
a00013969	137135
a00013970	137136
a00013971	137137
a00013972	137138
a00013973	137139
a00013974	137140
a00013975	137141
a00013976	137142
a00013977	137143
a00013978	137144
a00013979	137145
a00013980	137146
a00013981	137147
a00013982	137148
a00013983	137149
a00013984	137150
a00013985	137151
a00013986	137152
a00013987	137153
a00013988	137154
a00013989	137155
a00013990	137156
a00013991	137157
a00013992	137158
a00013993	137159
a00013994	137160
a00013995	137161
a00013996	137162
a00013997	137163
a00013998	137164
a00013999	137165
a00014000	137166
a00014001	137167
a00014002	137168
a00014003	137169
a00014004	137170
a00014005	137171
a00014006	137172
a00014007	137173
a00014008	137174
a00014009	137175
a00014010	137176
a00014011	137177
a00014012	137178
a00014013	137179
a00014014	137180
a00014015	137181
a00014016	137182
a00014017	137183
a00014018	137184
a00014019	137185
a00014020	137186
a00014021	137187
a00014022	137188
a00014023	137189
a00014024	137190
a00014025	137191
a00014026	137192
a00014027	137193
a00014028	137194
a00014029	137195
a00014030	137196
a00014031	137197
a00014032	137198
a00014033	137199
a00014034	137200
a00014035	137201
a00014036	137202
a00014037	137203
a00014038	137204
a00014039	137205
a00014040	137206
a00014041	137207
a00014042	137208
a00014043	137209
a00014044	137210
a00014045	137211
a00014046	137212
a00014047	137213
a00014048	137214
a00014049	137215
a00014050	137216
a00014051	137217
a00014052	137218
a00014053	137219
a00014054	137220
a00014055	137221
a00014056	137222
a00014057	137223
a00014058	137224
a00014059	137225
a00014060	137226
a00014061	137227
a00014062	137228
a00014063	137229
a00014064	137230
a00014065	137231
a00014066	137232
a00014067	137233
a00014068	137234
a00014069	137235
a00014070	137236
a00014071	137237
a00014072	137238
a00014073	137239
a00014074	137240
a00014075	137241
a00014076	137242
a00014077	137243
a00014078	137244
a00014079	137245
a00014080	137246
a00014081	137247
a00014082	137248
a00014083	137249
a00014084	137250
a00014085	137251
a00014086	137252
a00014087	137253
a00014088	137254
a00014089	137255
a00014090	137256
a00014091	137257
a00014092	137258
a00014093	137259
a00014094	137260
a00014095	137261
a00014096	137262
a00014097	137263
a00014098	137264
a00014099	137265
a00014100	137266
a00014101	137267
a00014102	137268
a00014103	137269
a00014104	137270
a00014105	137271
a00014106	137272
a00014107	137273
a00014108	137274
a00014109	137275
a00014110	137276
a00014111	137277
a00014112	137278
a00014113	137279
a00014114	137280
a00014115	137281
a00014116	137282
a00014117	137283
a00014118	137284
a00014119	137285
a00014120	137286
a00014121	137287
a00014122	137288
a00014123	137289
a00014124	137290
a00014125	137291
a00014126	137292
a00014127	137293
a00014128	137294
a00014129	137295
a00014130	137296
a00014131	137297
a00014132	137298
a00014133	137299
a00014134	137300
a00014135	137301
a00014136	137302
a00014137	137303
a00014138	137304
a00014139	137305
a00014140	137306
a00014141	137307
a00014142	137308
a00014143	137309
a00014144	137310
a00014145	137311
a00014146	137312
a00014147	137313
a00014148	137314
a00014149	137315
a00014150	137316
a00014151	137317
a00014152	137318
a00014153	137319
a00014154	137320
a00014155	137321
a00014156	137322
a00014157	137323
a00014158	137324
a00014159	137325
a00014160	137326
a00014161	137327
a00014162	137328
a00014163	137329
a00014164	137330
a00014165	137331
a00014166	137332
a00014167	137333
a00014168	137334
a00014169	137335
a00014170	137336
a00014171	137337
a00014172	137338
a00014173	137339
a00014174	137340
a00014175	137341
a00014176	137342
a00014177	137343
a00014178	137344
a00014179	137345
a00014180	137346
a00014181	137347
a00014182	137348
a00014183	137349
a00014184	137350
a00014185	137351
a00014186	137352
a00014187	137353
a00014188	137354
a00014189	137355
a00014190	137356
a00014191	137357
a00014192	137358
a00014193	137359
a00014194	137360
a00014195	137361
a00014196	137362
a00014197	137363
a00014198	137364
a00014199	137365
a00014200	137366
a00014201	137367
a00014202	137368
a00014203	137369
a00014204	137370
a00014205	137371
a00014206	137372
a00014207	137373
a00014208	137374
a00014209	137375
a00014210	137376
a00014211	137377
a00014212	137378
a00014213	137379
a00014214	137380
a00014215	137381
a00014216	137382
a00014217	137383
a00014218	137384
a00014219	137385
a00014220	137386
a00014221	137387
a00014222	137388
a00014223	137389
a00014224	137390
a00014225	137391
a00014226	137392
a00014227	137393
a00014228	137394
a00014229	137395
a00014230	137396
a00014231	137397
a00014232	137398
a00014233	137399
a00014234	137400
a00014235	137401
a00014236	137402
a00014237	137403
a00014238	137404
a00014239	137405
a00014240	137406
a00014241	137407
a00014242	137408
a00014243	137409
a00014244	137410
a00014245	137411
a00014246	137412
a00014247	137413
a00014248	137414
a00014249	137415
a00014250	137416
a00014251	137417
a00014252	137418
a00014253	137419
a00014254	137420
a00014255	137421
a00014256	137422
a00014257	137423
a00014258	137424
a00014259	137425
a00014260	137426
a00014261	137427
a00014262	137428
a00014263	137429
a00014264	137430
a00014265	137431
a00014266	137432
a00014267	137433
a00014268	137434
a00014269	137435
a00014270	137436
a00014271	137437
a00014272	137438
a00014273	137439
a00014274	137440
a00014275	137441
a00014276	137442
a00014277	137443
a00014278	137444
a00014279	137445
a00014280	137446
a00014281	137447
a00014282	137448
a00014283	137449
a00014284	137450
a00014285	137451
a00014286	137452
a00014287	137453
a00014288	137454
a00014289	137455
a00014290	137456
a00014291	137457
a00014292	137458
a00014293	137459
a00014294	137460
a00014295	137461
a00014296	137462
a00014297	137463
a00014298	137464
a00014299	137465
a00014300	137466
a00014301	137467
a00014302	137468
a00014303	137469
a00014304	137470
a00014305	137471
a00014306	137472
a00014307	137473
a00014308	137474
a00014309	137475
a00014310	137476
a00014311	137477
a00014312	137478
a00014313	137479
a00014314	137480
a00014315	137481
a00014316	137482
a00014317	137483
a00014318	137484
a00014319	137485
a00014320	137486
a00014321	137487
a00014322	137488
a00014323	137489
a00014324	137490
a00014325	137491
a00014326	137492
a00014327	137493
a00014328	137494
a00014329	137495
a00014330	137496
a00014331	137497
a00014332	137498
a00014333	137499
a00014334	137500
a00014335	137501
a00014336	137502
a00014337	137503
a00014338	137504
a00014339	137505
a00014340	137506
a00014341	137507
a00014342	137508
a00014343	137509
a00014344	137510
a00014345	137511
a00014346	137512
a00014347	137513
a00014348	137514
a00014349	137515
a00014350	137516
a00014351	137517
a00014352	137518
a00014353	137519
a00014354	137520
a00014355	137521
a00014356	137522
a00014357	137523
a00014358	137524
a00014359	137525
a00014360	137526
a00014361	137527
a00014362	137528
a00014363	137529
a00014364	137530
a00014365	137531
a00014366	137532
a00014367	137533
a00014368	137534
a00014369	137535
a00014370	137536
a00014371	137537
a00014372	137538
a00014373	137539
a00014374	137540
a00014375	137541
a00014376	137542
a00014377	137543
a00014378	137544
a00014379	137545
a00014380	137546
a00014381	137547
a00014382	137548
a00014383	137549
a00014384	137550
a00014385	137551
a00014386	137552
a00014387	137553
a00014388	137554
a00014389	137555
a00014390	137556
a00014391	137557
a00014392	137558
a00014393	137559
a00014394	137560
a00014395	137561
a00014396	137562
a00014397	137563
a00014398	137564
a00014399	137565
a00014400	137566
a00014401	137567
a00014402	137568
a00014403	137569
a00014404	137570
a00014405	137571
a00014406	137572
a00014407	137573
a00014408	137574
a00014409	137575
a00014410	137576
a00014411	137577
a00014412	137578
a00014413	137579
a00014414	137580
a00014415	137581
a00014416	137582
a00014417	137583
a00014418	137584
a00014419	137585
a00014420	137586
a00014421	137587
a00014422	137588
a00014423	137589
a00014424	137590
a00014425	137591
a00014426	137592
a00014427	137593
a00014428	137594
a00014429	137595
a00014430	137596
a00014431	137597
a00014432	137598
a00014433	137599
a00014434	137600
a00014435	137601
a00014436	137602
a00014437	137603
a00014438	137604
a00014439	137605
a00014440	137606
a00014441	137607
a00014442	137608
a00014443	137609
a00014444	137610
a00014445	137611
a00014446	137612
a00014447	137613
a00014448	137614
a00014449	137615
a00014450	137616
a00014451	137617
a00014452	137618
a00014453	137619
a00014454	137620
a00014455	137621
a00014456	137622
a00014457	137623
a00014458	137624
a00014459	137625
a00014460	137626
a00014461	137627
a00014462	137628
a00014463	137629
a00014464	137630
a00014465	137631
a00014466	137632
a00014467	137633
a00014468	137634
a00014469	137635
a00014470	137636
a00014471	137637
a00014472	137638
a00014473	137639
a00014474	137640
a00014475	137641
a00014476	137642
a00014477	137643
a00014478	137644
a00014479	137645
a00014480	137646
a00014481	137647
a00014482	137648
a00014483	137649
a00014484	137650
a00014485	137651
a00014486	137652
a00014487	137653
a00014488	137654
a00014489	137655
a00014490	137656
a00014491	137657
a00014492	137658
a00014493	137659
a00014494	137660
a00014495	137661
a00014496	137662
a00014497	137663
a00014498	137664
a00014499	137665
a00014500	137666
a00014501	137667
a00014502	137668
a00014503	137669
a00014504	137670
a00014505	137671
a00014506	137672
a00014507	137673
a00014508	137674
a00014509	137675
a00014510	137676
a00014511	137677
a00014512	137678
a00014513	137679
a00014514	137680
a00014515	137681
a00014516	137682
a00014517	137683
a00014518	137684
a00014519	137685
a00014520	137686
a00014521	137687
a00014522	137688
a00014523	137689
a00014524	137690
a00014525	137691
a00014526	137692
a00014527	137693
a00014528	137694
a00014529	137695
a00014530	137696
a00014531	137697
a00014532	137698
a00014533	137699
a00014534	137700
a00014535	137701
a00014536	137702
a00014537	137703
a00014538	137704
a00014539	137705
a00014540	137706
a00014541	137707
a00014542	137708
a00014543	137709
a00014544	137710
a00014545	137711
a00014546	137712
a00014547	137713
a00014548	137714
a00014549	137715
a00014550	137716
a00014551	137717
a00014552	137718
a00014553	137719
a00014554	137720
a00014555	137721
a00014556	137722
a00014557	137723
a00014558	137724
a00014559	137725
a00014560	137726
a00014561	137727
a00014562	137728
a00014563	137729
a00014564	137730
a00014565	137731
a00014566	137732
a00014567	137733
a00014568	137734
a00014569	137735
a00014570	137736
a00014571	137737
a00014572	137738
a00014573	137739
a00014574	137740
a00014575	137741
a00014576	137742
a00014577	137743
a00014578	137744
a00014579	137745
a00014580	137746
a00014581	137747
a00014582	137748
a00014583	137749
a00014584	137750
a00014585	137751
a00014586	137752
a00014587	137753
a00014588	137754
a00014589	137755
a00014590	137756
a00014591	137757
a00014592	137758
a00014593	137759
a00014594	137760
a00014595	137761
a00014596	137762
a00014597	137763
a00014598	137764
a00014599	137765
a00014600	137766
a00014601	137767
a00014602	137768
a00014603	137769
a00014604	137770
a00014605	137771
a00014606	137772
a00014607	137773
a00014608	137774
a00014609	137775
a00014610	137776
a00014611	137777
a00014612	137778
a00014613	137779
a00014614	137780
a00014615	137781
a00014616	137782
a00014617	137783
a00014618	137784
a00014619	137785
a00014620	137786
a00014621	137787
a00014622	137788
a00014623	137789
a00014624	137790
a00014625	137791
a00014626	137792
a00014627	137793
a00014628	137794
a00014629	137795
a00014630	137796
a00014631	137797
a00014632	137798
a00014633	137799
a00014634	137800
a00014635	137801
a00014636	137802
a00014637	137803
a00014638	137804
a00014639	137805
a00014640	137806
a00014641	137807
a00014642	137808
a00014643	137809
a00014644	137810
a00014645	137811
a00014646	137812
a00014647	137813
a00014648	137814
a00014649	137815
a00014650	137816
a00014651	137817
a00014652	137818
a00014653	137819
a00014654	137820
a00014655	137821
a00014656	137822
a00014657	137823
a00014658	137824
a00014659	137825
a00014660	137826
a00014661	137827
a00014662	137828
a00014663	137829
a00014664	137830
a00014665	137831
a00014666	137832
a00014667	137833
a00014668	137834
a00014669	137835
a00014670	137836
a00014671	137837
a00014672	137838
a00014673	137839
a00014674	137840
a00014675	137841
a00014676	137842
a00014677	137843
a00014678	137844
a00014679	137845
a00014680	137846
a00014681	137847
a00014682	137848
a00014683	137849
a00014684	137850
a00014685	137851
a00014686	137852
a00014687	137853
a00014688	137854
a00014689	137855
a00014690	137856
a00014691	137857
a00014692	137858
a00014693	137859
a00014694	137860
a00014695	137861
a00014696	137862
a00014697	137863
a00014698	137864
a00014699	137865
a00014700	137866
a00014701	137867
a00014702	137868
a00014703	137869
a00014704	137870
a00014705	137871
a00014706	137872
a00014707	137873
a00014708	137874
a00014709	137875
a00014710	137876
a00014711	137877
a00014712	137878
a00014713	137879
a00014714	137880
a00014715	137881
a00014716	137882
a00014717	137883
a00014718	137884
a00014719	137885
a00014720	137886
a00014721	137887
a00014722	137888
a00014723	137889
a00014724	137890
a00014725	137891
a00014726	137892
a00014727	137893
a00014728	137894
a00014729	137895
a00014730	137896
a00014731	137897
a00014732	137898
a00014733	137899
a00014734	137900
a00014735	137901
a00014736	137902
a00014737	137903
a00014738	137904
a00014739	137905
a00014740	137906
a00014741	137907
a00014742	137908
a00014743	137909
a00014744	137910
a00014745	137911
a00014746	137912
a00014747	137913
a00014748	137914
a00014749	137915
a00014750	137916
a00014751	137917
a00014752	137918
a00014753	137919
a00014754	137920
a00014755	137921
a00014756	137922
a00014757	137923
a00014758	137924
a00014759	137925
a00014760	137926
a00014761	137927
a00014762	137928
a00014763	137929
a00014764	137930
a00014765	137931
a00014766	137932
a00014767	137933
a00014768	137934
a00014769	137935
a00014770	137936
a00014771	137937
a00014772	137938
a00014773	137939
a00014774	137940
a00014775	137941
a00014776	137942
a00014777	137943
a00014778	137944
a00014779	137945
a00014780	137946
a00014781	137947
a00014782	137948
a00014783	137949
a00014784	137950
a00014785	137951
a00014786	137952
a00014787	137953
a00014788	137954
a00014789	137955
a00014790	137956
a00014791	137957
a00014792	137958
a00014793	137959
a00014794	137960
a00014795	137961
a00014796	137962
a00014797	137963
a00014798	137964
a00014799	137965
a00014800	137966
a00014801	137967
a00014802	137968
a00014803	137969
a00014804	137970
a00014805	137971
a00014806	137972
a00014807	137973
a00014808	137974
a00014809	137975
a00014810	137976
a00014811	137977
a00014812	137978
a00014813	137979
a00014814	137980
a00014815	137981
a00014816	137982
a00014817	137983
a00014818	137984
a00014819	137985
a00014820	137986
a00014821	137987
a00014822	137988
a00014823	137989
a00014824	137990
a00014825	137991
a00014826	137992
a00014827	137993
a00014828	137994
a00014829	137995
a00014830	137996
a00014831	137997
a00014832	137998
a00014833	137999
a00014834	138000
a00014835	138001
a00014836	138002
a00014837	138003
a00014838	138004
a00014839	138005
a00014840	138006
a00014841	138007
a00014842	138008
a00014843	138009
a00014844	138010
a00014845	138011
a00014846	138012
a00014847	138013
a00014848	138014
a00014849	138015
a00014850	138016
a00014851	138017
a00014852	138018
a00014853	138019
a00014854	138020
a00014855	138021
a00014856	138022
a00014857	138023
a00014858	138024
a00014859	138025
a00014860	138026
a00014861	138027
a00014862	138028
a00014863	138029
a00014864	138030
a00014865	138031
a00014866	138032
a00014867	138033
a00014868	138034
a00014869	138035
a00014870	138036
a00014871	138037
a00014872	138038
a00014873	138039
a00014874	138040
a00014875	138041
a00014876	138042
a00014877	138043
a00014878	138044
a00014879	138045
a00014880	138046
a00014881	138047
a00014882	138048
a00014883	138049
a00014884	138050
a00014885	138051
a00014886	138052
a00014887	138053
a00014888	138054
a00014889	138055
a00014890	138056
a00014891	138057
a00014892	138058
a00014893	138059
a00014894	138060
a00014895	138061
a00014896	138062
a00014897	138063
a00014898	138064
a00014899	138065
a00014900	138066
a00014901	138067
a00014902	138068
a00014903	138069
a00014904	138070
a00014905	138071
a00014906	138072
a00014907	138073
a00014908	138074
a00014909	138075
a00014910	138076
a00014911	138077
a00014912	138078
a00014913	138079
a00014914	138080
a00014915	138081
a00014916	138082
a00014917	138083
a00014918	138084
a00014919	138085
a00014920	138086
a00014921	138087
a00014922	138088
a00014923	138089
a00014924	138090
a00014925	138091
a00014926	138092
a00014927	138093
a00014928	138094
a00014929	138095
a00014930	138096
a00014931	138097
a00014932	138098
a00014933	138099
a00014934	138100
a00014935	138101
a00014936	138102
a00014937	138103
a00014938	138104
a00014939	138105
a00014940	138106
a00014941	138107
a00014942	138108
a00014943	138109
a00014944	138110
a00014945	138111
a00014946	138112
a00014947	138113
a00014948	138114
a00014949	138115
a00014950	138116
a00014951	138117
a00014952	138118
a00014953	138119
a00014954	138120
a00014955	138121
a00014956	138122
a00014957	138123
a00014958	138124
a00014959	138125
a00014960	138126
a00014961	138127
a00014962	138128
a00014963	138129
a00014964	138130
a00014965	138131
a00014966	138132
a00014967	138133
a00014968	138134
a00014969	138135
a00014970	138136
a00014971	138137
a00014972	138138
a00014973	138139
a00014974	138140
a00014975	138141
a00014976	138142
a00014977	138143
a00014978	138144
a00014979	138145
a00014980	138146
a00014981	138147
a00014982	138148
a00014983	138149
a00014984	138150
a00014985	138151
a00014986	138152
a00014987	138153
a00014988	138154
a00014989	138155
a00014990	138156
a00014991	138157
a00014992	138158
a00014993	138159
a00014994	138160
a00014995	138161
a00014996	138162
a00014997	138163
a00014998	138164
a00014999	138165
a00015000	138166
a00015001	138167
a00015002	138168
a00015003	138169
a00015004	138170
a00015005	138171
a00015006	138172
a00015007	138173
a00015008	138174
a00015009	138175
a00015010	138176
a00015011	138177
a00015012	138178
a00015013	138179
a00015014	138180
a00015015	138181
a00015016	138182
a00015017	138183
a00015018	138184
a00015019	138185
a00015020	138186
a00015021	138187
a00015022	138188
a00015023	138189
a00015024	138190
a00015025	138191
a00015026	138192
a00015027	138193
a00015028	138194
a00015029	138195
a00015030	138196
a00015031	138197
a00015032	138198
a00015033	138199
a00015034	138200
a00015035	138201
a00015036	138202
a00015037	138203
a00015038	138204
a00015039	138205
a00015040	138206
a00015041	138207
a00015042	138208
a00015043	138209
a00015044	138210
a00015045	138211
a00015046	138212
a00015047	138213
a00015048	138214
a00015049	138215
a00015050	138216
a00015051	138217
a00015052	138218
a00015053	138219
a00015054	138220
a00015055	138221
a00015056	138222
a00015057	138223
a00015058	138224
a00015059	138225
a00015060	138226
a00015061	138227
a00015062	138228
a00015063	138229
a00015064	138230
a00015065	138231
a00015066	138232
a00015067	138233
a00015068	138234
a00015069	138235
a00015070	138236
a00015071	138237
a00015072	138238
a00015073	138239
a00015074	138240
a00015075	138241
a00015076	138242
a00015077	138243
a00015078	138244
a00015079	138245
a00015080	138246
a00015081	138247
a00015082	138248
a00015083	138249
a00015084	138250
a00015085	138251
a00015086	138252
a00015087	138253
a00015088	138254
a00015089	138255
a00015090	138256
a00015091	138257
a00015092	138258
a00015093	138259
a00015094	138260
a00015095	138261
a00015096	138262
a00015097	138263
a00015098	138264
a00015099	138265
a00015100	138266
a00015101	138267
a00015102	138268
a00015103	138269
a00015104	138270
a00015105	138271
a00015106	138272
a00015107	138273
a00015108	138274
a00015109	138275
a00015110	138276
a00015111	138277
a00015112	138278
a00015113	138279
a00015114	138280
a00015115	138281
a00015116	138282
a00015117	138283
a00015118	138284
a00015119	138285
a00015120	138286
a00015121	138287
a00015122	138288
a00015123	138289
a00015124	138290
a00015125	138291
a00015126	138292
a00015127	138293
a00015128	138294
a00015129	138295
a00015130	138296
a00015131	138297
a00015132	138298
a00015133	138299
a00015134	138300
a00015135	138301
a00015136	138302
a00015137	138303
a00015138	138304
a00015139	138305
a00015140	138306
a00015141	138307
a00015142	138308
a00015143	138309
a00015144	138310
a00015145	138311
a00015146	138312
a00015147	138313
a00015148	138314
a00015149	138315
a00015150	138316
a00015151	138317
a00015152	138318
a00015153	138319
a00015154	138320
a00015155	138321
a00015156	138322
a00015157	138323
a00015158	138324
a00015159	138325
a00015160	138326
a00015161	138327
a00015162	138328
a00015163	138329
a00015164	138330
a00015165	138331
a00015166	138332
a00015167	138333
a00015168	138334
a00015169	138335
a00015170	138336
a00015171	138337
a00015172	138338
a00015173	138339
a00015174	138340
a00015175	138341
a00015176	138342
a00015177	138343
a00015178	138344
a00015179	138345
a00015180	138346
a00015181	138347
a00015182	138348
a00015183	138349
a00015184	138350
a00015185	138351
a00015186	138352
a00015187	138353
a00015188	138354
a00015189	138355
a00015190	138356
a00015191	138357
a00015192	138358
a00015193	138359
a00015194	138360
a00015195	138361
a00015196	138362
a00015197	138363
a00015198	138364
a00015199	138365
a00015200	138366
a00015201	138367
a00015202	138368
a00015203	138369
a00015204	138370
a00015205	138371
a00015206	138372
a00015207	138373
a00015208	138374
a00015209	138375
a00015210	138376
a00015211	138377
a00015212	138378
a00015213	138379
a00015214	138380
a00015215	138381
a00015216	138382
a00015217	138383
a00015218	138384
a00015219	138385
a00015220	138386
a00015221	138387
a00015222	138388
a00015223	138389
a00015224	138390
a00015225	138391
a00015226	138392
a00015227	138393
a00015228	138394
a00015229	138395
a00015230	138396
a00015231	138397
a00015232	138398
a00015233	138399
a00015234	138400
a00015235	138401
a00015236	138402
a00015237	138403
a00015238	138404
a00015239	138405
a00015240	138406
a00015241	138407
a00015242	138408
a00015243	138409
a00015244	138410
a00015245	138411
a00015246	138412
a00015247	138413
a00015248	138414
a00015249	138415
a00015250	138416
a00015251	138417
a00015252	138418
a00015253	138419
a00015254	138420
a00015255	138421
a00015256	138422
a00015257	138423
a00015258	138424
a00015259	138425
a00015260	138426
a00015261	138427
a00015262	138428
a00015263	138429
a00015264	138430
a00015265	138431
a00015266	138432
a00015267	138433
a00015268	138434
a00015269	138435
a00015270	138436
a00015271	138437
a00015272	138438
a00015273	138439
a00015274	138440
a00015275	138441
a00015276	138442
a00015277	138443
a00015278	138444
a00015279	138445
a00015280	138446
a00015281	138447
a00015282	138448
a00015283	138449
a00015284	138450
a00015285	138451
a00015286	138452
a00015287	138453
a00015288	138454
a00015289	138455
a00015290	138456
a00015291	138457
a00015292	138458
a00015293	138459
a00015294	138460
a00015295	138461
a00015296	138462
a00015297	138463
a00015298	138464
a00015299	138465
a00015300	138466
a00015301	138467
a00015302	138468
a00015303	138469
a00015304	138470
a00015305	138471
a00015306	138472
a00015307	138473
a00015308	138474
a00015309	138475
a00015310	138476
a00015311	138477
a00015312	138478
a00015313	138479
a00015314	138480
a00015315	138481
a00015316	138482
a00015317	138483
a00015318	138484
a00015319	138485
a00015320	138486
a00015321	138487
a00015322	138488
a00015323	138489
a00015324	138490
a00015325	138491
a00015326	138492
a00015327	138493
a00015328	138494
a00015329	138495
a00015330	138496
a00015331	138497
a00015332	138498
a00015333	138499
a00015334	138500
a00015335	138501
a00015336	138502
a00015337	138503
a00015338	138504
a00015339	138505
a00015340	138506
a00015341	138507
a00015342	138508
a00015343	138509
a00015344	138510
a00015345	138511
a00015346	138512
a00015347	138513
a00015348	138514
a00015349	138515
a00015350	138516
a00015351	138517
a00015352	138518
a00015353	138519
a00015354	138520
a00015355	138521
a00015356	138522
a00015357	138523
a00015358	138524
a00015359	138525
a00015360	138526
a00015361	138527
a00015362	138528
a00015363	138529
a00015364	138530
a00015365	138531
a00015366	138532
a00015367	138533
a00015368	138534
a00015369	138535
a00015370	138536
a00015371	138537
a00015372	138538
a00015373	138539
a00015374	138540
a00015375	138541
a00015376	138542
a00015377	138543
a00015378	138544
a00015379	138545
a00015380	138546
a00015381	138547
a00015382	138548
a00015383	138549
a00015384	138550
a00015385	138551
a00015386	138552
a00015387	138553
a00015388	138554
a00015389	138555
a00015390	138556
a00015391	138557
a00015392	138558
a00015393	138559
a00015394	138560
a00015395	138561
a00015396	138562
a00015397	138563
a00015398	138564
a00015399	138565
a00015400	138566
a00015401	138567
a00015402	138568
a00015403	138569
a00015404	138570
a00015405	138571
a00015406	138572
a00015407	138573
a00015408	138574
a00015409	138575
a00015410	138576
a00015411	138577
a00015412	138578
a00015413	138579
a00015414	138580
a00015415	138581
a00015416	138582
a00015417	138583
a00015418	138584
a00015419	138585
a00015420	138586
a00015421	138587
a00015422	138588
a00015423	138589
a00015424	138590
a00015425	138591
a00015426	138592
a00015427	138593
a00015428	138594
a00015429	138595
a00015430	138596
a00015431	138597
a00015432	138598
a00015433	138599
a00015434	138600
a00015435	138601
a00015436	138602
a00015437	138603
a00015438	138604
a00015439	138605
a00015440	138606
a00015441	138607
a00015442	138608
a00015443	138609
a00015444	138610
a00015445	138611
a00015446	138612
a00015447	138613
a00015448	138614
a00015449	138615
a00015450	138616
a00015451	138617
a00015452	138618
a00015453	138619
a00015454	138620
a00015455	138621
a00015456	138622
a00015457	138623
a00015458	138624
a00015459	138625
a00015460	138626
a00015461	138627
a00015462	138628
a00015463	138629
a00015464	138630
a00015465	138631
a00015466	138632
a00015467	138633
a00015468	138634
a00015469	138635
a00015470	138636
a00015471	138637
a00015472	138638
a00015473	138639
a00015474	138640
a00015475	138641
a00015476	138642
a00015477	138643
a00015478	138644
a00015479	138645
a00015480	138646
a00015481	138647
a00015482	138648
a00015483	138649
a00015484	138650
a00015485	138651
a00015486	138652
a00015487	138653
a00015488	138654
a00015489	138655
a00015490	138656
a00015491	138657
a00015492	138658
a00015493	138659
a00015494	138660
a00015495	138661
a00015496	138662
a00015497	138663
a00015498	138664
a00015499	138665
a00015500	138666
a00015501	138667
a00015502	138668
a00015503	138669
a00015504	138670
a00015505	138671
a00015506	138672
a00015507	138673
a00015508	138674
a00015509	138675
a00015510	138676
a00015511	138677
a00015512	138678
a00015513	138679
a00015514	138680
a00015515	138681
a00015516	138682
a00015517	138683
a00015518	138684
a00015519	138685
a00015520	138686
a00015521	138687
a00015522	138688
a00015523	138689
a00015524	138690
a00015525	138691
a00015526	138692
a00015527	138693
a00015528	138694
a00015529	138695
a00015530	138696
a00015531	138697
a00015532	138698
a00015533	138699
a00015534	138700
a00015535	138701
a00015536	138702
a00015537	138703
a00015538	138704
a00015539	138705
a00015540	138706
a00015541	138707
a00015542	138708
a00015543	138709
a00015544	138710
a00015545	138711
a00015546	138712
a00015547	138713
a00015548	138714
a00015549	138715
a00015550	138716
a00015551	138717
a00015552	138718
a00015553	138719
a00015554	138720
a00015555	138721
a00015556	138722
a00015557	138723
a00015558	138724
a00015559	138725
a00015560	138726
a00015561	138727
a00015562	138728
a00015563	138729
a00015564	138730
a00015565	138731
a00015566	138732
a00015567	138733
a00015568	138734
a00015569	138735
a00015570	138736
a00015571	138737
a00015572	138738
a00015573	138739
a00015574	138740
a00015575	138741
a00015576	138742
a00015577	138743
a00015578	138744
a00015579	138745
a00015580	138746
a00015581	138747
a00015582	138748
a00015583	138749
a00015584	138750
a00015585	138751
a00015586	138752
a00015587	138753
a00015588	138754
a00015589	138755
a00015590	138756
a00015591	138757
a00015592	138758
a00015593	138759
a00015594	138760
a00015595	138761
a00015596	138762
a00015597	138763
a00015598	138764
a00015599	138765
a00015600	138766
a00015601	138767
a00015602	138768
a00015603	138769
a00015604	138770
a00015605	138771
a00015606	138772
a00015607	138773
a00015608	138774
a00015609	138775
a00015610	138776
a00015611	138777
a00015612	138778
a00015613	138779
a00015614	138780
a00015615	138781
a00015616	138782
a00015617	138783
a00015618	138784
a00015619	138785
a00015620	138786
a00015621	138787
a00015622	138788
a00015623	138789
a00015624	138790
a00015625	138791
a00015626	138792
a00015627	138793
a00015628	138794
a00015629	138795
a00015630	138796
a00015631	138797
a00015632	138798
a00015633	138799
a00015634	138800
a00015635	138801
a00015636	138802
a00015637	138803
a00015638	138804
a00015639	138805
a00015640	138806
a00015641	138807
a00015642	138808
a00015643	138809
a00015644	138810
a00015645	138811
a00015646	138812
a00015647	138813
a00015648	138814
a00015649	138815
a00015650	138816
a00015651	138817
a00015652	138818
a00015653	138819
a00015654	138820
a00015655	138821
a00015656	138822
a00015657	138823
a00015658	138824
a00015659	138825
a00015660	138826
a00015661	138827
a00015662	138828
a00015663	138829
a00015664	138830
a00015665	138831
a00015666	138832
a00015667	138833
a00015668	138834
a00015669	138835
a00015670	138836
a00015671	138837
a00015672	138838
a00015673	138839
a00015674	138840
a00015675	138841
a00015676	138842
a00015677	138843
a00015678	138844
a00015679	138845
a00015680	138846
a00015681	138847
a00015682	138848
a00015683	138849
a00015684	138850
a00015685	138851
a00015686	138852
a00015687	138853
a00015688	138854
a00015689	138855
a00015690	138856
a00015691	138857
a00015692	138858
a00015693	138859
a00015694	138860
a00015695	138861
a00015696	138862
a00015697	138863
a00015698	138864
a00015699	138865
a00015700	138866
a00015701	138867
a00015702	138868
a00015703	138869
a00015704	138870
a00015705	138871
a00015706	138872
a00015707	138873
a00015708	138874
a00015709	138875
a00015710	138876
a00015711	138877
a00015712	138878
a00015713	138879
a00015714	138880
a00015715	138881
a00015716	138882
a00015717	138883
a00015718	138884
a00015719	138885
a00015720	138886
a00015721	138887
a00015722	138888
a00015723	138889
a00015724	138890
a00015725	138891
a00015726	138892
a00015727	138893
a00015728	138894
a00015729	138895
a00015730	138896
a00015731	138897
a00015732	138898
a00015733	138899
a00015734	138900
a00015735	138901
a00015736	138902
a00015737	138903
a00015738	138904
a00015739	138905
a00015740	138906
a00015741	138907
a00015742	138908
a00015743	138909
a00015744	138910
a00015745	138911
a00015746	138912
a00015747	138913
a00015748	138914
a00015749	138915
a00015750	138916
a00015751	138917
a00015752	138918
a00015753	138919
a00015754	138920
a00015755	138921
a00015756	138922
a00015757	138923
a00015758	138924
a00015759	138925
a00015760	138926
a00015761	138927
a00015762	138928
a00015763	138929
a00015764	138930
a00015765	138931
a00015766	138932
a00015767	138933
a00015768	138934
a00015769	138935
a00015770	138936
a00015771	138937
a00015772	138938
a00015773	138939
a00015774	138940
a00015775	138941
a00015776	138942
a00015777	138943
a00015778	138944
a00015779	138945
a00015780	138946
a00015781	138947
a00015782	138948
a00015783	138949
a00015784	138950
a00015785	138951
a00015786	138952
a00015787	138953
a00015788	138954
a00015789	138955
a00015790	138956
a00015791	138957
a00015792	138958
a00015793	138959
a00015794	138960
a00015795	138961
a00015796	138962
a00015797	138963
a00015798	138964
a00015799	138965
a00015800	138966
a00015801	138967
a00015802	138968
a00015803	138969
a00015804	138970
a00015805	138971
a00015806	138972
a00015807	138973
a00015808	138974
a00015809	138975
a00015810	138976
a00015811	138977
a00015812	138978
a00015813	138979
a00015814	138980
a00015815	138981
a00015816	138982
a00015817	138983
a00015818	138984
a00015819	138985
a00015820	138986
a00015821	138987
a00015822	138988
a00015823	138989
a00015824	138990
a00015825	138991
a00015826	138992
a00015827	138993
a00015828	138994
a00015829	138995
a00015830	138996
a00015831	138997
a00015832	138998
a00015833	138999
a00015834	139000
a00015835	139001
a00015836	139002
a00015837	139003
a00015838	139004
a00015839	139005
a00015840	139006
a00015841	139007
a00015842	139008
a00015843	139009
a00015844	139010
a00015845	139011
a00015846	139012
a00015847	139013
a00015848	139014
a00015849	139015
a00015850	139016
a00015851	139017
a00015852	139018
a00015853	139019
a00015854	139020
a00015855	139021
a00015856	139022
a00015857	139023
a00015858	139024
a00015859	139025
a00015860	139026
a00015861	139027
a00015862	139028
a00015863	139029
a00015864	139030
a00015865	139031
a00015866	139032
a00015867	139033
a00015868	139034
a00015869	139035
a00015870	139036
a00015871	139037
a00015872	139038
a00015873	139039
a00015874	139040
a00015875	139041
a00015876	139042
a00015877	139043
a00015878	139044
a00015879	139045
a00015880	139046
a00015881	139047
a00015882	139048
a00015883	139049
a00015884	139050
a00015885	139051
a00015886	139052
a00015887	139053
a00015888	139054
a00015889	139055
a00015890	139056
a00015891	139057
a00015892	139058
a00015893	139059
a00015894	139060
a00015895	139061
a00015896	139062
a00015897	139063
a00015898	139064
a00015899	139065
a00015900	139066
a00015901	139067
a00015902	139068
a00015903	139069
a00015904	139070
a00015905	139071
a00015906	139072
a00015907	139073
a00015908	139074
a00015909	139075
a00015910	139076
a00015911	139077
a00015912	139078
a00015913	139079
a00015914	139080
a00015915	139081
a00015916	139082
a00015917	139083
a00015918	139084
a00015919	139085
a00015920	139086
a00015921	139087
a00015922	139088
a00015923	139089
a00015924	139090
a00015925	139091
a00015926	139092
a00015927	139093
a00015928	139094
a00015929	139095
a00015930	139096
a00015931	139097
a00015932	139098
a00015933	139099
a00015934	139100
a00015935	139101
a00015936	139102
a00015937	139103
a00015938	139104
a00015939	139105
a00015940	139106
a00015941	139107
a00015942	139108
a00015943	139109
a00015944	139110
a00015945	139111
a00015946	139112
a00015947	139113
a00015948	139114
a00015949	139115
a00015950	139116
a00015951	139117
a00015952	139118
a00015953	139119
a00015954	139120
a00015955	139121
a00015956	139122
a00015957	139123
a00015958	139124
a00015959	139125
a00015960	139126
a00015961	139127
a00015962	139128
a00015963	139129
a00015964	139130
a00015965	139131
a00015966	139132
a00015967	139133
a00015968	139134
a00015969	139135
a00015970	139136
a00015971	139137
a00015972	139138
a00015973	139139
a00015974	139140
a00015975	139141
a00015976	139142
a00015977	139143
a00015978	139144
a00015979	139145
a00015980	139146
a00015981	139147
a00015982	139148
a00015983	139149
a00015984	139150
a00015985	139151
a00015986	139152
a00015987	139153
a00015988	139154
a00015989	139155
a00015990	139156
a00015991	139157
a00015992	139158
a00015993	139159
a00015994	139160
a00015995	139161
a00015996	139162
a00015997	139163
a00015998	139164
a00015999	139165
a00016000	139166
a00016001	139167
a00016002	139168
a00016003	139169
a00016004	139170
a00016005	139171
a00016006	139172
a00016007	139173
a00016008	139174
a00016009	139175
a00016010	139176
a00016011	139177
a00016012	139178
a00016013	139179
a00016014	139180
a00016015	139181
a00016016	139182
a00016017	139183
a00016018	139184
a00016019	139185
a00016020	139186
a00016021	139187
a00016022	139188
a00016023	139189
a00016024	139190
a00016025	139191
a00016026	139192
a00016027	139193
a00016028	139194
a00016029	139195
a00016030	139196
a00016031	139197
a00016032	139198
a00016033	139199
a00016034	139200
a00016035	139201
a00016036	139202
a00016037	139203
a00016038	139204
a00016039	139205
a00016040	139206
a00016041	139207
a00016042	139208
a00016043	139209
a00016044	139210
a00016045	139211
a00016046	139212
a00016047	139213
a00016048	139214
a00016049	139215
a00016050	139216
a00016051	139217
a00016052	139218
a00016053	139219
a00016054	139220
a00016055	139221
a00016056	139222
a00016057	139223
a00016058	139224
a00016059	139225
a00016060	139226
a00016061	139227
a00016062	139228
a00016063	139229
a00016064	139230
a00016065	139231
a00016066	139232
a00016067	139233
a00016068	139234
a00016069	139235
a00016070	139236
a00016071	139237
a00016072	139238
a00016073	139239
a00016074	139240
a00016075	139241
a00016076	139242
a00016077	139243
a00016078	139244
a00016079	139245
a00016080	139246
a00016081	139247
a00016082	139248
a00016083	139249
a00016084	139250
a00016085	139251
a00016086	139252
a00016087	139253
a00016088	139254
a00016089	139255
a00016090	139256
a00016091	139257
a00016092	139258
a00016093	139259
a00016094	139260
a00016095	139261
a00016096	139262
a00016097	139263
a00016098	139264
a00016099	139265
a00016100	139266
a00016101	139267
a00016102	139268
a00016103	139269
a00016104	139270
a00016105	139271
a00016106	139272
a00016107	139273
a00016108	139274
a00016109	139275
a00016110	139276
a00016111	139277
a00016112	139278
a00016113	139279
a00016114	139280
a00016115	139281
a00016116	139282
a00016117	139283
a00016118	139284
a00016119	139285
a00016120	139286
a00016121	139287
a00016122	139288
a00016123	139289
a00016124	139290
a00016125	139291
a00016126	139292
a00016127	139293
a00016128	139294
a00016129	139295
a00016130	139296
a00016131	139297
a00016132	139298
a00016133	139299
a00016134	139300
a00016135	139301
a00016136	139302
a00016137	139303
a00016138	139304
a00016139	139305
a00016140	139306
a00016141	139307
a00016142	139308
a00016143	139309
a00016144	139310
a00016145	139311
a00016146	139312
a00016147	139313
a00016148	139314
a00016149	139315
a00016150	139316
a00016151	139317
a00016152	139318
a00016153	139319
a00016154	139320
a00016155	139321
a00016156	139322
a00016157	139323
a00016158	139324
a00016159	139325
a00016160	139326
a00016161	139327
a00016162	139328
a00016163	139329
a00016164	139330
a00016165	139331
a00016166	139332
a00016167	139333
a00016168	139334
a00016169	139335
a00016170	139336
a00016171	139337
a00016172	139338
a00016173	139339
a00016174	139340
a00016175	139341
a00016176	139342
a00016177	139343
a00016178	139344
a00016179	139345
a00016180	139346
a00016181	139347
a00016182	139348
a00016183	139349
a00016184	139350
a00016185	139351
a00016186	139352
a00016187	139353
a00016188	139354
a00016189	139355
a00016190	139356
a00016191	139357
a00016192	139358
a00016193	139359
a00016194	139360
a00016195	139361
a00016196	139362
a00016197	139363
a00016198	139364
a00016199	139365
a00016200	139366
a00016201	139367
a00016202	139368
a00016203	139369
a00016204	139370
a00016205	139371
a00016206	139372
a00016207	139373
a00016208	139374
a00016209	139375
a00016210	139376
a00016211	139377
a00016212	139378
a00016213	139379
a00016214	139380
a00016215	139381
a00016216	139382
a00016217	139383
a00016218	139384
a00016219	139385
a00016220	139386
a00016221	139387
a00016222	139388
a00016223	139389
a00016224	139390
a00016225	139391
a00016226	139392
a00016227	139393
a00016228	139394
a00016229	139395
a00016230	139396
a00016231	139397
a00016232	139398
a00016233	139399
a00016234	139400
a00016235	139401
a00016236	139402
a00016237	139403
a00016238	139404
a00016239	139405
a00016240	139406
a00016241	139407
a00016242	139408
a00016243	139409
a00016244	139410
a00016245	139411
a00016246	139412
a00016247	139413
a00016248	139414
a00016249	139415
a00016250	139416
a00016251	139417
a00016252	139418
a00016253	139419
a00016254	139420
a00016255	139421
a00016256	139422
a00016257	139423
a00016258	139424
a00016259	139425
a00016260	139426
a00016261	139427
a00016262	139428
a00016263	139429
a00016264	139430
a00016265	139431
a00016266	139432
a00016267	139433
a00016268	139434
a00016269	139435
a00016270	139436
a00016271	139437
a00016272	139438
a00016273	139439
a00016274	139440
a00016275	139441
a00016276	139442
a00016277	139443
a00016278	139444
a00016279	139445
a00016280	139446
a00016281	139447
a00016282	139448
a00016283	139449
a00016284	139450
a00016285	139451
a00016286	139452
a00016287	139453
a00016288	139454
a00016289	139455
a00016290	139456
a00016291	139457
a00016292	139458
a00016293	139459
a00016294	139460
a00016295	139461
a00016296	139462
a00016297	139463
a00016298	139464
a00016299	139465
a00016300	139466
a00016301	139467
a00016302	139468
a00016303	139469
a00016304	139470
a00016305	139471
a00016306	139472
a00016307	139473
a00016308	139474
a00016309	139475
a00016310	139476
a00016311	139477
a00016312	139478
a00016313	139479
a00016314	139480
a00016315	139481
a00016316	139482
a00016317	139483
a00016318	139484
a00016319	139485
a00016320	139486
a00016321	139487
a00016322	139488
a00016323	139489
a00016324	139490
a00016325	139491
a00016326	139492
a00016327	139493
a00016328	139494
a00016329	139495
a00016330	139496
a00016331	139497
a00016332	139498
a00016333	139499
a00016334	139500
a00016335	139501
a00016336	139502
a00016337	139503
a00016338	139504
a00016339	139505
a00016340	139506
a00016341	139507
a00016342	139508
a00016343	139509
a00016344	139510
a00016345	139511
a00016346	139512
a00016347	139513
a00016348	139514
a00016349	139515
a00016350	139516
a00016351	139517
a00016352	139518
a00016353	139519
a00016354	139520
a00016355	139521
a00016356	139522
a00016357	139523
a00016358	139524
a00016359	139525
a00016360	139526
a00016361	139527
a00016362	139528
a00016363	139529
a00016364	139530
a00016365	139531
a00016366	139532
a00016367	139533
a00016368	139534
a00016369	139535
a00016370	139536
a00016371	139537
a00016372	139538
a00016373	139539
a00016374	139540
a00016375	139541
a00016376	139542
a00016377	139543
a00016378	139544
a00016379	139545
a00016380	139546
a00016381	139547
a00016382	139548
a00016383	139549
a00016384	139550
a00016385	139551
a00016386	139552
a00016387	139553
a00016388	139554
a00016389	139555
a00016390	139556
a00016391	139557
a00016392	139558
a00016393	139559
a00016394	139560
a00016395	139561
a00016396	139562
a00016397	139563
a00016398	139564
a00016399	139565
a00016400	139566
a00016401	139567
a00016402	139568
a00016403	139569
a00016404	139570
a00016405	139571
a00016406	139572
a00016407	139573
a00016408	139574
a00016409	139575
a00016410	139576
a00016411	139577
a00016412	139578
a00016413	139579
a00016414	139580
a00016415	139581
a00016416	139582
a00016417	139583
a00016418	139584
a00016419	139585
a00016420	139586
a00016421	139587
a00016422	139588
a00016423	139589
a00016424	139590
a00016425	139591
a00016426	139592
a00016427	139593
a00016428	139594
a00016429	139595
a00016430	139596
a00016431	139597
a00016432	139598
a00016433	139599
a00016434	139600
a00016435	139601
a00016436	139602
a00016437	139603
a00016438	139604
a00016439	139605
a00016440	139606
a00016441	139607
a00016442	139608
a00016443	139609
a00016444	139610
a00016445	139611
a00016446	139612
a00016447	139613
a00016448	139614
a00016449	139615
a00016450	139616
a00016451	139617
a00016452	139618
a00016453	139619
a00016454	139620
a00016455	139621
a00016456	139622
a00016457	139623
a00016458	139624
a00016459	139625
a00016460	139626
a00016461	139627
a00016462	139628
a00016463	139629
a00016464	139630
a00016465	139631
a00016466	139632
a00016467	139633
a00016468	139634
a00016469	139635
a00016470	139636
a00016471	139637
a00016472	139638
a00016473	139639
a00016474	139640
a00016475	139641
a00016476	139642
a00016477	139643
a00016478	139644
a00016479	139645
a00016480	139646
a00016481	139647
a00016482	139648
a00016483	139649
a00016484	139650
a00016485	139651
a00016486	139652
a00016487	139653
a00016488	139654
a00016489	139655
a00016490	139656
a00016491	139657
a00016492	139658
a00016493	139659
a00016494	139660
a00016495	139661
a00016496	139662
a00016497	139663
a00016498	139664
a00016499	139665
a00016500	139666
a00016501	139667
a00016502	139668
a00016503	139669
a00016504	139670
a00016505	139671
a00016506	139672
a00016507	139673
a00016508	139674
a00016509	139675
a00016510	139676
a00016511	139677
a00016512	139678
a00016513	139679
a00016514	139680
a00016515	139681
a00016516	139682
a00016517	139683
a00016518	139684
a00016519	139685
a00016520	139686
a00016521	139687
a00016522	139688
a00016523	139689
a00016524	139690
a00016525	139691
a00016526	139692
a00016527	139693
a00016528	139694
a00016529	139695
a00016530	139696
a00016531	139697
a00016532	139698
a00016533	139699
a00016534	139700
a00016535	139701
a00016536	139702
a00016537	139703
a00016538	139704
a00016539	139705
a00016540	139706
a00016541	139707
a00016542	139708
a00016543	139709
a00016544	139710
a00016545	139711
a00016546	139712
a00016547	139713
a00016548	139714
a00016549	139715
a00016550	139716
a00016551	139717
a00016552	139718
a00016553	139719
a00016554	139720
a00016555	139721
a00016556	139722
a00016557	139723
a00016558	139724
a00016559	139725
a00016560	139726
a00016561	139727
a00016562	139728
a00016563	139729
a00016564	139730
a00016565	139731
a00016566	139732
a00016567	139733
a00016568	139734
a00016569	139735
a00016570	139736
a00016571	139737
a00016572	139738
a00016573	139739
a00016574	139740
a00016575	139741
a00016576	139742
a00016577	139743
a00016578	139744
a00016579	139745
a00016580	139746
a00016581	139747
a00016582	139748
a00016583	139749
a00016584	139750
a00016585	139751
a00016586	139752
a00016587	139753
a00016588	139754
a00016589	139755
a00016590	139756
a00016591	139757
a00016592	139758
a00016593	139759
a00016594	139760
a00016595	139761
a00016596	139762
a00016597	139763
a00016598	139764
a00016599	139765
a00016600	139766
a00016601	139767
a00016602	139768
a00016603	139769
a00016604	139770
a00016605	139771
a00016606	139772
a00016607	139773
a00016608	139774
a00016609	139775
a00016610	139776
a00016611	139777
a00016612	139778
a00016613	139779
a00016614	139780
a00016615	139781
a00016616	139782
a00016617	139783
a00016618	139784
a00016619	139785
a00016620	139786
a00016621	139787
a00016622	139788
a00016623	139789
a00016624	139790
a00016625	139791
a00016626	139792
a00016627	139793
a00016628	139794
a00016629	139795
a00016630	139796
a00016631	139797
a00016632	139798
a00016633	139799
a00016634	139800
a00016635	139801
a00016636	139802
a00016637	139803
a00016638	139804
a00016639	139805
a00016640	139806
a00016641	139807
a00016642	139808
a00016643	139809
a00016644	139810
a00016645	139811
a00016646	139812
a00016647	139813
a00016648	139814
a00016649	139815
a00016650	139816
a00016651	139817
a00016652	139818
a00016653	139819
a00016654	139820
a00016655	139821
a00016656	139822
a00016657	139823
a00016658	139824
a00016659	139825
a00016660	139826
a00016661	139827
a00016662	139828
a00016663	139829
a00016664	139830
a00016665	139831
a00016666	139832
a00016667	139833
a00016668	139834
a00016669	139835
a00016670	139836
a00016671	139837
a00016672	139838
a00016673	139839
a00016674	139840
a00016675	139841
a00016676	139842
a00016677	139843
a00016678	139844
a00016679	139845
a00016680	139846
a00016681	139847
a00016682	139848
a00016683	139849
a00016684	139850
a00016685	139851
a00016686	139852
a00016687	139853
a00016688	139854
a00016689	139855
a00016690	139856
a00016691	139857
a00016692	139858
a00016693	139859
a00016694	139860
a00016695	139861
a00016696	139862
a00016697	139863
a00016698	139864
a00016699	139865
a00016700	139866
a00016701	139867
a00016702	139868
a00016703	139869
a00016704	139870
a00016705	139871
a00016706	139872
a00016707	139873
a00016708	139874
a00016709	139875
a00016710	139876
a00016711	139877
a00016712	139878
a00016713	139879
a00016714	139880
a00016715	139881
a00016716	139882
a00016717	139883
a00016718	139884
a00016719	139885
a00016720	139886
a00016721	139887
a00016722	139888
a00016723	139889
a00016724	139890
a00016725	139891
a00016726	139892
a00016727	139893
a00016728	139894
a00016729	139895
a00016730	139896
a00016731	139897
a00016732	139898
a00016733	139899
a00016734	139900
a00016735	139901
a00016736	139902
a00016737	139903
a00016738	139904
a00016739	139905
a00016740	139906
a00016741	139907
a00016742	139908
a00016743	139909
a00016744	139910
a00016745	139911
a00016746	139912
a00016747	139913
a00016748	139914
a00016749	139915
a00016750	139916
a00016751	139917
a00016752	139918
a00016753	139919
a00016754	139920
a00016755	139921
a00016756	139922
a00016757	139923
a00016758	139924
a00016759	139925
a00016760	139926
a00016761	139927
a00016762	139928
a00016763	139929
a00016764	139930
a00016765	139931
a00016766	139932
a00016767	139933
a00016768	139934
a00016769	139935
a00016770	139936
a00016771	139937
a00016772	139938
a00016773	139939
a00016774	139940
a00016775	139941
a00016776	139942
a00016777	139943
a00016778	139944
a00016779	139945
a00016780	139946
a00016781	139947
a00016782	139948
a00016783	139949
a00016784	139950
a00016785	139951
a00016786	139952
a00016787	139953
a00016788	139954
a00016789	139955
a00016790	139956
a00016791	139957
a00016792	139958
a00016793	139959
a00016794	139960
a00016795	139961
a00016796	139962
a00016797	139963
a00016798	139964
a00016799	139965
a00016800	139966
a00016801	139967
a00016802	139968
a00016803	139969
a00016804	139970
a00016805	139971
a00016806	139972
a00016807	139973
a00016808	139974
a00016809	139975
a00016810	139976
a00016811	139977
a00016812	139978
a00016813	139979
a00016814	139980
a00016815	139981
a00016816	139982
a00016817	139983
a00016818	139984
a00016819	139985
a00016820	139986
a00016821	139987
a00016822	139988
a00016823	139989
a00016824	139990
a00016825	139991
a00016826	139992
a00016827	139993
a00016828	139994
a00016829	139995
a00016830	139996
a00016831	139997
a00016832	139998
a00016833	139999
a00016834	140000
a00016835	140001
a00016836	140002
a00016837	140003
a00016838	140004
a00016839	140005
a00016840	140006
a00016841	140007
a00016842	140008
a00016843	140009
a00016844	140010
a00016845	140011
a00016846	140012
a00016847	140013
a00016848	140014
a00016849	140015
a00016850	140016
a00016851	140017
a00016852	140018
a00016853	140019
a00016854	140020
a00016855	140021
a00016856	140022
a00016857	140023
a00016858	140024
a00016859	140025
a00016860	140026
a00016861	140027
a00016862	140028
a00016863	140029
a00016864	140030
a00016865	140031
a00016866	140032
a00016867	140033
a00016868	140034
a00016869	140035
a00016870	140036
a00016871	140037
a00016872	140038
a00016873	140039
a00016874	140040
a00016875	140041
a00016876	140042
a00016877	140043
a00016878	140044
a00016879	140045
a00016880	140046
a00016881	140047
a00016882	140048
a00016883	140049
a00016884	140050
a00016885	140051
a00016886	140052
a00016887	140053
a00016888	140054
a00016889	140055
a00016890	140056
a00016891	140057
a00016892	140058
a00016893	140059
a00016894	140060
a00016895	140061
a00016896	140062
a00016897	140063
a00016898	140064
a00016899	140065
a00016900	140066
a00016901	140067
a00016902	140068
a00016903	140069
a00016904	140070
a00016905	140071
a00016906	140072
a00016907	140073
a00016908	140074
a00016909	140075
a00016910	140076
a00016911	140077
a00016912	140078
a00016913	140079
a00016914	140080
a00016915	140081
a00016916	140082
a00016917	140083
a00016918	140084
a00016919	140085
a00016920	140086
a00016921	140087
a00016922	140088
a00016923	140089
a00016924	140090
a00016925	140091
a00016926	140092
a00016927	140093
a00016928	140094
a00016929	140095
a00016930	140096
a00016931	140097
a00016932	140098
a00016933	140099
a00016934	140100
a00016935	140101
a00016936	140102
a00016937	140103
a00016938	140104
a00016939	140105
a00016940	140106
a00016941	140107
a00016942	140108
a00016943	140109
a00016944	140110
a00016945	140111
a00016946	140112
a00016947	140113
a00016948	140114
a00016949	140115
a00016950	140116
a00016951	140117
a00016952	140118
a00016953	140119
a00016954	140120
a00016955	140121
a00016956	140122
a00016957	140123
a00016958	140124
a00016959	140125
a00016960	140126
a00016961	140127
a00016962	140128
a00016963	140129
a00016964	140130
a00016965	140131
a00016966	140132
a00016967	140133
a00016968	140134
a00016969	140135
a00016970	140136
a00016971	140137
a00016972	140138
a00016973	140139
a00016974	140140
a00016975	140141
a00016976	140142
a00016977	140143
a00016978	140144
a00016979	140145
a00016980	140146
a00016981	140147
a00016982	140148
a00016983	140149
a00016984	140150
a00016985	140151
a00016986	140152
a00016987	140153
a00016988	140154
a00016989	140155
a00016990	140156
a00016991	140157
a00016992	140158
a00016993	140159
a00016994	140160
a00016995	140161
a00016996	140162
a00016997	140163
a00016998	140164
a00016999	140165
a00017000	140166
a00017001	140167
a00017002	140168
a00017003	140169
a00017004	140170
a00017005	140171
a00017006	140172
a00017007	140173
a00017008	140174
a00017009	140175
a00017010	140176
a00017011	140177
a00017012	140178
a00017013	140179
a00017014	140180
a00017015	140181
a00017016	140182
a00017017	140183
a00017018	140184
a00017019	140185
a00017020	140186
a00017021	140187
a00017022	140188
a00017023	140189
a00017024	140190
a00017025	140191
a00017026	140192
a00017027	140193
a00017028	140194
a00017029	140195
a00017030	140196
a00017031	140197
a00017032	140198
a00017033	140199
a00017034	140200
a00017035	140201
a00017036	140202
a00017037	140203
a00017038	140204
a00017039	140205
a00017040	140206
a00017041	140207
a00017042	140208
a00017043	140209
a00017044	140210
a00017045	140211
a00017046	140212
a00017047	140213
a00017048	140214
a00017049	140215
a00017050	140216
a00017051	140217
a00017052	140218
a00017053	140219
a00017054	140220
a00017055	140221
a00017056	140222
a00017057	140223
a00017058	140224
a00017059	140225
a00017060	140226
a00017061	140227
a00017062	140228
a00017063	140229
a00017064	140230
a00017065	140231
a00017066	140232
a00017067	140233
a00017068	140234
a00017069	140235
a00017070	140236
a00017071	140237
a00017072	140238
a00017073	140239
a00017074	140240
a00017075	140241
a00017076	140242
a00017077	140243
a00017078	140244
a00017079	140245
a00017080	140246
a00017081	140247
a00017082	140248
a00017083	140249
a00017084	140250
a00017085	140251
a00017086	140252
a00017087	140253
a00017088	140254
a00017089	140255
a00017090	140256
a00017091	140257
a00017092	140258
a00017093	140259
a00017094	140260
a00017095	140261
a00017096	140262
a00017097	140263
a00017098	140264
a00017099	140265
a00017100	140266
a00017101	140267
a00017102	140268
a00017103	140269
a00017104	140270
a00017105	140271
a00017106	140272
a00017107	140273
a00017108	140274
a00017109	140275
a00017110	140276
a00017111	140277
a00017112	140278
a00017113	140279
a00017114	140280
a00017115	140281
a00017116	140282
a00017117	140283
a00017118	140284
a00017119	140285
a00017120	140286
a00017121	140287
a00017122	140288
a00017123	140289
a00017124	140290
a00017125	140291
a00017126	140292
a00017127	140293
a00017128	140294
a00017129	140295
a00017130	140296
a00017131	140297
a00017132	140298
a00017133	140299
a00017134	140300
a00017135	140301
a00017136	140302
a00017137	140303
a00017138	140304
a00017139	140305
a00017140	140306
a00017141	140307
a00017142	140308
a00017143	140309
a00017144	140310
a00017145	140311
a00017146	140312
a00017147	140313
a00017148	140314
a00017149	140315
a00017150	140316
a00017151	140317
a00017152	140318
a00017153	140319
a00017154	140320
a00017155	140321
a00017156	140322
a00017157	140323
a00017158	140324
a00017159	140325
a00017160	140326
a00017161	140327
a00017162	140328
a00017163	140329
a00017164	140330
a00017165	140331
a00017166	140332
a00017167	140333
a00017168	140334
a00017169	140335
a00017170	140336
a00017171	140337
a00017172	140338
a00017173	140339
a00017174	140340
a00017175	140341
a00017176	140342
a00017177	140343
a00017178	140344
a00017179	140345
a00017180	140346
a00017181	140347
a00017182	140348
a00017183	140349
a00017184	140350
a00017185	140351
a00017186	140352
a00017187	140353
a00017188	140354
a00017189	140355
a00017190	140356
a00017191	140357
a00017192	140358
a00017193	140359
a00017194	140360
a00017195	140361
a00017196	140362
a00017197	140363
a00017198	140364
a00017199	140365
a00017200	140366
a00017201	140367
a00017202	140368
a00017203	140369
a00017204	140370
a00017205	140371
a00017206	140372
a00017207	140373
a00017208	140374
a00017209	140375
a00017210	140376
a00017211	140377
a00017212	140378
a00017213	140379
a00017214	140380
a00017215	140381
a00017216	140382
a00017217	140383
a00017218	140384
a00017219	140385
a00017220	140386
a00017221	140387
a00017222	140388
a00017223	140389
a00017224	140390
a00017225	140391
a00017226	140392
a00017227	140393
a00017228	140394
a00017229	140395
a00017230	140396
a00017231	140397
a00017232	140398
a00017233	140399
a00017234	140400
a00017235	140401
a00017236	140402
a00017237	140403
a00017238	140404
a00017239	140405
a00017240	140406
a00017241	140407
a00017242	140408
a00017243	140409
a00017244	140410
a00017245	140411
a00017246	140412
a00017247	140413
a00017248	140414
a00017249	140415
a00017250	140416
a00017251	140417
a00017252	140418
a00017253	140419
a00017254	140420
a00017255	140421
a00017256	140422
a00017257	140423
a00017258	140424
a00017259	140425
a00017260	140426
a00017261	140427
a00017262	140428
a00017263	140429
a00017264	140430
a00017265	140431
a00017266	140432
a00017267	140433
a00017268	140434
a00017269	140435
a00017270	140436
a00017271	140437
a00017272	140438
a00017273	140439
a00017274	140440
a00017275	140441
a00017276	140442
a00017277	140443
a00017278	140444
a00017279	140445
a00017280	140446
a00017281	140447
a00017282	140448
a00017283	140449
a00017284	140450
a00017285	140451
a00017286	140452
a00017287	140453
a00017288	140454
a00017289	140455
a00017290	140456
a00017291	140457
a00017292	140458
a00017293	140459
a00017294	140460
a00017295	140461
a00017296	140462
a00017297	140463
a00017298	140464
a00017299	140465
a00017300	140466
a00017301	140467
a00017302	140468
a00017303	140469
a00017304	140470
a00017305	140471
a00017306	140472
a00017307	140473
a00017308	140474
a00017309	140475
a00017310	140476
a00017311	140477
a00017312	140478
a00017313	140479
a00017314	140480
a00017315	140481
a00017316	140482
a00017317	140483
a00017318	140484
a00017319	140485
a00017320	140486
a00017321	140487
a00017322	140488
a00017323	140489
a00017324	140490
a00017325	140491
a00017326	140492
a00017327	140493
a00017328	140494
a00017329	140495
a00017330	140496
a00017331	140497
a00017332	140498
a00017333	140499
a00017334	140500
a00017335	140501
a00017336	140502
a00017337	140503
a00017338	140504
a00017339	140505
a00017340	140506
a00017341	140507
a00017342	140508
a00017343	140509
a00017344	140510
a00017345	140511
a00017346	140512
a00017347	140513
a00017348	140514
a00017349	140515
a00017350	140516
a00017351	140517
a00017352	140518
a00017353	140519
a00017354	140520
a00017355	140521
a00017356	140522
a00017357	140523
a00017358	140524
a00017359	140525
a00017360	140526
a00017361	140527
a00017362	140528
a00017363	140529
a00017364	140530
a00017365	140531
a00017366	140532
a00017367	140533
a00017368	140534
a00017369	140535
a00017370	140536
a00017371	140537
a00017372	140538
a00017373	140539
a00017374	140540
a00017375	140541
a00017376	140542
a00017377	140543
a00017378	140544
a00017379	140545
a00017380	140546
a00017381	140547
a00017382	140548
a00017383	140549
a00017384	140550
a00017385	140551
a00017386	140552
a00017387	140553
a00017388	140554
a00017389	140555
a00017390	140556
a00017391	140557
a00017392	140558
a00017393	140559
a00017394	140560
a00017395	140561
a00017396	140562
a00017397	140563
a00017398	140564
a00017399	140565
a00017400	140566
a00017401	140567
a00017402	140568
a00017403	140569
a00017404	140570
a00017405	140571
a00017406	140572
a00017407	140573
a00017408	140574
a00017409	140575
a00017410	140576
a00017411	140577
a00017412	140578
a00017413	140579
a00017414	140580
a00017415	140581
a00017416	140582
a00017417	140583
a00017418	140584
a00017419	140585
a00017420	140586
a00017421	140587
a00017422	140588
a00017423	140589
a00017424	140590
a00017425	140591
a00017426	140592
a00017427	140593
a00017428	140594
a00017429	140595
a00017430	140596
a00017431	140597
a00017432	140598
a00017433	140599
a00017434	140600
a00017435	140601
a00017436	140602
a00017437	140603
a00017438	140604
a00017439	140605
a00017440	140606
a00017441	140607
a00017442	140608
a00017443	140609
a00017444	140610
a00017445	140611
a00017446	140612
a00017447	140613
a00017448	140614
a00017449	140615
a00017450	140616
a00017451	140617
a00017452	140618
a00017453	140619
a00017454	140620
a00017455	140621
a00017456	140622
a00017457	140623
a00017458	140624
a00017459	140625
a00017460	140626
a00017461	140627
a00017462	140628
a00017463	140629
a00017464	140630
a00017465	140631
a00017466	140632
a00017467	140633
a00017468	140634
a00017469	140635
a00017470	140636
a00017471	140637
a00017472	140638
a00017473	140639
a00017474	140640
a00017475	140641
a00017476	140642
a00017477	140643
a00017478	140644
a00017479	140645
a00017480	140646
a00017481	140647
a00017482	140648
a00017483	140649
a00017484	140650
a00017485	140651
a00017486	140652
a00017487	140653
a00017488	140654
a00017489	140655
a00017490	140656
a00017491	140657
a00017492	140658
a00017493	140659
a00017494	140660
a00017495	140661
a00017496	140662
a00017497	140663
a00017498	140664
a00017499	140665
a00017500	140666
a00017501	140667
a00017502	140668
a00017503	140669
a00017504	140670
a00017505	140671
a00017506	140672
a00017507	140673
a00017508	140674
a00017509	140675
a00017510	140676
a00017511	140677
a00017512	140678
a00017513	140679
a00017514	140680
a00017515	140681
a00017516	140682
a00017517	140683
a00017518	140684
a00017519	140685
a00017520	140686
a00017521	140687
a00017522	140688
a00017523	140689
a00017524	140690
a00017525	140691
a00017526	140692
a00017527	140693
a00017528	140694
a00017529	140695
a00017530	140696
a00017531	140697
a00017532	140698
a00017533	140699
a00017534	140700
a00017535	140701
a00017536	140702
a00017537	140703
a00017538	140704
a00017539	140705
a00017540	140706
a00017541	140707
a00017542	140708
a00017543	140709
a00017544	140710
a00017545	140711
a00017546	140712
a00017547	140713
a00017548	140714
a00017549	140715
a00017550	140716
a00017551	140717
a00017552	140718
a00017553	140719
a00017554	140720
a00017555	140721
a00017556	140722
a00017557	140723
a00017558	140724
a00017559	140725
a00017560	140726
a00017561	140727
a00017562	140728
a00017563	140729
a00017564	140730
a00017565	140731
a00017566	140732
a00017567	140733
a00017568	140734
a00017569	140735
a00017570	140736
a00017571	140737
a00017572	140738
a00017573	140739
a00017574	140740
a00017575	140741
a00017576	140742
a00017577	140743
a00017578	140744
a00017579	140745
a00017580	140746
a00017581	140747
a00017582	140748
a00017583	140749
a00017584	140750
a00017585	140751
a00017586	140752
a00017587	140753
a00017588	140754
a00017589	140755
a00017590	140756
a00017591	140757
a00017592	140758
a00017593	140759
a00017594	140760
a00017595	140761
a00017596	140762
a00017597	140763
a00017598	140764
a00017599	140765
a00017600	140766
a00017601	140767
a00017602	140768
a00017603	140769
a00017604	140770
a00017605	140771
a00017606	140772
a00017607	140773
a00017608	140774
a00017609	140775
a00017610	140776
a00017611	140777
a00017612	140778
a00017613	140779
a00017614	140780
a00017615	140781
a00017616	140782
a00017617	140783
a00017618	140784
a00017619	140785
a00017620	140786
a00017621	140787
a00017622	140788
a00017623	140789
a00017624	140790
a00017625	140791
a00017626	140792
a00017627	140793
a00017628	140794
a00017629	140795
a00017630	140796
a00017631	140797
a00017632	140798
a00017633	140799
a00017634	140800
a00017635	140801
a00017636	140802
a00017637	140803
a00017638	140804
a00017639	140805
a00017640	140806
a00017641	140807
a00017642	140808
a00017643	140809
a00017644	140810
a00017645	140811
a00017646	140812
a00017647	140813
a00017648	140814
a00017649	140815
a00017650	140816
a00017651	140817
a00017652	140818
a00017653	140819
a00017654	140820
a00017655	140821
a00017656	140822
a00017657	140823
a00017658	140824
a00017659	140825
a00017660	140826
a00017661	140827
a00017662	140828
a00017663	140829
a00017664	140830
a00017665	140831
a00017666	140832
a00017667	140833
a00017668	140834
a00017669	140835
a00017670	140836
a00017671	140837
a00017672	140838
a00017673	140839
a00017674	140840
a00017675	140841
a00017676	140842
a00017677	140843
a00017678	140844
a00017679	140845
a00017680	140846
a00017681	140847
a00017682	140848
a00017683	140849
a00017684	140850
a00017685	140851
a00017686	140852
a00017687	140853
a00017688	140854
a00017689	140855
a00017690	140856
a00017691	140857
a00017692	140858
a00017693	140859
a00017694	140860
a00017695	140861
a00017696	140862
a00017697	140863
a00017698	140864
a00017699	140865
a00017700	140866
a00017701	140867
a00017702	140868
a00017703	140869
a00017704	140870
a00017705	140871
a00017706	140872
a00017707	140873
a00017708	140874
a00017709	140875
a00017710	140876
a00017711	140877
a00017712	140878
a00017713	140879
a00017714	140880
a00017715	140881
a00017716	140882
a00017717	140883
a00017718	140884
a00017719	140885
a00017720	140886
a00017721	140887
a00017722	140888
a00017723	140889
a00017724	140890
a00017725	140891
a00017726	140892
a00017727	140893
a00017728	140894
a00017729	140895
a00017730	140896
a00017731	140897
a00017732	140898
a00017733	140899
a00017734	140900
a00017735	140901
a00017736	140902
a00017737	140903
a00017738	140904
a00017739	140905
a00017740	140906
a00017741	140907
a00017742	140908
a00017743	140909
a00017744	140910
a00017745	140911
a00017746	140912
a00017747	140913
a00017748	140914
a00017749	140915
a00017750	140916
a00000001	140917
a00000002	140918
a00000003	140919
a00000004	140920
a00000005	140921
a00000006	140922
a00000007	140923
a00000008	140924
a00000009	140925
a00000010	140926
a00000011	140927
a00000012	140928
a00000013	140929
a00000014	140930
a00000015	140931
a00000016	140932
a00000017	140933
a00000018	140934
a00000019	140935
a00000020	140936
a00000021	140937
a00000022	140938
a00000023	140939
a00000024	140940
a00000025	140941
a00000026	140942
a00000027	140943
a00000028	140944
a00000029	140945
a00000030	140946
a00000031	140947
a00000032	140948
a00000033	140949
a00000034	140950
a00000035	140951
a00000036	140952
a00000037	140953
a00000038	140954
a00000039	140955
a00000040	140956
a00000041	140957
a00000042	140958
a00000043	140959
a00000044	140960
a00000045	140961
a00000046	140962
a00000047	140963
a00000048	140964
a00000049	140965
a00000050	140966
a00000051	140967
a00000052	140968
a00000053	140969
a00000054	140970
a00000055	140971
a00000056	140972
a00000057	140973
a00000058	140974
a00000059	140975
a00000060	140976
a00000061	140977
a00000062	140978
a00000063	140979
a00000064	140980
a00000065	140981
a00000066	140982
a00000067	140983
a00000068	140984
a00000069	140985
a00000070	140986
a00000071	140987
a00000072	140988
a00000073	140989
a00000074	140990
a00000075	140991
a00000076	140992
a00000077	140993
a00000078	140994
a00000079	140995
a00000080	140996
a00000081	140997
a00000082	140998
a00000083	140999
a00000084	141000
a00000085	141001
a00000086	141002
a00000087	141003
a00000088	141004
a00000089	141005
a00000090	141006
a00000091	141007
a00000092	141008
a00000093	141009
a00000094	141010
a00000095	141011
a00000096	141012
a00000097	141013
a00000098	141014
a00000099	141015
a00000100	141016
a00000101	141017
a00000102	141018
a00000103	141019
a00000104	141020
a00000105	141021
a00000106	141022
a00000107	141023
a00000108	141024
a00000109	141025
a00000110	141026
a00000111	141027
a00000112	141028
a00000113	141029
a00000114	141030
a00000115	141031
a00000116	141032
a00000117	141033
a00000118	141034
a00000119	141035
a00000120	141036
a00000121	141037
a00000122	141038
a00000123	141039
a00000124	141040
a00000125	141041
a00000126	141042
a00000127	141043
a00000128	141044
a00000129	141045
a00000130	141046
a00000131	141047
a00000132	141048
a00000133	141049
a00000134	141050
a00000135	141051
a00000136	141052
a00000137	141053
a00000138	141054
a00000139	141055
a00000140	141056
a00000141	141057
a00000142	141058
a00000143	141059
a00000144	141060
a00000145	141061
a00000146	141062
a00000147	141063
a00000148	141064
a00000149	141065
a00000150	141066
a00000151	141067
a00000152	141068
a00000153	141069
a00000154	141070
a00000155	141071
a00000156	141072
a00000157	141073
a00000158	141074
a00000159	141075
a00000160	141076
a00000161	141077
a00000162	141078
a00000163	141079
a00000164	141080
a00000165	141081
a00000166	141082
a00000167	141083
a00000168	141084
a00000169	141085
a00000170	141086
a00000171	141087
a00000172	141088
a00000173	141089
a00000174	141090
a00000175	141091
a00000176	141092
a00000177	141093
a00000178	141094
a00000179	141095
a00000180	141096
a00000181	141097
a00000182	141098
a00000183	141099
a00000184	141100
a00000185	141101
a00000186	141102
a00000187	141103
a00000188	141104
a00000189	141105
a00000190	141106
a00000191	141107
a00000192	141108
a00000193	141109
a00000194	141110
a00000195	141111
a00000196	141112
a00000197	141113
a00000198	141114
a00000199	141115
a00000200	141116
a00000201	141117
a00000202	141118
a00000203	141119
a00000204	141120
a00000205	141121
a00000206	141122
a00000207	141123
a00000208	141124
a00000209	141125
a00000210	141126
a00000211	141127
a00000212	141128
a00000213	141129
a00000214	141130
a00000215	141131
a00000216	141132
a00000217	141133
a00000218	141134
a00000219	141135
a00000220	141136
a00000221	141137
a00000222	141138
a00000223	141139
a00000224	141140
a00000225	141141
a00000226	141142
a00000227	141143
a00000228	141144
a00000229	141145
a00000230	141146
a00000231	141147
a00000232	141148
a00000233	141149
a00000234	141150
a00000235	141151
a00000236	141152
a00000237	141153
a00000238	141154
a00000239	141155
a00000240	141156
a00000241	141157
a00000242	141158
a00000243	141159
a00000244	141160
a00000245	141161
a00000246	141162
a00000247	141163
a00000248	141164
a00000249	141165
a00000250	141166
a00000251	141167
a00000252	141168
a00000253	141169
a00000254	141170
a00000255	141171
a00000256	141172
a00000257	141173
a00000258	141174
a00000259	141175
a00000260	141176
a00000261	141177
a00000262	141178
a00000263	141179
a00000264	141180
a00000265	141181
a00000266	141182
a00000267	141183
a00000268	141184
a00000269	141185
a00000270	141186
a00000271	141187
a00000272	141188
a00000273	141189
a00000274	141190
a00000275	141191
a00000276	141192
a00000277	141193
a00000278	141194
a00000279	141195
a00000280	141196
a00000281	141197
a00000282	141198
a00000283	141199
a00000284	141200
a00000285	141201
a00000286	141202
a00000287	141203
a00000288	141204
a00000289	141205
a00000290	141206
a00000291	141207
a00000292	141208
a00000293	141209
a00000294	141210
a00000295	141211
a00000296	141212
a00000297	141213
a00000298	141214
a00000299	141215
a00000300	141216
a00000301	141217
a00000302	141218
a00000303	141219
a00000304	141220
a00000305	141221
a00000306	141222
a00000307	141223
a00000308	141224
a00000309	141225
a00000310	141226
a00000311	141227
a00000312	141228
a00000313	141229
a00000314	141230
a00000315	141231
a00000316	141232
a00000317	141233
a00000318	141234
a00000319	141235
a00000320	141236
a00000321	141237
a00000322	141238
a00000323	141239
a00000324	141240
a00000325	141241
a00000326	141242
a00000327	141243
a00000328	141244
a00000329	141245
a00000330	141246
a00000331	141247
a00000332	141248
a00000333	141249
a00000334	141250
a00000335	141251
a00000336	141252
a00000337	141253
a00000338	141254
a00000339	141255
a00000340	141256
a00000341	141257
a00000342	141258
a00000343	141259
a00000344	141260
a00000345	141261
a00000346	141262
a00000347	141263
a00000348	141264
a00000349	141265
a00000350	141266
a00000351	141267
a00000352	141268
a00000353	141269
a00000354	141270
a00000355	141271
a00000356	141272
a00000357	141273
a00000358	141274
a00000359	141275
a00000360	141276
a00000361	141277
a00000362	141278
a00000363	141279
a00000364	141280
a00000365	141281
a00000366	141282
a00000367	141283
a00000368	141284
a00000369	141285
a00000370	141286
a00000371	141287
a00000372	141288
a00000373	141289
a00000374	141290
a00000375	141291
a00000376	141292
a00000377	141293
a00000378	141294
a00000379	141295
a00000380	141296
a00000381	141297
a00000382	141298
a00000383	141299
a00000384	141300
a00000385	141301
a00000386	141302
a00000387	141303
a00000388	141304
a00000389	141305
a00000390	141306
a00000391	141307
a00000392	141308
a00000393	141309
a00000394	141310
a00000395	141311
a00000396	141312
a00000397	141313
a00000398	141314
a00000399	141315
a00000400	141316
a00000401	141317
a00000402	141318
a00000403	141319
a00000404	141320
a00000405	141321
a00000406	141322
a00000407	141323
a00000408	141324
a00000409	141325
a00000410	141326
a00000411	141327
a00000412	141328
a00000413	141329
a00000414	141330
a00000415	141331
a00000416	141332
a00000417	141333
a00000418	141334
a00000419	141335
a00000420	141336
a00000421	141337
a00000422	141338
a00000423	141339
a00000424	141340
a00000425	141341
a00000426	141342
a00000427	141343
a00000428	141344
a00000429	141345
a00000430	141346
a00000431	141347
a00000432	141348
a00000433	141349
a00000434	141350
a00000435	141351
a00000436	141352
a00000437	141353
a00000438	141354
a00000439	141355
a00000440	141356
a00000441	141357
a00000442	141358
a00000443	141359
a00000444	141360
a00000445	141361
a00000446	141362
a00000447	141363
a00000448	141364
a00000449	141365
a00000450	141366
a00000451	141367
a00000452	141368
a00000453	141369
a00000454	141370
a00000455	141371
a00000456	141372
a00000457	141373
a00000458	141374
a00000459	141375
a00000460	141376
a00000461	141377
a00000462	141378
a00000463	141379
a00000464	141380
a00000465	141381
a00000466	141382
a00000467	141383
a00000468	141384
a00000469	141385
a00000470	141386
a00000471	141387
a00000472	141388
a00000473	141389
a00000474	141390
a00000475	141391
a00000476	141392
a00000477	141393
a00000478	141394
a00000479	141395
a00000480	141396
a00000481	141397
a00000482	141398
a00000483	141399
a00000484	141400
a00000485	141401
a00000486	141402
a00000487	141403
a00000488	141404
a00000489	141405
a00000490	141406
a00000491	141407
a00000492	141408
a00000493	141409
a00000494	141410
a00000495	141411
a00000496	141412
a00000497	141413
a00000498	141414
a00000499	141415
a00000500	141416
a00000501	141417
a00000502	141418
a00000503	141419
a00000504	141420
a00000505	141421
a00000506	141422
a00000507	141423
a00000508	141424
a00000509	141425
a00000510	141426
a00000511	141427
a00000512	141428
a00000513	141429
a00000514	141430
a00000515	141431
a00000516	141432
a00000517	141433
a00000518	141434
a00000519	141435
a00000520	141436
a00000521	141437
a00000522	141438
a00000523	141439
a00000524	141440
a00000525	141441
a00000526	141442
a00000527	141443
a00000528	141444
a00000529	141445
a00000530	141446
a00000531	141447
a00000532	141448
a00000533	141449
a00000534	141450
a00000535	141451
a00000536	141452
a00000537	141453
a00000538	141454
a00000539	141455
a00000540	141456
a00000541	141457
a00000542	141458
a00000543	141459
a00000544	141460
a00000545	141461
a00000546	141462
a00000547	141463
a00000548	141464
a00000549	141465
a00000550	141466
a00000551	141467
a00000552	141468
a00000553	141469
a00000554	141470
a00000555	141471
a00000556	141472
a00000557	141473
a00000558	141474
a00000559	141475
a00000560	141476
a00000561	141477
a00000562	141478
a00000563	141479
a00000564	141480
a00000565	141481
a00000566	141482
a00000567	141483
a00000568	141484
a00000569	141485
a00000570	141486
a00000571	141487
a00000572	141488
a00000573	141489
a00000574	141490
a00000575	141491
a00000576	141492
a00000577	141493
a00000578	141494
a00000579	141495
a00000580	141496
a00000581	141497
a00000582	141498
a00000583	141499
a00000584	141500
a00000585	141501
a00000586	141502
a00000587	141503
a00000588	141504
a00000589	141505
a00000590	141506
a00000591	141507
a00000592	141508
a00000593	141509
a00000594	141510
a00000595	141511
a00000596	141512
a00000597	141513
a00000598	141514
a00000599	141515
a00000600	141516
a00000601	141517
a00000602	141518
a00000603	141519
a00000604	141520
a00000605	141521
a00000606	141522
a00000607	141523
a00000608	141524
a00000609	141525
a00000610	141526
a00000611	141527
a00000612	141528
a00000613	141529
a00000614	141530
a00000615	141531
a00000616	141532
a00000617	141533
a00000618	141534
a00000619	141535
a00000620	141536
a00000621	141537
a00000622	141538
a00000623	141539
a00000624	141540
a00000625	141541
a00000626	141542
a00000627	141543
a00000628	141544
a00000629	141545
a00000630	141546
a00000631	141547
a00000632	141548
a00000633	141549
a00000634	141550
a00000635	141551
a00000636	141552
a00000637	141553
a00000638	141554
a00000639	141555
a00000640	141556
a00000641	141557
a00000642	141558
a00000643	141559
a00000644	141560
a00000645	141561
a00000646	141562
a00000647	141563
a00000648	141564
a00000649	141565
a00000650	141566
a00000651	141567
a00000652	141568
a00000653	141569
a00000654	141570
a00000655	141571
a00000656	141572
a00000657	141573
a00000658	141574
a00000659	141575
a00000660	141576
a00000661	141577
a00000662	141578
a00000663	141579
a00000664	141580
a00000665	141581
a00000666	141582
a00000667	141583
a00000668	141584
a00000669	141585
a00000670	141586
a00000671	141587
a00000672	141588
a00000673	141589
a00000674	141590
a00000675	141591
a00000676	141592
a00000677	141593
a00000678	141594
a00000679	141595
a00000680	141596
a00000681	141597
a00000682	141598
a00000683	141599
a00000684	141600
a00000685	141601
a00000686	141602
a00000687	141603
a00000688	141604
a00000689	141605
a00000690	141606
a00000691	141607
a00000692	141608
a00000693	141609
a00000694	141610
a00000695	141611
a00000696	141612
a00000697	141613
a00000698	141614
a00000699	141615
a00000700	141616
a00000701	141617
a00000702	141618
a00000703	141619
a00000704	141620
a00000705	141621
a00000706	141622
a00000707	141623
a00000708	141624
a00000709	141625
a00000710	141626
a00000711	141627
a00000712	141628
a00000713	141629
a00000714	141630
a00000715	141631
a00000716	141632
a00000717	141633
a00000718	141634
a00000719	141635
a00000720	141636
a00000721	141637
a00000722	141638
a00000723	141639
a00000724	141640
a00000725	141641
a00000726	141642
a00000727	141643
a00000728	141644
a00000729	141645
a00000730	141646
a00000731	141647
a00000732	141648
a00000733	141649
a00000734	141650
a00000735	141651
a00000736	141652
a00000737	141653
a00000738	141654
a00000739	141655
a00000740	141656
a00000741	141657
a00000742	141658
a00000743	141659
a00000744	141660
a00000745	141661
a00000746	141662
a00000747	141663
a00000748	141664
a00000749	141665
a00000750	141666
a00000751	141667
a00000752	141668
a00000753	141669
a00000754	141670
a00000755	141671
a00000756	141672
a00000757	141673
a00000758	141674
a00000759	141675
a00000760	141676
a00000761	141677
a00000762	141678
a00000763	141679
a00000764	141680
a00000765	141681
a00000766	141682
a00000767	141683
a00000768	141684
a00000769	141685
a00000770	141686
a00000771	141687
a00000772	141688
a00000773	141689
a00000774	141690
a00000775	141691
a00000776	141692
a00000777	141693
a00000778	141694
a00000779	141695
a00000780	141696
a00000781	141697
a00000782	141698
a00000783	141699
a00000784	141700
a00000785	141701
a00000786	141702
a00000787	141703
a00000788	141704
a00000789	141705
a00000790	141706
a00000791	141707
a00000792	141708
a00000793	141709
a00000794	141710
a00000795	141711
a00000796	141712
a00000797	141713
a00000798	141714
a00000799	141715
a00000800	141716
a00000801	141717
a00000802	141718
a00000803	141719
a00000804	141720
a00000805	141721
a00000806	141722
a00000807	141723
a00000808	141724
a00000809	141725
a00000810	141726
a00000811	141727
a00000812	141728
a00000813	141729
a00000814	141730
a00000815	141731
a00000816	141732
a00000817	141733
a00000818	141734
a00000819	141735
a00000820	141736
a00000821	141737
a00000822	141738
a00000823	141739
a00000824	141740
a00000825	141741
a00000826	141742
a00000827	141743
a00000828	141744
a00000829	141745
a00000830	141746
a00000831	141747
a00000832	141748
a00000833	141749
a00000834	141750
a00000835	141751
a00000836	141752
a00000837	141753
a00000838	141754
a00000839	141755
a00000840	141756
a00000841	141757
a00000842	141758
a00000843	141759
a00000844	141760
a00000845	141761
a00000846	141762
a00000847	141763
a00000848	141764
a00000849	141765
a00000850	141766
a00000851	141767
a00000852	141768
a00000853	141769
a00000854	141770
a00000855	141771
a00000856	141772
a00000857	141773
a00000858	141774
a00000859	141775
a00000860	141776
a00000861	141777
a00000862	141778
a00000863	141779
a00000864	141780
a00000865	141781
a00000866	141782
a00000867	141783
a00000868	141784
a00000869	141785
a00000870	141786
a00000871	141787
a00000872	141788
a00000873	141789
a00000874	141790
a00000875	141791
a00000876	141792
a00000877	141793
a00000878	141794
a00000879	141795
a00000880	141796
a00000881	141797
a00000882	141798
a00000883	141799
a00000884	141800
a00000885	141801
a00000886	141802
a00000887	141803
a00000888	141804
a00000889	141805
a00000890	141806
a00000891	141807
a00000892	141808
a00000893	141809
a00000894	141810
a00000895	141811
a00000896	141812
a00000897	141813
a00000898	141814
a00000899	141815
a00000900	141816
a00000901	141817
a00000902	141818
a00000903	141819
a00000904	141820
a00000905	141821
a00000906	141822
a00000907	141823
a00000908	141824
a00000909	141825
a00000910	141826
a00000911	141827
a00000912	141828
a00000913	141829
a00000914	141830
a00000915	141831
a00000916	141832
a00000917	141833
a00000918	141834
a00000919	141835
a00000920	141836
a00000921	141837
a00000922	141838
a00000923	141839
a00000924	141840
a00000925	141841
a00000926	141842
a00000927	141843
a00000928	141844
a00000929	141845
a00000930	141846
a00000931	141847
a00000932	141848
a00000933	141849
a00000934	141850
a00000935	141851
a00000936	141852
a00000937	141853
a00000938	141854
a00000939	141855
a00000940	141856
a00000941	141857
a00000942	141858
a00000943	141859
a00000944	141860
a00000945	141861
a00000946	141862
a00000947	141863
a00000948	141864
a00000949	141865
a00000950	141866
a00000951	141867
a00000952	141868
a00000953	141869
a00000954	141870
a00000955	141871
a00000956	141872
a00000957	141873
a00000958	141874
a00000959	141875
a00000960	141876
a00000961	141877
a00000962	141878
a00000963	141879
a00000964	141880
a00000965	141881
a00000966	141882
a00000967	141883
a00000968	141884
a00000969	141885
a00000970	141886
a00000971	141887
a00000972	141888
a00000973	141889
a00000974	141890
a00000975	141891
a00000976	141892
a00000977	141893
a00000978	141894
a00000979	141895
a00000980	141896
a00000981	141897
a00000982	141898
a00000983	141899
a00000984	141900
a00000985	141901
a00000986	141902
a00000987	141903
a00000988	141904
a00000989	141905
a00000990	141906
a00000991	141907
a00000992	141908
a00000993	141909
a00000994	141910
a00000995	141911
a00000996	141912
a00000997	141913
a00000998	141914
a00000999	141915
a00001000	141916
a00001001	141917
a00001002	141918
a00001003	141919
a00001004	141920
a00001005	141921
a00001006	141922
a00001007	141923
a00001008	141924
a00001009	141925
a00001010	141926
a00001011	141927
a00001012	141928
a00001013	141929
a00001014	141930
a00001015	141931
a00001016	141932
a00001017	141933
a00001018	141934
a00001019	141935
a00001020	141936
a00001021	141937
a00001022	141938
a00001023	141939
a00001024	141940
a00001025	141941
a00001026	141942
a00001027	141943
a00001028	141944
a00001029	141945
a00001030	141946
a00001031	141947
a00001032	141948
a00001033	141949
a00001034	141950
a00001035	141951
a00001036	141952
a00001037	141953
a00001038	141954
a00001039	141955
a00001040	141956
a00001041	141957
a00001042	141958
a00001043	141959
a00001044	141960
a00001045	141961
a00001046	141962
a00001047	141963
a00001048	141964
a00001049	141965
a00001050	141966
a00001051	141967
a00001052	141968
a00001053	141969
a00001054	141970
a00001055	141971
a00001056	141972
a00001057	141973
a00001058	141974
a00001059	141975
a00001060	141976
a00001061	141977
a00001062	141978
a00001063	141979
a00001064	141980
a00001065	141981
a00001066	141982
a00001067	141983
a00001068	141984
a00001069	141985
a00001070	141986
a00001071	141987
a00001072	141988
a00001073	141989
a00001074	141990
a00001075	141991
a00001076	141992
a00001077	141993
a00001078	141994
a00001079	141995
a00001080	141996
a00001081	141997
a00001082	141998
a00001083	141999
a00001084	142000
a00001085	142001
a00001086	142002
a00001087	142003
a00001088	142004
a00001089	142005
a00001090	142006
a00001091	142007
a00001092	142008
a00001093	142009
a00001094	142010
a00001095	142011
a00001096	142012
a00001097	142013
a00001098	142014
a00001099	142015
a00001100	142016
a00001101	142017
a00001102	142018
a00001103	142019
a00001104	142020
a00001105	142021
a00001106	142022
a00001107	142023
a00001108	142024
a00001109	142025
a00001110	142026
a00001111	142027
a00001112	142028
a00001113	142029
a00001114	142030
a00001115	142031
a00001116	142032
a00001117	142033
a00001118	142034
a00001119	142035
a00001120	142036
a00001121	142037
a00001122	142038
a00001123	142039
a00001124	142040
a00001125	142041
a00001126	142042
a00001127	142043
a00001128	142044
a00001129	142045
a00001130	142046
a00001131	142047
a00001132	142048
a00001133	142049
a00001134	142050
a00001135	142051
a00001136	142052
a00001137	142053
a00001138	142054
a00001139	142055
a00001140	142056
a00001141	142057
a00001142	142058
a00001143	142059
a00001144	142060
a00001145	142061
a00001146	142062
a00001147	142063
a00001148	142064
a00001149	142065
a00001150	142066
a00001151	142067
a00001152	142068
a00001153	142069
a00001154	142070
a00001155	142071
a00001156	142072
a00001157	142073
a00001158	142074
a00001159	142075
a00001160	142076
a00001161	142077
a00001162	142078
a00001163	142079
a00001164	142080
a00001165	142081
a00001166	142082
a00001167	142083
a00001168	142084
a00001169	142085
a00001170	142086
a00001171	142087
a00001172	142088
a00001173	142089
a00001174	142090
a00001175	142091
a00001176	142092
a00001177	142093
a00001178	142094
a00001179	142095
a00001180	142096
a00001181	142097
a00001182	142098
a00001183	142099
a00001184	142100
a00001185	142101
a00001186	142102
a00001187	142103
a00001188	142104
a00001189	142105
a00001190	142106
a00001191	142107
a00001192	142108
a00001193	142109
a00001194	142110
a00001195	142111
a00001196	142112
a00001197	142113
a00001198	142114
a00001199	142115
a00001200	142116
a00001201	142117
a00001202	142118
a00001203	142119
a00001204	142120
a00001205	142121
a00001206	142122
a00001207	142123
a00001208	142124
a00001209	142125
a00001210	142126
a00001211	142127
a00001212	142128
a00001213	142129
a00001214	142130
a00001215	142131
a00001216	142132
a00001217	142133
a00001218	142134
a00001219	142135
a00001220	142136
a00001221	142137
a00001222	142138
a00001223	142139
a00001224	142140
a00001225	142141
a00001226	142142
a00001227	142143
a00001228	142144
a00001229	142145
a00001230	142146
a00001231	142147
a00001232	142148
a00001233	142149
a00001234	142150
a00001235	142151
a00001236	142152
a00001237	142153
a00001238	142154
a00001239	142155
a00001240	142156
a00001241	142157
a00001242	142158
a00001243	142159
a00001244	142160
a00001245	142161
a00001246	142162
a00001247	142163
a00001248	142164
a00001249	142165
a00001250	142166
a00001251	142167
a00001252	142168
a00001253	142169
a00001254	142170
a00001255	142171
a00001256	142172
a00001257	142173
a00001258	142174
a00001259	142175
a00001260	142176
a00001261	142177
a00001262	142178
a00001263	142179
a00001264	142180
a00001265	142181
a00001266	142182
a00001267	142183
a00001268	142184
a00001269	142185
a00001270	142186
a00001271	142187
a00001272	142188
a00001273	142189
a00001274	142190
a00001275	142191
a00001276	142192
a00001277	142193
a00001278	142194
a00001279	142195
a00001280	142196
a00001281	142197
a00001282	142198
a00001283	142199
a00001284	142200
a00001285	142201
a00001286	142202
a00001287	142203
a00001288	142204
a00001289	142205
a00001290	142206
a00001291	142207
a00001292	142208
a00001293	142209
a00001294	142210
a00001295	142211
a00001296	142212
a00001297	142213
a00001298	142214
a00001299	142215
a00001300	142216
a00001301	142217
a00001302	142218
a00001303	142219
a00001304	142220
a00001305	142221
a00001306	142222
a00001307	142223
a00001308	142224
a00001309	142225
a00001310	142226
a00001311	142227
a00001312	142228
a00001313	142229
a00001314	142230
a00001315	142231
a00001316	142232
a00001317	142233
a00001318	142234
a00001319	142235
a00001320	142236
a00001321	142237
a00001322	142238
a00001323	142239
a00001324	142240
a00001325	142241
a00001326	142242
a00001327	142243
a00001328	142244
a00001329	142245
a00001330	142246
a00001331	142247
a00001332	142248
a00001333	142249
a00001334	142250
a00001335	142251
a00001336	142252
a00001337	142253
a00001338	142254
a00001339	142255
a00001340	142256
a00001341	142257
a00001342	142258
a00001343	142259
a00001344	142260
a00001345	142261
a00001346	142262
a00001347	142263
a00001348	142264
a00001349	142265
a00001350	142266
a00001351	142267
a00001352	142268
a00001353	142269
a00001354	142270
a00001355	142271
a00001356	142272
a00001357	142273
a00001358	142274
a00001359	142275
a00001360	142276
a00001361	142277
a00001362	142278
a00001363	142279
a00001364	142280
a00001365	142281
a00001366	142282
a00001367	142283
a00001368	142284
a00001369	142285
a00001370	142286
