annotation	node
a00000000	77534
a00000792	77535
a00000793	77536
a00000794	77537
a00000795	77538
a00000796	77539
a00000797	77540
a00000798	77541
a00000799	77542
a00000800	77543
a00000801	77544
a00000802	77545
a00000803	77546
a00000804	77547
a00000805	77548
a00000806	77549
a00000807	77550
a00000808	77551
a00000809	77552
a00000810	77553
a00000811	77554
a00000812	77555
a00000813	77556
a00000814	77557
a00000815	77558
a00000816	77559
a00000817	77560
a00000818	77561
a00000819	77562
a00000820	77563
a00000821	77564
a00000822	77565
a00000823	77566
a00000824	77567
a00000825	77568
a00000826	77569
a00000827	77570
a00000828	77571
a00000829	77572
a00000830	77573
a00000831	77574
a00000832	77575
a00000833	77576
a00000834	77577
a00000835	77578
a00000836	77579
a00000837	77580
a00000838	77581
a00000839	77582
a00000840	77583
a00000841	77584
a00000842	77585
a00000843	77586
a00000844	77587
a00000845	77588
a00000846	77589
a00000847	77590
a00000848	77591
a00000849	77592
a00000850	77593
a00000851	77594
a00000852	77595
a00000853	77596
a00000854	77597
a00000855	77598
a00000856	77599
a00000857	77600
a00000858	77601
a00000859	77602
a00000860	77603
a00000861	77604
a00000862	77605
a00000863	77606
a00000864	77607
a00000865	77608
a00000866	77609
a00000867	77610
a00000868	77611
a00000869	77612
a00000870	77613
a00000871	77614
a00000872	77615
a00000873	77616
a00000874	77617
a00000875	77618
a00000876	77619
a00000877	77620
a00000878	77621
a00000879	77622
a00000880	77623
a00000881	77624
a00000882	77625
a00000883	77626
a00000884	77627
a00000885	77628
a00000886	77629
a00000887	77630
a00000888	77631
a00000889	77632
a00000890	77633
a00000891	77634
a00000892	77635
a00000893	77636
a00000894	77637
a00000895	77638
a00000896	77639
a00000897	77640
a00000898	77641
a00000899	77642
a00000900	77643
a00000901	77644
a00000902	77645
a00000903	77646
a00000904	77647
a00000905	77648
a00000906	77649
a00000907	77650
a00000908	77651
a00000909	77652
a00000910	77653
a00000911	77654
a00000912	77655
a00000913	77656
a00000914	77657
a00000915	77658
a00000916	77659
a00000917	77660
a00000918	77661
a00000919	77662
a00000920	77663
a00000921	77664
a00000922	77665
a00000923	77666
a00000924	77667
a00000925	77668
a00000926	77669
a00000927	77670
a00000928	77671
a00000929	77672
a00000930	77673
a00000931	77674
a00000932	77675
a00000933	77676
a00000934	77677
a00000935	77678
a00000936	77679
a00000937	77680
a00000938	77681
a00000939	77682
a00000940	77683
a00000941	77684
a00000942	77685
a00000943	77686
a00000944	77687
a00000945	77688
a00000946	77689
a00000947	77690
a00000948	77691
a00000949	77692
a00000950	77693
a00000951	77694
a00000952	77695
a00000953	77696
a00000954	77697
a00000955	77698
a00000956	77699
a00000957	77700
a00000958	77701
a00000959	77702
a00000960	77703
a00000961	77704
a00000962	77705
a00000963	77706
a00000964	77707
a00000965	77708
a00000966	77709
a00000967	77710
a00000968	77711
a00000969	77712
a00000970	77713
a00000971	77714
a00000972	77715
a00000973	77716
a00000974	77717
a00000975	77718
a00000976	77719
a00000977	77720
a00000978	77721
a00000979	77722
a00000980	77723
a00000981	77724
a00000982	77725
a00000983	77726
a00000984	77727
a00000985	77728
a00000986	77729
a00000987	77730
a00000988	77731
a00000989	77732
a00000990	77733
a00000991	77734
a00000992	77735
a00000993	77736
a00000994	77737
a00000995	77738
a00000996	77739
a00000997	77740
a00000998	77741
a00000999	77742
a00001000	77743
a00001001	77744
a00001002	77745
a00001003	77746
a00001004	77747
a00001005	77748
a00001006	77749
a00001007	77750
a00001008	77751
a00001009	77752
a00001010	77753
a00001011	77754
a00001012	77755
a00001013	77756
a00001014	77757
a00001015	77758
a00001016	77759
a00001017	77760
a00001018	77761
a00001019	77762
a00001020	77763
a00001021	77764
a00001022	77765
a00001023	77766
a00001024	77767
a00001025	77768
a00001026	77769
a00001027	77770
a00001028	77771
a00001029	77772
a00001030	77773
a00001031	77774
a00001032	77775
a00001033	77776
a00001034	77777
a00001035	77778
a00001036	77779
a00001037	77780
a00001038	77781
a00001039	77782
a00001040	77783
a00001041	77784
a00001042	77785
a00001043	77786
a00001044	77787
a00001045	77788
a00001046	77789
a00001047	77790
a00001048	77791
a00001049	77792
a00001050	77793
a00001051	77794
a00001052	77795
a00001053	77796
a00001054	77797
a00001055	77798
a00001056	77799
a00001057	77800
a00001058	77801
a00001059	77802
a00001060	77803
a00001061	77804
a00001062	77805
a00001063	77806
a00001064	77807
a00001065	77808
a00001066	77809
a00001067	77810
a00001068	77811
a00001069	77812
a00001070	77813
a00001071	77814
a00001072	77815
a00001073	77816
a00001074	77817
a00001075	77818
a00001076	77819
a00001077	77820
a00001078	77821
a00001079	77822
a00001080	77823
a00001081	77824
a00001082	77825
a00001083	77826
a00001084	77827
a00001085	77828
a00001086	77829
a00001087	77830
a00001088	77831
a00001089	77832
a00001090	77833
a00001091	77834
a00001092	77835
a00001093	77836
a00001094	77837
a00001095	77838
a00001096	77839
a00001097	77840
a00001098	77841
a00001099	77842
a00001100	77843
a00001101	77844
a00001102	77845
a00001103	77846
a00001104	77847
a00001105	77848
a00001106	77849
a00001107	77850
a00001108	77851
a00001109	77852
a00001110	77853
a00001111	77854
a00001112	77855
a00001113	77856
a00001114	77857
a00001115	77858
a00001116	77859
a00001117	77860
a00001118	77861
a00001119	77862
a00001120	77863
a00001121	77864
a00001122	77865
a00001123	77866
a00001124	77867
a00001125	77868
a00001126	77869
a00001127	77870
a00001128	77871
a00001129	77872
a00001130	77873
a00001131	77874
a00001132	77875
a00001133	77876
a00001134	77877
a00001135	77878
a00001136	77879
a00001137	77880
a00001138	77881
a00001139	77882
a00001140	77883
a00001141	77884
a00001142	77885
a00001143	77886
a00001144	77887
a00001145	77888
a00001146	77889
a00001147	77890
a00001148	77891
a00001149	77892
a00001150	77893
a00001151	77894
a00001152	77895
a00001153	77896
a00001154	77897
a00001155	77898
a00001156	77899
a00001157	77900
a00001158	77901
a00001159	77902
a00001160	77903
a00001161	77904
a00001162	77905
a00001163	77906
a00001164	77907
a00001165	77908
a00001166	77909
a00001167	77910
a00001168	77911
a00001169	77912
a00001170	77913
a00001171	77914
a00001172	77915
a00001173	77916
a00001174	77917
a00001175	77918
a00001176	77919
a00001177	77920
a00001178	77921
a00001179	77922
a00001180	77923
a00001181	77924
a00001182	77925
a00001183	77926
a00001184	77927
a00001185	77928
a00001186	77929
a00001187	77930
a00001188	77931
a00001189	77932
a00001190	77933
a00001191	77934
a00001192	77935
a00001193	77936
a00001194	77937
a00001195	77938
a00001196	77939
a00001197	77940
a00001198	77941
a00001199	77942
a00001200	77943
a00001201	77944
a00001202	77945
a00001203	77946
a00001204	77947
a00001205	77948
a00001206	77949
a00001207	77950
a00001208	77951
a00001209	77952
a00001210	77953
a00001211	77954
a00001212	77955
a00001213	77956
a00001214	77957
a00001215	77958
a00001216	77959
a00001217	77960
a00001218	77961
a00001219	77962
a00001220	77963
a00001221	77964
a00001222	77965
a00001223	77966
a00001224	77967
a00001225	77968
a00001226	77969
a00001227	77970
a00001228	77971
a00001229	77972
a00001230	77973
a00001231	77974
a00001232	77975
a00001233	77976
a00001234	77977
a00001235	77978
a00001236	77979
a00001237	77980
a00001238	77981
a00001239	77982
a00001240	77983
a00001241	77984
a00001242	77985
a00001243	77986
a00001244	77987
a00001245	77988
a00001246	77989
a00001247	77990
a00001248	77991
a00001249	77992
a00001250	77993
a00001251	77994
a00001252	77995
a00001253	77996
a00001254	77997
a00001255	77998
a00001256	77999
a00001257	78000
a00001258	78001
a00001259	78002
a00001260	78003
a00001261	78004
a00001262	78005
a00001263	78006
a00001264	78007
a00001265	78008
a00001266	78009
a00001267	78010
a00001268	78011
a00001269	78012
a00001270	78013
a00001271	78014
a00001272	78015
a00001273	78016
a00001274	78017
a00001275	78018
a00001276	78019
a00001277	78020
a00001278	78021
a00001279	78022
a00001280	78023
a00001281	78024
a00001282	78025
a00001283	78026
a00001284	78027
a00001285	78028
a00001286	78029
a00001287	78030
a00001288	78031
a00001289	78032
a00001290	78033
a00001291	78034
a00001292	78035
a00001293	78036
a00001294	78037
a00001295	78038
a00001296	78039
a00001297	78040
a00001298	78041
a00001299	78042
a00001300	78043
a00001301	78044
a00001302	78045
a00001303	78046
a00001304	78047
a00001305	78048
a00001306	78049
a00001307	78050
a00001308	78051
a00001309	78052
a00001310	78053
a00001311	78054
a00001312	78055
a00001313	78056
a00001314	78057
a00001315	78058
a00001316	78059
a00001317	78060
a00001318	78061
a00001319	78062
a00001320	78063
a00001321	78064
a00001322	78065
a00001323	78066
a00001324	78067
a00001325	78068
a00001326	78069
a00001327	78070
a00001328	78071
a00001329	78072
a00001330	78073
a00001331	78074
a00001332	78075
a00001333	78076
a00001334	78077
a00001335	78078
a00001336	78079
a00001337	78080
a00001338	78081
a00001339	78082
a00001340	78083
a00001341	78084
a00001342	78085
a00001343	78086
a00001344	78087
a00001345	78088
a00001346	78089
a00001347	78090
a00001348	78091
a00001349	78092
a00001350	78093
a00001351	78094
a00001352	78095
a00001353	78096
a00001354	78097
a00001355	78098
a00001356	78099
a00001357	78100
a00001358	78101
a00001359	78102
a00001360	78103
a00001361	78104
a00001362	78105
a00001363	78106
a00001364	78107
a00001365	78108
a00001366	78109
a00001367	78110
a00001368	78111
a00001369	78112
a00001370	78113
a00001371	78114
a00001372	78115
a00001373	78116
a00001374	78117
a00001375	78118
a00001376	78119
a00001377	78120
a00001378	78121
a00001379	78122
a00001380	78123
a00001381	78124
a00001382	78125
a00001383	78126
a00001384	78127
a00001385	78128
a00001386	78129
a00001387	78130
a00001388	78131
a00001389	78132
a00001390	78133
a00001391	78134
a00001392	78135
a00001393	78136
a00001394	78137
a00001395	78138
a00001396	78139
a00001397	78140
a00001398	78141
a00001399	78142
a00001400	78143
a00001401	78144
a00001402	78145
a00001403	78146
a00001404	78147
a00001405	78148
a00001406	78149
a00001407	78150
a00001408	78151
a00001409	78152
a00001410	78153
a00001411	78154
a00001412	78155
a00001413	78156
a00001414	78157
a00001415	78158
a00001416	78159
a00001417	78160
a00001418	78161
a00001419	78162
a00001420	78163
a00001421	78164
a00001422	78165
a00001423	78166
a00001424	78167
a00001425	78168
a00001426	78169
a00001427	78170
a00001428	78171
a00001429	78172
a00001430	78173
a00001431	78174
a00001432	78175
a00001433	78176
a00001434	78177
a00001435	78178
a00001436	78179
a00001437	78180
a00001438	78181
a00001439	78182
a00001440	78183
a00001441	78184
a00001442	78185
a00001443	78186
a00001444	78187
a00001445	78188
a00001446	78189
a00001447	78190
a00001448	78191
a00001449	78192
a00001450	78193
a00001451	78194
a00001452	78195
a00001453	78196
a00001454	78197
a00001455	78198
a00001456	78199
a00001457	78200
a00001458	78201
a00001459	78202
a00001460	78203
a00001461	78204
a00001462	78205
a00001463	78206
a00001464	78207
a00001465	78208
a00001466	78209
a00001467	78210
a00001468	78211
a00001469	78212
a00001470	78213
a00001471	78214
a00001472	78215
a00001473	78216
a00001474	78217
a00001475	78218
a00001476	78219
a00001477	78220
a00001478	78221
a00001479	78222
a00001480	78223
a00001481	78224
a00001482	78225
a00001483	78226
a00001484	78227
a00001485	78228
a00001486	78229
a00001487	78230
a00001488	78231
a00001489	78232
a00001490	78233
a00001491	78234
a00001492	78235
a00001493	78236
a00001494	78237
a00001495	78238
a00001496	78239
a00001497	78240
a00001498	78241
a00001499	78242
a00001500	78243
a00001501	78244
a00001502	78245
a00001503	78246
a00001504	78247
a00001505	78248
a00001506	78249
a00001507	78250
a00001508	78251
a00001509	78252
a00001510	78253
a00001511	78254
a00001512	78255
a00001513	78256
a00001514	78257
a00001515	78258
a00001516	78259
a00001517	78260
a00001518	78261
a00001519	78262
a00001520	78263
a00001521	78264
a00001522	78265
a00001523	78266
a00001524	78267
a00001525	78268
a00001526	78269
a00001527	78270
a00001528	78271
a00001529	78272
a00001530	78273
a00001531	78274
a00001532	78275
a00001533	78276
a00001534	78277
a00001535	78278
a00001536	78279
a00001537	78280
a00001538	78281
a00001539	78282
a00001540	78283
a00001541	78284
a00001542	78285
a00001543	78286
a00001544	78287
a00001545	78288
a00001546	78289
a00001547	78290
a00001548	78291
a00001549	78292
a00001550	78293
a00001551	78294
a00001552	78295
a00001553	78296
a00001554	78297
a00001555	78298
a00001556	78299
a00001557	78300
a00001558	78301
a00001559	78302
a00001560	78303
a00001561	78304
a00001562	78305
a00001563	78306
a00001564	78307
a00001565	78308
a00001566	78309
a00001567	78310
a00001568	78311
a00001569	78312
a00001570	78313
a00001571	78314
a00001572	78315
a00001573	78316
a00001574	78317
a00001575	78318
a00001576	78319
a00001577	78320
a00001578	78321
a00001579	78322
a00001580	78323
a00001581	78324
a00001582	78325
a00001583	78326
a00001584	78327
a00001585	78328
a00001586	78329
a00001587	78330
a00001588	78331
a00001589	78332
a00001590	78333
a00001591	78334
a00001592	78335
a00001593	78336
a00001594	78337
a00001595	78338
a00001596	78339
a00001597	78340
a00001598	78341
a00001599	78342
a00001600	78343
a00001601	78344
a00001602	78345
a00001603	78346
a00001604	78347
a00001605	78348
a00001606	78349
a00001607	78350
a00001608	78351
a00001609	78352
a00001610	78353
a00001611	78354
a00001612	78355
a00001613	78356
a00001614	78357
a00001615	78358
a00001616	78359
a00001617	78360
a00001618	78361
a00001619	78362
a00001620	78363
a00001621	78364
a00001622	78365
a00001623	78366
a00001624	78367
a00001625	78368
a00001626	78369
a00001627	78370
a00001628	78371
a00001629	78372
a00001630	78373
a00001631	78374
a00001632	78375
a00001633	78376
a00001634	78377
a00001635	78378
a00001636	78379
a00001637	78380
a00001638	78381
a00001639	78382
a00001640	78383
a00001641	78384
a00001642	78385
a00001643	78386
a00001644	78387
a00001645	78388
a00001646	78389
a00001647	78390
a00001648	78391
a00001649	78392
a00001650	78393
a00001651	78394
a00001652	78395
a00001653	78396
a00001654	78397
a00001655	78398
a00001656	78399
a00001657	78400
a00001658	78401
a00001659	78402
a00001660	78403
a00001661	78404
a00001662	78405
a00001663	78406
a00001664	78407
a00001665	78408
a00001666	78409
a00001667	78410
a00001668	78411
a00001669	78412
a00001670	78413
a00001671	78414
a00001672	78415
a00001673	78416
a00001674	78417
a00001675	78418
a00001676	78419
a00001677	78420
a00001678	78421
a00001679	78422
a00001680	78423
a00001681	78424
a00001682	78425
a00001683	78426
a00001684	78427
a00001685	78428
a00001686	78429
a00001687	78430
a00001688	78431
a00001689	78432
a00001690	78433
a00001691	78434
a00001692	78435
a00001693	78436
a00001694	78437
a00001695	78438
a00001696	78439
a00001697	78440
a00001698	78441
a00001699	78442
a00001700	78443
a00001701	78444
a00001702	78445
a00001703	78446
a00001704	78447
a00001705	78448
a00001706	78449
a00001707	78450
a00001708	78451
a00001709	78452
a00001710	78453
a00001711	78454
a00001712	78455
a00001713	78456
a00001714	78457
a00001715	78458
a00001716	78459
a00001717	78460
a00001718	78461
a00001719	78462
a00001720	78463
a00001721	78464
a00001722	78465
a00001723	78466
a00001724	78467
a00001725	78468
a00001726	78469
a00001727	78470
a00001728	78471
a00001729	78472
a00001730	78473
a00001731	78474
a00001732	78475
a00001733	78476
a00001734	78477
a00001735	78478
a00001736	78479
a00001737	78480
a00001738	78481
a00001739	78482
a00001740	78483
a00001741	78484
a00001742	78485
a00001743	78486
a00001744	78487
a00001745	78488
a00001746	78489
a00001747	78490
a00001748	78491
a00001749	78492
a00001750	78493
a00001751	78494
a00001752	78495
a00001753	78496
a00001754	78497
a00001755	78498
a00001756	78499
a00001757	78500
a00001758	78501
a00001759	78502
a00001760	78503
a00001761	78504
a00001762	78505
a00001763	78506
a00001764	78507
a00001765	78508
a00001766	78509
a00001767	78510
a00001768	78511
a00001769	78512
a00001770	78513
a00001771	78514
a00001772	78515
a00001773	78516
a00001774	78517
a00001775	78518
a00001776	78519
a00001777	78520
a00001778	78521
a00001779	78522
a00001780	78523
a00001781	78524
a00001782	78525
a00001783	78526
a00001784	78527
a00001785	78528
a00001786	78529
a00001787	78530
a00001788	78531
a00001789	78532
a00001790	78533
a00001791	78534
a00001792	78535
a00001793	78536
a00001794	78537
a00001795	78538
a00001796	78539
a00001797	78540
a00001798	78541
a00001799	78542
a00001800	78543
a00001801	78544
a00001802	78545
a00001803	78546
a00001804	78547
a00001805	78548
a00001806	78549
a00001807	78550
a00001808	78551
a00001809	78552
a00001810	78553
a00001811	78554
a00001812	78555
a00001813	78556
a00001814	78557
a00001815	78558
a00001816	78559
a00001817	78560
a00001818	78561
a00001819	78562
a00001820	78563
a00001821	78564
a00001822	78565
a00001823	78566
a00001824	78567
a00001825	78568
a00001826	78569
a00001827	78570
a00001828	78571
a00001829	78572
a00001830	78573
a00001831	78574
a00001832	78575
a00001833	78576
a00001834	78577
a00001835	78578
a00001836	78579
a00001837	78580
a00001838	78581
a00001839	78582
a00001840	78583
a00001841	78584
a00001842	78585
a00001843	78586
a00001844	78587
a00001845	78588
a00001846	78589
a00001847	78590
a00001848	78591
a00001849	78592
a00001850	78593
a00001851	78594
a00001852	78595
a00001853	78596
a00001854	78597
a00001855	78598
a00001856	78599
a00001857	78600
a00001858	78601
a00001859	78602
a00001860	78603
a00001861	78604
a00001862	78605
a00001863	78606
a00001864	78607
a00001865	78608
a00001866	78609
a00001867	78610
a00001868	78611
a00001869	78612
a00001870	78613
a00001871	78614
a00001872	78615
a00001873	78616
a00001874	78617
a00001875	78618
a00001876	78619
a00001877	78620
a00001878	78621
a00001879	78622
a00001880	78623
a00001881	78624
a00001882	78625
a00001883	78626
a00001884	78627
a00001885	78628
a00001886	78629
a00001887	78630
a00001888	78631
a00001889	78632
a00001890	78633
a00001891	78634
a00001892	78635
a00001893	78636
a00001894	78637
a00001895	78638
a00001896	78639
a00001897	78640
a00001898	78641
a00001899	78642
a00001900	78643
a00001901	78644
a00001902	78645
a00001903	78646
a00001904	78647
a00001905	78648
a00001906	78649
a00001907	78650
a00001908	78651
a00001909	78652
a00001910	78653
a00001911	78654
a00001912	78655
a00001913	78656
a00001914	78657
a00001915	78658
a00001916	78659
a00001917	78660
a00001918	78661
a00001919	78662
a00001920	78663
a00001921	78664
a00001922	78665
a00001923	78666
a00001924	78667
a00001925	78668
a00001926	78669
a00001927	78670
a00001928	78671
a00001929	78672
a00001930	78673
a00001931	78674
a00001932	78675
a00001933	78676
a00001934	78677
a00001935	78678
a00001936	78679
a00001937	78680
a00001938	78681
a00001939	78682
a00001940	78683
a00001941	78684
a00001942	78685
a00001943	78686
a00001944	78687
a00001945	78688
a00001946	78689
a00001947	78690
a00001948	78691
a00001949	78692
a00001950	78693
a00001951	78694
a00001952	78695
a00001953	78696
a00001954	78697
a00001955	78698
a00001956	78699
a00001957	78700
a00001958	78701
a00001959	78702
a00001960	78703
a00001961	78704
a00001962	78705
a00001963	78706
a00001964	78707
a00001965	78708
a00001966	78709
a00001967	78710
a00001968	78711
a00001969	78712
a00001970	78713
a00001971	78714
a00001972	78715
a00001973	78716
a00001974	78717
a00001975	78718
a00001976	78719
a00001977	78720
a00001978	78721
a00001979	78722
a00001980	78723
a00001981	78724
a00001982	78725
a00001983	78726
a00001984	78727
a00001985	78728
a00001986	78729
a00001987	78730
a00001988	78731
a00001989	78732
a00001990	78733
a00001991	78734
a00001992	78735
a00001993	78736
a00001994	78737
a00001995	78738
a00001996	78739
a00001997	78740
a00001998	78741
a00001999	78742
a00002000	78743
a00002001	78744
a00002002	78745
a00002003	78746
a00002004	78747
a00002005	78748
a00002006	78749
a00002007	78750
a00002008	78751
a00002009	78752
a00002010	78753
a00002011	78754
a00002012	78755
a00002013	78756
a00002014	78757
a00002015	78758
a00002016	78759
a00002017	78760
a00002018	78761
a00002019	78762
a00002020	78763
a00002021	78764
a00002022	78765
a00002023	78766
a00002024	78767
a00002025	78768
a00002026	78769
a00002027	78770
a00002028	78771
a00002029	78772
a00002030	78773
a00002031	78774
a00002032	78775
a00002033	78776
a00002034	78777
a00002035	78778
a00002036	78779
a00002037	78780
a00002038	78781
a00002039	78782
a00002040	78783
a00002041	78784
a00002042	78785
a00002043	78786
a00002044	78787
a00002045	78788
a00002046	78789
a00002047	78790
a00002048	78791
a00002049	78792
a00002050	78793
a00002051	78794
a00002052	78795
a00002053	78796
a00002054	78797
a00002055	78798
a00002056	78799
a00002057	78800
a00002058	78801
a00002059	78802
a00002060	78803
a00002061	78804
a00002062	78805
a00002063	78806
a00002064	78807
a00002065	78808
a00002066	78809
a00002067	78810
a00002068	78811
a00002069	78812
a00002070	78813
a00002071	78814
a00002072	78815
a00002073	78816
a00002074	78817
a00002075	78818
a00002076	78819
a00002077	78820
a00002078	78821
a00002079	78822
a00002080	78823
a00002081	78824
a00002082	78825
a00002083	78826
a00002084	78827
a00002085	78828
a00002086	78829
a00002087	78830
a00002088	78831
a00002089	78832
a00002090	78833
a00002091	78834
a00002092	78835
a00002093	78836
a00002094	78837
a00002095	78838
a00002096	78839
a00002097	78840
a00002098	78841
a00002099	78842
a00002100	78843
a00002101	78844
a00002102	78845
a00002103	78846
a00002104	78847
a00002105	78848
a00002106	78849
a00002107	78850
a00002108	78851
a00002109	78852
a00002110	78853
a00002111	78854
a00002112	78855
a00002113	78856
a00002114	78857
a00002115	78858
a00002116	78859
a00002117	78860
a00002118	78861
a00002119	78862
a00002120	78863
a00002121	78864
a00002122	78865
a00002123	78866
a00002124	78867
a00002125	78868
a00002126	78869
a00002127	78870
a00002128	78871
a00002129	78872
a00002130	78873
a00002131	78874
a00002132	78875
a00002133	78876
a00002134	78877
a00002135	78878
a00002136	78879
a00002137	78880
a00002138	78881
a00002139	78882
a00002140	78883
a00002141	78884
a00002142	78885
a00002143	78886
a00002144	78887
a00002145	78888
a00002146	78889
a00002147	78890
a00002148	78891
a00002149	78892
a00002150	78893
a00002151	78894
a00002152	78895
a00002153	78896
a00002154	78897
a00002155	78898
a00002156	78899
a00002157	78900
a00002158	78901
a00002159	78902
a00002160	78903
a00002161	78904
a00002162	78905
a00002163	78906
a00002164	78907
a00002165	78908
a00002166	78909
a00002167	78910
a00002168	78911
a00002169	78912
a00002170	78913
a00002171	78914
a00002172	78915
a00002173	78916
a00002174	78917
a00002175	78918
a00002176	78919
a00002177	78920
a00002178	78921
a00002179	78922
a00002180	78923
a00002181	78924
a00002182	78925
a00002183	78926
a00002184	78927
a00002185	78928
a00002186	78929
a00002187	78930
a00002188	78931
a00002189	78932
a00002190	78933
a00002191	78934
a00002192	78935
a00002193	78936
a00002194	78937
a00002195	78938
a00002196	78939
a00002197	78940
a00002198	78941
a00002199	78942
a00002200	78943
a00002201	78944
a00002202	78945
a00002203	78946
a00002204	78947
a00002205	78948
a00002206	78949
a00002207	78950
a00002208	78951
a00002209	78952
a00002210	78953
a00002211	78954
a00002212	78955
a00002213	78956
a00002214	78957
a00002215	78958
a00002216	78959
a00002217	78960
a00002218	78961
a00002219	78962
a00002220	78963
a00002221	78964
a00002222	78965
a00002223	78966
a00002224	78967
a00002225	78968
a00002226	78969
a00002227	78970
a00002228	78971
a00002229	78972
a00002230	78973
a00002231	78974
a00002232	78975
a00002233	78976
a00002234	78977
a00002235	78978
a00002236	78979
a00002237	78980
a00002238	78981
a00002239	78982
a00002240	78983
a00002241	78984
a00002242	78985
a00002243	78986
a00002244	78987
a00002245	78988
a00002246	78989
a00002247	78990
a00002248	78991
a00002249	78992
a00002250	78993
a00002251	78994
a00002252	78995
a00002253	78996
a00002254	78997
a00002255	78998
a00002256	78999
a00002257	79000
a00002258	79001
a00002259	79002
a00002260	79003
a00002261	79004
a00002262	79005
a00002263	79006
a00002264	79007
a00002265	79008
a00002266	79009
a00002267	79010
a00002268	79011
a00002269	79012
a00002270	79013
a00002271	79014
a00002272	79015
a00002273	79016
a00002274	79017
a00002275	79018
a00002276	79019
a00002277	79020
a00002278	79021
a00002279	79022
a00002280	79023
a00002281	79024
a00002282	79025
a00002283	79026
a00002284	79027
a00002285	79028
a00002286	79029
a00002287	79030
a00002288	79031
a00002289	79032
a00002290	79033
a00002291	79034
a00002292	79035
a00002293	79036
a00002294	79037
a00002295	79038
a00002296	79039
a00002297	79040
a00002298	79041
a00002299	79042
a00002300	79043
a00002301	79044
a00002302	79045
a00002303	79046
a00002304	79047
a00002305	79048
a00002306	79049
a00002307	79050
a00002308	79051
a00002309	79052
a00002310	79053
a00002311	79054
a00002312	79055
a00002313	79056
a00002314	79057
a00002315	79058
a00002316	79059
a00002317	79060
a00002318	79061
a00002319	79062
a00002320	79063
a00002321	79064
a00002322	79065
a00002323	79066
a00002324	79067
a00002325	79068
a00002326	79069
a00002327	79070
a00002328	79071
a00002329	79072
a00002330	79073
a00002331	79074
a00002332	79075
a00002333	79076
a00002334	79077
a00002335	79078
a00002336	79079
a00002337	79080
a00002338	79081
a00002339	79082
a00002340	79083
a00002341	79084
a00002342	79085
a00002343	79086
a00002344	79087
a00002345	79088
a00002346	79089
a00002347	79090
a00002348	79091
a00002349	79092
a00002350	79093
a00002351	79094
a00002352	79095
a00002353	79096
a00002354	79097
a00002355	79098
a00002356	79099
a00002357	79100
a00002358	79101
a00002359	79102
a00002360	79103
a00002361	79104
a00002362	79105
a00002363	79106
a00002364	79107
a00002365	79108
a00002366	79109
a00002367	79110
a00002368	79111
a00002369	79112
a00002370	79113
a00002371	79114
a00002372	79115
a00002373	79116
a00002374	79117
a00002375	79118
a00002376	79119
a00002377	79120
a00002378	79121
a00002379	79122
a00002380	79123
a00002381	79124
a00002382	79125
a00002383	79126
a00002384	79127
a00002385	79128
a00002386	79129
a00002387	79130
a00002388	79131
a00002389	79132
a00002390	79133
a00002391	79134
a00002392	79135
a00002393	79136
a00002394	79137
a00002395	79138
a00002396	79139
a00002397	79140
a00002398	79141
a00002399	79142
a00002400	79143
a00002401	79144
a00002402	79145
a00002403	79146
a00002404	79147
a00002405	79148
a00002406	79149
a00002407	79150
a00002408	79151
a00002409	79152
a00002410	79153
a00002411	79154
a00002412	79155
a00002413	79156
a00002414	79157
a00002415	79158
a00002416	79159
a00002417	79160
a00002418	79161
a00002419	79162
a00002420	79163
a00002421	79164
a00002422	79165
a00002423	79166
a00002424	79167
a00002425	79168
a00002426	79169
a00002427	79170
a00002428	79171
a00002429	79172
a00002430	79173
a00002431	79174
a00002432	79175
a00002433	79176
a00002434	79177
a00002435	79178
a00002436	79179
a00002437	79180
a00002438	79181
a00002439	79182
a00002440	79183
a00002441	79184
a00002442	79185
a00002443	79186
a00002444	79187
a00002445	79188
a00002446	79189
a00002447	79190
a00002448	79191
a00002449	79192
a00002450	79193
a00002451	79194
a00002452	79195
a00002453	79196
a00002454	79197
a00002455	79198
a00002456	79199
a00002457	79200
a00002458	79201
a00002459	79202
a00002460	79203
a00002461	79204
a00002462	79205
a00002463	79206
a00002464	79207
a00002465	79208
a00002466	79209
a00002467	79210
a00002468	79211
a00002469	79212
a00002470	79213
a00002471	79214
a00002472	79215
a00002473	79216
a00002474	79217
a00002475	79218
a00002476	79219
a00002477	79220
a00002478	79221
a00002479	79222
a00002480	79223
a00002481	79224
a00002482	79225
a00002483	79226
a00002484	79227
a00002485	79228
a00002486	79229
a00002487	79230
a00002488	79231
a00002489	79232
a00002490	79233
a00002491	79234
a00002492	79235
a00002493	79236
a00002494	79237
a00002495	79238
a00002496	79239
a00002497	79240
a00002498	79241
a00002499	79242
a00002500	79243
a00002501	79244
a00002502	79245
a00002503	79246
a00002504	79247
a00002505	79248
a00002506	79249
a00002507	79250
a00002508	79251
a00002509	79252
a00002510	79253
a00002511	79254
a00002512	79255
a00002513	79256
a00002514	79257
a00002515	79258
a00002516	79259
a00002517	79260
a00002518	79261
a00002519	79262
a00002520	79263
a00002521	79264
a00002522	79265
a00002523	79266
a00002524	79267
a00002525	79268
a00002526	79269
a00002527	79270
a00002528	79271
a00002529	79272
a00002530	79273
a00002531	79274
a00002532	79275
a00002533	79276
a00002534	79277
a00002535	79278
a00002536	79279
a00002537	79280
a00002538	79281
a00002539	79282
a00002540	79283
a00002541	79284
a00002542	79285
a00002543	79286
a00002544	79287
a00002545	79288
a00002546	79289
a00002547	79290
a00002548	79291
a00002549	79292
a00002550	79293
a00002551	79294
a00002552	79295
a00002553	79296
a00002554	79297
a00002555	79298
a00002556	79299
a00002557	79300
a00002558	79301
a00002559	79302
a00002560	79303
a00002561	79304
a00002562	79305
a00002563	79306
a00002564	79307
a00002565	79308
a00002566	79309
a00002567	79310
a00002568	79311
a00002569	79312
a00002570	79313
a00002571	79314
a00002572	79315
a00002573	79316
a00002574	79317
a00002575	79318
a00002576	79319
a00002577	79320
a00002578	79321
a00002579	79322
a00002580	79323
a00002581	79324
a00002582	79325
a00002583	79326
a00002584	79327
a00002585	79328
a00002586	79329
a00002587	79330
a00002588	79331
a00002589	79332
a00002590	79333
a00002591	79334
a00002592	79335
a00002593	79336
a00002594	79337
a00002595	79338
a00002596	79339
a00002597	79340
a00002598	79341
a00002599	79342
a00002600	79343
a00002601	79344
a00002602	79345
a00002603	79346
a00002604	79347
a00002605	79348
a00002606	79349
a00002607	79350
a00002608	79351
a00002609	79352
a00002610	79353
a00002611	79354
a00002612	79355
a00002613	79356
a00002614	79357
a00002615	79358
a00002616	79359
a00002617	79360
a00002618	79361
a00002619	79362
a00002620	79363
a00002621	79364
a00002622	79365
a00002623	79366
a00002624	79367
a00002625	79368
a00002626	79369
a00002627	79370
a00002628	79371
a00002629	79372
a00002630	79373
a00002631	79374
a00002632	79375
a00002633	79376
a00002634	79377
a00002635	79378
a00002636	79379
a00002637	79380
a00002638	79381
a00002639	79382
a00002640	79383
a00002641	79384
a00002642	79385
a00002643	79386
a00002644	79387
a00002645	79388
a00002646	79389
a00002647	79390
a00002648	79391
a00002649	79392
a00002650	79393
a00002651	79394
a00002652	79395
a00002653	79396
a00002654	79397
a00002655	79398
a00002656	79399
a00002657	79400
a00002658	79401
a00002659	79402
a00002660	79403
a00002661	79404
a00002662	79405
a00002663	79406
a00002664	79407
a00002665	79408
a00002666	79409
a00002667	79410
a00002668	79411
a00002669	79412
a00002670	79413
a00002671	79414
a00002672	79415
a00002673	79416
a00002674	79417
a00002675	79418
a00002676	79419
a00002677	79420
a00002678	79421
a00002679	79422
a00002680	79423
a00002681	79424
a00002682	79425
a00002683	79426
a00002684	79427
a00002685	79428
a00002686	79429
a00002687	79430
a00002688	79431
a00002689	79432
a00002690	79433
a00002691	79434
a00002692	79435
a00002693	79436
a00002694	79437
a00002695	79438
a00002696	79439
a00002697	79440
a00002698	79441
a00002699	79442
a00002700	79443
a00002701	79444
a00002702	79445
a00002703	79446
a00002704	79447
a00002705	79448
a00002706	79449
a00002707	79450
a00002708	79451
a00002709	79452
a00002710	79453
a00002711	79454
a00002712	79455
a00002713	79456
a00002714	79457
a00002715	79458
a00002716	79459
a00002717	79460
a00002718	79461
a00002719	79462
a00002720	79463
a00002721	79464
a00002722	79465
a00002723	79466
a00002724	79467
a00002725	79468
a00002726	79469
a00002727	79470
a00002728	79471
a00002729	79472
a00002730	79473
a00002731	79474
a00002732	79475
a00002733	79476
a00002734	79477
a00002735	79478
a00002736	79479
a00002737	79480
a00002738	79481
a00002739	79482
a00002740	79483
a00002741	79484
a00002742	79485
a00002743	79486
a00002744	79487
a00002745	79488
a00002746	79489
a00002747	79490
a00002748	79491
a00002749	79492
a00002750	79493
a00002751	79494
a00002752	79495
a00002753	79496
a00002754	79497
a00002755	79498
a00002756	79499
a00002757	79500
a00002758	79501
a00002759	79502
a00002760	79503
a00002761	79504
a00002762	79505
a00002763	79506
a00002764	79507
a00002765	79508
a00002766	79509
a00002767	79510
a00002768	79511
a00002769	79512
a00002770	79513
a00002771	79514
a00002772	79515
a00002773	79516
a00002774	79517
a00002775	79518
a00002776	79519
a00002777	79520
a00002778	79521
a00002779	79522
a00002780	79523
a00002781	79524
a00002782	79525
a00002783	79526
a00002784	79527
a00002785	79528
a00002786	79529
a00002787	79530
a00002788	79531
a00002789	79532
a00002790	79533
a00002791	79534
a00002792	79535
a00002793	79536
a00002794	79537
a00002795	79538
a00002796	79539
a00002797	79540
a00002798	79541
a00002799	79542
a00002800	79543
a00002801	79544
a00002802	79545
a00002803	79546
a00002804	79547
a00002805	79548
a00002806	79549
a00002807	79550
a00002808	79551
a00002809	79552
a00002810	79553
a00002811	79554
a00002812	79555
a00002813	79556
a00002814	79557
a00002815	79558
a00002816	79559
a00002817	79560
a00002818	79561
a00002819	79562
a00002820	79563
a00002821	79564
a00002822	79565
a00002823	79566
a00002824	79567
a00002825	79568
a00002826	79569
a00002827	79570
a00002828	79571
a00002829	79572
a00002830	79573
a00002831	79574
a00002832	79575
a00002833	79576
a00002834	79577
a00002835	79578
a00002836	79579
a00002837	79580
a00002838	79581
a00002839	79582
a00002840	79583
a00002841	79584
a00002842	79585
a00002843	79586
a00002844	79587
a00002845	79588
a00002846	79589
a00002847	79590
a00002848	79591
a00002849	79592
a00002850	79593
a00002851	79594
a00002852	79595
a00002853	79596
a00002854	79597
a00002855	79598
a00002856	79599
a00002857	79600
a00002858	79601
a00002859	79602
a00002860	79603
a00002861	79604
a00002862	79605
a00002863	79606
a00002864	79607
a00002865	79608
a00002866	79609
a00002867	79610
a00002868	79611
a00002869	79612
a00002870	79613
a00002871	79614
a00002872	79615
a00002873	79616
a00002874	79617
a00002875	79618
a00002876	79619
a00002877	79620
a00002878	79621
a00002879	79622
a00002880	79623
a00002881	79624
a00002882	79625
a00002883	79626
a00002884	79627
a00002885	79628
a00002886	79629
a00002887	79630
a00002888	79631
a00002889	79632
a00002890	79633
a00002891	79634
a00002892	79635
a00002893	79636
a00002894	79637
a00002895	79638
a00002896	79639
a00002897	79640
a00002898	79641
a00002899	79642
a00002900	79643
a00002901	79644
a00002902	79645
a00002903	79646
a00002904	79647
a00002905	79648
a00002906	79649
a00002907	79650
a00002908	79651
a00002909	79652
a00002910	79653
a00002911	79654
a00002912	79655
a00002913	79656
a00002914	79657
a00002915	79658
a00002916	79659
a00002917	79660
a00002918	79661
a00002919	79662
a00002920	79663
a00002921	79664
a00002922	79665
a00002923	79666
a00002924	79667
a00002925	79668
a00002926	79669
a00002927	79670
a00002928	79671
a00002929	79672
a00002930	79673
a00002931	79674
a00002932	79675
a00002933	79676
a00002934	79677
a00002935	79678
a00002936	79679
a00002937	79680
a00002938	79681
a00002939	79682
a00002940	79683
a00002941	79684
a00002942	79685
a00002943	79686
a00002944	79687
a00002945	79688
a00002946	79689
a00002947	79690
a00002948	79691
a00002949	79692
a00002950	79693
a00002951	79694
a00002952	79695
a00002953	79696
a00002954	79697
a00002955	79698
a00002956	79699
a00002957	79700
a00002958	79701
a00002959	79702
a00002960	79703
a00002961	79704
a00002962	79705
a00002963	79706
a00002964	79707
a00002965	79708
a00002966	79709
a00002967	79710
a00002968	79711
a00002969	79712
a00002970	79713
a00002971	79714
a00002972	79715
a00002973	79716
a00002974	79717
a00002975	79718
a00002976	79719
a00002977	79720
a00002978	79721
a00002979	79722
a00002980	79723
a00002981	79724
a00002982	79725
a00002983	79726
a00002984	79727
a00002985	79728
a00002986	79729
a00002987	79730
a00002988	79731
a00002989	79732
a00002990	79733
a00002991	79734
a00002992	79735
a00002993	79736
a00002994	79737
a00002995	79738
a00002996	79739
a00002997	79740
a00002998	79741
a00002999	79742
a00003000	79743
a00003001	79744
a00003002	79745
a00003003	79746
a00003004	79747
a00003005	79748
a00003006	79749
a00003007	79750
a00003008	79751
a00003009	79752
a00003010	79753
a00003011	79754
a00003012	79755
a00003013	79756
a00003014	79757
a00003015	79758
a00003016	79759
a00003017	79760
a00003018	79761
a00003019	79762
a00003020	79763
a00003021	79764
a00003022	79765
a00003023	79766
a00003024	79767
a00003025	79768
a00003026	79769
a00003027	79770
a00003028	79771
a00003029	79772
a00003030	79773
a00003031	79774
a00003032	79775
a00003033	79776
a00003034	79777
a00003035	79778
a00003036	79779
a00003037	79780
a00003038	79781
a00003039	79782
a00003040	79783
a00003041	79784
a00003042	79785
a00003043	79786
a00003044	79787
a00003045	79788
a00003046	79789
a00003047	79790
a00003048	79791
a00003049	79792
a00003050	79793
a00003051	79794
a00003052	79795
a00003053	79796
a00003054	79797
a00003055	79798
a00003056	79799
a00003057	79800
a00003058	79801
a00003059	79802
a00003060	79803
a00003061	79804
a00003062	79805
a00003063	79806
a00003064	79807
a00003065	79808
a00003066	79809
a00003067	79810
a00003068	79811
a00003069	79812
a00003070	79813
a00003071	79814
a00003072	79815
a00003073	79816
a00003074	79817
a00003075	79818
a00003076	79819
a00003077	79820
a00003078	79821
a00003079	79822
a00003080	79823
a00003081	79824
a00003082	79825
a00003083	79826
a00003084	79827
a00003085	79828
a00003086	79829
a00003087	79830
a00003088	79831
a00003089	79832
a00003090	79833
a00003091	79834
a00003092	79835
a00003093	79836
a00003094	79837
a00003095	79838
a00003096	79839
a00003097	79840
a00003098	79841
a00003099	79842
a00003100	79843
a00003101	79844
a00003102	79845
a00003103	79846
a00003104	79847
a00003105	79848
a00003106	79849
a00003107	79850
a00003108	79851
a00003109	79852
a00003110	79853
a00003111	79854
a00003112	79855
a00003113	79856
a00003114	79857
a00003115	79858
a00003116	79859
a00003117	79860
a00003118	79861
a00003119	79862
a00003120	79863
a00003121	79864
a00003122	79865
a00003123	79866
a00003124	79867
a00003125	79868
a00003126	79869
a00003127	79870
a00003128	79871
a00003129	79872
a00003130	79873
a00003131	79874
a00003132	79875
a00003133	79876
a00003134	79877
a00003135	79878
a00003136	79879
a00003137	79880
a00003138	79881
a00003139	79882
a00003140	79883
a00003141	79884
a00003142	79885
a00003143	79886
a00003144	79887
a00003145	79888
a00003146	79889
a00003147	79890
a00003148	79891
a00003149	79892
a00003150	79893
a00003151	79894
a00003152	79895
a00003153	79896
a00003154	79897
a00003155	79898
a00003156	79899
a00003157	79900
a00003158	79901
a00003159	79902
a00003160	79903
a00003161	79904
a00003162	79905
a00003163	79906
a00003164	79907
a00003165	79908
a00003166	79909
a00003167	79910
a00003168	79911
a00003169	79912
a00003170	79913
a00003171	79914
a00003172	79915
a00003173	79916
a00003174	79917
a00003175	79918
a00003176	79919
a00003177	79920
a00003178	79921
a00003179	79922
a00003180	79923
a00003181	79924
a00003182	79925
a00003183	79926
a00003184	79927
a00003185	79928
a00003186	79929
a00003187	79930
a00003188	79931
a00003189	79932
a00003190	79933
a00003191	79934
a00003192	79935
a00003193	79936
a00003194	79937
a00003195	79938
a00003196	79939
a00003197	79940
a00003198	79941
a00003199	79942
a00003200	79943
a00003201	79944
a00003202	79945
a00003203	79946
a00003204	79947
a00003205	79948
a00003206	79949
a00003207	79950
a00003208	79951
a00003209	79952
a00003210	79953
a00003211	79954
a00003212	79955
a00003213	79956
a00003214	79957
a00003215	79958
a00003216	79959
a00003217	79960
a00003218	79961
a00003219	79962
a00003220	79963
a00003221	79964
a00003222	79965
a00003223	79966
a00003224	79967
a00003225	79968
a00003226	79969
a00003227	79970
a00003228	79971
a00003229	79972
a00003230	79973
a00003231	79974
a00003232	79975
a00003233	79976
a00003234	79977
a00003235	79978
a00003236	79979
a00003237	79980
a00003238	79981
a00003239	79982
a00003240	79983
a00003241	79984
a00003242	79985
a00003243	79986
a00003244	79987
a00003245	79988
a00003246	79989
a00003247	79990
a00003248	79991
a00003249	79992
a00003250	79993
a00003251	79994
a00003252	79995
a00003253	79996
a00003254	79997
a00003255	79998
a00003256	79999
a00003257	80000
a00003258	80001
a00003259	80002
a00003260	80003
a00003261	80004
a00003262	80005
a00003263	80006
a00003264	80007
a00003265	80008
a00003266	80009
a00003267	80010
a00003268	80011
a00003269	80012
a00003270	80013
a00003271	80014
a00003272	80015
a00003273	80016
a00003274	80017
a00003275	80018
a00003276	80019
a00003277	80020
a00003278	80021
a00003279	80022
a00003280	80023
a00003281	80024
a00003282	80025
a00003283	80026
a00003284	80027
a00003285	80028
a00003286	80029
a00003287	80030
a00003288	80031
a00003289	80032
a00003290	80033
a00003291	80034
a00003292	80035
a00003293	80036
a00003294	80037
a00003295	80038
a00003296	80039
a00003297	80040
a00003298	80041
a00003299	80042
a00003300	80043
a00003301	80044
a00003302	80045
a00003303	80046
a00003304	80047
a00003305	80048
a00003306	80049
a00003307	80050
a00003308	80051
a00003309	80052
a00003310	80053
a00003311	80054
a00003312	80055
a00003313	80056
a00003314	80057
a00003315	80058
a00003316	80059
a00003317	80060
a00003318	80061
a00003319	80062
a00003320	80063
a00003321	80064
a00003322	80065
a00003323	80066
a00003324	80067
a00003325	80068
a00003326	80069
a00003327	80070
a00003328	80071
a00003329	80072
a00003330	80073
a00003331	80074
a00003332	80075
a00003333	80076
a00003334	80077
a00003335	80078
a00003336	80079
a00003337	80080
a00003338	80081
a00003339	80082
a00003340	80083
a00003341	80084
a00003342	80085
a00003343	80086
a00003344	80087
a00003345	80088
a00003346	80089
a00003347	80090
a00003348	80091
a00003349	80092
a00003350	80093
a00003351	80094
a00003352	80095
a00003353	80096
a00003354	80097
a00003355	80098
a00003356	80099
a00003357	80100
a00003358	80101
a00003359	80102
a00003360	80103
a00003361	80104
a00003362	80105
a00003363	80106
a00003364	80107
a00003365	80108
a00003366	80109
a00003367	80110
a00003368	80111
a00003369	80112
a00003370	80113
a00003371	80114
a00003372	80115
a00003373	80116
a00003374	80117
a00003375	80118
a00003376	80119
a00003377	80120
a00003378	80121
a00003379	80122
a00003380	80123
a00003381	80124
a00003382	80125
a00003383	80126
a00003384	80127
a00003385	80128
a00003386	80129
a00003387	80130
a00003388	80131
a00003389	80132
a00003390	80133
a00003391	80134
a00003392	80135
a00003393	80136
a00003394	80137
a00003395	80138
a00003396	80139
a00003397	80140
a00003398	80141
a00003399	80142
a00003400	80143
a00003401	80144
a00003402	80145
a00003403	80146
a00003404	80147
a00003405	80148
a00003406	80149
a00003407	80150
a00003408	80151
a00003409	80152
a00003410	80153
a00003411	80154
a00003412	80155
a00003413	80156
a00003414	80157
a00003415	80158
a00003416	80159
a00003417	80160
a00003418	80161
a00003419	80162
a00003420	80163
a00003421	80164
a00003422	80165
a00003423	80166
a00003424	80167
a00003425	80168
a00003426	80169
a00003427	80170
a00003428	80171
a00003429	80172
a00003430	80173
a00003431	80174
a00003432	80175
a00003433	80176
a00003434	80177
a00003435	80178
a00003436	80179
a00003437	80180
a00003438	80181
a00003439	80182
a00003440	80183
a00003441	80184
a00003442	80185
a00003443	80186
a00003444	80187
a00003445	80188
a00003446	80189
a00003447	80190
a00003448	80191
a00003449	80192
a00003450	80193
a00003451	80194
a00003452	80195
a00003453	80196
a00003454	80197
a00003455	80198
a00003456	80199
a00003457	80200
a00003458	80201
a00003459	80202
a00003460	80203
a00003461	80204
a00003462	80205
a00003463	80206
a00003464	80207
a00003465	80208
a00003466	80209
a00003467	80210
a00003468	80211
a00003469	80212
a00003470	80213
a00003471	80214
a00003472	80215
a00003473	80216
a00003474	80217
a00003475	80218
a00003476	80219
a00003477	80220
a00003478	80221
a00003479	80222
a00003480	80223
a00003481	80224
a00003482	80225
a00003483	80226
a00003484	80227
a00003485	80228
a00003486	80229
a00003487	80230
a00003488	80231
a00003489	80232
a00003490	80233
a00003491	80234
a00003492	80235
a00003493	80236
a00003494	80237
a00003495	80238
a00003496	80239
a00003497	80240
a00003498	80241
a00003499	80242
a00003500	80243
a00003501	80244
a00003502	80245
a00003503	80246
a00003504	80247
a00003505	80248
a00003506	80249
a00003507	80250
a00003508	80251
a00003509	80252
a00003510	80253
a00003511	80254
a00003512	80255
a00003513	80256
a00003514	80257
a00003515	80258
a00003516	80259
a00003517	80260
a00003518	80261
a00003519	80262
a00003520	80263
a00003521	80264
a00003522	80265
a00003523	80266
a00003524	80267
a00003525	80268
a00003526	80269
a00003527	80270
a00003528	80271
a00003529	80272
a00003530	80273
a00003531	80274
a00003532	80275
a00003533	80276
a00003534	80277
a00003535	80278
a00003536	80279
a00003537	80280
a00003538	80281
a00003539	80282
a00003540	80283
a00003541	80284
a00003542	80285
a00003543	80286
a00003544	80287
a00003545	80288
a00003546	80289
a00003547	80290
a00003548	80291
a00003549	80292
a00003550	80293
a00003551	80294
a00003552	80295
a00003553	80296
a00003554	80297
a00003555	80298
a00003556	80299
a00003557	80300
a00003558	80301
a00003559	80302
a00003560	80303
a00003561	80304
a00003562	80305
a00003563	80306
a00003564	80307
a00003565	80308
a00003566	80309
a00003567	80310
a00003568	80311
a00003569	80312
a00003570	80313
a00003571	80314
a00003572	80315
a00003573	80316
a00003574	80317
a00003575	80318
a00003576	80319
a00003577	80320
a00003578	80321
a00003579	80322
a00003580	80323
a00003581	80324
a00003582	80325
a00003583	80326
a00003584	80327
a00003585	80328
a00003586	80329
a00003587	80330
a00003588	80331
a00003589	80332
a00003590	80333
a00003591	80334
a00003592	80335
a00003593	80336
a00003594	80337
a00003595	80338
a00003596	80339
a00003597	80340
a00003598	80341
a00003599	80342
a00003600	80343
a00003601	80344
a00003602	80345
a00003603	80346
a00003604	80347
a00003605	80348
a00003606	80349
a00003607	80350
a00003608	80351
a00003609	80352
a00003610	80353
a00003611	80354
a00003612	80355
a00003613	80356
a00003614	80357
a00003615	80358
a00003616	80359
a00003617	80360
a00003618	80361
a00003619	80362
a00003620	80363
a00003621	80364
a00003622	80365
a00003623	80366
a00003624	80367
a00003625	80368
a00003626	80369
a00003627	80370
a00003628	80371
a00003629	80372
a00003630	80373
a00003631	80374
a00003632	80375
a00003633	80376
a00003634	80377
a00003635	80378
a00003636	80379
a00003637	80380
a00003638	80381
a00003639	80382
a00003640	80383
a00003641	80384
a00003642	80385
a00003643	80386
a00003644	80387
a00003645	80388
a00003646	80389
a00003647	80390
a00003648	80391
a00003649	80392
a00003650	80393
a00003651	80394
a00003652	80395
a00003653	80396
a00003654	80397
a00003655	80398
a00003656	80399
a00003657	80400
a00003658	80401
a00003659	80402
a00003660	80403
a00003661	80404
a00003662	80405
a00003663	80406
a00003664	80407
a00003665	80408
a00003666	80409
a00003667	80410
a00003668	80411
a00003669	80412
a00003670	80413
a00003671	80414
a00003672	80415
a00003673	80416
a00003674	80417
a00003675	80418
a00003676	80419
a00003677	80420
a00003678	80421
a00003679	80422
a00003680	80423
a00003681	80424
a00003682	80425
a00003683	80426
a00003684	80427
a00003685	80428
a00003686	80429
a00003687	80430
a00003688	80431
a00003689	80432
a00003690	80433
a00003691	80434
a00003692	80435
a00003693	80436
a00003694	80437
a00003695	80438
a00003696	80439
a00003697	80440
a00003698	80441
a00003699	80442
a00003700	80443
a00003701	80444
a00003702	80445
a00003703	80446
a00003704	80447
a00003705	80448
a00003706	80449
a00003707	80450
a00003708	80451
a00003709	80452
a00003710	80453
a00003711	80454
a00003712	80455
a00003713	80456
a00003714	80457
a00003715	80458
a00003716	80459
a00003717	80460
a00003718	80461
a00003719	80462
a00003720	80463
a00003721	80464
a00003722	80465
a00003723	80466
a00003724	80467
a00003725	80468
a00003726	80469
a00003727	80470
a00003728	80471
a00003729	80472
a00003730	80473
a00003731	80474
a00003732	80475
a00003733	80476
a00003734	80477
a00003735	80478
a00003736	80479
a00003737	80480
a00003738	80481
a00003739	80482
a00003740	80483
a00003741	80484
a00003742	80485
a00003743	80486
a00003744	80487
a00003745	80488
a00003746	80489
a00003747	80490
a00003748	80491
a00003749	80492
a00003750	80493
a00003751	80494
a00003752	80495
a00003753	80496
a00003754	80497
a00003755	80498
a00003756	80499
a00003757	80500
a00003758	80501
a00003759	80502
a00003760	80503
a00003761	80504
a00003762	80505
a00003763	80506
a00003764	80507
a00003765	80508
a00003766	80509
a00003767	80510
a00003768	80511
a00003769	80512
a00003770	80513
a00003771	80514
a00003772	80515
a00003773	80516
a00003774	80517
a00003775	80518
a00003776	80519
a00003777	80520
a00003778	80521
a00003779	80522
a00003780	80523
a00003781	80524
a00003782	80525
a00003783	80526
a00003784	80527
a00003785	80528
a00003786	80529
a00003787	80530
a00003788	80531
a00003789	80532
a00003790	80533
a00003791	80534
a00003792	80535
a00003793	80536
a00003794	80537
a00003795	80538
a00003796	80539
a00003797	80540
a00003798	80541
a00003799	80542
a00003800	80543
a00003801	80544
a00003802	80545
a00003803	80546
a00003804	80547
a00003805	80548
a00003806	80549
a00003807	80550
a00003808	80551
a00003809	80552
a00003810	80553
a00003811	80554
a00003812	80555
a00003813	80556
a00003814	80557
a00003815	80558
a00003816	80559
a00003817	80560
a00003818	80561
a00003819	80562
a00003820	80563
a00003821	80564
a00003822	80565
a00003823	80566
a00003824	80567
a00003825	80568
a00003826	80569
a00003827	80570
a00003828	80571
a00003829	80572
a00003830	80573
a00003831	80574
a00003832	80575
a00003833	80576
a00003834	80577
a00003835	80578
a00003836	80579
a00003837	80580
a00003838	80581
a00003839	80582
a00003840	80583
a00003841	80584
a00003842	80585
a00003843	80586
a00003844	80587
a00003845	80588
a00003846	80589
a00003847	80590
a00003848	80591
a00003849	80592
a00003850	80593
a00003851	80594
a00003852	80595
a00003853	80596
a00003854	80597
a00003855	80598
a00003856	80599
a00003857	80600
a00003858	80601
a00003859	80602
a00003860	80603
a00003861	80604
a00003862	80605
a00003863	80606
a00003864	80607
a00003865	80608
a00003866	80609
a00003867	80610
a00003868	80611
a00003869	80612
a00003870	80613
a00003871	80614
a00003872	80615
a00003873	80616
a00003874	80617
a00003875	80618
a00003876	80619
a00003877	80620
a00003878	80621
a00003879	80622
a00003880	80623
a00003881	80624
a00003882	80625
a00003883	80626
a00003884	80627
a00003885	80628
a00003886	80629
a00003887	80630
a00003888	80631
a00003889	80632
a00003890	80633
a00003891	80634
a00003892	80635
a00003893	80636
a00003894	80637
a00003895	80638
a00003896	80639
a00003897	80640
a00003898	80641
a00003899	80642
a00003900	80643
a00003901	80644
a00003902	80645
a00003903	80646
a00003904	80647
a00003905	80648
a00003906	80649
a00003907	80650
a00003908	80651
a00003909	80652
a00003910	80653
a00003911	80654
a00003912	80655
a00003913	80656
a00003914	80657
a00003915	80658
a00003916	80659
a00003917	80660
a00003918	80661
a00003919	80662
a00003920	80663
a00003921	80664
a00003922	80665
a00003923	80666
a00003924	80667
a00003925	80668
a00003926	80669
a00003927	80670
a00003928	80671
a00003929	80672
a00003930	80673
a00003931	80674
a00003932	80675
a00003933	80676
a00003934	80677
a00003935	80678
a00003936	80679
a00003937	80680
a00003938	80681
a00003939	80682
a00003940	80683
a00003941	80684
a00003942	80685
a00003943	80686
a00003944	80687
a00003945	80688
a00003946	80689
a00003947	80690
a00003948	80691
a00003949	80692
a00003950	80693
a00003951	80694
a00003952	80695
a00003953	80696
a00003954	80697
a00003955	80698
a00003956	80699
a00003957	80700
a00003958	80701
a00003959	80702
a00003960	80703
a00003961	80704
a00003962	80705
a00003963	80706
a00003964	80707
a00003965	80708
a00003966	80709
a00003967	80710
a00003968	80711
a00003969	80712
a00003970	80713
a00003971	80714
a00003972	80715
a00003973	80716
a00003974	80717
a00003975	80718
a00003976	80719
a00003977	80720
a00003978	80721
a00003979	80722
a00003980	80723
a00003981	80724
a00003982	80725
a00003983	80726
a00003984	80727
a00003985	80728
a00003986	80729
a00003987	80730
a00003988	80731
a00003989	80732
a00003990	80733
a00003991	80734
a00003992	80735
a00003993	80736
a00003994	80737
a00003995	80738
a00003996	80739
a00003997	80740
a00003998	80741
a00003999	80742
a00004000	80743
a00004001	80744
a00004002	80745
a00004003	80746
a00004004	80747
a00004005	80748
a00004006	80749
a00004007	80750
a00004008	80751
a00004009	80752
a00004010	80753
a00004011	80754
a00004012	80755
a00004013	80756
a00004014	80757
a00004015	80758
a00004016	80759
a00004017	80760
a00004018	80761
a00004019	80762
a00004020	80763
a00004021	80764
a00004022	80765
a00004023	80766
a00004024	80767
a00004025	80768
a00004026	80769
a00004027	80770
a00004028	80771
a00004029	80772
a00004030	80773
a00004031	80774
a00004032	80775
a00004033	80776
a00004034	80777
a00004035	80778
a00004036	80779
a00004037	80780
a00004038	80781
a00004039	80782
a00004040	80783
a00004041	80784
a00004042	80785
a00004043	80786
a00004044	80787
a00004045	80788
a00004046	80789
a00004047	80790
a00004048	80791
a00004049	80792
a00004050	80793
a00004051	80794
a00004052	80795
a00004053	80796
a00004054	80797
a00004055	80798
a00004056	80799
a00004057	80800
a00004058	80801
a00004059	80802
a00004060	80803
a00004061	80804
a00004062	80805
a00004063	80806
a00004064	80807
a00004065	80808
a00004066	80809
a00004067	80810
a00004068	80811
a00004069	80812
a00004070	80813
a00004071	80814
a00004072	80815
a00004073	80816
a00004074	80817
a00004075	80818
a00004076	80819
a00004077	80820
a00004078	80821
a00004079	80822
a00004080	80823
a00004081	80824
a00004082	80825
a00004083	80826
a00004084	80827
a00004085	80828
a00004086	80829
a00004087	80830
a00004088	80831
a00004089	80832
a00004090	80833
a00004091	80834
a00004092	80835
a00004093	80836
a00004094	80837
a00004095	80838
a00004096	80839
a00004097	80840
a00004098	80841
a00004099	80842
a00004100	80843
a00004101	80844
a00004102	80845
a00004103	80846
a00004104	80847
a00004105	80848
a00004106	80849
a00004107	80850
a00004108	80851
a00004109	80852
a00004110	80853
a00004111	80854
a00004112	80855
a00004113	80856
a00004114	80857
a00004115	80858
a00004116	80859
a00004117	80860
a00004118	80861
a00004119	80862
a00004120	80863
a00004121	80864
a00004122	80865
a00004123	80866
a00004124	80867
a00004125	80868
a00004126	80869
a00004127	80870
a00004128	80871
a00004129	80872
a00004130	80873
a00004131	80874
a00004132	80875
a00004133	80876
a00004134	80877
a00004135	80878
a00004136	80879
a00004137	80880
a00004138	80881
a00004139	80882
a00004140	80883
a00004141	80884
a00004142	80885
a00004143	80886
a00004144	80887
a00004145	80888
a00004146	80889
a00004147	80890
a00004148	80891
a00004149	80892
a00004150	80893
a00004151	80894
a00004152	80895
a00004153	80896
a00004154	80897
a00004155	80898
a00004156	80899
a00004157	80900
a00004158	80901
a00004159	80902
a00004160	80903
a00004161	80904
a00004162	80905
a00004163	80906
a00004164	80907
a00004165	80908
a00004166	80909
a00004167	80910
a00004168	80911
a00004169	80912
a00004170	80913
a00004171	80914
a00004172	80915
a00004173	80916
a00004174	80917
a00004175	80918
a00004176	80919
a00004177	80920
a00004178	80921
a00004179	80922
a00004180	80923
a00004181	80924
a00004182	80925
a00004183	80926
a00004184	80927
a00004185	80928
a00004186	80929
a00004187	80930
a00004188	80931
a00004189	80932
a00004190	80933
a00004191	80934
a00004192	80935
a00004193	80936
a00004194	80937
a00004195	80938
a00004196	80939
a00004197	80940
a00004198	80941
a00004199	80942
a00004200	80943
a00004201	80944
a00004202	80945
a00004203	80946
a00004204	80947
a00004205	80948
a00004206	80949
a00004207	80950
a00004208	80951
a00004209	80952
a00004210	80953
a00004211	80954
a00004212	80955
a00004213	80956
a00004214	80957
a00004215	80958
a00004216	80959
a00004217	80960
a00004218	80961
a00004219	80962
a00004220	80963
a00004221	80964
a00004222	80965
a00004223	80966
a00004224	80967
a00004225	80968
a00004226	80969
a00004227	80970
a00004228	80971
a00004229	80972
a00004230	80973
a00004231	80974
a00004232	80975
a00004233	80976
a00004234	80977
a00004235	80978
a00004236	80979
a00004237	80980
a00004238	80981
a00004239	80982
a00004240	80983
a00004241	80984
a00004242	80985
a00004243	80986
a00004244	80987
a00004245	80988
a00004246	80989
a00004247	80990
a00004248	80991
a00004249	80992
a00004250	80993
a00004251	80994
a00004252	80995
a00004253	80996
a00004254	80997
a00004255	80998
a00004256	80999
a00004257	81000
a00004258	81001
a00004259	81002
a00004260	81003
a00004261	81004
a00004262	81005
a00004263	81006
a00004264	81007
a00004265	81008
a00004266	81009
a00004267	81010
a00004268	81011
a00004269	81012
a00004270	81013
a00004271	81014
a00004272	81015
a00004273	81016
a00004274	81017
a00004275	81018
a00004276	81019
a00004277	81020
a00004278	81021
a00004279	81022
a00004280	81023
a00004281	81024
a00004282	81025
a00004283	81026
a00004284	81027
a00004285	81028
a00004286	81029
a00004287	81030
a00004288	81031
a00004289	81032
a00004290	81033
a00004291	81034
a00004292	81035
a00004293	81036
a00004294	81037
a00004295	81038
a00004296	81039
a00004297	81040
a00004298	81041
a00004299	81042
a00004300	81043
a00004301	81044
a00004302	81045
a00004303	81046
a00004304	81047
a00004305	81048
a00004306	81049
a00004307	81050
a00004308	81051
a00004309	81052
a00004310	81053
a00004311	81054
a00004312	81055
a00004313	81056
a00004314	81057
a00004315	81058
a00004316	81059
a00004317	81060
a00004318	81061
a00004319	81062
a00004320	81063
a00004321	81064
a00004322	81065
a00004323	81066
a00004324	81067
a00004325	81068
a00004326	81069
a00004327	81070
a00004328	81071
a00004329	81072
a00004330	81073
a00004331	81074
a00004332	81075
a00004333	81076
a00004334	81077
a00004335	81078
a00004336	81079
a00004337	81080
a00004338	81081
a00004339	81082
a00004340	81083
a00004341	81084
a00004342	81085
a00004343	81086
a00004344	81087
a00004345	81088
a00004346	81089
a00004347	81090
a00004348	81091
a00004349	81092
a00004350	81093
a00004351	81094
a00004352	81095
a00004353	81096
a00004354	81097
a00004355	81098
a00004356	81099
a00004357	81100
a00004358	81101
a00004359	81102
a00004360	81103
a00004361	81104
a00004362	81105
a00004363	81106
a00004364	81107
a00004365	81108
a00004366	81109
a00004367	81110
a00004368	81111
a00004369	81112
a00004370	81113
a00004371	81114
a00004372	81115
a00004373	81116
a00004374	81117
a00004375	81118
a00004376	81119
a00004377	81120
a00004378	81121
a00004379	81122
a00004380	81123
a00004381	81124
a00004382	81125
a00004383	81126
a00004384	81127
a00004385	81128
a00004386	81129
a00004387	81130
a00004388	81131
a00004389	81132
a00004390	81133
a00004391	81134
a00004392	81135
a00004393	81136
a00004394	81137
a00004395	81138
a00004396	81139
a00004397	81140
a00004398	81141
a00004399	81142
a00004400	81143
a00004401	81144
a00004402	81145
a00004403	81146
a00004404	81147
a00004405	81148
a00004406	81149
a00004407	81150
a00004408	81151
a00004409	81152
a00004410	81153
a00004411	81154
a00004412	81155
a00004413	81156
a00004414	81157
a00004415	81158
a00004416	81159
a00004417	81160
a00004418	81161
a00004419	81162
a00004420	81163
a00004421	81164
a00004422	81165
a00004423	81166
a00004424	81167
a00004425	81168
a00004426	81169
a00004427	81170
a00004428	81171
a00004429	81172
a00004430	81173
a00004431	81174
a00004432	81175
a00004433	81176
a00004434	81177
a00004435	81178
a00004436	81179
a00004437	81180
a00004438	81181
a00004439	81182
a00004440	81183
a00004441	81184
a00004442	81185
a00004443	81186
a00004444	81187
a00004445	81188
a00004446	81189
a00004447	81190
a00004448	81191
a00004449	81192
a00004450	81193
a00004451	81194
a00004452	81195
a00004453	81196
a00004454	81197
a00004455	81198
a00004456	81199
a00004457	81200
a00004458	81201
a00004459	81202
a00004460	81203
a00004461	81204
a00004462	81205
a00004463	81206
a00004464	81207
a00004465	81208
a00004466	81209
a00004467	81210
a00004468	81211
a00004469	81212
a00004470	81213
a00004471	81214
a00004472	81215
a00004473	81216
a00004474	81217
a00004475	81218
a00004476	81219
a00004477	81220
a00004478	81221
a00004479	81222
a00004480	81223
a00004481	81224
a00004482	81225
a00004483	81226
a00004484	81227
a00004485	81228
a00004486	81229
a00004487	81230
a00004488	81231
a00004489	81232
a00004490	81233
a00004491	81234
a00004492	81235
a00004493	81236
a00004494	81237
a00004495	81238
a00004496	81239
a00004497	81240
a00004498	81241
a00004499	81242
a00004500	81243
a00004501	81244
a00004502	81245
a00004503	81246
a00004504	81247
a00004505	81248
a00004506	81249
a00004507	81250
a00004508	81251
a00004509	81252
a00004510	81253
a00004511	81254
a00004512	81255
a00004513	81256
a00004514	81257
a00004515	81258
a00004516	81259
a00004517	81260
a00004518	81261
a00004519	81262
a00004520	81263
a00004521	81264
a00004522	81265
a00004523	81266
a00004524	81267
a00004525	81268
a00004526	81269
a00004527	81270
a00004528	81271
a00004529	81272
a00004530	81273
a00004531	81274
a00004532	81275
a00004533	81276
a00004534	81277
a00004535	81278
a00004536	81279
a00004537	81280
a00004538	81281
a00004539	81282
a00004540	81283
a00004541	81284
a00004542	81285
a00004543	81286
a00004544	81287
a00004545	81288
a00004546	81289
a00004547	81290
a00004548	81291
a00004549	81292
a00004550	81293
a00004551	81294
a00004552	81295
a00004553	81296
a00004554	81297
a00004555	81298
a00004556	81299
a00004557	81300
a00004558	81301
a00004559	81302
a00004560	81303
a00004561	81304
a00004562	81305
a00004563	81306
a00004564	81307
a00004565	81308
a00004566	81309
a00004567	81310
a00004568	81311
a00004569	81312
a00004570	81313
a00004571	81314
a00004572	81315
a00004573	81316
a00004574	81317
a00004575	81318
a00004576	81319
a00004577	81320
a00004578	81321
a00004579	81322
a00004580	81323
a00004581	81324
a00004582	81325
a00004583	81326
a00004584	81327
a00004585	81328
a00004586	81329
a00004587	81330
a00004588	81331
a00004589	81332
a00004590	81333
a00004591	81334
a00004592	81335
a00004593	81336
a00004594	81337
a00004595	81338
a00004596	81339
a00004597	81340
a00004598	81341
a00004599	81342
a00004600	81343
a00004601	81344
a00004602	81345
a00004603	81346
a00004604	81347
a00004605	81348
a00004606	81349
a00004607	81350
a00004608	81351
a00004609	81352
a00004610	81353
a00004611	81354
a00004612	81355
a00004613	81356
a00004614	81357
a00004615	81358
a00004616	81359
a00004617	81360
a00004618	81361
a00004619	81362
a00004620	81363
a00004621	81364
a00004622	81365
a00004623	81366
a00004624	81367
a00004625	81368
a00004626	81369
a00004627	81370
a00004628	81371
a00004629	81372
a00004630	81373
a00004631	81374
a00004632	81375
a00004633	81376
a00004634	81377
a00004635	81378
a00004636	81379
a00004637	81380
a00004638	81381
a00004639	81382
a00004640	81383
a00004641	81384
a00004642	81385
a00004643	81386
a00004644	81387
a00004645	81388
a00004646	81389
a00004647	81390
a00004648	81391
a00004649	81392
a00004650	81393
a00004651	81394
a00004652	81395
a00004653	81396
a00004654	81397
a00004655	81398
a00004656	81399
a00004657	81400
a00004658	81401
a00004659	81402
a00004660	81403
a00004661	81404
a00004662	81405
a00004663	81406
a00004664	81407
a00004665	81408
a00004666	81409
a00004667	81410
a00004668	81411
a00004669	81412
a00004670	81413
a00004671	81414
a00004672	81415
a00004673	81416
a00004674	81417
a00004675	81418
a00004676	81419
a00004677	81420
a00004678	81421
a00004679	81422
a00004680	81423
a00004681	81424
a00004682	81425
a00004683	81426
a00004684	81427
a00004685	81428
a00004686	81429
a00004687	81430
a00004688	81431
a00004689	81432
a00004690	81433
a00004691	81434
a00004692	81435
a00004693	81436
a00004694	81437
a00004695	81438
a00004696	81439
a00004697	81440
a00004698	81441
a00004699	81442
a00004700	81443
a00004701	81444
a00004702	81445
a00004703	81446
a00004704	81447
a00004705	81448
a00004706	81449
a00004707	81450
a00004708	81451
a00004709	81452
a00004710	81453
a00004711	81454
a00004712	81455
a00004713	81456
a00004714	81457
a00004715	81458
a00004716	81459
a00004717	81460
a00004718	81461
a00004719	81462
a00004720	81463
a00004721	81464
a00004722	81465
a00004723	81466
a00004724	81467
a00004725	81468
a00004726	81469
a00004727	81470
a00004728	81471
a00004729	81472
a00004730	81473
a00004731	81474
a00004732	81475
a00004733	81476
a00004734	81477
a00004735	81478
a00004736	81479
a00004737	81480
a00004738	81481
a00004739	81482
a00004740	81483
a00004741	81484
a00004742	81485
a00004743	81486
a00004744	81487
a00004745	81488
a00004746	81489
a00004747	81490
a00004748	81491
a00004749	81492
a00004750	81493
a00004751	81494
a00004752	81495
a00004753	81496
a00004754	81497
a00004755	81498
a00004756	81499
a00004757	81500
a00004758	81501
a00004759	81502
a00004760	81503
a00004761	81504
a00004762	81505
a00004763	81506
a00004764	81507
a00004765	81508
a00004766	81509
a00004767	81510
a00004768	81511
a00004769	81512
a00004770	81513
a00004771	81514
a00004772	81515
a00004773	81516
a00004774	81517
a00004775	81518
a00004776	81519
a00004777	81520
a00004778	81521
a00004779	81522
a00004780	81523
a00004781	81524
a00004782	81525
a00004783	81526
a00004784	81527
a00004785	81528
a00004786	81529
a00004787	81530
a00004788	81531
a00004789	81532
a00004790	81533
a00004791	81534
a00004792	81535
a00004793	81536
a00004794	81537
a00004795	81538
a00004796	81539
a00004797	81540
a00004798	81541
a00004799	81542
a00004800	81543
a00004801	81544
a00004802	81545
a00004803	81546
a00004804	81547
a00004805	81548
a00004806	81549
a00004807	81550
a00004808	81551
a00004809	81552
a00004810	81553
a00004811	81554
a00004812	81555
a00004813	81556
a00004814	81557
a00004815	81558
a00004816	81559
a00004817	81560
a00004818	81561
a00004819	81562
a00004820	81563
a00004821	81564
a00004822	81565
a00004823	81566
a00004824	81567
a00004825	81568
a00004826	81569
a00004827	81570
a00004828	81571
a00004829	81572
a00004830	81573
a00004831	81574
a00004832	81575
a00004833	81576
a00004834	81577
a00004835	81578
a00004836	81579
a00004837	81580
a00004838	81581
a00004839	81582
a00004840	81583
a00004841	81584
a00004842	81585
a00004843	81586
a00004844	81587
a00004845	81588
a00004846	81589
a00004847	81590
a00004848	81591
a00004849	81592
a00004850	81593
a00004851	81594
a00004852	81595
a00004853	81596
a00004854	81597
a00004855	81598
a00004856	81599
a00004857	81600
a00004858	81601
a00004859	81602
a00004860	81603
a00004861	81604
a00004862	81605
a00004863	81606
a00004864	81607
a00004865	81608
a00004866	81609
a00004867	81610
a00004868	81611
a00004869	81612
a00004870	81613
a00004871	81614
a00004872	81615
a00004873	81616
a00004874	81617
a00004875	81618
a00004876	81619
a00004877	81620
a00004878	81621
a00004879	81622
a00004880	81623
a00004881	81624
a00004882	81625
a00004883	81626
a00004884	81627
a00004885	81628
a00004886	81629
a00004887	81630
a00004888	81631
a00004889	81632
a00004890	81633
a00004891	81634
a00004892	81635
a00004893	81636
a00004894	81637
a00004895	81638
a00004896	81639
a00004897	81640
a00004898	81641
a00004899	81642
a00004900	81643
a00004901	81644
a00004902	81645
a00004903	81646
a00004904	81647
a00004905	81648
a00004906	81649
a00004907	81650
a00004908	81651
a00004909	81652
a00004910	81653
a00004911	81654
a00004912	81655
a00004913	81656
a00004914	81657
a00004915	81658
a00004916	81659
a00004917	81660
a00004918	81661
a00004919	81662
a00004920	81663
a00004921	81664
a00004922	81665
a00004923	81666
a00004924	81667
a00004925	81668
a00004926	81669
a00004927	81670
a00004928	81671
a00004929	81672
a00004930	81673
a00004931	81674
a00004932	81675
a00004933	81676
a00004934	81677
a00004935	81678
a00004936	81679
a00004937	81680
a00004938	81681
a00004939	81682
a00004940	81683
a00004941	81684
a00004942	81685
a00004943	81686
a00004944	81687
a00004945	81688
a00004946	81689
a00004947	81690
a00004948	81691
a00004949	81692
a00004950	81693
a00004951	81694
a00004952	81695
a00004953	81696
a00004954	81697
a00004955	81698
a00004956	81699
a00004957	81700
a00004958	81701
a00004959	81702
a00004960	81703
a00004961	81704
a00004962	81705
a00004963	81706
a00004964	81707
a00004965	81708
a00004966	81709
a00004967	81710
a00004968	81711
a00004969	81712
a00004970	81713
a00004971	81714
a00004972	81715
a00004973	81716
a00004974	81717
a00004975	81718
a00004976	81719
a00004977	81720
a00004978	81721
a00004979	81722
a00004980	81723
a00004981	81724
a00004982	81725
a00004983	81726
a00004984	81727
a00004985	81728
a00004986	81729
a00004987	81730
a00004988	81731
a00004989	81732
a00004990	81733
a00004991	81734
a00004992	81735
a00004993	81736
a00004994	81737
a00004995	81738
a00004996	81739
a00004997	81740
a00004998	81741
a00004999	81742
a00005000	81743
a00005001	81744
a00005002	81745
a00005003	81746
a00005004	81747
a00005005	81748
a00005006	81749
a00005007	81750
a00005008	81751
a00005009	81752
a00005010	81753
a00005011	81754
a00005012	81755
a00005013	81756
a00005014	81757
a00005015	81758
a00005016	81759
a00005017	81760
a00005018	81761
a00005019	81762
a00005020	81763
a00005021	81764
a00005022	81765
a00005023	81766
a00005024	81767
a00005025	81768
a00005026	81769
a00005027	81770
a00005028	81771
a00005029	81772
a00005030	81773
a00005031	81774
a00005032	81775
a00005033	81776
a00005034	81777
a00005035	81778
a00005036	81779
a00005037	81780
a00005038	81781
a00005039	81782
a00005040	81783
a00005041	81784
a00005042	81785
a00005043	81786
a00005044	81787
a00005045	81788
a00005046	81789
a00005047	81790
a00005048	81791
a00005049	81792
a00005050	81793
a00005051	81794
a00005052	81795
a00005053	81796
a00005054	81797
a00005055	81798
a00005056	81799
a00005057	81800
a00005058	81801
a00005059	81802
a00005060	81803
a00005061	81804
a00005062	81805
a00005063	81806
a00005064	81807
a00005065	81808
a00005066	81809
a00005067	81810
a00005068	81811
a00005069	81812
a00005070	81813
a00005071	81814
a00005072	81815
a00005073	81816
a00005074	81817
a00005075	81818
a00005076	81819
a00005077	81820
a00005078	81821
a00005079	81822
a00005080	81823
a00005081	81824
a00005082	81825
a00005083	81826
a00005084	81827
a00005085	81828
a00005086	81829
a00005087	81830
a00005088	81831
a00005089	81832
a00005090	81833
a00005091	81834
a00005092	81835
a00005093	81836
a00005094	81837
a00005095	81838
a00005096	81839
a00005097	81840
a00005098	81841
a00005099	81842
a00005100	81843
a00005101	81844
a00005102	81845
a00005103	81846
a00005104	81847
a00005105	81848
a00005106	81849
a00005107	81850
a00005108	81851
a00005109	81852
a00005110	81853
a00005111	81854
a00005112	81855
a00005113	81856
a00005114	81857
a00005115	81858
a00005116	81859
a00005117	81860
a00005118	81861
a00005119	81862
a00005120	81863
a00005121	81864
a00005122	81865
a00005123	81866
a00005124	81867
a00005125	81868
a00005126	81869
a00005127	81870
a00005128	81871
a00005129	81872
a00005130	81873
a00005131	81874
a00005132	81875
a00005133	81876
a00005134	81877
a00005135	81878
a00005136	81879
a00005137	81880
a00005138	81881
a00005139	81882
a00005140	81883
a00005141	81884
a00005142	81885
a00005143	81886
a00005144	81887
a00005145	81888
a00005146	81889
a00005147	81890
a00005148	81891
a00005149	81892
a00005150	81893
a00005151	81894
a00005152	81895
a00005153	81896
a00005154	81897
a00005155	81898
a00005156	81899
a00005157	81900
a00005158	81901
a00005159	81902
a00005160	81903
a00005161	81904
a00005162	81905
a00005163	81906
a00005164	81907
a00005165	81908
a00005166	81909
a00005167	81910
a00005168	81911
a00005169	81912
a00005170	81913
a00005171	81914
a00005172	81915
a00005173	81916
a00005174	81917
a00005175	81918
a00005176	81919
a00005177	81920
a00005178	81921
a00005179	81922
a00005180	81923
a00005181	81924
a00005182	81925
a00005183	81926
a00005184	81927
a00005185	81928
a00005186	81929
a00005187	81930
a00005188	81931
a00005189	81932
a00005190	81933
a00005191	81934
a00005192	81935
a00005193	81936
a00005194	81937
a00005195	81938
a00005196	81939
a00005197	81940
a00005198	81941
a00005199	81942
a00005200	81943
a00005201	81944
a00005202	81945
a00005203	81946
a00005204	81947
a00005205	81948
a00005206	81949
a00005207	81950
a00005208	81951
a00005209	81952
a00005210	81953
a00005211	81954
a00005212	81955
a00005213	81956
a00005214	81957
a00005215	81958
a00005216	81959
a00005217	81960
a00005218	81961
a00005219	81962
a00005220	81963
a00005221	81964
a00005222	81965
a00005223	81966
a00005224	81967
a00005225	81968
a00005226	81969
a00005227	81970
a00005228	81971
a00005229	81972
a00005230	81973
a00005231	81974
a00005232	81975
a00005233	81976
a00005234	81977
a00005235	81978
a00005236	81979
a00005237	81980
a00005238	81981
a00005239	81982
a00005240	81983
a00005241	81984
a00005242	81985
a00005243	81986
a00005244	81987
a00005245	81988
a00005246	81989
a00005247	81990
a00005248	81991
a00005249	81992
a00005250	81993
a00005251	81994
a00005252	81995
a00005253	81996
a00005254	81997
a00005255	81998
a00005256	81999
a00005257	82000
a00005258	82001
a00005259	82002
a00005260	82003
a00005261	82004
a00005262	82005
a00005263	82006
a00005264	82007
a00005265	82008
a00005266	82009
a00005267	82010
a00005268	82011
a00005269	82012
a00005270	82013
a00005271	82014
a00005272	82015
a00005273	82016
a00005274	82017
a00005275	82018
a00005276	82019
a00005277	82020
a00005278	82021
a00005279	82022
a00005280	82023
a00005281	82024
a00005282	82025
a00005283	82026
a00005284	82027
a00005285	82028
a00005286	82029
a00005287	82030
a00005288	82031
a00005289	82032
a00005290	82033
a00005291	82034
a00005292	82035
a00005293	82036
a00005294	82037
a00005295	82038
a00005296	82039
a00005297	82040
a00005298	82041
a00005299	82042
a00005300	82043
a00005301	82044
a00005302	82045
a00005303	82046
a00005304	82047
a00005305	82048
a00005306	82049
a00005307	82050
a00005308	82051
a00005309	82052
a00005310	82053
a00005311	82054
a00005312	82055
a00005313	82056
a00005314	82057
a00005315	82058
a00005316	82059
a00005317	82060
a00005318	82061
a00005319	82062
a00005320	82063
a00005321	82064
a00005322	82065
a00005323	82066
a00005324	82067
a00005325	82068
a00005326	82069
a00005327	82070
a00005328	82071
a00005329	82072
a00005330	82073
a00005331	82074
a00005332	82075
a00005333	82076
a00005334	82077
a00005335	82078
a00005336	82079
a00005337	82080
a00005338	82081
a00005339	82082
a00005340	82083
a00005341	82084
a00005342	82085
a00005343	82086
a00005344	82087
a00005345	82088
a00005346	82089
a00005347	82090
a00005348	82091
a00005349	82092
a00005350	82093
a00005351	82094
a00005352	82095
a00005353	82096
a00005354	82097
a00005355	82098
a00005356	82099
a00005357	82100
a00005358	82101
a00005359	82102
a00005360	82103
a00005361	82104
a00005362	82105
a00005363	82106
a00005364	82107
a00005365	82108
a00005366	82109
a00005367	82110
a00005368	82111
a00005369	82112
a00005370	82113
a00005371	82114
a00005372	82115
a00005373	82116
a00005374	82117
a00005375	82118
a00005376	82119
a00005377	82120
a00005378	82121
a00005379	82122
a00005380	82123
a00005381	82124
a00005382	82125
a00005383	82126
a00005384	82127
a00005385	82128
a00005386	82129
a00005387	82130
a00005388	82131
a00005389	82132
a00005390	82133
a00005391	82134
a00005392	82135
a00005393	82136
a00005394	82137
a00005395	82138
a00005396	82139
a00005397	82140
a00005398	82141
a00005399	82142
a00005400	82143
a00005401	82144
a00005402	82145
a00005403	82146
a00005404	82147
a00005405	82148
a00005406	82149
a00005407	82150
a00005408	82151
a00005409	82152
a00005410	82153
a00005411	82154
a00005412	82155
a00005413	82156
a00005414	82157
a00005415	82158
a00005416	82159
a00005417	82160
a00005418	82161
a00005419	82162
a00005420	82163
a00005421	82164
a00005422	82165
a00005423	82166
a00005424	82167
a00005425	82168
a00005426	82169
a00005427	82170
a00005428	82171
a00005429	82172
a00005430	82173
a00005431	82174
a00005432	82175
a00005433	82176
a00005434	82177
a00005435	82178
a00005436	82179
a00005437	82180
a00005438	82181
a00005439	82182
a00005440	82183
a00005441	82184
a00005442	82185
a00005443	82186
a00005444	82187
a00005445	82188
a00005446	82189
a00005447	82190
a00005448	82191
a00005449	82192
a00005450	82193
a00005451	82194
a00005452	82195
a00005453	82196
a00005454	82197
a00005455	82198
a00005456	82199
a00005457	82200
a00005458	82201
a00005459	82202
a00005460	82203
a00005461	82204
a00005462	82205
a00005463	82206
a00005464	82207
a00005465	82208
a00005466	82209
a00005467	82210
a00005468	82211
a00005469	82212
a00005470	82213
a00005471	82214
a00005472	82215
a00005473	82216
a00005474	82217
a00005475	82218
a00005476	82219
a00005477	82220
a00005478	82221
a00005479	82222
a00005480	82223
a00005481	82224
a00005482	82225
a00005483	82226
a00005484	82227
a00005485	82228
a00005486	82229
a00005487	82230
a00005488	82231
a00005489	82232
a00005490	82233
a00005491	82234
a00005492	82235
a00005493	82236
a00005494	82237
a00005495	82238
a00005496	82239
a00005497	82240
a00005498	82241
a00005499	82242
a00005500	82243
a00005501	82244
a00005502	82245
a00005503	82246
a00005504	82247
a00005505	82248
a00005506	82249
a00005507	82250
a00005508	82251
a00005509	82252
a00005510	82253
a00005511	82254
a00005512	82255
a00005513	82256
a00005514	82257
a00005515	82258
a00005516	82259
a00005517	82260
a00005518	82261
a00005519	82262
a00005520	82263
a00005521	82264
a00005522	82265
a00005523	82266
a00005524	82267
a00005525	82268
a00005526	82269
a00005527	82270
a00005528	82271
a00005529	82272
a00005530	82273
a00005531	82274
a00005532	82275
a00005533	82276
a00005534	82277
a00005535	82278
a00005536	82279
a00005537	82280
a00005538	82281
a00005539	82282
a00005540	82283
a00005541	82284
a00005542	82285
a00005543	82286
a00005544	82287
a00005545	82288
a00005546	82289
a00005547	82290
a00005548	82291
a00005549	82292
a00005550	82293
a00005551	82294
a00005552	82295
a00005553	82296
a00005554	82297
a00005555	82298
a00005556	82299
a00005557	82300
a00005558	82301
a00005559	82302
a00005560	82303
a00005561	82304
a00005562	82305
a00005563	82306
a00005564	82307
a00005565	82308
a00005566	82309
a00005567	82310
a00005568	82311
a00005569	82312
a00005570	82313
a00005571	82314
a00005572	82315
a00005573	82316
a00005574	82317
a00005575	82318
a00005576	82319
a00005577	82320
a00005578	82321
a00005579	82322
a00005580	82323
a00005581	82324
a00005582	82325
a00005583	82326
a00005584	82327
a00005585	82328
a00005586	82329
a00005587	82330
a00005588	82331
a00005589	82332
a00005590	82333
a00005591	82334
a00005592	82335
a00005593	82336
a00005594	82337
a00005595	82338
a00005596	82339
a00005597	82340
a00005598	82341
a00005599	82342
a00005600	82343
a00005601	82344
a00005602	82345
a00005603	82346
a00005604	82347
a00005605	82348
a00005606	82349
a00005607	82350
a00005608	82351
a00005609	82352
a00005610	82353
a00005611	82354
a00005612	82355
a00005613	82356
a00005614	82357
a00005615	82358
a00005616	82359
a00005617	82360
a00005618	82361
a00005619	82362
a00005620	82363
a00005621	82364
a00005622	82365
a00005623	82366
a00005624	82367
a00005625	82368
a00005626	82369
a00005627	82370
a00005628	82371
a00005629	82372
a00005630	82373
a00005631	82374
a00005632	82375
a00005633	82376
a00005634	82377
a00005635	82378
a00005636	82379
a00005637	82380
a00005638	82381
a00005639	82382
a00005640	82383
a00005641	82384
a00005642	82385
a00005643	82386
a00005644	82387
a00005645	82388
a00005646	82389
a00005647	82390
a00005648	82391
a00005649	82392
a00005650	82393
a00005651	82394
a00005652	82395
a00005653	82396
a00005654	82397
a00005655	82398
a00005656	82399
a00005657	82400
a00005658	82401
a00005659	82402
a00005660	82403
a00005661	82404
a00005662	82405
a00005663	82406
a00005664	82407
a00005665	82408
a00005666	82409
a00005667	82410
a00005668	82411
a00005669	82412
a00005670	82413
a00005671	82414
a00005672	82415
a00005673	82416
a00005674	82417
a00005675	82418
a00005676	82419
a00005677	82420
a00005678	82421
a00005679	82422
a00005680	82423
a00005681	82424
a00005682	82425
a00005683	82426
a00005684	82427
a00005685	82428
a00005686	82429
a00005687	82430
a00005688	82431
a00005689	82432
a00005690	82433
a00005691	82434
a00005692	82435
a00005693	82436
a00005694	82437
a00005695	82438
a00005696	82439
a00005697	82440
a00005698	82441
a00005699	82442
a00005700	82443
a00005701	82444
a00005702	82445
a00005703	82446
a00005704	82447
a00005705	82448
a00005706	82449
a00005707	82450
a00005708	82451
a00005709	82452
a00005710	82453
a00005711	82454
a00005712	82455
a00005713	82456
a00005714	82457
a00005715	82458
a00005716	82459
a00005717	82460
a00005718	82461
a00005719	82462
a00005720	82463
a00005721	82464
a00005722	82465
a00005723	82466
a00005724	82467
a00005725	82468
a00005726	82469
a00005727	82470
a00005728	82471
a00005729	82472
a00005730	82473
a00005731	82474
a00005732	82475
a00005733	82476
a00005734	82477
a00005735	82478
a00005736	82479
a00005737	82480
a00005738	82481
a00005739	82482
a00005740	82483
a00005741	82484
a00005742	82485
a00005743	82486
a00005744	82487
a00005745	82488
a00005746	82489
a00005747	82490
a00005748	82491
a00005749	82492
a00005750	82493
a00005751	82494
a00005752	82495
a00005753	82496
a00005754	82497
a00005755	82498
a00005756	82499
a00005757	82500
a00005758	82501
a00005759	82502
a00005760	82503
a00005761	82504
a00005762	82505
a00005763	82506
a00005764	82507
a00005765	82508
a00005766	82509
a00005767	82510
a00005768	82511
a00005769	82512
a00005770	82513
a00005771	82514
a00005772	82515
a00005773	82516
a00005774	82517
a00005775	82518
a00005776	82519
a00005777	82520
a00005778	82521
a00005779	82522
a00005780	82523
a00005781	82524
a00005782	82525
a00005783	82526
a00005784	82527
a00005785	82528
a00005786	82529
a00005787	82530
a00005788	82531
a00005789	82532
a00005790	82533
a00005791	82534
a00005792	82535
a00005793	82536
a00005794	82537
a00005795	82538
a00005796	82539
a00005797	82540
a00005798	82541
a00005799	82542
a00005800	82543
a00005801	82544
a00005802	82545
a00005803	82546
a00005804	82547
a00005805	82548
a00005806	82549
a00005807	82550
a00005808	82551
a00005809	82552
a00005810	82553
a00005811	82554
a00005812	82555
a00005813	82556
a00005814	82557
a00005815	82558
a00005816	82559
a00005817	82560
a00005818	82561
a00005819	82562
a00005820	82563
a00005821	82564
a00005822	82565
a00005823	82566
a00005824	82567
a00005825	82568
a00005826	82569
a00005827	82570
a00005828	82571
a00005829	82572
a00005830	82573
a00005831	82574
a00005832	82575
a00005833	82576
a00005834	82577
a00005835	82578
a00005836	82579
a00005837	82580
a00005838	82581
a00005839	82582
a00005840	82583
a00005841	82584
a00005842	82585
a00005843	82586
a00005844	82587
a00005845	82588
a00005846	82589
a00005847	82590
a00005848	82591
a00005849	82592
a00005850	82593
a00005851	82594
a00005852	82595
a00005853	82596
a00005854	82597
a00005855	82598
a00005856	82599
a00005857	82600
a00005858	82601
a00005859	82602
a00005860	82603
a00005861	82604
a00005862	82605
a00005863	82606
a00005864	82607
a00005865	82608
a00005866	82609
a00005867	82610
a00005868	82611
a00005869	82612
a00005870	82613
a00005871	82614
a00005872	82615
a00005873	82616
a00005874	82617
a00005875	82618
a00005876	82619
a00005877	82620
a00005878	82621
a00005879	82622
a00005880	82623
a00005881	82624
a00005882	82625
a00005883	82626
a00005884	82627
a00005885	82628
a00005886	82629
a00005887	82630
a00005888	82631
a00005889	82632
a00005890	82633
a00005891	82634
a00005892	82635
a00005893	82636
a00005894	82637
a00005895	82638
a00005896	82639
a00005897	82640
a00005898	82641
a00005899	82642
a00005900	82643
a00005901	82644
a00005902	82645
a00005903	82646
a00005904	82647
a00005905	82648
a00005906	82649
a00005907	82650
a00005908	82651
a00005909	82652
a00005910	82653
a00005911	82654
a00005912	82655
a00005913	82656
a00005914	82657
a00005915	82658
a00005916	82659
a00005917	82660
a00005918	82661
a00005919	82662
a00005920	82663
a00005921	82664
a00005922	82665
a00005923	82666
a00005924	82667
a00005925	82668
a00005926	82669
a00005927	82670
a00005928	82671
a00005929	82672
a00005930	82673
a00005931	82674
a00005932	82675
a00005933	82676
a00005934	82677
a00005935	82678
a00005936	82679
a00005937	82680
a00005938	82681
a00005939	82682
a00005940	82683
a00005941	82684
a00005942	82685
a00005943	82686
a00005944	82687
a00005945	82688
a00005946	82689
a00005947	82690
a00005948	82691
a00005949	82692
a00005950	82693
a00005951	82694
a00005952	82695
a00005953	82696
a00005954	82697
a00005955	82698
a00005956	82699
a00005957	82700
a00005958	82701
a00005959	82702
a00005960	82703
a00005961	82704
a00005962	82705
a00005963	82706
a00005964	82707
a00005965	82708
a00005966	82709
a00005967	82710
a00005968	82711
a00005969	82712
a00005970	82713
a00005971	82714
a00005972	82715
a00005973	82716
a00005974	82717
a00005975	82718
a00005976	82719
a00005977	82720
a00005978	82721
a00005979	82722
a00005980	82723
a00005981	82724
a00005982	82725
a00005983	82726
a00005984	82727
a00005985	82728
a00005986	82729
a00005987	82730
a00005988	82731
a00005989	82732
a00005990	82733
a00005991	82734
a00005992	82735
a00005993	82736
a00005994	82737
a00005995	82738
a00005996	82739
a00005997	82740
a00005998	82741
a00005999	82742
a00006000	82743
a00006001	82744
a00006002	82745
a00006003	82746
a00006004	82747
a00006005	82748
a00006006	82749
a00006007	82750
a00006008	82751
a00006009	82752
a00006010	82753
a00006011	82754
a00006012	82755
a00006013	82756
a00006014	82757
a00006015	82758
a00006016	82759
a00006017	82760
a00006018	82761
a00006019	82762
a00006020	82763
a00006021	82764
a00006022	82765
a00006023	82766
a00006024	82767
a00006025	82768
a00006026	82769
a00006027	82770
a00006028	82771
a00006029	82772
a00006030	82773
a00006031	82774
a00006032	82775
a00006033	82776
a00006034	82777
a00006035	82778
a00006036	82779
a00006037	82780
a00006038	82781
a00006039	82782
a00006040	82783
a00006041	82784
a00006042	82785
a00006043	82786
a00006044	82787
a00006045	82788
a00006046	82789
a00006047	82790
a00006048	82791
a00006049	82792
a00006050	82793
a00006051	82794
a00006052	82795
a00006053	82796
a00006054	82797
a00006055	82798
a00006056	82799
a00006057	82800
a00006058	82801
a00006059	82802
a00006060	82803
a00006061	82804
a00006062	82805
a00006063	82806
a00006064	82807
a00006065	82808
a00006066	82809
a00006067	82810
a00006068	82811
a00006069	82812
a00006070	82813
a00006071	82814
a00006072	82815
a00006073	82816
a00006074	82817
a00006075	82818
a00006076	82819
a00006077	82820
a00006078	82821
a00006079	82822
a00006080	82823
a00006081	82824
a00006082	82825
a00006083	82826
a00006084	82827
a00006085	82828
a00006086	82829
a00006087	82830
a00006088	82831
a00006089	82832
a00006090	82833
a00006091	82834
a00006092	82835
a00006093	82836
a00006094	82837
a00006095	82838
a00006096	82839
a00006097	82840
a00006098	82841
a00006099	82842
a00006100	82843
a00006101	82844
a00006102	82845
a00006103	82846
a00006104	82847
a00006105	82848
a00006106	82849
a00006107	82850
a00006108	82851
a00006109	82852
a00006110	82853
a00006111	82854
a00006112	82855
a00006113	82856
a00006114	82857
a00006115	82858
a00006116	82859
a00006117	82860
a00006118	82861
a00006119	82862
a00006120	82863
a00006121	82864
a00006122	82865
a00006123	82866
a00006124	82867
a00006125	82868
a00006126	82869
a00006127	82870
a00006128	82871
a00006129	82872
a00006130	82873
a00006131	82874
a00006132	82875
a00006133	82876
a00006134	82877
a00006135	82878
a00006136	82879
a00006137	82880
a00006138	82881
a00006139	82882
a00006140	82883
a00006141	82884
a00006142	82885
a00006143	82886
a00006144	82887
a00006145	82888
a00006146	82889
a00006147	82890
a00006148	82891
a00006149	82892
a00006150	82893
a00006151	82894
a00006152	82895
a00006153	82896
a00006154	82897
a00006155	82898
a00006156	82899
a00006157	82900
a00006158	82901
a00006159	82902
a00006160	82903
a00006161	82904
a00006162	82905
a00006163	82906
a00006164	82907
a00006165	82908
a00006166	82909
a00006167	82910
a00006168	82911
a00006169	82912
a00006170	82913
a00006171	82914
a00006172	82915
a00006173	82916
a00006174	82917
a00006175	82918
a00006176	82919
a00006177	82920
a00006178	82921
a00006179	82922
a00006180	82923
a00006181	82924
a00006182	82925
a00006183	82926
a00006184	82927
a00006185	82928
a00006186	82929
a00006187	82930
a00006188	82931
a00006189	82932
a00006190	82933
a00006191	82934
a00006192	82935
a00006193	82936
a00006194	82937
a00006195	82938
a00006196	82939
a00006197	82940
a00006198	82941
a00006199	82942
a00006200	82943
a00006201	82944
a00006202	82945
a00006203	82946
a00006204	82947
a00006205	82948
a00006206	82949
a00006207	82950
a00006208	82951
a00006209	82952
a00006210	82953
a00006211	82954
a00006212	82955
a00006213	82956
a00006214	82957
a00006215	82958
a00006216	82959
a00006217	82960
a00006218	82961
a00006219	82962
a00006220	82963
a00006221	82964
a00006222	82965
a00006223	82966
a00006224	82967
a00006225	82968
a00006226	82969
a00006227	82970
a00006228	82971
a00006229	82972
a00006230	82973
a00006231	82974
a00006232	82975
a00006233	82976
a00006234	82977
a00006235	82978
a00006236	82979
a00006237	82980
a00006238	82981
a00006239	82982
a00006240	82983
a00006241	82984
a00006242	82985
a00006243	82986
a00006244	82987
a00006245	82988
a00006246	82989
a00006247	82990
a00006248	82991
a00006249	82992
a00006250	82993
a00006251	82994
a00006252	82995
a00006253	82996
a00006254	82997
a00006255	82998
a00006256	82999
a00006257	83000
a00006258	83001
a00006259	83002
a00006260	83003
a00006261	83004
a00006262	83005
a00006263	83006
a00006264	83007
a00006265	83008
a00006266	83009
a00006267	83010
a00006268	83011
a00006269	83012
a00006270	83013
a00006271	83014
a00006272	83015
a00006273	83016
a00006274	83017
a00006275	83018
a00006276	83019
a00006277	83020
a00006278	83021
a00006279	83022
a00006280	83023
a00006281	83024
a00006282	83025
a00006283	83026
a00006284	83027
a00006285	83028
a00006286	83029
a00006287	83030
a00006288	83031
a00006289	83032
a00006290	83033
a00006291	83034
a00006292	83035
a00006293	83036
a00006294	83037
a00006295	83038
a00006296	83039
a00006297	83040
a00006298	83041
a00006299	83042
a00006300	83043
a00006301	83044
a00006302	83045
a00006303	83046
a00006304	83047
a00006305	83048
a00006306	83049
a00006307	83050
a00006308	83051
a00006309	83052
a00006310	83053
a00006311	83054
a00006312	83055
a00006313	83056
a00006314	83057
a00006315	83058
a00006316	83059
a00006317	83060
a00006318	83061
a00006319	83062
a00006320	83063
a00006321	83064
a00006322	83065
a00006323	83066
a00006324	83067
a00006325	83068
a00006326	83069
a00006327	83070
a00006328	83071
a00006329	83072
a00006330	83073
a00006331	83074
a00006332	83075
a00006333	83076
a00006334	83077
a00006335	83078
a00006336	83079
a00006337	83080
a00006338	83081
a00006339	83082
a00006340	83083
a00006341	83084
a00006342	83085
a00006343	83086
a00006344	83087
a00006345	83088
a00006346	83089
a00006347	83090
a00006348	83091
a00006349	83092
a00006350	83093
a00006351	83094
a00006352	83095
a00006353	83096
a00006354	83097
a00006355	83098
a00006356	83099
a00006357	83100
a00006358	83101
a00006359	83102
a00006360	83103
a00006361	83104
a00006362	83105
a00006363	83106
a00006364	83107
a00006365	83108
a00006366	83109
a00006367	83110
a00006368	83111
a00006369	83112
a00006370	83113
a00006371	83114
a00006372	83115
a00006373	83116
a00006374	83117
a00006375	83118
a00006376	83119
a00006377	83120
a00006378	83121
a00006379	83122
a00006380	83123
a00006381	83124
a00006382	83125
a00006383	83126
a00006384	83127
a00006385	83128
a00006386	83129
a00006387	83130
a00006388	83131
a00006389	83132
a00006390	83133
a00006391	83134
a00006392	83135
a00006393	83136
a00006394	83137
a00006395	83138
a00006396	83139
a00006397	83140
a00006398	83141
a00006399	83142
a00006400	83143
a00006401	83144
a00006402	83145
a00006403	83146
a00006404	83147
a00006405	83148
a00006406	83149
a00006407	83150
a00006408	83151
a00006409	83152
a00006410	83153
a00006411	83154
a00006412	83155
a00006413	83156
a00006414	83157
a00006415	83158
a00006416	83159
a00006417	83160
a00006418	83161
a00006419	83162
a00006420	83163
a00006421	83164
a00006422	83165
a00006423	83166
a00006424	83167
a00006425	83168
a00006426	83169
a00006427	83170
a00006428	83171
a00006429	83172
a00006430	83173
a00006431	83174
a00006432	83175
a00006433	83176
a00006434	83177
a00006435	83178
a00006436	83179
a00006437	83180
a00006438	83181
a00006439	83182
a00006440	83183
a00006441	83184
a00006442	83185
a00006443	83186
a00006444	83187
a00006445	83188
a00006446	83189
a00006447	83190
a00006448	83191
a00006449	83192
a00006450	83193
a00006451	83194
a00006452	83195
a00006453	83196
a00006454	83197
a00006455	83198
a00006456	83199
a00006457	83200
a00006458	83201
a00006459	83202
a00006460	83203
a00006461	83204
a00006462	83205
a00006463	83206
a00006464	83207
a00006465	83208
a00006466	83209
a00006467	83210
a00006468	83211
a00006469	83212
a00006470	83213
a00006471	83214
a00006472	83215
a00006473	83216
a00006474	83217
a00006475	83218
a00006476	83219
a00006477	83220
a00006478	83221
a00006479	83222
a00006480	83223
a00006481	83224
a00006482	83225
a00006483	83226
a00006484	83227
a00006485	83228
a00006486	83229
a00006487	83230
a00006488	83231
a00006489	83232
a00006490	83233
a00006491	83234
a00006492	83235
a00006493	83236
a00006494	83237
a00006495	83238
a00006496	83239
a00006497	83240
a00006498	83241
a00006499	83242
a00006500	83243
a00006501	83244
a00006502	83245
a00006503	83246
a00006504	83247
a00006505	83248
a00006506	83249
a00006507	83250
a00006508	83251
a00006509	83252
a00006510	83253
a00006511	83254
a00006512	83255
a00006513	83256
a00006514	83257
a00006515	83258
a00006516	83259
a00006517	83260
a00006518	83261
a00006519	83262
a00006520	83263
a00006521	83264
a00006522	83265
a00006523	83266
a00006524	83267
a00006525	83268
a00006526	83269
a00006527	83270
a00006528	83271
a00006529	83272
a00006530	83273
a00006531	83274
a00006532	83275
a00006533	83276
a00006534	83277
a00006535	83278
a00006536	83279
a00006537	83280
a00006538	83281
a00006539	83282
a00006540	83283
a00006541	83284
a00006542	83285
a00006543	83286
a00006544	83287
a00006545	83288
a00006546	83289
a00006547	83290
a00006548	83291
a00006549	83292
a00006550	83293
a00006551	83294
a00006552	83295
a00006553	83296
a00006554	83297
a00006555	83298
a00006556	83299
a00006557	83300
a00006558	83301
a00006559	83302
a00006560	83303
a00006561	83304
a00006562	83305
a00006563	83306
a00006564	83307
a00006565	83308
a00006566	83309
a00006567	83310
a00006568	83311
a00006569	83312
a00006570	83313
a00006571	83314
a00006572	83315
a00006573	83316
a00006574	83317
a00006575	83318
a00006576	83319
a00006577	83320
a00006578	83321
a00006579	83322
a00006580	83323
a00006581	83324
a00006582	83325
a00006583	83326
a00006584	83327
a00006585	83328
a00006586	83329
a00006587	83330
a00006588	83331
a00006589	83332
a00006590	83333
a00006591	83334
a00006592	83335
a00006593	83336
a00006594	83337
a00006595	83338
a00006596	83339
a00006597	83340
a00006598	83341
a00006599	83342
a00006600	83343
a00006601	83344
a00006602	83345
a00006603	83346
a00006604	83347
a00006605	83348
a00006606	83349
a00006607	83350
a00006608	83351
a00006609	83352
a00006610	83353
a00006611	83354
a00006612	83355
a00006613	83356
a00006614	83357
a00006615	83358
a00006616	83359
a00006617	83360
a00006618	83361
a00006619	83362
a00006620	83363
a00006621	83364
a00006622	83365
a00006623	83366
a00006624	83367
a00006625	83368
a00006626	83369
a00006627	83370
a00006628	83371
a00006629	83372
a00006630	83373
a00006631	83374
a00006632	83375
a00006633	83376
a00006634	83377
a00006635	83378
a00006636	83379
a00006637	83380
a00006638	83381
a00006639	83382
a00006640	83383
a00006641	83384
a00006642	83385
a00006643	83386
a00006644	83387
a00006645	83388
a00006646	83389
a00006647	83390
a00006648	83391
a00006649	83392
a00006650	83393
a00006651	83394
a00006652	83395
a00006653	83396
a00006654	83397
a00006655	83398
a00006656	83399
a00006657	83400
a00006658	83401
a00006659	83402
a00006660	83403
a00006661	83404
a00006662	83405
a00006663	83406
a00006664	83407
a00006665	83408
a00006666	83409
a00006667	83410
a00006668	83411
a00006669	83412
a00006670	83413
a00006671	83414
a00006672	83415
a00006673	83416
a00006674	83417
a00006675	83418
a00006676	83419
a00006677	83420
a00006678	83421
a00006679	83422
a00006680	83423
a00006681	83424
a00006682	83425
a00006683	83426
a00006684	83427
a00006685	83428
a00006686	83429
a00006687	83430
a00006688	83431
a00006689	83432
a00006690	83433
a00006691	83434
a00006692	83435
a00006693	83436
a00006694	83437
a00006695	83438
a00006696	83439
a00006697	83440
a00006698	83441
a00006699	83442
a00006700	83443
a00006701	83444
a00006702	83445
a00006703	83446
a00006704	83447
a00006705	83448
a00006706	83449
a00006707	83450
a00006708	83451
a00006709	83452
a00006710	83453
a00006711	83454
a00006712	83455
a00006713	83456
a00006714	83457
a00006715	83458
a00006716	83459
a00006717	83460
a00006718	83461
a00006719	83462
a00006720	83463
a00006721	83464
a00006722	83465
a00006723	83466
a00006724	83467
a00006725	83468
a00006726	83469
a00006727	83470
a00006728	83471
a00006729	83472
a00006730	83473
a00006731	83474
a00006732	83475
a00006733	83476
a00006734	83477
a00006735	83478
a00006736	83479
a00006737	83480
a00006738	83481
a00006739	83482
a00006740	83483
a00006741	83484
a00006742	83485
a00006743	83486
a00006744	83487
a00006745	83488
a00006746	83489
a00006747	83490
a00006748	83491
a00006749	83492
a00006750	83493
a00006751	83494
a00006752	83495
a00006753	83496
a00006754	83497
a00006755	83498
a00006756	83499
a00006757	83500
a00006758	83501
a00006759	83502
a00006760	83503
a00006761	83504
a00006762	83505
a00006763	83506
a00006764	83507
a00006765	83508
a00006766	83509
a00006767	83510
a00006768	83511
a00006769	83512
a00006770	83513
a00006771	83514
a00006772	83515
a00006773	83516
a00006774	83517
a00006775	83518
a00006776	83519
a00006777	83520
a00006778	83521
a00006779	83522
a00006780	83523
a00006781	83524
a00006782	83525
a00006783	83526
a00006784	83527
a00006785	83528
a00006786	83529
a00006787	83530
a00006788	83531
a00006789	83532
a00006790	83533
a00006791	83534
a00006792	83535
a00006793	83536
a00006794	83537
a00006795	83538
a00006796	83539
a00006797	83540
a00006798	83541
a00006799	83542
a00006800	83543
a00006801	83544
a00006802	83545
a00006803	83546
a00006804	83547
a00006805	83548
a00006806	83549
a00006807	83550
a00006808	83551
a00006809	83552
a00006810	83553
a00006811	83554
a00006812	83555
a00006813	83556
a00006814	83557
a00006815	83558
a00006816	83559
a00006817	83560
a00006818	83561
a00006819	83562
a00006820	83563
a00006821	83564
a00006822	83565
a00006823	83566
a00006824	83567
a00006825	83568
a00006826	83569
a00006827	83570
a00006828	83571
a00006829	83572
a00006830	83573
a00006831	83574
a00006832	83575
a00006833	83576
a00006834	83577
a00006835	83578
a00006836	83579
a00006837	83580
a00006838	83581
a00006839	83582
a00006840	83583
a00006841	83584
a00006842	83585
a00006843	83586
a00006844	83587
a00006845	83588
a00006846	83589
a00006847	83590
a00006848	83591
a00006849	83592
a00006850	83593
a00006851	83594
a00006852	83595
a00006853	83596
a00006854	83597
a00006855	83598
a00006856	83599
a00006857	83600
a00006858	83601
a00006859	83602
a00006860	83603
a00006861	83604
a00006862	83605
a00006863	83606
a00006864	83607
a00006865	83608
a00006866	83609
a00006867	83610
a00006868	83611
a00006869	83612
a00006870	83613
a00006871	83614
a00006872	83615
a00006873	83616
a00006874	83617
a00006875	83618
a00006876	83619
a00006877	83620
a00006878	83621
a00006879	83622
a00006880	83623
a00006881	83624
a00006882	83625
a00006883	83626
a00006884	83627
a00006885	83628
a00006886	83629
a00006887	83630
a00006888	83631
a00006889	83632
a00006890	83633
a00006891	83634
a00006892	83635
a00006893	83636
a00006894	83637
a00006895	83638
a00006896	83639
a00006897	83640
a00006898	83641
a00006899	83642
a00006900	83643
a00006901	83644
a00006902	83645
a00006903	83646
a00006904	83647
a00006905	83648
a00006906	83649
a00006907	83650
a00006908	83651
a00006909	83652
a00006910	83653
a00006911	83654
a00006912	83655
a00006913	83656
a00006914	83657
a00006915	83658
a00006916	83659
a00006917	83660
a00006918	83661
a00006919	83662
a00006920	83663
a00006921	83664
a00006922	83665
a00006923	83666
a00006924	83667
a00006925	83668
a00006926	83669
a00006927	83670
a00006928	83671
a00006929	83672
a00006930	83673
a00006931	83674
a00006932	83675
a00006933	83676
a00006934	83677
a00006935	83678
a00006936	83679
a00006937	83680
a00006938	83681
a00006939	83682
a00006940	83683
a00006941	83684
a00006942	83685
a00006943	83686
a00006944	83687
a00006945	83688
a00006946	83689
a00006947	83690
a00006948	83691
a00006949	83692
a00006950	83693
a00006951	83694
a00006952	83695
a00006953	83696
a00006954	83697
a00006955	83698
a00006956	83699
a00006957	83700
a00006958	83701
a00006959	83702
a00006960	83703
a00006961	83704
a00006962	83705
a00006963	83706
a00006964	83707
a00006965	83708
a00006966	83709
a00006967	83710
a00006968	83711
a00006969	83712
a00006970	83713
a00006971	83714
a00006972	83715
a00006973	83716
a00006974	83717
a00006975	83718
a00006976	83719
a00006977	83720
a00006978	83721
a00006979	83722
a00006980	83723
a00006981	83724
a00006982	83725
a00006983	83726
a00006984	83727
a00006985	83728
a00006986	83729
a00006987	83730
a00006988	83731
a00006989	83732
a00006990	83733
a00006991	83734
a00006992	83735
a00006993	83736
a00006994	83737
a00006995	83738
a00006996	83739
a00006997	83740
a00006998	83741
a00006999	83742
a00007000	83743
a00007001	83744
a00007002	83745
a00007003	83746
a00007004	83747
a00007005	83748
a00007006	83749
a00007007	83750
a00007008	83751
a00007009	83752
a00007010	83753
a00007011	83754
a00007012	83755
a00007013	83756
a00007014	83757
a00007015	83758
a00007016	83759
a00007017	83760
a00007018	83761
a00007019	83762
a00007020	83763
a00007021	83764
a00007022	83765
a00007023	83766
a00007024	83767
a00007025	83768
a00007026	83769
a00007027	83770
a00007028	83771
a00007029	83772
a00007030	83773
a00007031	83774
a00007032	83775
a00007033	83776
a00007034	83777
a00007035	83778
a00007036	83779
a00007037	83780
a00007038	83781
a00007039	83782
a00007040	83783
a00007041	83784
a00007042	83785
a00007043	83786
a00007044	83787
a00007045	83788
a00007046	83789
a00007047	83790
a00007048	83791
a00007049	83792
a00007050	83793
a00007051	83794
a00007052	83795
a00007053	83796
a00007054	83797
a00007055	83798
a00007056	83799
a00007057	83800
a00007058	83801
a00007059	83802
a00007060	83803
a00007061	83804
a00007062	83805
a00007063	83806
a00007064	83807
a00007065	83808
a00007066	83809
a00007067	83810
a00007068	83811
a00007069	83812
a00007070	83813
a00007071	83814
a00007072	83815
a00007073	83816
a00007074	83817
a00007075	83818
a00007076	83819
a00007077	83820
a00007078	83821
a00007079	83822
a00007080	83823
a00007081	83824
a00007082	83825
a00007083	83826
a00007084	83827
a00007085	83828
a00007086	83829
a00007087	83830
a00007088	83831
a00007089	83832
a00007090	83833
a00007091	83834
a00007092	83835
a00007093	83836
a00007094	83837
a00007095	83838
a00007096	83839
a00007097	83840
a00007098	83841
a00007099	83842
a00007100	83843
a00007101	83844
a00007102	83845
a00007103	83846
a00007104	83847
a00007105	83848
a00007106	83849
a00007107	83850
a00007108	83851
a00007109	83852
a00007110	83853
a00007111	83854
a00007112	83855
a00007113	83856
a00007114	83857
a00007115	83858
a00007116	83859
a00007117	83860
a00007118	83861
a00007119	83862
a00007120	83863
a00007121	83864
a00007122	83865
a00007123	83866
a00007124	83867
a00007125	83868
a00007126	83869
a00007127	83870
a00007128	83871
a00007129	83872
a00007130	83873
a00007131	83874
a00007132	83875
a00007133	83876
a00007134	83877
a00007135	83878
a00007136	83879
a00007137	83880
a00007138	83881
a00007139	83882
a00007140	83883
a00007141	83884
a00007142	83885
a00007143	83886
a00007144	83887
a00007145	83888
a00007146	83889
a00007147	83890
a00007148	83891
a00007149	83892
a00007150	83893
a00007151	83894
a00007152	83895
a00007153	83896
a00007154	83897
a00007155	83898
a00007156	83899
a00007157	83900
a00007158	83901
a00007159	83902
a00007160	83903
a00007161	83904
a00007162	83905
a00007163	83906
a00007164	83907
a00007165	83908
a00007166	83909
a00007167	83910
a00007168	83911
a00007169	83912
a00007170	83913
a00007171	83914
a00007172	83915
a00007173	83916
a00007174	83917
a00007175	83918
a00007176	83919
a00007177	83920
a00007178	83921
a00007179	83922
a00007180	83923
a00007181	83924
a00007182	83925
a00007183	83926
a00007184	83927
a00007185	83928
a00007186	83929
a00007187	83930
a00007188	83931
a00007189	83932
a00007190	83933
a00007191	83934
a00007192	83935
a00007193	83936
a00007194	83937
a00007195	83938
a00007196	83939
a00007197	83940
a00007198	83941
a00007199	83942
a00007200	83943
a00007201	83944
a00007202	83945
a00007203	83946
a00007204	83947
a00007205	83948
a00007206	83949
a00007207	83950
a00007208	83951
a00007209	83952
a00007210	83953
a00007211	83954
a00007212	83955
a00007213	83956
a00007214	83957
a00007215	83958
a00007216	83959
a00007217	83960
a00007218	83961
a00007219	83962
a00007220	83963
a00007221	83964
a00007222	83965
a00007223	83966
a00007224	83967
a00007225	83968
a00007226	83969
a00007227	83970
a00007228	83971
a00007229	83972
a00007230	83973
a00007231	83974
a00007232	83975
a00007233	83976
a00007234	83977
a00007235	83978
a00007236	83979
a00007237	83980
a00007238	83981
a00007239	83982
a00007240	83983
a00007241	83984
a00007242	83985
a00007243	83986
a00007244	83987
a00007245	83988
a00007246	83989
a00007247	83990
a00007248	83991
a00007249	83992
a00007250	83993
a00007251	83994
a00007252	83995
a00007253	83996
a00007254	83997
a00007255	83998
a00007256	83999
a00007257	84000
a00007258	84001
a00007259	84002
a00007260	84003
a00007261	84004
a00007262	84005
a00007263	84006
a00007264	84007
a00007265	84008
a00007266	84009
a00007267	84010
a00007268	84011
a00007269	84012
a00007270	84013
a00007271	84014
a00007272	84015
a00007273	84016
a00007274	84017
a00007275	84018
a00007276	84019
a00007277	84020
a00007278	84021
a00007279	84022
a00007280	84023
a00007281	84024
a00007282	84025
a00007283	84026
a00007284	84027
a00007285	84028
a00007286	84029
a00007287	84030
a00007288	84031
a00007289	84032
a00007290	84033
a00007291	84034
a00007292	84035
a00007293	84036
a00007294	84037
a00007295	84038
a00007296	84039
a00007297	84040
a00007298	84041
a00007299	84042
a00007300	84043
a00007301	84044
a00007302	84045
a00007303	84046
a00007304	84047
a00007305	84048
a00007306	84049
a00007307	84050
a00007308	84051
a00007309	84052
a00007310	84053
a00007311	84054
a00007312	84055
a00007313	84056
a00007314	84057
a00007315	84058
a00007316	84059
a00007317	84060
a00007318	84061
a00007319	84062
a00007320	84063
a00007321	84064
a00007322	84065
a00007323	84066
a00007324	84067
a00007325	84068
a00007326	84069
a00007327	84070
a00007328	84071
a00007329	84072
a00007330	84073
a00007331	84074
a00007332	84075
a00007333	84076
a00007334	84077
a00007335	84078
a00007336	84079
a00007337	84080
a00007338	84081
a00007339	84082
a00007340	84083
a00007341	84084
a00007342	84085
a00007343	84086
a00007344	84087
a00007345	84088
a00007346	84089
a00007347	84090
a00007348	84091
a00007349	84092
a00007350	84093
a00007351	84094
a00007352	84095
a00007353	84096
a00007354	84097
a00007355	84098
a00007356	84099
a00007357	84100
a00007358	84101
a00007359	84102
a00007360	84103
a00007361	84104
a00007362	84105
a00007363	84106
a00007364	84107
a00007365	84108
a00007366	84109
a00007367	84110
a00007368	84111
a00007369	84112
a00007370	84113
a00007371	84114
a00007372	84115
a00007373	84116
a00007374	84117
a00007375	84118
a00007376	84119
a00007377	84120
a00007378	84121
a00007379	84122
a00007380	84123
a00007381	84124
a00007382	84125
a00007383	84126
a00007384	84127
a00007385	84128
a00007386	84129
a00007387	84130
a00007388	84131
a00007389	84132
a00007390	84133
a00007391	84134
a00007392	84135
a00007393	84136
a00007394	84137
a00007395	84138
a00007396	84139
a00007397	84140
a00007398	84141
a00007399	84142
a00007400	84143
a00007401	84144
a00007402	84145
a00007403	84146
a00007404	84147
a00007405	84148
a00007406	84149
a00007407	84150
a00007408	84151
a00007409	84152
a00007410	84153
a00007411	84154
a00007412	84155
a00007413	84156
a00007414	84157
a00007415	84158
a00007416	84159
a00007417	84160
a00007418	84161
a00007419	84162
a00007420	84163
a00007421	84164
a00007422	84165
a00007423	84166
a00007424	84167
a00007425	84168
a00007426	84169
a00007427	84170
a00007428	84171
a00007429	84172
a00007430	84173
a00007431	84174
a00007432	84175
a00007433	84176
a00007434	84177
a00007435	84178
a00007436	84179
a00007437	84180
a00007438	84181
a00007439	84182
a00007440	84183
a00007441	84184
a00007442	84185
a00007443	84186
a00007444	84187
a00007445	84188
a00007446	84189
a00007447	84190
a00007448	84191
a00007449	84192
a00007450	84193
a00007451	84194
a00007452	84195
a00007453	84196
a00007454	84197
a00007455	84198
a00007456	84199
a00007457	84200
a00007458	84201
a00007459	84202
a00007460	84203
a00007461	84204
a00007462	84205
a00007463	84206
a00007464	84207
a00007465	84208
a00007466	84209
a00007467	84210
a00007468	84211
a00007469	84212
a00007470	84213
a00007471	84214
a00007472	84215
a00007473	84216
a00007474	84217
a00007475	84218
a00007476	84219
a00007477	84220
a00007478	84221
a00007479	84222
a00007480	84223
a00007481	84224
a00007482	84225
a00007483	84226
a00007484	84227
a00007485	84228
a00007486	84229
a00007487	84230
a00007488	84231
a00007489	84232
a00007490	84233
a00007491	84234
a00007492	84235
a00007493	84236
a00007494	84237
a00007495	84238
a00007496	84239
a00007497	84240
a00007498	84241
a00007499	84242
a00007500	84243
a00007501	84244
a00007502	84245
a00007503	84246
a00007504	84247
a00007505	84248
a00007506	84249
a00007507	84250
a00007508	84251
a00007509	84252
a00007510	84253
a00007511	84254
a00007512	84255
a00007513	84256
a00007514	84257
a00007515	84258
a00007516	84259
a00007517	84260
a00007518	84261
a00007519	84262
a00007520	84263
a00007521	84264
a00007522	84265
a00007523	84266
a00007524	84267
a00007525	84268
a00007526	84269
a00007527	84270
a00007528	84271
a00007529	84272
a00007530	84273
a00007531	84274
a00007532	84275
a00007533	84276
a00007534	84277
a00007535	84278
a00007536	84279
a00007537	84280
a00007538	84281
a00007539	84282
a00007540	84283
a00007541	84284
a00007542	84285
a00007543	84286
a00007544	84287
a00007545	84288
a00007546	84289
a00007547	84290
a00007548	84291
a00007549	84292
a00007550	84293
a00007551	84294
a00007552	84295
a00007553	84296
a00007554	84297
a00007555	84298
a00007556	84299
a00007557	84300
a00007558	84301
a00007559	84302
a00007560	84303
a00007561	84304
a00007562	84305
a00007563	84306
a00007564	84307
a00007565	84308
a00007566	84309
a00007567	84310
a00007568	84311
a00007569	84312
a00007570	84313
a00007571	84314
a00007572	84315
a00007573	84316
a00007574	84317
a00007575	84318
a00007576	84319
a00007577	84320
a00007578	84321
a00007579	84322
a00007580	84323
a00007581	84324
a00007582	84325
a00007583	84326
a00007584	84327
a00007585	84328
a00007586	84329
a00007587	84330
a00007588	84331
a00007589	84332
a00007590	84333
a00007591	84334
a00007592	84335
a00007593	84336
a00007594	84337
a00007595	84338
a00007596	84339
a00007597	84340
a00007598	84341
a00007599	84342
a00007600	84343
a00007601	84344
a00007602	84345
a00007603	84346
a00007604	84347
a00007605	84348
a00007606	84349
a00007607	84350
a00007608	84351
a00007609	84352
a00007610	84353
a00007611	84354
a00007612	84355
a00007613	84356
a00007614	84357
a00007615	84358
a00007616	84359
a00007617	84360
a00007618	84361
a00007619	84362
a00007620	84363
a00007621	84364
a00007622	84365
a00007623	84366
a00007624	84367
a00007625	84368
a00007626	84369
a00007627	84370
a00007628	84371
a00007629	84372
a00007630	84373
a00007631	84374
a00007632	84375
a00007633	84376
a00007634	84377
a00007635	84378
a00007636	84379
a00007637	84380
a00007638	84381
a00007639	84382
a00007640	84383
a00007641	84384
a00007642	84385
a00007643	84386
a00007644	84387
a00007645	84388
a00007646	84389
a00007647	84390
a00007648	84391
a00007649	84392
a00007650	84393
a00007651	84394
a00007652	84395
a00007653	84396
a00007654	84397
a00007655	84398
a00007656	84399
a00007657	84400
a00007658	84401
a00007659	84402
a00007660	84403
a00007661	84404
a00007662	84405
a00007663	84406
a00007664	84407
a00007665	84408
a00007666	84409
a00007667	84410
a00007668	84411
a00007669	84412
a00007670	84413
a00007671	84414
a00007672	84415
a00007673	84416
a00007674	84417
a00007675	84418
a00007676	84419
a00007677	84420
a00007678	84421
a00007679	84422
a00007680	84423
a00007681	84424
a00007682	84425
a00007683	84426
a00007684	84427
a00007685	84428
a00007686	84429
a00007687	84430
a00007688	84431
a00007689	84432
a00007690	84433
a00007691	84434
a00007692	84435
a00007693	84436
a00007694	84437
a00007695	84438
a00007696	84439
a00007697	84440
a00007698	84441
a00007699	84442
a00007700	84443
a00007701	84444
a00007702	84445
a00007703	84446
a00007704	84447
a00007705	84448
a00007706	84449
a00007707	84450
a00007708	84451
a00007709	84452
a00007710	84453
a00007711	84454
a00007712	84455
a00007713	84456
a00007714	84457
a00007715	84458
a00007716	84459
a00007717	84460
a00007718	84461
a00007719	84462
a00007720	84463
a00007721	84464
a00007722	84465
a00007723	84466
a00007724	84467
a00007725	84468
a00007726	84469
a00007727	84470
a00007728	84471
a00007729	84472
a00007730	84473
a00007731	84474
a00007732	84475
a00007733	84476
a00007734	84477
a00007735	84478
a00007736	84479
a00007737	84480
a00007738	84481
a00007739	84482
a00007740	84483
a00007741	84484
a00007742	84485
a00007743	84486
a00007744	84487
a00007745	84488
a00007746	84489
a00007747	84490
a00007748	84491
a00007749	84492
a00007750	84493
a00007751	84494
a00007752	84495
a00007753	84496
a00007754	84497
a00007755	84498
a00007756	84499
a00007757	84500
a00007758	84501
a00007759	84502
a00007760	84503
a00007761	84504
a00007762	84505
a00007763	84506
a00007764	84507
a00007765	84508
a00007766	84509
a00007767	84510
a00007768	84511
a00007769	84512
a00007770	84513
a00007771	84514
a00007772	84515
a00007773	84516
a00007774	84517
a00007775	84518
a00007776	84519
a00007777	84520
a00007778	84521
a00007779	84522
a00007780	84523
a00007781	84524
a00007782	84525
a00007783	84526
a00007784	84527
a00007785	84528
a00007786	84529
a00007787	84530
a00007788	84531
a00007789	84532
a00007790	84533
a00007791	84534
a00007792	84535
a00007793	84536
a00007794	84537
a00007795	84538
a00007796	84539
a00007797	84540
a00007798	84541
a00007799	84542
a00007800	84543
a00007801	84544
a00007802	84545
a00007803	84546
a00007804	84547
a00007805	84548
a00007806	84549
a00007807	84550
a00007808	84551
a00007809	84552
a00007810	84553
a00007811	84554
a00007812	84555
a00007813	84556
a00007814	84557
a00007815	84558
a00007816	84559
a00007817	84560
a00007818	84561
a00007819	84562
a00007820	84563
a00007821	84564
a00007822	84565
a00007823	84566
a00007824	84567
a00007825	84568
a00007826	84569
a00007827	84570
a00007828	84571
a00007829	84572
a00007830	84573
a00007831	84574
a00007832	84575
a00007833	84576
a00007834	84577
a00007835	84578
a00007836	84579
a00007837	84580
a00007838	84581
a00007839	84582
a00007840	84583
a00007841	84584
a00007842	84585
a00007843	84586
a00007844	84587
a00007845	84588
a00007846	84589
a00007847	84590
a00007848	84591
a00007849	84592
a00007850	84593
a00007851	84594
a00007852	84595
a00007853	84596
a00007854	84597
a00007855	84598
a00007856	84599
a00007857	84600
a00007858	84601
a00007859	84602
a00007860	84603
a00007861	84604
a00007862	84605
a00007863	84606
a00007864	84607
a00007865	84608
a00007866	84609
a00007867	84610
a00007868	84611
a00007869	84612
a00007870	84613
a00007871	84614
a00007872	84615
a00007873	84616
a00007874	84617
a00007875	84618
a00007876	84619
a00007877	84620
a00007878	84621
a00007879	84622
a00007880	84623
a00007881	84624
a00007882	84625
a00007883	84626
a00007884	84627
a00007885	84628
a00007886	84629
a00007887	84630
a00007888	84631
a00007889	84632
a00007890	84633
a00007891	84634
a00007892	84635
a00007893	84636
a00007894	84637
a00007895	84638
a00007896	84639
a00007897	84640
a00007898	84641
a00007899	84642
a00007900	84643
a00007901	84644
a00007902	84645
a00007903	84646
a00007904	84647
a00007905	84648
a00007906	84649
a00007907	84650
a00007908	84651
a00007909	84652
a00007910	84653
a00007911	84654
a00007912	84655
a00007913	84656
a00007914	84657
a00007915	84658
a00007916	84659
a00007917	84660
a00007918	84661
a00007919	84662
a00007920	84663
a00007921	84664
a00007922	84665
a00007923	84666
a00007924	84667
a00007925	84668
a00007926	84669
a00007927	84670
a00007928	84671
a00007929	84672
a00007930	84673
a00007931	84674
a00007932	84675
a00007933	84676
a00007934	84677
a00007935	84678
a00007936	84679
a00007937	84680
a00007938	84681
a00007939	84682
a00007940	84683
a00007941	84684
a00007942	84685
a00007943	84686
a00007944	84687
a00007945	84688
a00007946	84689
a00007947	84690
a00007948	84691
a00007949	84692
a00007950	84693
a00007951	84694
a00007952	84695
a00007953	84696
a00007954	84697
a00007955	84698
a00007956	84699
a00007957	84700
a00007958	84701
a00007959	84702
a00007960	84703
a00007961	84704
a00007962	84705
a00007963	84706
a00007964	84707
a00007965	84708
a00007966	84709
a00007967	84710
a00007968	84711
a00007969	84712
a00007970	84713
a00007971	84714
a00007972	84715
a00007973	84716
a00007974	84717
a00007975	84718
a00007976	84719
a00007977	84720
a00007978	84721
a00007979	84722
a00007980	84723
a00007981	84724
a00007982	84725
a00007983	84726
a00007984	84727
a00007985	84728
a00007986	84729
a00007987	84730
a00007988	84731
a00007989	84732
a00007990	84733
a00007991	84734
a00007992	84735
a00007993	84736
a00007994	84737
a00007995	84738
a00007996	84739
a00007997	84740
a00007998	84741
a00007999	84742
a00008000	84743
a00008001	84744
a00008002	84745
a00008003	84746
a00008004	84747
a00008005	84748
a00008006	84749
a00008007	84750
a00008008	84751
a00008009	84752
a00008010	84753
a00008011	84754
a00008012	84755
a00008013	84756
a00008014	84757
a00008015	84758
a00008016	84759
a00008017	84760
a00008018	84761
a00008019	84762
a00008020	84763
a00008021	84764
a00008022	84765
a00008023	84766
a00008024	84767
a00008025	84768
a00008026	84769
a00008027	84770
a00008028	84771
a00008029	84772
a00008030	84773
a00008031	84774
a00008032	84775
a00008033	84776
a00008034	84777
a00008035	84778
a00008036	84779
a00008037	84780
a00008038	84781
a00008039	84782
a00008040	84783
a00008041	84784
a00008042	84785
a00008043	84786
a00008044	84787
a00008045	84788
a00008046	84789
a00008047	84790
a00008048	84791
a00008049	84792
a00008050	84793
a00008051	84794
a00008052	84795
a00008053	84796
a00008054	84797
a00008055	84798
a00008056	84799
a00008057	84800
a00008058	84801
a00008059	84802
a00008060	84803
a00008061	84804
a00008062	84805
a00008063	84806
a00008064	84807
a00008065	84808
a00008066	84809
a00008067	84810
a00008068	84811
a00008069	84812
a00008070	84813
a00008071	84814
a00008072	84815
a00008073	84816
a00008074	84817
a00008075	84818
a00008076	84819
a00008077	84820
a00008078	84821
a00008079	84822
a00008080	84823
a00008081	84824
a00008082	84825
a00008083	84826
a00008084	84827
a00008085	84828
a00008086	84829
a00008087	84830
a00008088	84831
a00008089	84832
a00008090	84833
a00008091	84834
a00008092	84835
a00008093	84836
a00008094	84837
a00008095	84838
a00008096	84839
a00008097	84840
a00008098	84841
a00008099	84842
a00008100	84843
a00008101	84844
a00008102	84845
a00008103	84846
a00008104	84847
a00008105	84848
a00008106	84849
a00008107	84850
a00008108	84851
a00008109	84852
a00008110	84853
a00008111	84854
a00008112	84855
a00008113	84856
a00008114	84857
a00008115	84858
a00008116	84859
a00008117	84860
a00008118	84861
a00008119	84862
a00008120	84863
a00008121	84864
a00008122	84865
a00008123	84866
a00008124	84867
a00008125	84868
a00008126	84869
a00008127	84870
a00008128	84871
a00008129	84872
a00008130	84873
a00008131	84874
a00008132	84875
a00008133	84876
a00008134	84877
a00008135	84878
a00008136	84879
a00008137	84880
a00008138	84881
a00008139	84882
a00008140	84883
a00008141	84884
a00008142	84885
a00008143	84886
a00008144	84887
a00008145	84888
a00008146	84889
a00008147	84890
a00008148	84891
a00008149	84892
a00008150	84893
a00008151	84894
a00008152	84895
a00008153	84896
a00008154	84897
a00008155	84898
a00008156	84899
a00008157	84900
a00008158	84901
a00008159	84902
a00008160	84903
a00008161	84904
a00008162	84905
a00008163	84906
a00008164	84907
a00008165	84908
a00008166	84909
a00008167	84910
a00008168	84911
a00008169	84912
a00008170	84913
a00008171	84914
a00008172	84915
a00008173	84916
a00008174	84917
a00008175	84918
a00008176	84919
a00008177	84920
a00008178	84921
a00008179	84922
a00008180	84923
a00008181	84924
a00008182	84925
a00008183	84926
a00008184	84927
a00008185	84928
a00008186	84929
a00008187	84930
a00008188	84931
a00008189	84932
a00008190	84933
a00008191	84934
a00008192	84935
a00008193	84936
a00008194	84937
a00008195	84938
a00008196	84939
a00008197	84940
a00008198	84941
a00008199	84942
a00008200	84943
a00008201	84944
a00008202	84945
a00008203	84946
a00008204	84947
a00008205	84948
a00008206	84949
a00008207	84950
a00008208	84951
a00008209	84952
a00008210	84953
a00008211	84954
a00008212	84955
a00008213	84956
a00008214	84957
a00008215	84958
a00008216	84959
a00008217	84960
a00008218	84961
a00008219	84962
a00008220	84963
a00008221	84964
a00008222	84965
a00008223	84966
a00008224	84967
a00008225	84968
a00008226	84969
a00008227	84970
a00008228	84971
a00008229	84972
a00008230	84973
a00008231	84974
a00008232	84975
a00008233	84976
a00008234	84977
a00008235	84978
a00008236	84979
a00008237	84980
a00008238	84981
a00008239	84982
a00008240	84983
a00008241	84984
a00008242	84985
a00008243	84986
a00008244	84987
a00008245	84988
a00008246	84989
a00008247	84990
a00008248	84991
a00008249	84992
a00008250	84993
a00008251	84994
a00008252	84995
a00008253	84996
a00008254	84997
a00008255	84998
a00008256	84999
a00008257	85000
a00008258	85001
a00008259	85002
a00008260	85003
a00008261	85004
a00008262	85005
a00008263	85006
a00008264	85007
a00008265	85008
a00008266	85009
a00008267	85010
a00008268	85011
a00008269	85012
a00008270	85013
a00008271	85014
a00008272	85015
a00008273	85016
a00008274	85017
a00008275	85018
a00008276	85019
a00008277	85020
a00008278	85021
a00008279	85022
a00008280	85023
a00008281	85024
a00008282	85025
a00008283	85026
a00008284	85027
a00008285	85028
a00008286	85029
a00008287	85030
a00008288	85031
a00008289	85032
a00008290	85033
a00008291	85034
a00008292	85035
a00008293	85036
a00008294	85037
a00008295	85038
a00008296	85039
a00008297	85040
a00008298	85041
a00008299	85042
a00008300	85043
a00008301	85044
a00008302	85045
a00008303	85046
a00008304	85047
a00008305	85048
a00008306	85049
a00008307	85050
a00008308	85051
a00008309	85052
a00008310	85053
a00008311	85054
a00008312	85055
a00008313	85056
a00008314	85057
a00008315	85058
a00008316	85059
a00008317	85060
a00008318	85061
a00008319	85062
a00008320	85063
a00008321	85064
a00008322	85065
a00008323	85066
a00008324	85067
a00008325	85068
a00008326	85069
a00008327	85070
a00008328	85071
a00008329	85072
a00008330	85073
a00008331	85074
a00008332	85075
a00008333	85076
a00008334	85077
a00008335	85078
a00008336	85079
a00008337	85080
a00008338	85081
a00008339	85082
a00008340	85083
a00008341	85084
a00008342	85085
a00008343	85086
a00008344	85087
a00008345	85088
a00008346	85089
a00008347	85090
a00008348	85091
a00008349	85092
a00008350	85093
a00008351	85094
a00008352	85095
a00008353	85096
a00008354	85097
a00008355	85098
a00008356	85099
a00008357	85100
a00008358	85101
a00008359	85102
a00008360	85103
a00008361	85104
a00008362	85105
a00008363	85106
a00008364	85107
a00008365	85108
a00008366	85109
a00008367	85110
a00008368	85111
a00008369	85112
a00008370	85113
a00008371	85114
a00008372	85115
a00008373	85116
a00008374	85117
a00008375	85118
a00008376	85119
a00008377	85120
a00008378	85121
a00008379	85122
a00008380	85123
a00008381	85124
a00008382	85125
a00008383	85126
a00008384	85127
a00008385	85128
a00008386	85129
a00008387	85130
a00008388	85131
a00008389	85132
a00008390	85133
a00008391	85134
a00008392	85135
a00008393	85136
a00008394	85137
a00008395	85138
a00008396	85139
a00008397	85140
a00008398	85141
a00008399	85142
a00008400	85143
a00008401	85144
a00008402	85145
a00008403	85146
a00008404	85147
a00008405	85148
a00008406	85149
a00008407	85150
a00008408	85151
a00008409	85152
a00008410	85153
a00008411	85154
a00008412	85155
a00008413	85156
a00008414	85157
a00008415	85158
a00008416	85159
a00008417	85160
a00008418	85161
a00008419	85162
a00008420	85163
a00008421	85164
a00008422	85165
a00008423	85166
a00008424	85167
a00008425	85168
a00008426	85169
a00008427	85170
a00008428	85171
a00008429	85172
a00008430	85173
a00008431	85174
a00008432	85175
a00008433	85176
a00008434	85177
a00008435	85178
a00008436	85179
a00008437	85180
a00008438	85181
a00008439	85182
a00008440	85183
a00008441	85184
a00008442	85185
a00008443	85186
a00008444	85187
a00008445	85188
a00008446	85189
a00008447	85190
a00008448	85191
a00008449	85192
a00008450	85193
a00008451	85194
a00008452	85195
a00008453	85196
a00008454	85197
a00008455	85198
a00008456	85199
a00008457	85200
a00008458	85201
a00008459	85202
a00008460	85203
a00008461	85204
a00008462	85205
a00008463	85206
a00008464	85207
a00008465	85208
a00008466	85209
a00008467	85210
a00008468	85211
a00008469	85212
a00008470	85213
a00008471	85214
a00008472	85215
a00008473	85216
a00008474	85217
a00008475	85218
a00008476	85219
a00008477	85220
a00008478	85221
a00008479	85222
a00008480	85223
a00008481	85224
a00008482	85225
a00008483	85226
a00008484	85227
a00008485	85228
a00008486	85229
a00008487	85230
a00008488	85231
a00008489	85232
a00008490	85233
a00008491	85234
a00008492	85235
a00008493	85236
a00008494	85237
a00008495	85238
a00008496	85239
a00008497	85240
a00008498	85241
a00008499	85242
a00008500	85243
a00008501	85244
a00008502	85245
a00008503	85246
a00008504	85247
a00008505	85248
a00008506	85249
a00008507	85250
a00008508	85251
a00008509	85252
a00008510	85253
a00008511	85254
a00008512	85255
a00008513	85256
a00008514	85257
a00008515	85258
a00008516	85259
a00008517	85260
a00008518	85261
a00008519	85262
a00008520	85263
a00008521	85264
a00008522	85265
a00008523	85266
a00008524	85267
a00008525	85268
a00008526	85269
a00008527	85270
a00008528	85271
a00008529	85272
a00008530	85273
a00008531	85274
a00008532	85275
a00008533	85276
a00008534	85277
a00008535	85278
a00008536	85279
a00008537	85280
a00008538	85281
a00008539	85282
a00008540	85283
a00008541	85284
a00008542	85285
a00008543	85286
a00008544	85287
a00008545	85288
a00008546	85289
a00008547	85290
a00008548	85291
a00008549	85292
a00008550	85293
a00008551	85294
a00008552	85295
a00008553	85296
a00008554	85297
a00008555	85298
a00008556	85299
a00008557	85300
a00008558	85301
a00008559	85302
a00008560	85303
a00008561	85304
a00008562	85305
a00008563	85306
a00008564	85307
a00008565	85308
a00008566	85309
a00008567	85310
a00008568	85311
a00008569	85312
a00008570	85313
a00008571	85314
a00008572	85315
a00008573	85316
a00008574	85317
a00008575	85318
a00008576	85319
a00008577	85320
a00008578	85321
a00008579	85322
a00008580	85323
a00008581	85324
a00008582	85325
a00008583	85326
a00008584	85327
a00008585	85328
a00008586	85329
a00008587	85330
a00008588	85331
a00008589	85332
a00008590	85333
a00008591	85334
a00008592	85335
a00008593	85336
a00008594	85337
a00008595	85338
a00008596	85339
a00008597	85340
a00008598	85341
a00008599	85342
a00008600	85343
a00008601	85344
a00008602	85345
a00008603	85346
a00008604	85347
a00008605	85348
a00008606	85349
a00008607	85350
a00008608	85351
a00008609	85352
a00008610	85353
a00008611	85354
a00008612	85355
a00008613	85356
a00008614	85357
a00008615	85358
a00008616	85359
a00008617	85360
a00008618	85361
a00008619	85362
a00008620	85363
a00008621	85364
a00008622	85365
a00008623	85366
a00008624	85367
a00008625	85368
a00008626	85369
a00008627	85370
a00008628	85371
a00008629	85372
a00008630	85373
a00008631	85374
a00008632	85375
a00008633	85376
a00008634	85377
a00008635	85378
a00008636	85379
a00008637	85380
a00008638	85381
a00008639	85382
a00008640	85383
a00008641	85384
a00008642	85385
a00008643	85386
a00008644	85387
a00008645	85388
a00008646	85389
a00008647	85390
a00008648	85391
a00008649	85392
a00008650	85393
a00008651	85394
a00008652	85395
a00008653	85396
a00008654	85397
a00008655	85398
a00008656	85399
a00008657	85400
a00008658	85401
a00008659	85402
a00008660	85403
a00008661	85404
a00008662	85405
a00008663	85406
a00008664	85407
a00008665	85408
a00008666	85409
a00008667	85410
a00008668	85411
a00008669	85412
a00008670	85413
a00008671	85414
a00008672	85415
a00008673	85416
a00008674	85417
a00008675	85418
a00008676	85419
a00008677	85420
a00008678	85421
a00008679	85422
a00008680	85423
a00008681	85424
a00008682	85425
a00008683	85426
a00008684	85427
a00008685	85428
a00008686	85429
a00008687	85430
a00008688	85431
a00008689	85432
a00008690	85433
a00008691	85434
a00008692	85435
a00008693	85436
a00008694	85437
a00008695	85438
a00008696	85439
a00008697	85440
a00008698	85441
a00008699	85442
a00008700	85443
a00008701	85444
a00008702	85445
a00008703	85446
a00008704	85447
a00008705	85448
a00008706	85449
a00008707	85450
a00008708	85451
a00008709	85452
a00008710	85453
a00008711	85454
a00008712	85455
a00008713	85456
a00008714	85457
a00008715	85458
a00008716	85459
a00008717	85460
a00008718	85461
a00008719	85462
a00008720	85463
a00008721	85464
a00008722	85465
a00008723	85466
a00008724	85467
a00008725	85468
a00008726	85469
a00008727	85470
a00008728	85471
a00008729	85472
a00008730	85473
a00008731	85474
a00008732	85475
a00008733	85476
a00008734	85477
a00008735	85478
a00008736	85479
a00008737	85480
a00008738	85481
a00008739	85482
a00008740	85483
a00008741	85484
a00008742	85485
a00008743	85486
a00008744	85487
a00008745	85488
a00008746	85489
a00008747	85490
a00008748	85491
a00008749	85492
a00008750	85493
a00008751	85494
a00008752	85495
a00008753	85496
a00008754	85497
a00008755	85498
a00008756	85499
a00008757	85500
a00008758	85501
a00008759	85502
a00008760	85503
a00008761	85504
a00008762	85505
a00008763	85506
a00008764	85507
a00008765	85508
a00008766	85509
a00008767	85510
a00008768	85511
a00008769	85512
a00008770	85513
a00008771	85514
a00008772	85515
a00008773	85516
a00008774	85517
a00008775	85518
a00008776	85519
a00008777	85520
a00008778	85521
a00008779	85522
a00008780	85523
a00008781	85524
a00008782	85525
a00008783	85526
a00008784	85527
a00008785	85528
a00008786	85529
a00008787	85530
a00008788	85531
a00008789	85532
a00008790	85533
a00008791	85534
a00008792	85535
a00008793	85536
a00008794	85537
a00008795	85538
a00008796	85539
a00008797	85540
a00008798	85541
a00008799	85542
a00008800	85543
a00008801	85544
a00008802	85545
a00008803	85546
a00008804	85547
a00008805	85548
a00008806	85549
a00008807	85550
a00008808	85551
a00008809	85552
a00008810	85553
a00008811	85554
a00008812	85555
a00008813	85556
a00008814	85557
a00008815	85558
a00008816	85559
a00008817	85560
a00008818	85561
a00008819	85562
a00008820	85563
a00008821	85564
a00008822	85565
a00008823	85566
a00008824	85567
a00008825	85568
a00008826	85569
a00008827	85570
a00008828	85571
a00008829	85572
a00008830	85573
a00008831	85574
a00008832	85575
a00008833	85576
a00008834	85577
a00008835	85578
a00008836	85579
a00008837	85580
a00008838	85581
a00008839	85582
a00008840	85583
a00008841	85584
a00008842	85585
a00008843	85586
a00008844	85587
a00008845	85588
a00008846	85589
a00008847	85590
a00008848	85591
a00008849	85592
a00008850	85593
a00008851	85594
a00008852	85595
a00008853	85596
a00008854	85597
a00008855	85598
a00008856	85599
a00008857	85600
a00008858	85601
a00008859	85602
a00008860	85603
a00008861	85604
a00008862	85605
a00008863	85606
a00008864	85607
a00008865	85608
a00008866	85609
a00008867	85610
a00008868	85611
a00008869	85612
a00008870	85613
a00008871	85614
a00008872	85615
a00008873	85616
a00008874	85617
a00008875	85618
a00008876	85619
a00008877	85620
a00008878	85621
a00008879	85622
a00008880	85623
a00008881	85624
a00008882	85625
a00008883	85626
a00008884	85627
a00008885	85628
a00008886	85629
a00008887	85630
a00008888	85631
a00008889	85632
a00008890	85633
a00008891	85634
a00008892	85635
a00008893	85636
a00008894	85637
a00008895	85638
a00008896	85639
a00008897	85640
a00008898	85641
a00008899	85642
a00008900	85643
a00008901	85644
a00008902	85645
a00008903	85646
a00008904	85647
a00008905	85648
a00008906	85649
a00008907	85650
a00008908	85651
a00008909	85652
a00008910	85653
a00008911	85654
a00008912	85655
a00008913	85656
a00008914	85657
a00008915	85658
a00008916	85659
a00008917	85660
a00008918	85661
a00008919	85662
a00008920	85663
a00008921	85664
a00008922	85665
a00008923	85666
a00008924	85667
a00008925	85668
a00008926	85669
a00008927	85670
a00008928	85671
a00008929	85672
a00008930	85673
a00008931	85674
a00008932	85675
a00008933	85676
a00008934	85677
a00008935	85678
a00008936	85679
a00008937	85680
a00008938	85681
a00008939	85682
a00008940	85683
a00008941	85684
a00008942	85685
a00008943	85686
a00008944	85687
a00008945	85688
a00008946	85689
a00008947	85690
a00008948	85691
a00008949	85692
a00008950	85693
a00008951	85694
a00008952	85695
a00008953	85696
a00008954	85697
a00008955	85698
a00008956	85699
a00008957	85700
a00008958	85701
a00008959	85702
a00008960	85703
a00008961	85704
a00008962	85705
a00008963	85706
a00008964	85707
a00008965	85708
a00008966	85709
a00008967	85710
a00008968	85711
a00008969	85712
a00008970	85713
a00008971	85714
a00008972	85715
a00008973	85716
a00008974	85717
a00008975	85718
a00008976	85719
a00008977	85720
a00008978	85721
a00008979	85722
a00008980	85723
a00008981	85724
a00008982	85725
a00008983	85726
a00008984	85727
a00008985	85728
a00008986	85729
a00008987	85730
a00008988	85731
a00008989	85732
a00008990	85733
a00008991	85734
a00008992	85735
a00008993	85736
a00008994	85737
a00008995	85738
a00008996	85739
a00008997	85740
a00008998	85741
a00008999	85742
a00009000	85743
a00009001	85744
a00009002	85745
a00009003	85746
a00009004	85747
a00009005	85748
a00009006	85749
a00009007	85750
a00009008	85751
a00009009	85752
a00009010	85753
a00009011	85754
a00009012	85755
a00009013	85756
a00009014	85757
a00009015	85758
a00009016	85759
a00009017	85760
a00009018	85761
a00009019	85762
a00009020	85763
a00009021	85764
a00009022	85765
a00009023	85766
a00009024	85767
a00009025	85768
a00009026	85769
a00009027	85770
a00009028	85771
a00009029	85772
a00009030	85773
a00009031	85774
a00009032	85775
a00009033	85776
a00009034	85777
a00009035	85778
a00009036	85779
a00009037	85780
a00009038	85781
a00009039	85782
a00009040	85783
a00009041	85784
a00009042	85785
a00009043	85786
a00009044	85787
a00009045	85788
a00009046	85789
a00009047	85790
a00009048	85791
a00009049	85792
a00009050	85793
a00009051	85794
a00009052	85795
a00009053	85796
a00009054	85797
a00009055	85798
a00009056	85799
a00009057	85800
a00009058	85801
a00009059	85802
a00009060	85803
a00009061	85804
a00009062	85805
a00009063	85806
a00009064	85807
a00009065	85808
a00009066	85809
a00009067	85810
a00009068	85811
a00009069	85812
a00009070	85813
a00009071	85814
a00009072	85815
a00009073	85816
a00009074	85817
a00009075	85818
a00009076	85819
a00009077	85820
a00009078	85821
a00009079	85822
a00009080	85823
a00009081	85824
a00009082	85825
a00009083	85826
a00009084	85827
a00009085	85828
a00009086	85829
a00009087	85830
a00009088	85831
a00009089	85832
a00009090	85833
a00009091	85834
a00009092	85835
a00009093	85836
a00009094	85837
a00009095	85838
a00009096	85839
a00009097	85840
a00009098	85841
a00009099	85842
a00009100	85843
a00009101	85844
a00009102	85845
a00009103	85846
a00009104	85847
a00009105	85848
a00009106	85849
a00009107	85850
a00009108	85851
a00009109	85852
a00009110	85853
a00009111	85854
a00009112	85855
a00009113	85856
a00009114	85857
a00009115	85858
a00009116	85859
a00009117	85860
a00009118	85861
a00009119	85862
a00009120	85863
a00009121	85864
a00009122	85865
a00009123	85866
a00009124	85867
a00009125	85868
a00009126	85869
a00009127	85870
a00009128	85871
a00009129	85872
a00009130	85873
a00009131	85874
a00009132	85875
a00009133	85876
a00009134	85877
a00009135	85878
a00009136	85879
a00009137	85880
a00009138	85881
a00009139	85882
a00009140	85883
a00009141	85884
a00009142	85885
a00009143	85886
a00009144	85887
a00009145	85888
a00009146	85889
a00009147	85890
a00009148	85891
a00009149	85892
a00009150	85893
a00009151	85894
a00009152	85895
a00009153	85896
a00009154	85897
a00009155	85898
a00009156	85899
a00009157	85900
a00009158	85901
a00009159	85902
a00009160	85903
a00009161	85904
a00009162	85905
a00009163	85906
a00009164	85907
a00009165	85908
a00009166	85909
a00009167	85910
a00009168	85911
a00009169	85912
a00009170	85913
a00009171	85914
a00009172	85915
a00009173	85916
a00009174	85917
a00009175	85918
a00009176	85919
a00009177	85920
a00009178	85921
a00009179	85922
a00009180	85923
a00009181	85924
a00009182	85925
a00009183	85926
a00009184	85927
a00009185	85928
a00009186	85929
a00009187	85930
a00009188	85931
a00009189	85932
a00009190	85933
a00009191	85934
a00009192	85935
a00009193	85936
a00009194	85937
a00009195	85938
a00009196	85939
a00009197	85940
a00009198	85941
a00009199	85942
a00009200	85943
a00009201	85944
a00009202	85945
a00009203	85946
a00009204	85947
a00009205	85948
a00009206	85949
a00009207	85950
a00009208	85951
a00009209	85952
a00009210	85953
a00009211	85954
a00009212	85955
a00009213	85956
a00009214	85957
a00009215	85958
a00009216	85959
a00009217	85960
a00009218	85961
a00009219	85962
a00009220	85963
a00009221	85964
a00009222	85965
a00009223	85966
a00009224	85967
a00009225	85968
a00009226	85969
a00009227	85970
a00009228	85971
a00009229	85972
a00009230	85973
a00009231	85974
a00009232	85975
a00009233	85976
a00009234	85977
a00009235	85978
a00009236	85979
a00009237	85980
a00009238	85981
a00009239	85982
a00009240	85983
a00009241	85984
a00009242	85985
a00009243	85986
a00009244	85987
a00009245	85988
a00009246	85989
a00009247	85990
a00009248	85991
a00009249	85992
a00009250	85993
a00009251	85994
a00009252	85995
a00009253	85996
a00009254	85997
a00009255	85998
a00009256	85999
a00009257	86000
a00009258	86001
a00009259	86002
a00009260	86003
a00009261	86004
a00009262	86005
a00009263	86006
a00009264	86007
a00009265	86008
a00009266	86009
a00009267	86010
a00009268	86011
a00009269	86012
a00009270	86013
a00009271	86014
a00009272	86015
a00009273	86016
a00009274	86017
a00009275	86018
a00009276	86019
a00009277	86020
a00009278	86021
a00009279	86022
a00009280	86023
a00009281	86024
a00009282	86025
a00009283	86026
a00009284	86027
a00009285	86028
a00009286	86029
a00009287	86030
a00009288	86031
a00009289	86032
a00009290	86033
a00009291	86034
a00009292	86035
a00009293	86036
a00009294	86037
a00009295	86038
a00009296	86039
a00009297	86040
a00009298	86041
a00009299	86042
a00009300	86043
a00009301	86044
a00009302	86045
a00009303	86046
a00009304	86047
a00009305	86048
a00009306	86049
a00009307	86050
a00009308	86051
a00009309	86052
a00009310	86053
a00009311	86054
a00009312	86055
a00009313	86056
a00009314	86057
a00009315	86058
a00009316	86059
a00009317	86060
a00009318	86061
a00009319	86062
a00009320	86063
a00009321	86064
a00009322	86065
a00009323	86066
a00009324	86067
a00009325	86068
a00009326	86069
a00009327	86070
a00009328	86071
a00009329	86072
a00009330	86073
a00009331	86074
a00009332	86075
a00009333	86076
a00009334	86077
a00009335	86078
a00009336	86079
a00009337	86080
a00009338	86081
a00009339	86082
a00009340	86083
a00009341	86084
a00009342	86085
a00009343	86086
a00009344	86087
a00009345	86088
a00009346	86089
a00009347	86090
a00009348	86091
a00009349	86092
a00009350	86093
a00009351	86094
a00009352	86095
a00009353	86096
a00009354	86097
a00009355	86098
a00009356	86099
a00009357	86100
a00009358	86101
a00009359	86102
a00009360	86103
a00009361	86104
a00009362	86105
a00009363	86106
a00009364	86107
a00009365	86108
a00009366	86109
a00009367	86110
a00009368	86111
a00009369	86112
a00009370	86113
a00009371	86114
a00009372	86115
a00009373	86116
a00009374	86117
a00009375	86118
a00009376	86119
a00009377	86120
a00009378	86121
a00009379	86122
a00009380	86123
a00009381	86124
a00009382	86125
a00009383	86126
a00009384	86127
a00009385	86128
a00009386	86129
a00009387	86130
a00009388	86131
a00009389	86132
a00009390	86133
a00009391	86134
a00009392	86135
a00009393	86136
a00009394	86137
a00009395	86138
a00009396	86139
a00009397	86140
a00009398	86141
a00009399	86142
a00009400	86143
a00009401	86144
a00009402	86145
a00009403	86146
a00009404	86147
a00009405	86148
a00009406	86149
a00009407	86150
a00009408	86151
a00009409	86152
a00009410	86153
a00009411	86154
a00009412	86155
a00009413	86156
a00009414	86157
a00009415	86158
a00009416	86159
a00009417	86160
a00009418	86161
a00009419	86162
a00009420	86163
a00009421	86164
a00009422	86165
a00009423	86166
a00009424	86167
a00009425	86168
a00009426	86169
a00009427	86170
a00009428	86171
a00009429	86172
a00009430	86173
a00009431	86174
a00009432	86175
a00009433	86176
a00009434	86177
a00009435	86178
a00009436	86179
a00009437	86180
a00009438	86181
a00009439	86182
a00009440	86183
a00009441	86184
a00009442	86185
a00009443	86186
a00009444	86187
a00009445	86188
a00009446	86189
a00009447	86190
a00009448	86191
a00009449	86192
a00009450	86193
a00009451	86194
a00009452	86195
a00009453	86196
a00009454	86197
a00009455	86198
a00009456	86199
a00009457	86200
a00009458	86201
a00009459	86202
a00009460	86203
a00009461	86204
a00009462	86205
a00009463	86206
a00009464	86207
a00009465	86208
a00009466	86209
a00009467	86210
a00009468	86211
a00009469	86212
a00009470	86213
a00009471	86214
a00009472	86215
a00009473	86216
a00009474	86217
a00009475	86218
a00009476	86219
a00009477	86220
a00009478	86221
a00009479	86222
a00009480	86223
a00009481	86224
a00009482	86225
a00009483	86226
a00009484	86227
a00009485	86228
a00009486	86229
a00009487	86230
a00009488	86231
a00009489	86232
a00009490	86233
a00009491	86234
a00009492	86235
a00009493	86236
a00009494	86237
a00009495	86238
a00009496	86239
a00009497	86240
a00009498	86241
a00009499	86242
a00009500	86243
a00009501	86244
a00009502	86245
a00009503	86246
a00009504	86247
a00009505	86248
a00009506	86249
a00009507	86250
a00009508	86251
a00009509	86252
a00009510	86253
a00009511	86254
a00009512	86255
a00009513	86256
a00009514	86257
a00009515	86258
a00009516	86259
a00009517	86260
a00009518	86261
a00009519	86262
a00009520	86263
a00009521	86264
a00009522	86265
a00009523	86266
a00009524	86267
a00009525	86268
a00009526	86269
a00009527	86270
a00009528	86271
a00009529	86272
a00009530	86273
a00009531	86274
a00009532	86275
a00009533	86276
a00009534	86277
a00009535	86278
a00009536	86279
a00009537	86280
a00009538	86281
a00009539	86282
a00009540	86283
a00009541	86284
a00009542	86285
a00009543	86286
a00009544	86287
a00009545	86288
a00009546	86289
a00009547	86290
a00009548	86291
a00009549	86292
a00009550	86293
a00009551	86294
a00009552	86295
a00009553	86296
a00009554	86297
a00009555	86298
a00009556	86299
a00009557	86300
a00009558	86301
a00009559	86302
a00009560	86303
a00009561	86304
a00009562	86305
a00009563	86306
a00009564	86307
a00009565	86308
a00009566	86309
a00009567	86310
a00009568	86311
a00009569	86312
a00009570	86313
a00009571	86314
a00009572	86315
a00009573	86316
a00009574	86317
a00009575	86318
a00009576	86319
a00009577	86320
a00009578	86321
a00009579	86322
a00009580	86323
a00009581	86324
a00009582	86325
a00009583	86326
a00009584	86327
a00009585	86328
a00009586	86329
a00009587	86330
a00009588	86331
a00009589	86332
a00009590	86333
a00009591	86334
a00009592	86335
a00009593	86336
a00009594	86337
a00009595	86338
a00009596	86339
a00009597	86340
a00009598	86341
a00009599	86342
a00009600	86343
a00009601	86344
a00009602	86345
a00009603	86346
a00009604	86347
a00009605	86348
a00009606	86349
a00009607	86350
a00009608	86351
a00009609	86352
a00009610	86353
a00009611	86354
a00009612	86355
a00009613	86356
a00009614	86357
a00009615	86358
a00009616	86359
a00009617	86360
a00009618	86361
a00009619	86362
a00009620	86363
a00009621	86364
a00009622	86365
a00009623	86366
a00009624	86367
a00009625	86368
a00009626	86369
a00009627	86370
a00009628	86371
a00009629	86372
a00009630	86373
a00009631	86374
a00009632	86375
a00009633	86376
a00009634	86377
a00009635	86378
a00009636	86379
a00009637	86380
a00009638	86381
a00009639	86382
a00009640	86383
a00009641	86384
a00009642	86385
a00009643	86386
a00009644	86387
a00009645	86388
a00009646	86389
a00009647	86390
a00009648	86391
a00009649	86392
a00009650	86393
a00009651	86394
a00009652	86395
a00009653	86396
a00009654	86397
a00009655	86398
a00009656	86399
a00009657	86400
a00009658	86401
a00009659	86402
a00009660	86403
a00009661	86404
a00009662	86405
a00009663	86406
a00009664	86407
a00009665	86408
a00009666	86409
a00009667	86410
a00009668	86411
a00009669	86412
a00009670	86413
a00009671	86414
a00009672	86415
a00009673	86416
a00009674	86417
a00009675	86418
a00009676	86419
a00009677	86420
a00009678	86421
a00009679	86422
a00009680	86423
a00009681	86424
a00009682	86425
a00009683	86426
a00009684	86427
a00009685	86428
a00009686	86429
a00009687	86430
a00009688	86431
a00009689	86432
a00009690	86433
a00009691	86434
a00009692	86435
a00009693	86436
a00009694	86437
a00009695	86438
a00009696	86439
a00009697	86440
a00009698	86441
a00009699	86442
a00009700	86443
a00009701	86444
a00009702	86445
a00009703	86446
a00009704	86447
a00009705	86448
a00009706	86449
a00009707	86450
a00009708	86451
a00009709	86452
a00009710	86453
a00009711	86454
a00009712	86455
a00009713	86456
a00009714	86457
a00009715	86458
a00009716	86459
a00009717	86460
a00009718	86461
a00009719	86462
a00009720	86463
a00009721	86464
a00009722	86465
a00009723	86466
a00009724	86467
a00009725	86468
a00009726	86469
a00009727	86470
a00009728	86471
a00009729	86472
a00009730	86473
a00009731	86474
a00009732	86475
a00009733	86476
a00009734	86477
a00009735	86478
a00009736	86479
a00009737	86480
a00009738	86481
a00009739	86482
a00009740	86483
a00009741	86484
a00009742	86485
a00009743	86486
a00009744	86487
a00009745	86488
a00009746	86489
a00009747	86490
a00009748	86491
a00009749	86492
a00009750	86493
a00009751	86494
a00009752	86495
a00009753	86496
a00009754	86497
a00009755	86498
a00009756	86499
a00009757	86500
a00009758	86501
a00009759	86502
a00009760	86503
a00009761	86504
a00009762	86505
a00009763	86506
a00009764	86507
a00009765	86508
a00009766	86509
a00009767	86510
a00009768	86511
a00009769	86512
a00009770	86513
a00009771	86514
a00009772	86515
a00009773	86516
a00009774	86517
a00009775	86518
a00009776	86519
a00009777	86520
a00009778	86521
a00009779	86522
a00009780	86523
a00009781	86524
a00009782	86525
a00009783	86526
a00009784	86527
a00009785	86528
a00009786	86529
a00009787	86530
a00009788	86531
a00009789	86532
a00009790	86533
a00009791	86534
a00009792	86535
a00009793	86536
a00009794	86537
a00009795	86538
a00009796	86539
a00009797	86540
a00009798	86541
a00009799	86542
a00009800	86543
a00009801	86544
a00009802	86545
a00009803	86546
a00009804	86547
a00009805	86548
a00009806	86549
a00009807	86550
a00009808	86551
a00009809	86552
a00009810	86553
a00009811	86554
a00009812	86555
a00009813	86556
a00009814	86557
a00009815	86558
a00009816	86559
a00009817	86560
a00009818	86561
a00009819	86562
a00009820	86563
a00009821	86564
a00009822	86565
a00009823	86566
a00009824	86567
a00009825	86568
a00009826	86569
a00009827	86570
a00009828	86571
a00009829	86572
a00009830	86573
a00009831	86574
a00009832	86575
a00009833	86576
a00009834	86577
a00009835	86578
a00009836	86579
a00009837	86580
a00009838	86581
a00009839	86582
a00009840	86583
a00009841	86584
a00009842	86585
a00009843	86586
a00009844	86587
a00009845	86588
a00009846	86589
a00009847	86590
a00009848	86591
a00009849	86592
a00009850	86593
a00009851	86594
a00009852	86595
a00009853	86596
a00009854	86597
a00009855	86598
a00009856	86599
a00009857	86600
a00009858	86601
a00009859	86602
a00009860	86603
a00009861	86604
a00009862	86605
a00009863	86606
a00009864	86607
a00009865	86608
a00009866	86609
a00009867	86610
a00009868	86611
a00009869	86612
a00009870	86613
a00009871	86614
a00009872	86615
a00009873	86616
a00009874	86617
a00009875	86618
a00009876	86619
a00009877	86620
a00009878	86621
a00009879	86622
a00009880	86623
a00009881	86624
a00009882	86625
a00009883	86626
a00009884	86627
a00009885	86628
a00009886	86629
a00009887	86630
a00009888	86631
a00009889	86632
a00009890	86633
a00009891	86634
a00009892	86635
a00009893	86636
a00009894	86637
a00009895	86638
a00009896	86639
a00009897	86640
a00009898	86641
a00009899	86642
a00009900	86643
a00009901	86644
a00009902	86645
a00009903	86646
a00009904	86647
a00009905	86648
a00009906	86649
a00009907	86650
a00009908	86651
a00009909	86652
a00009910	86653
a00009911	86654
a00009912	86655
a00009913	86656
a00009914	86657
a00009915	86658
a00009916	86659
a00009917	86660
a00009918	86661
a00009919	86662
a00009920	86663
a00009921	86664
a00009922	86665
a00009923	86666
a00009924	86667
a00009925	86668
a00009926	86669
a00009927	86670
a00009928	86671
a00009929	86672
a00009930	86673
a00009931	86674
a00009932	86675
a00009933	86676
a00009934	86677
a00009935	86678
a00009936	86679
a00009937	86680
a00009938	86681
a00009939	86682
a00009940	86683
a00009941	86684
a00009942	86685
a00009943	86686
a00009944	86687
a00009945	86688
a00009946	86689
a00009947	86690
a00009948	86691
a00009949	86692
a00009950	86693
a00009951	86694
a00009952	86695
a00009953	86696
a00009954	86697
a00009955	86698
a00009956	86699
a00009957	86700
a00009958	86701
a00009959	86702
a00009960	86703
a00009961	86704
a00009962	86705
a00009963	86706
a00009964	86707
a00009965	86708
a00009966	86709
a00009967	86710
a00009968	86711
a00009969	86712
a00009970	86713
a00009971	86714
a00009972	86715
a00009973	86716
a00009974	86717
a00009975	86718
a00009976	86719
a00009977	86720
a00009978	86721
a00009979	86722
a00009980	86723
a00009981	86724
a00009982	86725
a00009983	86726
a00009984	86727
a00009985	86728
a00009986	86729
a00009987	86730
a00009988	86731
a00009989	86732
a00009990	86733
a00009991	86734
a00009992	86735
a00009993	86736
a00009994	86737
a00009995	86738
a00009996	86739
a00009997	86740
a00009998	86741
a00009999	86742
a00010000	86743
a00010001	86744
a00010002	86745
a00010003	86746
a00010004	86747
a00010005	86748
a00010006	86749
a00010007	86750
a00010008	86751
a00010009	86752
a00010010	86753
a00010011	86754
a00010012	86755
a00010013	86756
a00010014	86757
a00010015	86758
a00010016	86759
a00010017	86760
a00010018	86761
a00010019	86762
a00010020	86763
a00010021	86764
a00010022	86765
a00010023	86766
a00010024	86767
a00010025	86768
a00010026	86769
a00010027	86770
a00010028	86771
a00010029	86772
a00010030	86773
a00010031	86774
a00010032	86775
a00010033	86776
a00010034	86777
a00010035	86778
a00010036	86779
a00010037	86780
a00010038	86781
a00010039	86782
a00010040	86783
a00010041	86784
a00010042	86785
a00010043	86786
a00010044	86787
a00010045	86788
a00010046	86789
a00010047	86790
a00010048	86791
a00010049	86792
a00010050	86793
a00010051	86794
a00010052	86795
a00010053	86796
a00010054	86797
a00010055	86798
a00010056	86799
a00010057	86800
a00010058	86801
a00010059	86802
a00010060	86803
a00010061	86804
a00010062	86805
a00010063	86806
a00010064	86807
a00010065	86808
a00010066	86809
a00010067	86810
a00010068	86811
a00010069	86812
a00010070	86813
a00010071	86814
a00010072	86815
a00010073	86816
a00010074	86817
a00010075	86818
a00010076	86819
a00010077	86820
a00010078	86821
a00010079	86822
a00010080	86823
a00010081	86824
a00010082	86825
a00010083	86826
a00010084	86827
a00010085	86828
a00010086	86829
a00010087	86830
a00010088	86831
a00010089	86832
a00010090	86833
a00010091	86834
a00010092	86835
a00010093	86836
a00010094	86837
a00010095	86838
a00010096	86839
a00010097	86840
a00010098	86841
a00010099	86842
a00010100	86843
a00010101	86844
a00010102	86845
a00010103	86846
a00010104	86847
a00010105	86848
a00010106	86849
a00010107	86850
a00010108	86851
a00010109	86852
a00010110	86853
a00010111	86854
a00010112	86855
a00010113	86856
a00010114	86857
a00010115	86858
a00010116	86859
a00010117	86860
a00010118	86861
a00010119	86862
a00010120	86863
a00010121	86864
a00010122	86865
a00010123	86866
a00010124	86867
a00010125	86868
a00010126	86869
a00010127	86870
a00010128	86871
a00010129	86872
a00010130	86873
a00010131	86874
a00010132	86875
a00010133	86876
a00010134	86877
a00010135	86878
a00010136	86879
a00010137	86880
a00010138	86881
a00010139	86882
a00010140	86883
a00010141	86884
a00010142	86885
a00010143	86886
a00010144	86887
a00010145	86888
a00010146	86889
a00010147	86890
a00010148	86891
a00010149	86892
a00010150	86893
a00010151	86894
a00010152	86895
a00010153	86896
a00010154	86897
a00010155	86898
a00010156	86899
a00010157	86900
a00010158	86901
a00010159	86902
a00010160	86903
a00010161	86904
a00010162	86905
a00010163	86906
a00010164	86907
a00010165	86908
a00010166	86909
a00010167	86910
a00010168	86911
a00010169	86912
a00010170	86913
a00010171	86914
a00010172	86915
a00010173	86916
a00010174	86917
a00010175	86918
a00010176	86919
a00010177	86920
a00010178	86921
a00010179	86922
a00010180	86923
a00010181	86924
a00010182	86925
a00010183	86926
a00010184	86927
a00010185	86928
a00010186	86929
a00010187	86930
a00010188	86931
a00010189	86932
a00010190	86933
a00010191	86934
a00010192	86935
a00010193	86936
a00010194	86937
a00010195	86938
a00010196	86939
a00010197	86940
a00010198	86941
a00010199	86942
a00010200	86943
a00010201	86944
a00010202	86945
a00010203	86946
a00010204	86947
a00010205	86948
a00010206	86949
a00010207	86950
a00010208	86951
a00010209	86952
a00010210	86953
a00010211	86954
a00010212	86955
a00010213	86956
a00010214	86957
a00010215	86958
a00010216	86959
a00010217	86960
a00010218	86961
a00010219	86962
a00010220	86963
a00010221	86964
a00010222	86965
a00010223	86966
a00010224	86967
a00010225	86968
a00010226	86969
a00010227	86970
a00010228	86971
a00010229	86972
a00010230	86973
a00010231	86974
a00010232	86975
a00010233	86976
a00010234	86977
a00010235	86978
a00010236	86979
a00010237	86980
a00010238	86981
a00010239	86982
a00010240	86983
a00010241	86984
a00010242	86985
a00010243	86986
a00010244	86987
a00010245	86988
a00010246	86989
a00010247	86990
a00010248	86991
a00010249	86992
a00010250	86993
a00010251	86994
a00010252	86995
a00010253	86996
a00010254	86997
a00010255	86998
a00010256	86999
a00010257	87000
a00010258	87001
a00010259	87002
a00010260	87003
a00010261	87004
a00010262	87005
a00010263	87006
a00010264	87007
a00010265	87008
a00010266	87009
a00010267	87010
a00010268	87011
a00010269	87012
a00010270	87013
a00010271	87014
a00010272	87015
a00010273	87016
a00010274	87017
a00010275	87018
a00010276	87019
a00010277	87020
a00010278	87021
a00010279	87022
a00010280	87023
a00010281	87024
a00010282	87025
a00010283	87026
a00010284	87027
a00010285	87028
a00010286	87029
a00010287	87030
a00010288	87031
a00010289	87032
a00010290	87033
a00010291	87034
a00010292	87035
a00010293	87036
a00010294	87037
a00010295	87038
a00010296	87039
a00010297	87040
a00010298	87041
a00010299	87042
a00010300	87043
a00010301	87044
a00010302	87045
a00010303	87046
a00010304	87047
a00010305	87048
a00010306	87049
a00010307	87050
a00010308	87051
a00010309	87052
a00010310	87053
a00010311	87054
a00010312	87055
a00010313	87056
a00010314	87057
a00010315	87058
a00010316	87059
a00010317	87060
a00010318	87061
a00010319	87062
a00010320	87063
a00010321	87064
a00010322	87065
a00010323	87066
a00010324	87067
a00010325	87068
a00010326	87069
a00010327	87070
a00010328	87071
a00010329	87072
a00010330	87073
a00010331	87074
a00010332	87075
a00010333	87076
a00010334	87077
a00010335	87078
a00010336	87079
a00010337	87080
a00010338	87081
a00010339	87082
a00010340	87083
a00010341	87084
a00010342	87085
a00010343	87086
a00010344	87087
a00010345	87088
a00010346	87089
a00010347	87090
a00010348	87091
a00010349	87092
a00010350	87093
a00010351	87094
a00010352	87095
a00010353	87096
a00010354	87097
a00010355	87098
a00010356	87099
a00010357	87100
a00010358	87101
a00010359	87102
a00010360	87103
a00010361	87104
a00010362	87105
a00010363	87106
a00010364	87107
a00010365	87108
a00010366	87109
a00010367	87110
a00010368	87111
a00010369	87112
a00010370	87113
a00010371	87114
a00010372	87115
a00010373	87116
a00010374	87117
a00010375	87118
a00010376	87119
a00010377	87120
a00010378	87121
a00010379	87122
a00010380	87123
a00010381	87124
a00010382	87125
a00010383	87126
a00010384	87127
a00010385	87128
a00010386	87129
a00010387	87130
a00010388	87131
a00010389	87132
a00010390	87133
a00010391	87134
a00010392	87135
a00010393	87136
a00010394	87137
a00010395	87138
a00010396	87139
a00010397	87140
a00010398	87141
a00010399	87142
a00010400	87143
a00010401	87144
a00010402	87145
a00010403	87146
a00010404	87147
a00010405	87148
a00010406	87149
a00010407	87150
a00010408	87151
a00010409	87152
a00010410	87153
a00010411	87154
a00010412	87155
a00010413	87156
a00010414	87157
a00010415	87158
a00010416	87159
a00010417	87160
a00010418	87161
a00010419	87162
a00010420	87163
a00010421	87164
a00010422	87165
a00010423	87166
a00010424	87167
a00010425	87168
a00010426	87169
a00010427	87170
a00010428	87171
a00010429	87172
a00010430	87173
a00010431	87174
a00010432	87175
a00010433	87176
a00010434	87177
a00010435	87178
a00010436	87179
a00010437	87180
a00010438	87181
a00010439	87182
a00010440	87183
a00010441	87184
a00010442	87185
a00010443	87186
a00010444	87187
a00010445	87188
a00010446	87189
a00010447	87190
a00010448	87191
a00010449	87192
a00010450	87193
a00010451	87194
a00010452	87195
a00010453	87196
a00010454	87197
a00010455	87198
a00010456	87199
a00010457	87200
a00010458	87201
a00010459	87202
a00010460	87203
a00010461	87204
a00010462	87205
a00010463	87206
a00010464	87207
a00010465	87208
a00010466	87209
a00010467	87210
a00010468	87211
a00010469	87212
a00010470	87213
a00010471	87214
a00010472	87215
a00010473	87216
a00010474	87217
a00010475	87218
a00010476	87219
a00010477	87220
a00010478	87221
a00010479	87222
a00010480	87223
a00010481	87224
a00010482	87225
a00010483	87226
a00010484	87227
a00010485	87228
a00010486	87229
a00010487	87230
a00010488	87231
a00010489	87232
a00010490	87233
a00010491	87234
a00010492	87235
a00010493	87236
a00010494	87237
a00010495	87238
a00010496	87239
a00010497	87240
a00010498	87241
a00010499	87242
a00010500	87243
a00010501	87244
a00010502	87245
a00010503	87246
a00010504	87247
a00010505	87248
a00010506	87249
a00010507	87250
a00010508	87251
a00010509	87252
a00010510	87253
a00010511	87254
a00010512	87255
a00010513	87256
a00010514	87257
a00010515	87258
a00010516	87259
a00010517	87260
a00010518	87261
a00010519	87262
a00010520	87263
a00010521	87264
a00010522	87265
a00010523	87266
a00010524	87267
a00010525	87268
a00010526	87269
a00010527	87270
a00010528	87271
a00010529	87272
a00010530	87273
a00010531	87274
a00010532	87275
a00010533	87276
a00010534	87277
a00010535	87278
a00010536	87279
a00010537	87280
a00010538	87281
a00010539	87282
a00010540	87283
a00010541	87284
a00010542	87285
a00010543	87286
a00010544	87287
a00010545	87288
a00010546	87289
a00010547	87290
a00010548	87291
a00010549	87292
a00010550	87293
a00010551	87294
a00010552	87295
a00010553	87296
a00010554	87297
a00010555	87298
a00010556	87299
a00010557	87300
a00010558	87301
a00010559	87302
a00010560	87303
a00010561	87304
a00010562	87305
a00010563	87306
a00010564	87307
a00010565	87308
a00010566	87309
a00010567	87310
a00010568	87311
a00010569	87312
a00010570	87313
a00010571	87314
a00010572	87315
a00010573	87316
a00010574	87317
a00010575	87318
a00010576	87319
a00010577	87320
a00010578	87321
a00010579	87322
a00010580	87323
a00010581	87324
a00010582	87325
a00010583	87326
a00010584	87327
a00010585	87328
a00010586	87329
a00010587	87330
a00010588	87331
a00010589	87332
a00010590	87333
a00010591	87334
a00010592	87335
a00010593	87336
a00010594	87337
a00010595	87338
a00010596	87339
a00010597	87340
a00010598	87341
a00010599	87342
a00010600	87343
a00010601	87344
a00010602	87345
a00010603	87346
a00010604	87347
a00010605	87348
a00010606	87349
a00010607	87350
a00010608	87351
a00010609	87352
a00010610	87353
a00010611	87354
a00010612	87355
a00010613	87356
a00010614	87357
a00010615	87358
a00010616	87359
a00010617	87360
a00010618	87361
a00010619	87362
a00010620	87363
a00010621	87364
a00010622	87365
a00010623	87366
a00010624	87367
a00010625	87368
a00010626	87369
a00010627	87370
a00010628	87371
a00010629	87372
a00010630	87373
a00000001	87374
a00000002	87375
a00000003	87376
a00000004	87377
a00000005	87378
a00000006	87379
a00000007	87380
a00000008	87381
a00000009	87382
a00000010	87383
a00000011	87384
a00000012	87385
a00000013	87386
a00000014	87387
a00000015	87388
a00000016	87389
a00000017	87390
a00000018	87391
a00000019	87392
a00000020	87393
a00000021	87394
a00000022	87395
a00000023	87396
a00000024	87397
a00000025	87398
a00000026	87399
a00000027	87400
a00000028	87401
a00000029	87402
a00000030	87403
a00000031	87404
a00000032	87405
a00000033	87406
a00000034	87407
a00000035	87408
a00000036	87409
a00000037	87410
a00000038	87411
a00000039	87412
a00000040	87413
a00000041	87414
a00000042	87415
a00000043	87416
a00000044	87417
a00000045	87418
a00000046	87419
a00000047	87420
a00000048	87421
a00000049	87422
a00000050	87423
a00000051	87424
a00000052	87425
a00000053	87426
a00000054	87427
a00000055	87428
a00000056	87429
a00000057	87430
a00000058	87431
a00000059	87432
a00000060	87433
a00000061	87434
a00000062	87435
a00000063	87436
a00000064	87437
a00000065	87438
a00000066	87439
a00000067	87440
a00000068	87441
a00000069	87442
a00000070	87443
a00000071	87444
a00000072	87445
a00000073	87446
a00000074	87447
a00000075	87448
a00000076	87449
a00000077	87450
a00000078	87451
a00000079	87452
a00000080	87453
a00000081	87454
a00000082	87455
a00000083	87456
a00000084	87457
a00000085	87458
a00000086	87459
a00000087	87460
a00000088	87461
a00000089	87462
a00000090	87463
a00000091	87464
a00000092	87465
a00000093	87466
a00000094	87467
a00000095	87468
a00000096	87469
a00000097	87470
a00000098	87471
a00000099	87472
a00000100	87473
a00000101	87474
a00000102	87475
a00000103	87476
a00000104	87477
a00000105	87478
a00000106	87479
a00000107	87480
a00000108	87481
a00000109	87482
a00000110	87483
a00000111	87484
a00000112	87485
a00000113	87486
a00000114	87487
a00000115	87488
a00000116	87489
a00000117	87490
a00000118	87491
a00000119	87492
a00000120	87493
a00000121	87494
a00000122	87495
a00000123	87496
a00000124	87497
a00000125	87498
a00000126	87499
a00000127	87500
a00000128	87501
a00000129	87502
a00000130	87503
a00000131	87504
a00000132	87505
a00000133	87506
a00000134	87507
a00000135	87508
a00000136	87509
a00000137	87510
a00000138	87511
a00000139	87512
a00000140	87513
a00000141	87514
a00000142	87515
a00000143	87516
a00000144	87517
a00000145	87518
a00000146	87519
a00000147	87520
a00000148	87521
a00000149	87522
a00000150	87523
a00000151	87524
a00000152	87525
a00000153	87526
a00000154	87527
a00000155	87528
a00000156	87529
a00000157	87530
a00000158	87531
a00000159	87532
a00000160	87533
a00000161	87534
a00000162	87535
a00000163	87536
a00000164	87537
a00000165	87538
a00000166	87539
a00000167	87540
a00000168	87541
a00000169	87542
a00000170	87543
a00000171	87544
a00000172	87545
a00000173	87546
a00000174	87547
a00000175	87548
a00000176	87549
a00000177	87550
a00000178	87551
a00000179	87552
a00000180	87553
a00000181	87554
a00000182	87555
a00000183	87556
a00000184	87557
a00000185	87558
a00000186	87559
a00000187	87560
a00000188	87561
a00000189	87562
a00000190	87563
a00000191	87564
a00000192	87565
a00000193	87566
a00000194	87567
a00000195	87568
a00000196	87569
a00000197	87570
a00000198	87571
a00000199	87572
a00000200	87573
a00000201	87574
a00000202	87575
a00000203	87576
a00000204	87577
a00000205	87578
a00000206	87579
a00000207	87580
a00000208	87581
a00000209	87582
a00000210	87583
a00000211	87584
a00000212	87585
a00000213	87586
a00000214	87587
a00000215	87588
a00000216	87589
a00000217	87590
a00000218	87591
a00000219	87592
a00000220	87593
a00000221	87594
a00000222	87595
a00000223	87596
a00000224	87597
a00000225	87598
a00000226	87599
a00000227	87600
a00000228	87601
a00000229	87602
a00000230	87603
a00000231	87604
a00000232	87605
a00000233	87606
a00000234	87607
a00000235	87608
a00000236	87609
a00000237	87610
a00000238	87611
a00000239	87612
a00000240	87613
a00000241	87614
a00000242	87615
a00000243	87616
a00000244	87617
a00000245	87618
a00000246	87619
a00000247	87620
a00000248	87621
a00000249	87622
a00000250	87623
a00000251	87624
a00000252	87625
a00000253	87626
a00000254	87627
a00000255	87628
a00000256	87629
a00000257	87630
a00000258	87631
a00000259	87632
a00000260	87633
a00000261	87634
a00000262	87635
a00000263	87636
a00000264	87637
a00000265	87638
a00000266	87639
a00000267	87640
a00000268	87641
a00000269	87642
a00000270	87643
a00000271	87644
a00000272	87645
a00000273	87646
a00000274	87647
a00000275	87648
a00000276	87649
a00000277	87650
a00000278	87651
a00000279	87652
a00000280	87653
a00000281	87654
a00000282	87655
a00000283	87656
a00000284	87657
a00000285	87658
a00000286	87659
a00000287	87660
a00000288	87661
a00000289	87662
a00000290	87663
a00000291	87664
a00000292	87665
a00000293	87666
a00000294	87667
a00000295	87668
a00000296	87669
a00000297	87670
a00000298	87671
a00000299	87672
a00000300	87673
a00000301	87674
a00000302	87675
a00000303	87676
a00000304	87677
a00000305	87678
a00000306	87679
a00000307	87680
a00000308	87681
a00000309	87682
a00000310	87683
a00000311	87684
a00000312	87685
a00000313	87686
a00000314	87687
a00000315	87688
a00000316	87689
a00000317	87690
a00000318	87691
a00000319	87692
a00000320	87693
a00000321	87694
a00000322	87695
a00000323	87696
a00000324	87697
a00000325	87698
a00000326	87699
a00000327	87700
a00000328	87701
a00000329	87702
a00000330	87703
a00000331	87704
a00000332	87705
a00000333	87706
a00000334	87707
a00000335	87708
a00000336	87709
a00000337	87710
a00000338	87711
a00000339	87712
a00000340	87713
a00000341	87714
a00000342	87715
a00000343	87716
a00000344	87717
a00000345	87718
a00000346	87719
a00000347	87720
a00000348	87721
a00000349	87722
a00000350	87723
a00000351	87724
a00000352	87725
a00000353	87726
a00000354	87727
a00000355	87728
a00000356	87729
a00000357	87730
a00000358	87731
a00000359	87732
a00000360	87733
a00000361	87734
a00000362	87735
a00000363	87736
a00000364	87737
a00000365	87738
a00000366	87739
a00000367	87740
a00000368	87741
a00000369	87742
a00000370	87743
a00000371	87744
a00000372	87745
a00000373	87746
a00000374	87747
a00000375	87748
a00000376	87749
a00000377	87750
a00000378	87751
a00000379	87752
a00000380	87753
a00000381	87754
a00000382	87755
a00000383	87756
a00000384	87757
a00000385	87758
a00000386	87759
a00000387	87760
a00000388	87761
a00000389	87762
a00000390	87763
a00000391	87764
a00000392	87765
a00000393	87766
a00000394	87767
a00000395	87768
a00000396	87769
a00000397	87770
a00000398	87771
a00000399	87772
a00000400	87773
a00000401	87774
a00000402	87775
a00000403	87776
a00000404	87777
a00000405	87778
a00000406	87779
a00000407	87780
a00000408	87781
a00000409	87782
a00000410	87783
a00000411	87784
a00000412	87785
a00000413	87786
a00000414	87787
a00000415	87788
a00000416	87789
a00000417	87790
a00000418	87791
a00000419	87792
a00000420	87793
a00000421	87794
a00000422	87795
a00000423	87796
a00000424	87797
a00000425	87798
a00000426	87799
a00000427	87800
a00000428	87801
a00000429	87802
a00000430	87803
a00000431	87804
a00000432	87805
a00000433	87806
a00000434	87807
a00000435	87808
a00000436	87809
a00000437	87810
a00000438	87811
a00000439	87812
a00000440	87813
a00000441	87814
a00000442	87815
a00000443	87816
a00000444	87817
a00000445	87818
a00000446	87819
a00000447	87820
a00000448	87821
a00000449	87822
a00000450	87823
a00000451	87824
a00000452	87825
a00000453	87826
a00000454	87827
a00000455	87828
a00000456	87829
a00000457	87830
a00000458	87831
a00000459	87832
a00000460	87833
a00000461	87834
a00000462	87835
a00000463	87836
a00000464	87837
a00000465	87838
a00000466	87839
a00000467	87840
a00000468	87841
a00000469	87842
a00000470	87843
a00000471	87844
a00000472	87845
a00000473	87846
a00000474	87847
a00000475	87848
a00000476	87849
a00000477	87850
a00000478	87851
a00000479	87852
a00000480	87853
a00000481	87854
a00000482	87855
a00000483	87856
a00000484	87857
a00000485	87858
a00000486	87859
a00000487	87860
a00000488	87861
a00000489	87862
a00000490	87863
a00000491	87864
a00000492	87865
a00000493	87866
a00000494	87867
a00000495	87868
a00000496	87869
a00000497	87870
a00000498	87871
a00000499	87872
a00000500	87873
a00000501	87874
a00000502	87875
a00000503	87876
a00000504	87877
a00000505	87878
a00000506	87879
a00000507	87880
a00000508	87881
a00000509	87882
a00000510	87883
a00000511	87884
a00000512	87885
a00000513	87886
a00000514	87887
a00000515	87888
a00000516	87889
a00000517	87890
a00000518	87891
a00000519	87892
a00000520	87893
a00000521	87894
a00000522	87895
a00000523	87896
a00000524	87897
a00000525	87898
a00000526	87899
a00000527	87900
a00000528	87901
a00000529	87902
a00000530	87903
a00000531	87904
a00000532	87905
a00000533	87906
a00000534	87907
a00000535	87908
a00000536	87909
a00000537	87910
a00000538	87911
a00000539	87912
a00000540	87913
a00000541	87914
a00000542	87915
a00000543	87916
a00000544	87917
a00000545	87918
a00000546	87919
a00000547	87920
a00000548	87921
a00000549	87922
a00000550	87923
a00000551	87924
a00000552	87925
a00000553	87926
a00000554	87927
a00000555	87928
a00000556	87929
a00000557	87930
a00000558	87931
a00000559	87932
a00000560	87933
a00000561	87934
a00000562	87935
a00000563	87936
a00000564	87937
a00000565	87938
a00000566	87939
a00000567	87940
a00000568	87941
a00000569	87942
a00000570	87943
a00000571	87944
a00000572	87945
a00000573	87946
a00000574	87947
a00000575	87948
a00000576	87949
a00000577	87950
a00000578	87951
a00000579	87952
a00000580	87953
a00000581	87954
a00000582	87955
a00000583	87956
a00000584	87957
a00000585	87958
a00000586	87959
a00000587	87960
a00000588	87961
a00000589	87962
a00000590	87963
a00000591	87964
a00000592	87965
a00000593	87966
a00000594	87967
a00000595	87968
a00000596	87969
a00000597	87970
a00000598	87971
a00000599	87972
a00000600	87973
a00000601	87974
a00000602	87975
a00000603	87976
a00000604	87977
a00000605	87978
a00000606	87979
a00000607	87980
a00000608	87981
a00000609	87982
a00000610	87983
a00000611	87984
a00000612	87985
a00000613	87986
a00000614	87987
a00000615	87988
a00000616	87989
a00000617	87990
a00000618	87991
a00000619	87992
a00000620	87993
a00000621	87994
a00000622	87995
a00000623	87996
a00000624	87997
a00000625	87998
a00000626	87999
a00000627	88000
a00000628	88001
a00000629	88002
a00000630	88003
a00000631	88004
a00000632	88005
a00000633	88006
a00000634	88007
a00000635	88008
a00000636	88009
a00000637	88010
a00000638	88011
a00000639	88012
a00000640	88013
a00000641	88014
a00000642	88015
a00000643	88016
a00000644	88017
a00000645	88018
a00000646	88019
a00000647	88020
a00000648	88021
a00000649	88022
a00000650	88023
a00000651	88024
a00000652	88025
a00000653	88026
a00000654	88027
a00000655	88028
a00000656	88029
a00000657	88030
a00000658	88031
a00000659	88032
a00000660	88033
a00000661	88034
a00000662	88035
a00000663	88036
a00000664	88037
a00000665	88038
a00000666	88039
a00000667	88040
a00000668	88041
a00000669	88042
a00000670	88043
a00000671	88044
a00000672	88045
a00000673	88046
a00000674	88047
a00000675	88048
a00000676	88049
a00000677	88050
a00000678	88051
a00000679	88052
a00000680	88053
a00000681	88054
a00000682	88055
a00000683	88056
a00000684	88057
a00000685	88058
a00000686	88059
a00000687	88060
a00000688	88061
a00000689	88062
a00000690	88063
a00000691	88064
a00000692	88065
a00000693	88066
a00000694	88067
a00000695	88068
a00000696	88069
a00000697	88070
a00000698	88071
a00000699	88072
a00000700	88073
a00000701	88074
a00000702	88075
a00000703	88076
a00000704	88077
a00000705	88078
a00000706	88079
a00000707	88080
a00000708	88081
a00000709	88082
a00000710	88083
a00000711	88084
a00000712	88085
a00000713	88086
a00000714	88087
a00000715	88088
a00000716	88089
a00000717	88090
a00000718	88091
a00000719	88092
a00000720	88093
a00000721	88094
a00000722	88095
a00000723	88096
a00000724	88097
a00000725	88098
a00000726	88099
a00000727	88100
a00000728	88101
a00000729	88102
a00000730	88103
a00000731	88104
a00000732	88105
a00000733	88106
a00000734	88107
a00000735	88108
a00000736	88109
a00000737	88110
a00000738	88111
a00000739	88112
a00000740	88113
a00000741	88114
a00000742	88115
a00000743	88116
a00000744	88117
a00000745	88118
a00000746	88119
a00000747	88120
a00000748	88121
a00000749	88122
a00000750	88123
a00000751	88124
a00000752	88125
a00000753	88126
a00000754	88127
a00000755	88128
a00000756	88129
a00000757	88130
a00000758	88131
a00000759	88132
a00000760	88133
a00000761	88134
a00000762	88135
a00000763	88136
a00000764	88137
a00000765	88138
a00000766	88139
a00000767	88140
a00000768	88141
a00000769	88142
a00000770	88143
a00000771	88144
a00000772	88145
a00000773	88146
a00000774	88147
a00000775	88148
a00000776	88149
a00000777	88150
a00000778	88151
a00000779	88152
a00000780	88153
a00000781	88154
a00000782	88155
a00000783	88156
a00000784	88157
a00000785	88158
a00000786	88159
a00000787	88160
a00000788	88161
a00000789	88162
a00000790	88163
a00000791	88164
