annotation	node
a00000000	44501
a00000708	44502
a00000709	44503
a00000710	44504
a00000711	44505
a00000712	44506
a00000713	44507
a00000714	44508
a00000715	44509
a00000716	44510
a00000717	44511
a00000718	44512
a00000719	44513
a00000720	44514
a00000721	44515
a00000722	44516
a00000723	44517
a00000724	44518
a00000725	44519
a00000726	44520
a00000727	44521
a00000728	44522
a00000729	44523
a00000730	44524
a00000731	44525
a00000732	44526
a00000733	44527
a00000734	44528
a00000735	44529
a00000736	44530
a00000737	44531
a00000738	44532
a00000739	44533
a00000740	44534
a00000741	44535
a00000742	44536
a00000743	44537
a00000744	44538
a00000745	44539
a00000746	44540
a00000747	44541
a00000748	44542
a00000749	44543
a00000750	44544
a00000751	44545
a00000752	44546
a00000753	44547
a00000754	44548
a00000755	44549
a00000756	44550
a00000757	44551
a00000758	44552
a00000759	44553
a00000760	44554
a00000761	44555
a00000762	44556
a00000763	44557
a00000764	44558
a00000765	44559
a00000766	44560
a00000767	44561
a00000768	44562
a00000769	44563
a00000770	44564
a00000771	44565
a00000772	44566
a00000773	44567
a00000774	44568
a00000775	44569
a00000776	44570
a00000777	44571
a00000778	44572
a00000779	44573
a00000780	44574
a00000781	44575
a00000782	44576
a00000783	44577
a00000784	44578
a00000785	44579
a00000786	44580
a00000787	44581
a00000788	44582
a00000789	44583
a00000790	44584
a00000791	44585
a00000792	44586
a00000793	44587
a00000794	44588
a00000795	44589
a00000796	44590
a00000797	44591
a00000798	44592
a00000799	44593
a00000800	44594
a00000801	44595
a00000802	44596
a00000803	44597
a00000804	44598
a00000805	44599
a00000806	44600
a00000807	44601
a00000808	44602
a00000809	44603
a00000810	44604
a00000811	44605
a00000812	44606
a00000813	44607
a00000814	44608
a00000815	44609
a00000816	44610
a00000817	44611
a00000818	44612
a00000819	44613
a00000820	44614
a00000821	44615
a00000822	44616
a00000823	44617
a00000824	44618
a00000825	44619
a00000826	44620
a00000827	44621
a00000828	44622
a00000829	44623
a00000830	44624
a00000831	44625
a00000832	44626
a00000833	44627
a00000834	44628
a00000835	44629
a00000836	44630
a00000837	44631
a00000838	44632
a00000839	44633
a00000840	44634
a00000841	44635
a00000842	44636
a00000843	44637
a00000844	44638
a00000845	44639
a00000846	44640
a00000847	44641
a00000848	44642
a00000849	44643
a00000850	44644
a00000851	44645
a00000852	44646
a00000853	44647
a00000854	44648
a00000855	44649
a00000856	44650
a00000857	44651
a00000858	44652
a00000859	44653
a00000860	44654
a00000861	44655
a00000862	44656
a00000863	44657
a00000864	44658
a00000865	44659
a00000866	44660
a00000867	44661
a00000868	44662
a00000869	44663
a00000870	44664
a00000871	44665
a00000872	44666
a00000873	44667
a00000874	44668
a00000875	44669
a00000876	44670
a00000877	44671
a00000878	44672
a00000879	44673
a00000880	44674
a00000881	44675
a00000882	44676
a00000883	44677
a00000884	44678
a00000885	44679
a00000886	44680
a00000887	44681
a00000888	44682
a00000889	44683
a00000890	44684
a00000891	44685
a00000892	44686
a00000893	44687
a00000894	44688
a00000895	44689
a00000896	44690
a00000897	44691
a00000898	44692
a00000899	44693
a00000900	44694
a00000901	44695
a00000902	44696
a00000903	44697
a00000904	44698
a00000905	44699
a00000906	44700
a00000907	44701
a00000908	44702
a00000909	44703
a00000910	44704
a00000911	44705
a00000912	44706
a00000913	44707
a00000914	44708
a00000915	44709
a00000916	44710
a00000917	44711
a00000918	44712
a00000919	44713
a00000920	44714
a00000921	44715
a00000922	44716
a00000923	44717
a00000924	44718
a00000925	44719
a00000926	44720
a00000927	44721
a00000928	44722
a00000929	44723
a00000930	44724
a00000931	44725
a00000932	44726
a00000933	44727
a00000934	44728
a00000935	44729
a00000936	44730
a00000937	44731
a00000938	44732
a00000939	44733
a00000940	44734
a00000941	44735
a00000942	44736
a00000943	44737
a00000944	44738
a00000945	44739
a00000946	44740
a00000947	44741
a00000948	44742
a00000949	44743
a00000950	44744
a00000951	44745
a00000952	44746
a00000953	44747
a00000954	44748
a00000955	44749
a00000956	44750
a00000957	44751
a00000958	44752
a00000959	44753
a00000960	44754
a00000961	44755
a00000962	44756
a00000963	44757
a00000964	44758
a00000965	44759
a00000966	44760
a00000967	44761
a00000968	44762
a00000969	44763
a00000970	44764
a00000971	44765
a00000972	44766
a00000973	44767
a00000974	44768
a00000975	44769
a00000976	44770
a00000977	44771
a00000978	44772
a00000979	44773
a00000980	44774
a00000981	44775
a00000982	44776
a00000983	44777
a00000984	44778
a00000985	44779
a00000986	44780
a00000987	44781
a00000988	44782
a00000989	44783
a00000990	44784
a00000991	44785
a00000992	44786
a00000993	44787
a00000994	44788
a00000995	44789
a00000996	44790
a00000997	44791
a00000998	44792
a00000999	44793
a00001000	44794
a00001001	44795
a00001002	44796
a00001003	44797
a00001004	44798
a00001005	44799
a00001006	44800
a00001007	44801
a00001008	44802
a00001009	44803
a00001010	44804
a00001011	44805
a00001012	44806
a00001013	44807
a00001014	44808
a00001015	44809
a00001016	44810
a00001017	44811
a00001018	44812
a00001019	44813
a00001020	44814
a00001021	44815
a00001022	44816
a00001023	44817
a00001024	44818
a00001025	44819
a00001026	44820
a00001027	44821
a00001028	44822
a00001029	44823
a00001030	44824
a00001031	44825
a00001032	44826
a00001033	44827
a00001034	44828
a00001035	44829
a00001036	44830
a00001037	44831
a00001038	44832
a00001039	44833
a00001040	44834
a00001041	44835
a00001042	44836
a00001043	44837
a00001044	44838
a00001045	44839
a00001046	44840
a00001047	44841
a00001048	44842
a00001049	44843
a00001050	44844
a00001051	44845
a00001052	44846
a00001053	44847
a00001054	44848
a00001055	44849
a00001056	44850
a00001057	44851
a00001058	44852
a00001059	44853
a00001060	44854
a00001061	44855
a00001062	44856
a00001063	44857
a00001064	44858
a00001065	44859
a00001066	44860
a00001067	44861
a00001068	44862
a00001069	44863
a00001070	44864
a00001071	44865
a00001072	44866
a00001073	44867
a00001074	44868
a00001075	44869
a00001076	44870
a00001077	44871
a00001078	44872
a00001079	44873
a00001080	44874
a00001081	44875
a00001082	44876
a00001083	44877
a00001084	44878
a00001085	44879
a00001086	44880
a00001087	44881
a00001088	44882
a00001089	44883
a00001090	44884
a00001091	44885
a00001092	44886
a00001093	44887
a00001094	44888
a00001095	44889
a00001096	44890
a00001097	44891
a00001098	44892
a00001099	44893
a00001100	44894
a00001101	44895
a00001102	44896
a00001103	44897
a00001104	44898
a00001105	44899
a00001106	44900
a00001107	44901
a00001108	44902
a00001109	44903
a00001110	44904
a00001111	44905
a00001112	44906
a00001113	44907
a00001114	44908
a00001115	44909
a00001116	44910
a00001117	44911
a00001118	44912
a00001119	44913
a00001120	44914
a00001121	44915
a00001122	44916
a00001123	44917
a00001124	44918
a00001125	44919
a00001126	44920
a00001127	44921
a00001128	44922
a00001129	44923
a00001130	44924
a00001131	44925
a00001132	44926
a00001133	44927
a00001134	44928
a00001135	44929
a00001136	44930
a00001137	44931
a00001138	44932
a00001139	44933
a00001140	44934
a00001141	44935
a00001142	44936
a00001143	44937
a00001144	44938
a00001145	44939
a00001146	44940
a00001147	44941
a00001148	44942
a00001149	44943
a00001150	44944
a00001151	44945
a00001152	44946
a00001153	44947
a00001154	44948
a00001155	44949
a00001156	44950
a00001157	44951
a00001158	44952
a00001159	44953
a00001160	44954
a00001161	44955
a00001162	44956
a00001163	44957
a00001164	44958
a00001165	44959
a00001166	44960
a00001167	44961
a00001168	44962
a00001169	44963
a00001170	44964
a00001171	44965
a00001172	44966
a00001173	44967
a00001174	44968
a00001175	44969
a00001176	44970
a00001177	44971
a00001178	44972
a00001179	44973
a00001180	44974
a00001181	44975
a00001182	44976
a00001183	44977
a00001184	44978
a00001185	44979
a00001186	44980
a00001187	44981
a00001188	44982
a00001189	44983
a00001190	44984
a00001191	44985
a00001192	44986
a00001193	44987
a00001194	44988
a00001195	44989
a00001196	44990
a00001197	44991
a00001198	44992
a00001199	44993
a00001200	44994
a00001201	44995
a00001202	44996
a00001203	44997
a00001204	44998
a00001205	44999
a00001206	45000
a00001207	45001
a00001208	45002
a00001209	45003
a00001210	45004
a00001211	45005
a00001212	45006
a00001213	45007
a00001214	45008
a00001215	45009
a00001216	45010
a00001217	45011
a00001218	45012
a00001219	45013
a00001220	45014
a00001221	45015
a00001222	45016
a00001223	45017
a00001224	45018
a00001225	45019
a00001226	45020
a00001227	45021
a00001228	45022
a00001229	45023
a00001230	45024
a00001231	45025
a00001232	45026
a00001233	45027
a00001234	45028
a00001235	45029
a00001236	45030
a00001237	45031
a00001238	45032
a00001239	45033
a00001240	45034
a00001241	45035
a00001242	45036
a00001243	45037
a00001244	45038
a00001245	45039
a00001246	45040
a00001247	45041
a00001248	45042
a00001249	45043
a00001250	45044
a00001251	45045
a00001252	45046
a00001253	45047
a00001254	45048
a00001255	45049
a00001256	45050
a00001257	45051
a00001258	45052
a00001259	45053
a00001260	45054
a00001261	45055
a00001262	45056
a00001263	45057
a00001264	45058
a00001265	45059
a00001266	45060
a00001267	45061
a00001268	45062
a00001269	45063
a00001270	45064
a00001271	45065
a00001272	45066
a00001273	45067
a00001274	45068
a00001275	45069
a00001276	45070
a00001277	45071
a00001278	45072
a00001279	45073
a00001280	45074
a00001281	45075
a00001282	45076
a00001283	45077
a00001284	45078
a00001285	45079
a00001286	45080
a00001287	45081
a00001288	45082
a00001289	45083
a00001290	45084
a00001291	45085
a00001292	45086
a00001293	45087
a00001294	45088
a00001295	45089
a00001296	45090
a00001297	45091
a00001298	45092
a00001299	45093
a00001300	45094
a00001301	45095
a00001302	45096
a00001303	45097
a00001304	45098
a00001305	45099
a00001306	45100
a00001307	45101
a00001308	45102
a00001309	45103
a00001310	45104
a00001311	45105
a00001312	45106
a00001313	45107
a00001314	45108
a00001315	45109
a00001316	45110
a00001317	45111
a00001318	45112
a00001319	45113
a00001320	45114
a00001321	45115
a00001322	45116
a00001323	45117
a00001324	45118
a00001325	45119
a00001326	45120
a00001327	45121
a00001328	45122
a00001329	45123
a00001330	45124
a00001331	45125
a00001332	45126
a00001333	45127
a00001334	45128
a00001335	45129
a00001336	45130
a00001337	45131
a00001338	45132
a00001339	45133
a00001340	45134
a00001341	45135
a00001342	45136
a00001343	45137
a00001344	45138
a00001345	45139
a00001346	45140
a00001347	45141
a00001348	45142
a00001349	45143
a00001350	45144
a00001351	45145
a00001352	45146
a00001353	45147
a00001354	45148
a00001355	45149
a00001356	45150
a00001357	45151
a00001358	45152
a00001359	45153
a00001360	45154
a00001361	45155
a00001362	45156
a00001363	45157
a00001364	45158
a00001365	45159
a00001366	45160
a00001367	45161
a00001368	45162
a00001369	45163
a00001370	45164
a00001371	45165
a00001372	45166
a00001373	45167
a00001374	45168
a00001375	45169
a00001376	45170
a00001377	45171
a00001378	45172
a00001379	45173
a00001380	45174
a00001381	45175
a00001382	45176
a00001383	45177
a00001384	45178
a00001385	45179
a00001386	45180
a00001387	45181
a00001388	45182
a00001389	45183
a00001390	45184
a00001391	45185
a00001392	45186
a00001393	45187
a00001394	45188
a00001395	45189
a00001396	45190
a00001397	45191
a00001398	45192
a00001399	45193
a00001400	45194
a00001401	45195
a00001402	45196
a00001403	45197
a00001404	45198
a00001405	45199
a00001406	45200
a00001407	45201
a00001408	45202
a00001409	45203
a00001410	45204
a00001411	45205
a00001412	45206
a00001413	45207
a00001414	45208
a00001415	45209
a00001416	45210
a00001417	45211
a00001418	45212
a00001419	45213
a00001420	45214
a00001421	45215
a00001422	45216
a00001423	45217
a00001424	45218
a00001425	45219
a00001426	45220
a00001427	45221
a00001428	45222
a00001429	45223
a00001430	45224
a00001431	45225
a00001432	45226
a00001433	45227
a00001434	45228
a00001435	45229
a00001436	45230
a00001437	45231
a00001438	45232
a00001439	45233
a00001440	45234
a00001441	45235
a00001442	45236
a00001443	45237
a00001444	45238
a00001445	45239
a00001446	45240
a00001447	45241
a00001448	45242
a00001449	45243
a00001450	45244
a00001451	45245
a00001452	45246
a00001453	45247
a00001454	45248
a00001455	45249
a00001456	45250
a00001457	45251
a00001458	45252
a00001459	45253
a00001460	45254
a00001461	45255
a00001462	45256
a00001463	45257
a00001464	45258
a00001465	45259
a00001466	45260
a00001467	45261
a00001468	45262
a00001469	45263
a00001470	45264
a00001471	45265
a00001472	45266
a00001473	45267
a00001474	45268
a00001475	45269
a00001476	45270
a00001477	45271
a00001478	45272
a00001479	45273
a00001480	45274
a00001481	45275
a00001482	45276
a00001483	45277
a00001484	45278
a00001485	45279
a00001486	45280
a00001487	45281
a00001488	45282
a00001489	45283
a00001490	45284
a00001491	45285
a00001492	45286
a00001493	45287
a00001494	45288
a00001495	45289
a00001496	45290
a00001497	45291
a00001498	45292
a00001499	45293
a00001500	45294
a00001501	45295
a00001502	45296
a00001503	45297
a00001504	45298
a00001505	45299
a00001506	45300
a00001507	45301
a00001508	45302
a00001509	45303
a00001510	45304
a00001511	45305
a00001512	45306
a00001513	45307
a00001514	45308
a00001515	45309
a00001516	45310
a00001517	45311
a00001518	45312
a00001519	45313
a00001520	45314
a00001521	45315
a00001522	45316
a00001523	45317
a00001524	45318
a00001525	45319
a00001526	45320
a00001527	45321
a00001528	45322
a00001529	45323
a00001530	45324
a00001531	45325
a00001532	45326
a00001533	45327
a00001534	45328
a00001535	45329
a00001536	45330
a00001537	45331
a00001538	45332
a00001539	45333
a00001540	45334
a00001541	45335
a00001542	45336
a00001543	45337
a00001544	45338
a00001545	45339
a00001546	45340
a00001547	45341
a00001548	45342
a00001549	45343
a00001550	45344
a00001551	45345
a00001552	45346
a00001553	45347
a00001554	45348
a00001555	45349
a00001556	45350
a00001557	45351
a00001558	45352
a00001559	45353
a00001560	45354
a00001561	45355
a00001562	45356
a00001563	45357
a00001564	45358
a00001565	45359
a00001566	45360
a00001567	45361
a00001568	45362
a00001569	45363
a00001570	45364
a00001571	45365
a00001572	45366
a00001573	45367
a00001574	45368
a00001575	45369
a00001576	45370
a00001577	45371
a00001578	45372
a00001579	45373
a00001580	45374
a00001581	45375
a00001582	45376
a00001583	45377
a00001584	45378
a00001585	45379
a00001586	45380
a00001587	45381
a00001588	45382
a00001589	45383
a00001590	45384
a00001591	45385
a00001592	45386
a00001593	45387
a00001594	45388
a00001595	45389
a00001596	45390
a00001597	45391
a00001598	45392
a00001599	45393
a00001600	45394
a00001601	45395
a00001602	45396
a00001603	45397
a00001604	45398
a00001605	45399
a00001606	45400
a00001607	45401
a00001608	45402
a00001609	45403
a00001610	45404
a00001611	45405
a00001612	45406
a00001613	45407
a00001614	45408
a00001615	45409
a00001616	45410
a00001617	45411
a00001618	45412
a00001619	45413
a00001620	45414
a00001621	45415
a00001622	45416
a00001623	45417
a00001624	45418
a00001625	45419
a00001626	45420
a00001627	45421
a00001628	45422
a00001629	45423
a00001630	45424
a00001631	45425
a00001632	45426
a00001633	45427
a00001634	45428
a00001635	45429
a00001636	45430
a00001637	45431
a00001638	45432
a00001639	45433
a00001640	45434
a00001641	45435
a00001642	45436
a00001643	45437
a00001644	45438
a00001645	45439
a00001646	45440
a00001647	45441
a00001648	45442
a00001649	45443
a00001650	45444
a00001651	45445
a00001652	45446
a00001653	45447
a00001654	45448
a00001655	45449
a00001656	45450
a00001657	45451
a00001658	45452
a00001659	45453
a00001660	45454
a00001661	45455
a00001662	45456
a00001663	45457
a00001664	45458
a00001665	45459
a00001666	45460
a00001667	45461
a00001668	45462
a00001669	45463
a00001670	45464
a00001671	45465
a00001672	45466
a00001673	45467
a00001674	45468
a00001675	45469
a00001676	45470
a00001677	45471
a00001678	45472
a00001679	45473
a00001680	45474
a00001681	45475
a00001682	45476
a00001683	45477
a00001684	45478
a00001685	45479
a00001686	45480
a00001687	45481
a00001688	45482
a00001689	45483
a00001690	45484
a00001691	45485
a00001692	45486
a00001693	45487
a00001694	45488
a00001695	45489
a00001696	45490
a00001697	45491
a00001698	45492
a00001699	45493
a00001700	45494
a00001701	45495
a00001702	45496
a00001703	45497
a00001704	45498
a00001705	45499
a00001706	45500
a00001707	45501
a00001708	45502
a00001709	45503
a00001710	45504
a00001711	45505
a00001712	45506
a00001713	45507
a00001714	45508
a00001715	45509
a00001716	45510
a00001717	45511
a00001718	45512
a00001719	45513
a00001720	45514
a00001721	45515
a00001722	45516
a00001723	45517
a00001724	45518
a00001725	45519
a00001726	45520
a00001727	45521
a00001728	45522
a00001729	45523
a00001730	45524
a00001731	45525
a00001732	45526
a00001733	45527
a00001734	45528
a00001735	45529
a00001736	45530
a00001737	45531
a00001738	45532
a00001739	45533
a00001740	45534
a00001741	45535
a00001742	45536
a00001743	45537
a00001744	45538
a00001745	45539
a00001746	45540
a00001747	45541
a00001748	45542
a00001749	45543
a00001750	45544
a00001751	45545
a00001752	45546
a00001753	45547
a00001754	45548
a00001755	45549
a00001756	45550
a00001757	45551
a00001758	45552
a00001759	45553
a00001760	45554
a00001761	45555
a00001762	45556
a00001763	45557
a00001764	45558
a00001765	45559
a00001766	45560
a00001767	45561
a00001768	45562
a00001769	45563
a00001770	45564
a00001771	45565
a00001772	45566
a00001773	45567
a00001774	45568
a00001775	45569
a00001776	45570
a00001777	45571
a00001778	45572
a00001779	45573
a00001780	45574
a00001781	45575
a00001782	45576
a00001783	45577
a00001784	45578
a00001785	45579
a00001786	45580
a00001787	45581
a00001788	45582
a00001789	45583
a00001790	45584
a00001791	45585
a00001792	45586
a00001793	45587
a00001794	45588
a00001795	45589
a00001796	45590
a00001797	45591
a00001798	45592
a00001799	45593
a00001800	45594
a00001801	45595
a00001802	45596
a00001803	45597
a00001804	45598
a00001805	45599
a00001806	45600
a00001807	45601
a00001808	45602
a00001809	45603
a00001810	45604
a00001811	45605
a00001812	45606
a00001813	45607
a00001814	45608
a00001815	45609
a00001816	45610
a00001817	45611
a00001818	45612
a00001819	45613
a00001820	45614
a00001821	45615
a00001822	45616
a00001823	45617
a00001824	45618
a00001825	45619
a00001826	45620
a00001827	45621
a00001828	45622
a00001829	45623
a00001830	45624
a00001831	45625
a00001832	45626
a00001833	45627
a00001834	45628
a00001835	45629
a00001836	45630
a00001837	45631
a00001838	45632
a00001839	45633
a00001840	45634
a00001841	45635
a00001842	45636
a00001843	45637
a00001844	45638
a00001845	45639
a00001846	45640
a00001847	45641
a00001848	45642
a00001849	45643
a00001850	45644
a00001851	45645
a00001852	45646
a00001853	45647
a00001854	45648
a00001855	45649
a00001856	45650
a00001857	45651
a00001858	45652
a00001859	45653
a00001860	45654
a00001861	45655
a00001862	45656
a00001863	45657
a00001864	45658
a00001865	45659
a00001866	45660
a00001867	45661
a00001868	45662
a00001869	45663
a00001870	45664
a00001871	45665
a00001872	45666
a00001873	45667
a00001874	45668
a00001875	45669
a00001876	45670
a00001877	45671
a00001878	45672
a00001879	45673
a00001880	45674
a00001881	45675
a00001882	45676
a00001883	45677
a00001884	45678
a00001885	45679
a00001886	45680
a00001887	45681
a00001888	45682
a00001889	45683
a00001890	45684
a00001891	45685
a00001892	45686
a00001893	45687
a00001894	45688
a00001895	45689
a00001896	45690
a00001897	45691
a00001898	45692
a00001899	45693
a00001900	45694
a00001901	45695
a00001902	45696
a00001903	45697
a00001904	45698
a00001905	45699
a00001906	45700
a00001907	45701
a00001908	45702
a00001909	45703
a00001910	45704
a00001911	45705
a00001912	45706
a00001913	45707
a00001914	45708
a00001915	45709
a00001916	45710
a00001917	45711
a00001918	45712
a00001919	45713
a00001920	45714
a00001921	45715
a00001922	45716
a00001923	45717
a00001924	45718
a00001925	45719
a00001926	45720
a00001927	45721
a00001928	45722
a00001929	45723
a00001930	45724
a00001931	45725
a00001932	45726
a00001933	45727
a00001934	45728
a00001935	45729
a00001936	45730
a00001937	45731
a00001938	45732
a00001939	45733
a00001940	45734
a00001941	45735
a00001942	45736
a00001943	45737
a00001944	45738
a00001945	45739
a00001946	45740
a00001947	45741
a00001948	45742
a00001949	45743
a00001950	45744
a00001951	45745
a00001952	45746
a00001953	45747
a00001954	45748
a00001955	45749
a00001956	45750
a00001957	45751
a00001958	45752
a00001959	45753
a00001960	45754
a00001961	45755
a00001962	45756
a00001963	45757
a00001964	45758
a00001965	45759
a00001966	45760
a00001967	45761
a00001968	45762
a00001969	45763
a00001970	45764
a00001971	45765
a00001972	45766
a00001973	45767
a00001974	45768
a00001975	45769
a00001976	45770
a00001977	45771
a00001978	45772
a00001979	45773
a00001980	45774
a00001981	45775
a00001982	45776
a00001983	45777
a00001984	45778
a00001985	45779
a00001986	45780
a00001987	45781
a00001988	45782
a00001989	45783
a00001990	45784
a00001991	45785
a00001992	45786
a00001993	45787
a00001994	45788
a00001995	45789
a00001996	45790
a00001997	45791
a00001998	45792
a00001999	45793
a00002000	45794
a00002001	45795
a00002002	45796
a00002003	45797
a00002004	45798
a00002005	45799
a00002006	45800
a00002007	45801
a00002008	45802
a00002009	45803
a00002010	45804
a00002011	45805
a00002012	45806
a00002013	45807
a00002014	45808
a00002015	45809
a00002016	45810
a00002017	45811
a00002018	45812
a00002019	45813
a00002020	45814
a00002021	45815
a00002022	45816
a00002023	45817
a00002024	45818
a00002025	45819
a00002026	45820
a00002027	45821
a00002028	45822
a00002029	45823
a00002030	45824
a00002031	45825
a00002032	45826
a00002033	45827
a00002034	45828
a00002035	45829
a00002036	45830
a00002037	45831
a00002038	45832
a00002039	45833
a00002040	45834
a00002041	45835
a00002042	45836
a00002043	45837
a00002044	45838
a00002045	45839
a00002046	45840
a00002047	45841
a00002048	45842
a00002049	45843
a00002050	45844
a00002051	45845
a00002052	45846
a00002053	45847
a00002054	45848
a00002055	45849
a00002056	45850
a00002057	45851
a00002058	45852
a00002059	45853
a00002060	45854
a00002061	45855
a00002062	45856
a00002063	45857
a00002064	45858
a00002065	45859
a00002066	45860
a00002067	45861
a00002068	45862
a00002069	45863
a00002070	45864
a00002071	45865
a00002072	45866
a00002073	45867
a00002074	45868
a00002075	45869
a00002076	45870
a00002077	45871
a00002078	45872
a00002079	45873
a00002080	45874
a00002081	45875
a00002082	45876
a00002083	45877
a00002084	45878
a00002085	45879
a00002086	45880
a00002087	45881
a00002088	45882
a00002089	45883
a00002090	45884
a00002091	45885
a00002092	45886
a00002093	45887
a00002094	45888
a00002095	45889
a00002096	45890
a00002097	45891
a00002098	45892
a00002099	45893
a00002100	45894
a00002101	45895
a00002102	45896
a00002103	45897
a00002104	45898
a00002105	45899
a00002106	45900
a00002107	45901
a00002108	45902
a00002109	45903
a00002110	45904
a00002111	45905
a00002112	45906
a00002113	45907
a00002114	45908
a00002115	45909
a00002116	45910
a00002117	45911
a00002118	45912
a00002119	45913
a00002120	45914
a00002121	45915
a00002122	45916
a00002123	45917
a00002124	45918
a00002125	45919
a00002126	45920
a00002127	45921
a00002128	45922
a00002129	45923
a00002130	45924
a00002131	45925
a00002132	45926
a00002133	45927
a00002134	45928
a00002135	45929
a00002136	45930
a00002137	45931
a00002138	45932
a00002139	45933
a00002140	45934
a00002141	45935
a00002142	45936
a00002143	45937
a00002144	45938
a00002145	45939
a00002146	45940
a00002147	45941
a00002148	45942
a00002149	45943
a00002150	45944
a00002151	45945
a00002152	45946
a00002153	45947
a00002154	45948
a00002155	45949
a00002156	45950
a00002157	45951
a00002158	45952
a00002159	45953
a00002160	45954
a00002161	45955
a00002162	45956
a00002163	45957
a00002164	45958
a00002165	45959
a00002166	45960
a00002167	45961
a00002168	45962
a00002169	45963
a00002170	45964
a00002171	45965
a00002172	45966
a00002173	45967
a00002174	45968
a00002175	45969
a00002176	45970
a00002177	45971
a00002178	45972
a00002179	45973
a00002180	45974
a00002181	45975
a00002182	45976
a00002183	45977
a00002184	45978
a00002185	45979
a00002186	45980
a00002187	45981
a00002188	45982
a00002189	45983
a00002190	45984
a00002191	45985
a00002192	45986
a00002193	45987
a00002194	45988
a00002195	45989
a00002196	45990
a00002197	45991
a00002198	45992
a00002199	45993
a00002200	45994
a00002201	45995
a00002202	45996
a00002203	45997
a00002204	45998
a00002205	45999
a00002206	46000
a00002207	46001
a00002208	46002
a00002209	46003
a00002210	46004
a00002211	46005
a00002212	46006
a00002213	46007
a00002214	46008
a00002215	46009
a00002216	46010
a00002217	46011
a00002218	46012
a00002219	46013
a00002220	46014
a00002221	46015
a00002222	46016
a00002223	46017
a00002224	46018
a00002225	46019
a00002226	46020
a00002227	46021
a00002228	46022
a00002229	46023
a00002230	46024
a00002231	46025
a00002232	46026
a00002233	46027
a00002234	46028
a00002235	46029
a00002236	46030
a00002237	46031
a00002238	46032
a00002239	46033
a00002240	46034
a00002241	46035
a00002242	46036
a00002243	46037
a00002244	46038
a00002245	46039
a00002246	46040
a00002247	46041
a00002248	46042
a00002249	46043
a00002250	46044
a00002251	46045
a00002252	46046
a00002253	46047
a00002254	46048
a00002255	46049
a00002256	46050
a00002257	46051
a00002258	46052
a00002259	46053
a00002260	46054
a00002261	46055
a00002262	46056
a00002263	46057
a00002264	46058
a00002265	46059
a00002266	46060
a00002267	46061
a00002268	46062
a00002269	46063
a00002270	46064
a00002271	46065
a00002272	46066
a00002273	46067
a00002274	46068
a00002275	46069
a00002276	46070
a00002277	46071
a00002278	46072
a00002279	46073
a00002280	46074
a00002281	46075
a00002282	46076
a00002283	46077
a00002284	46078
a00002285	46079
a00002286	46080
a00002287	46081
a00002288	46082
a00002289	46083
a00002290	46084
a00002291	46085
a00002292	46086
a00002293	46087
a00002294	46088
a00002295	46089
a00002296	46090
a00002297	46091
a00002298	46092
a00002299	46093
a00002300	46094
a00002301	46095
a00002302	46096
a00002303	46097
a00002304	46098
a00002305	46099
a00002306	46100
a00002307	46101
a00002308	46102
a00002309	46103
a00002310	46104
a00002311	46105
a00002312	46106
a00002313	46107
a00002314	46108
a00002315	46109
a00002316	46110
a00002317	46111
a00002318	46112
a00002319	46113
a00002320	46114
a00002321	46115
a00002322	46116
a00002323	46117
a00002324	46118
a00002325	46119
a00002326	46120
a00002327	46121
a00002328	46122
a00002329	46123
a00002330	46124
a00002331	46125
a00002332	46126
a00002333	46127
a00002334	46128
a00002335	46129
a00002336	46130
a00002337	46131
a00002338	46132
a00002339	46133
a00002340	46134
a00002341	46135
a00002342	46136
a00002343	46137
a00002344	46138
a00002345	46139
a00002346	46140
a00002347	46141
a00002348	46142
a00002349	46143
a00002350	46144
a00002351	46145
a00002352	46146
a00002353	46147
a00002354	46148
a00002355	46149
a00002356	46150
a00002357	46151
a00002358	46152
a00002359	46153
a00002360	46154
a00002361	46155
a00002362	46156
a00002363	46157
a00002364	46158
a00002365	46159
a00002366	46160
a00002367	46161
a00002368	46162
a00002369	46163
a00002370	46164
a00002371	46165
a00002372	46166
a00002373	46167
a00002374	46168
a00002375	46169
a00002376	46170
a00002377	46171
a00002378	46172
a00002379	46173
a00002380	46174
a00002381	46175
a00002382	46176
a00002383	46177
a00002384	46178
a00002385	46179
a00002386	46180
a00002387	46181
a00002388	46182
a00002389	46183
a00002390	46184
a00002391	46185
a00002392	46186
a00002393	46187
a00002394	46188
a00002395	46189
a00002396	46190
a00002397	46191
a00002398	46192
a00002399	46193
a00002400	46194
a00002401	46195
a00002402	46196
a00002403	46197
a00002404	46198
a00002405	46199
a00002406	46200
a00002407	46201
a00002408	46202
a00002409	46203
a00002410	46204
a00002411	46205
a00002412	46206
a00002413	46207
a00002414	46208
a00002415	46209
a00002416	46210
a00002417	46211
a00002418	46212
a00002419	46213
a00002420	46214
a00002421	46215
a00002422	46216
a00002423	46217
a00002424	46218
a00002425	46219
a00002426	46220
a00002427	46221
a00002428	46222
a00002429	46223
a00002430	46224
a00002431	46225
a00002432	46226
a00002433	46227
a00002434	46228
a00002435	46229
a00002436	46230
a00002437	46231
a00002438	46232
a00002439	46233
a00002440	46234
a00002441	46235
a00002442	46236
a00002443	46237
a00002444	46238
a00002445	46239
a00002446	46240
a00002447	46241
a00002448	46242
a00002449	46243
a00002450	46244
a00002451	46245
a00002452	46246
a00002453	46247
a00002454	46248
a00002455	46249
a00002456	46250
a00002457	46251
a00002458	46252
a00002459	46253
a00002460	46254
a00002461	46255
a00002462	46256
a00002463	46257
a00002464	46258
a00002465	46259
a00002466	46260
a00002467	46261
a00002468	46262
a00002469	46263
a00002470	46264
a00002471	46265
a00002472	46266
a00002473	46267
a00002474	46268
a00002475	46269
a00002476	46270
a00002477	46271
a00002478	46272
a00002479	46273
a00002480	46274
a00002481	46275
a00002482	46276
a00002483	46277
a00002484	46278
a00002485	46279
a00002486	46280
a00002487	46281
a00002488	46282
a00002489	46283
a00002490	46284
a00002491	46285
a00002492	46286
a00002493	46287
a00002494	46288
a00002495	46289
a00002496	46290
a00002497	46291
a00002498	46292
a00002499	46293
a00002500	46294
a00002501	46295
a00002502	46296
a00002503	46297
a00002504	46298
a00002505	46299
a00002506	46300
a00002507	46301
a00002508	46302
a00002509	46303
a00002510	46304
a00002511	46305
a00002512	46306
a00002513	46307
a00002514	46308
a00002515	46309
a00002516	46310
a00002517	46311
a00002518	46312
a00002519	46313
a00002520	46314
a00002521	46315
a00002522	46316
a00002523	46317
a00002524	46318
a00002525	46319
a00002526	46320
a00002527	46321
a00002528	46322
a00002529	46323
a00002530	46324
a00002531	46325
a00002532	46326
a00002533	46327
a00002534	46328
a00002535	46329
a00002536	46330
a00002537	46331
a00002538	46332
a00002539	46333
a00002540	46334
a00002541	46335
a00002542	46336
a00002543	46337
a00002544	46338
a00002545	46339
a00002546	46340
a00002547	46341
a00002548	46342
a00002549	46343
a00002550	46344
a00002551	46345
a00002552	46346
a00002553	46347
a00002554	46348
a00002555	46349
a00002556	46350
a00002557	46351
a00002558	46352
a00002559	46353
a00002560	46354
a00002561	46355
a00002562	46356
a00002563	46357
a00002564	46358
a00002565	46359
a00002566	46360
a00002567	46361
a00002568	46362
a00002569	46363
a00002570	46364
a00002571	46365
a00002572	46366
a00002573	46367
a00002574	46368
a00002575	46369
a00002576	46370
a00002577	46371
a00002578	46372
a00002579	46373
a00002580	46374
a00002581	46375
a00002582	46376
a00002583	46377
a00002584	46378
a00002585	46379
a00002586	46380
a00002587	46381
a00002588	46382
a00002589	46383
a00002590	46384
a00002591	46385
a00002592	46386
a00002593	46387
a00002594	46388
a00002595	46389
a00002596	46390
a00002597	46391
a00002598	46392
a00002599	46393
a00002600	46394
a00002601	46395
a00002602	46396
a00002603	46397
a00002604	46398
a00002605	46399
a00002606	46400
a00002607	46401
a00002608	46402
a00002609	46403
a00002610	46404
a00002611	46405
a00002612	46406
a00002613	46407
a00002614	46408
a00002615	46409
a00002616	46410
a00002617	46411
a00002618	46412
a00002619	46413
a00002620	46414
a00002621	46415
a00002622	46416
a00002623	46417
a00002624	46418
a00002625	46419
a00002626	46420
a00002627	46421
a00002628	46422
a00002629	46423
a00002630	46424
a00002631	46425
a00002632	46426
a00002633	46427
a00002634	46428
a00002635	46429
a00002636	46430
a00002637	46431
a00002638	46432
a00002639	46433
a00002640	46434
a00002641	46435
a00002642	46436
a00002643	46437
a00002644	46438
a00002645	46439
a00002646	46440
a00002647	46441
a00002648	46442
a00002649	46443
a00002650	46444
a00002651	46445
a00002652	46446
a00002653	46447
a00002654	46448
a00002655	46449
a00002656	46450
a00002657	46451
a00002658	46452
a00002659	46453
a00002660	46454
a00002661	46455
a00002662	46456
a00002663	46457
a00002664	46458
a00002665	46459
a00002666	46460
a00002667	46461
a00002668	46462
a00002669	46463
a00002670	46464
a00002671	46465
a00002672	46466
a00002673	46467
a00002674	46468
a00002675	46469
a00002676	46470
a00002677	46471
a00002678	46472
a00002679	46473
a00002680	46474
a00002681	46475
a00002682	46476
a00002683	46477
a00002684	46478
a00002685	46479
a00002686	46480
a00002687	46481
a00002688	46482
a00002689	46483
a00002690	46484
a00002691	46485
a00002692	46486
a00002693	46487
a00002694	46488
a00002695	46489
a00002696	46490
a00002697	46491
a00002698	46492
a00002699	46493
a00002700	46494
a00002701	46495
a00002702	46496
a00002703	46497
a00002704	46498
a00002705	46499
a00002706	46500
a00002707	46501
a00002708	46502
a00002709	46503
a00002710	46504
a00002711	46505
a00002712	46506
a00002713	46507
a00002714	46508
a00002715	46509
a00002716	46510
a00002717	46511
a00002718	46512
a00002719	46513
a00002720	46514
a00002721	46515
a00002722	46516
a00002723	46517
a00002724	46518
a00002725	46519
a00002726	46520
a00002727	46521
a00002728	46522
a00002729	46523
a00002730	46524
a00002731	46525
a00002732	46526
a00002733	46527
a00002734	46528
a00002735	46529
a00002736	46530
a00002737	46531
a00002738	46532
a00002739	46533
a00002740	46534
a00002741	46535
a00002742	46536
a00002743	46537
a00002744	46538
a00002745	46539
a00002746	46540
a00002747	46541
a00002748	46542
a00002749	46543
a00002750	46544
a00002751	46545
a00002752	46546
a00002753	46547
a00002754	46548
a00002755	46549
a00002756	46550
a00002757	46551
a00002758	46552
a00002759	46553
a00002760	46554
a00002761	46555
a00002762	46556
a00002763	46557
a00002764	46558
a00002765	46559
a00002766	46560
a00002767	46561
a00002768	46562
a00002769	46563
a00002770	46564
a00002771	46565
a00002772	46566
a00002773	46567
a00002774	46568
a00002775	46569
a00002776	46570
a00002777	46571
a00002778	46572
a00002779	46573
a00002780	46574
a00002781	46575
a00002782	46576
a00002783	46577
a00002784	46578
a00002785	46579
a00002786	46580
a00002787	46581
a00002788	46582
a00002789	46583
a00002790	46584
a00002791	46585
a00002792	46586
a00002793	46587
a00002794	46588
a00002795	46589
a00002796	46590
a00002797	46591
a00002798	46592
a00002799	46593
a00002800	46594
a00002801	46595
a00002802	46596
a00002803	46597
a00002804	46598
a00002805	46599
a00002806	46600
a00002807	46601
a00002808	46602
a00002809	46603
a00002810	46604
a00002811	46605
a00002812	46606
a00002813	46607
a00002814	46608
a00002815	46609
a00002816	46610
a00002817	46611
a00002818	46612
a00002819	46613
a00002820	46614
a00002821	46615
a00002822	46616
a00002823	46617
a00002824	46618
a00002825	46619
a00002826	46620
a00002827	46621
a00002828	46622
a00002829	46623
a00002830	46624
a00002831	46625
a00002832	46626
a00002833	46627
a00002834	46628
a00002835	46629
a00002836	46630
a00002837	46631
a00002838	46632
a00002839	46633
a00002840	46634
a00002841	46635
a00002842	46636
a00002843	46637
a00002844	46638
a00002845	46639
a00002846	46640
a00002847	46641
a00002848	46642
a00002849	46643
a00002850	46644
a00002851	46645
a00002852	46646
a00002853	46647
a00002854	46648
a00002855	46649
a00002856	46650
a00002857	46651
a00002858	46652
a00002859	46653
a00002860	46654
a00002861	46655
a00002862	46656
a00002863	46657
a00002864	46658
a00002865	46659
a00002866	46660
a00002867	46661
a00002868	46662
a00002869	46663
a00002870	46664
a00002871	46665
a00002872	46666
a00002873	46667
a00002874	46668
a00002875	46669
a00002876	46670
a00002877	46671
a00002878	46672
a00002879	46673
a00002880	46674
a00002881	46675
a00002882	46676
a00002883	46677
a00002884	46678
a00002885	46679
a00002886	46680
a00002887	46681
a00002888	46682
a00002889	46683
a00002890	46684
a00002891	46685
a00002892	46686
a00002893	46687
a00002894	46688
a00002895	46689
a00002896	46690
a00002897	46691
a00002898	46692
a00002899	46693
a00002900	46694
a00002901	46695
a00002902	46696
a00002903	46697
a00002904	46698
a00002905	46699
a00002906	46700
a00002907	46701
a00002908	46702
a00002909	46703
a00002910	46704
a00002911	46705
a00002912	46706
a00002913	46707
a00002914	46708
a00002915	46709
a00002916	46710
a00002917	46711
a00002918	46712
a00002919	46713
a00002920	46714
a00002921	46715
a00002922	46716
a00002923	46717
a00002924	46718
a00002925	46719
a00002926	46720
a00002927	46721
a00002928	46722
a00002929	46723
a00002930	46724
a00002931	46725
a00002932	46726
a00002933	46727
a00002934	46728
a00002935	46729
a00002936	46730
a00002937	46731
a00002938	46732
a00002939	46733
a00002940	46734
a00002941	46735
a00002942	46736
a00002943	46737
a00002944	46738
a00002945	46739
a00002946	46740
a00002947	46741
a00002948	46742
a00002949	46743
a00002950	46744
a00002951	46745
a00002952	46746
a00002953	46747
a00002954	46748
a00002955	46749
a00002956	46750
a00002957	46751
a00002958	46752
a00002959	46753
a00002960	46754
a00002961	46755
a00002962	46756
a00002963	46757
a00002964	46758
a00002965	46759
a00002966	46760
a00002967	46761
a00002968	46762
a00002969	46763
a00002970	46764
a00002971	46765
a00002972	46766
a00002973	46767
a00002974	46768
a00002975	46769
a00002976	46770
a00002977	46771
a00002978	46772
a00002979	46773
a00002980	46774
a00002981	46775
a00002982	46776
a00002983	46777
a00002984	46778
a00002985	46779
a00002986	46780
a00002987	46781
a00002988	46782
a00002989	46783
a00002990	46784
a00002991	46785
a00002992	46786
a00002993	46787
a00002994	46788
a00002995	46789
a00002996	46790
a00002997	46791
a00002998	46792
a00002999	46793
a00003000	46794
a00003001	46795
a00003002	46796
a00003003	46797
a00003004	46798
a00003005	46799
a00003006	46800
a00003007	46801
a00003008	46802
a00003009	46803
a00003010	46804
a00003011	46805
a00003012	46806
a00003013	46807
a00003014	46808
a00003015	46809
a00003016	46810
a00003017	46811
a00003018	46812
a00003019	46813
a00003020	46814
a00003021	46815
a00003022	46816
a00003023	46817
a00003024	46818
a00003025	46819
a00003026	46820
a00003027	46821
a00003028	46822
a00003029	46823
a00003030	46824
a00003031	46825
a00003032	46826
a00003033	46827
a00003034	46828
a00003035	46829
a00003036	46830
a00003037	46831
a00003038	46832
a00003039	46833
a00003040	46834
a00003041	46835
a00003042	46836
a00003043	46837
a00003044	46838
a00003045	46839
a00003046	46840
a00003047	46841
a00003048	46842
a00003049	46843
a00003050	46844
a00003051	46845
a00003052	46846
a00003053	46847
a00003054	46848
a00003055	46849
a00003056	46850
a00003057	46851
a00003058	46852
a00003059	46853
a00003060	46854
a00003061	46855
a00003062	46856
a00003063	46857
a00003064	46858
a00003065	46859
a00003066	46860
a00003067	46861
a00003068	46862
a00003069	46863
a00003070	46864
a00003071	46865
a00003072	46866
a00003073	46867
a00003074	46868
a00003075	46869
a00003076	46870
a00003077	46871
a00003078	46872
a00003079	46873
a00003080	46874
a00003081	46875
a00003082	46876
a00003083	46877
a00003084	46878
a00003085	46879
a00003086	46880
a00003087	46881
a00003088	46882
a00003089	46883
a00003090	46884
a00003091	46885
a00003092	46886
a00003093	46887
a00003094	46888
a00003095	46889
a00003096	46890
a00003097	46891
a00003098	46892
a00003099	46893
a00003100	46894
a00003101	46895
a00003102	46896
a00003103	46897
a00003104	46898
a00003105	46899
a00003106	46900
a00003107	46901
a00003108	46902
a00003109	46903
a00003110	46904
a00003111	46905
a00003112	46906
a00003113	46907
a00003114	46908
a00003115	46909
a00003116	46910
a00003117	46911
a00003118	46912
a00003119	46913
a00003120	46914
a00003121	46915
a00003122	46916
a00003123	46917
a00003124	46918
a00003125	46919
a00003126	46920
a00003127	46921
a00003128	46922
a00003129	46923
a00003130	46924
a00003131	46925
a00003132	46926
a00003133	46927
a00003134	46928
a00003135	46929
a00003136	46930
a00003137	46931
a00003138	46932
a00003139	46933
a00003140	46934
a00003141	46935
a00003142	46936
a00003143	46937
a00003144	46938
a00003145	46939
a00003146	46940
a00003147	46941
a00003148	46942
a00003149	46943
a00003150	46944
a00003151	46945
a00003152	46946
a00003153	46947
a00003154	46948
a00003155	46949
a00003156	46950
a00003157	46951
a00003158	46952
a00003159	46953
a00003160	46954
a00003161	46955
a00003162	46956
a00003163	46957
a00003164	46958
a00003165	46959
a00003166	46960
a00003167	46961
a00003168	46962
a00003169	46963
a00003170	46964
a00003171	46965
a00003172	46966
a00003173	46967
a00003174	46968
a00003175	46969
a00003176	46970
a00003177	46971
a00003178	46972
a00003179	46973
a00003180	46974
a00003181	46975
a00003182	46976
a00003183	46977
a00003184	46978
a00003185	46979
a00003186	46980
a00003187	46981
a00003188	46982
a00003189	46983
a00003190	46984
a00003191	46985
a00003192	46986
a00003193	46987
a00003194	46988
a00003195	46989
a00003196	46990
a00003197	46991
a00003198	46992
a00003199	46993
a00003200	46994
a00003201	46995
a00003202	46996
a00003203	46997
a00003204	46998
a00003205	46999
a00003206	47000
a00003207	47001
a00003208	47002
a00003209	47003
a00003210	47004
a00003211	47005
a00003212	47006
a00003213	47007
a00003214	47008
a00003215	47009
a00003216	47010
a00003217	47011
a00003218	47012
a00003219	47013
a00003220	47014
a00003221	47015
a00003222	47016
a00003223	47017
a00003224	47018
a00003225	47019
a00003226	47020
a00003227	47021
a00003228	47022
a00003229	47023
a00003230	47024
a00003231	47025
a00003232	47026
a00003233	47027
a00003234	47028
a00003235	47029
a00003236	47030
a00003237	47031
a00003238	47032
a00003239	47033
a00003240	47034
a00003241	47035
a00003242	47036
a00003243	47037
a00003244	47038
a00003245	47039
a00003246	47040
a00003247	47041
a00003248	47042
a00003249	47043
a00003250	47044
a00003251	47045
a00003252	47046
a00003253	47047
a00003254	47048
a00003255	47049
a00003256	47050
a00003257	47051
a00003258	47052
a00003259	47053
a00003260	47054
a00003261	47055
a00003262	47056
a00003263	47057
a00003264	47058
a00003265	47059
a00003266	47060
a00003267	47061
a00003268	47062
a00003269	47063
a00003270	47064
a00003271	47065
a00003272	47066
a00003273	47067
a00003274	47068
a00003275	47069
a00003276	47070
a00003277	47071
a00003278	47072
a00003279	47073
a00003280	47074
a00003281	47075
a00003282	47076
a00003283	47077
a00003284	47078
a00003285	47079
a00003286	47080
a00003287	47081
a00003288	47082
a00003289	47083
a00003290	47084
a00003291	47085
a00003292	47086
a00003293	47087
a00003294	47088
a00003295	47089
a00003296	47090
a00003297	47091
a00003298	47092
a00003299	47093
a00003300	47094
a00003301	47095
a00003302	47096
a00003303	47097
a00003304	47098
a00003305	47099
a00003306	47100
a00003307	47101
a00003308	47102
a00003309	47103
a00003310	47104
a00003311	47105
a00003312	47106
a00003313	47107
a00003314	47108
a00003315	47109
a00003316	47110
a00003317	47111
a00003318	47112
a00003319	47113
a00003320	47114
a00003321	47115
a00003322	47116
a00003323	47117
a00003324	47118
a00003325	47119
a00003326	47120
a00003327	47121
a00003328	47122
a00003329	47123
a00003330	47124
a00003331	47125
a00003332	47126
a00003333	47127
a00003334	47128
a00003335	47129
a00003336	47130
a00003337	47131
a00003338	47132
a00003339	47133
a00003340	47134
a00003341	47135
a00003342	47136
a00003343	47137
a00003344	47138
a00003345	47139
a00003346	47140
a00003347	47141
a00003348	47142
a00003349	47143
a00003350	47144
a00003351	47145
a00003352	47146
a00003353	47147
a00003354	47148
a00003355	47149
a00003356	47150
a00003357	47151
a00003358	47152
a00003359	47153
a00003360	47154
a00003361	47155
a00003362	47156
a00003363	47157
a00003364	47158
a00003365	47159
a00003366	47160
a00003367	47161
a00003368	47162
a00003369	47163
a00003370	47164
a00003371	47165
a00003372	47166
a00003373	47167
a00003374	47168
a00003375	47169
a00003376	47170
a00003377	47171
a00003378	47172
a00003379	47173
a00003380	47174
a00003381	47175
a00003382	47176
a00003383	47177
a00003384	47178
a00003385	47179
a00003386	47180
a00003387	47181
a00003388	47182
a00003389	47183
a00003390	47184
a00003391	47185
a00003392	47186
a00003393	47187
a00003394	47188
a00003395	47189
a00003396	47190
a00003397	47191
a00003398	47192
a00003399	47193
a00003400	47194
a00003401	47195
a00003402	47196
a00003403	47197
a00003404	47198
a00003405	47199
a00003406	47200
a00003407	47201
a00003408	47202
a00003409	47203
a00003410	47204
a00003411	47205
a00003412	47206
a00003413	47207
a00003414	47208
a00003415	47209
a00003416	47210
a00003417	47211
a00003418	47212
a00003419	47213
a00003420	47214
a00003421	47215
a00003422	47216
a00003423	47217
a00003424	47218
a00003425	47219
a00003426	47220
a00003427	47221
a00003428	47222
a00003429	47223
a00003430	47224
a00003431	47225
a00003432	47226
a00003433	47227
a00003434	47228
a00003435	47229
a00003436	47230
a00003437	47231
a00003438	47232
a00003439	47233
a00003440	47234
a00003441	47235
a00003442	47236
a00003443	47237
a00003444	47238
a00003445	47239
a00003446	47240
a00003447	47241
a00003448	47242
a00003449	47243
a00003450	47244
a00003451	47245
a00003452	47246
a00003453	47247
a00003454	47248
a00003455	47249
a00003456	47250
a00003457	47251
a00003458	47252
a00003459	47253
a00003460	47254
a00003461	47255
a00003462	47256
a00003463	47257
a00003464	47258
a00003465	47259
a00003466	47260
a00003467	47261
a00003468	47262
a00003469	47263
a00003470	47264
a00003471	47265
a00003472	47266
a00003473	47267
a00003474	47268
a00003475	47269
a00003476	47270
a00003477	47271
a00003478	47272
a00003479	47273
a00003480	47274
a00003481	47275
a00003482	47276
a00003483	47277
a00003484	47278
a00003485	47279
a00003486	47280
a00003487	47281
a00003488	47282
a00003489	47283
a00003490	47284
a00003491	47285
a00003492	47286
a00003493	47287
a00003494	47288
a00003495	47289
a00003496	47290
a00003497	47291
a00003498	47292
a00003499	47293
a00003500	47294
a00003501	47295
a00003502	47296
a00003503	47297
a00003504	47298
a00003505	47299
a00003506	47300
a00003507	47301
a00003508	47302
a00003509	47303
a00003510	47304
a00003511	47305
a00003512	47306
a00003513	47307
a00003514	47308
a00003515	47309
a00003516	47310
a00003517	47311
a00003518	47312
a00003519	47313
a00003520	47314
a00003521	47315
a00003522	47316
a00003523	47317
a00003524	47318
a00003525	47319
a00003526	47320
a00003527	47321
a00003528	47322
a00003529	47323
a00003530	47324
a00003531	47325
a00003532	47326
a00003533	47327
a00003534	47328
a00003535	47329
a00003536	47330
a00003537	47331
a00003538	47332
a00003539	47333
a00003540	47334
a00003541	47335
a00003542	47336
a00003543	47337
a00003544	47338
a00003545	47339
a00003546	47340
a00003547	47341
a00003548	47342
a00003549	47343
a00003550	47344
a00003551	47345
a00003552	47346
a00003553	47347
a00003554	47348
a00003555	47349
a00003556	47350
a00003557	47351
a00003558	47352
a00003559	47353
a00003560	47354
a00003561	47355
a00003562	47356
a00003563	47357
a00003564	47358
a00003565	47359
a00003566	47360
a00003567	47361
a00003568	47362
a00003569	47363
a00003570	47364
a00003571	47365
a00003572	47366
a00003573	47367
a00003574	47368
a00003575	47369
a00003576	47370
a00003577	47371
a00003578	47372
a00003579	47373
a00003580	47374
a00003581	47375
a00003582	47376
a00003583	47377
a00003584	47378
a00003585	47379
a00003586	47380
a00003587	47381
a00003588	47382
a00003589	47383
a00003590	47384
a00003591	47385
a00003592	47386
a00003593	47387
a00003594	47388
a00003595	47389
a00003596	47390
a00003597	47391
a00003598	47392
a00003599	47393
a00003600	47394
a00003601	47395
a00003602	47396
a00003603	47397
a00003604	47398
a00003605	47399
a00003606	47400
a00003607	47401
a00003608	47402
a00003609	47403
a00003610	47404
a00003611	47405
a00003612	47406
a00003613	47407
a00003614	47408
a00003615	47409
a00003616	47410
a00003617	47411
a00003618	47412
a00003619	47413
a00003620	47414
a00003621	47415
a00003622	47416
a00003623	47417
a00003624	47418
a00003625	47419
a00003626	47420
a00003627	47421
a00003628	47422
a00003629	47423
a00003630	47424
a00003631	47425
a00003632	47426
a00003633	47427
a00003634	47428
a00003635	47429
a00003636	47430
a00003637	47431
a00003638	47432
a00003639	47433
a00003640	47434
a00003641	47435
a00003642	47436
a00003643	47437
a00003644	47438
a00003645	47439
a00003646	47440
a00003647	47441
a00003648	47442
a00003649	47443
a00003650	47444
a00003651	47445
a00003652	47446
a00003653	47447
a00003654	47448
a00003655	47449
a00003656	47450
a00003657	47451
a00003658	47452
a00003659	47453
a00003660	47454
a00003661	47455
a00003662	47456
a00003663	47457
a00003664	47458
a00003665	47459
a00003666	47460
a00003667	47461
a00003668	47462
a00003669	47463
a00003670	47464
a00003671	47465
a00003672	47466
a00003673	47467
a00003674	47468
a00003675	47469
a00003676	47470
a00003677	47471
a00003678	47472
a00003679	47473
a00003680	47474
a00003681	47475
a00003682	47476
a00003683	47477
a00003684	47478
a00003685	47479
a00003686	47480
a00003687	47481
a00003688	47482
a00003689	47483
a00003690	47484
a00003691	47485
a00003692	47486
a00003693	47487
a00003694	47488
a00003695	47489
a00003696	47490
a00003697	47491
a00003698	47492
a00003699	47493
a00003700	47494
a00003701	47495
a00003702	47496
a00003703	47497
a00003704	47498
a00003705	47499
a00003706	47500
a00003707	47501
a00003708	47502
a00003709	47503
a00003710	47504
a00003711	47505
a00003712	47506
a00003713	47507
a00003714	47508
a00003715	47509
a00003716	47510
a00003717	47511
a00003718	47512
a00003719	47513
a00003720	47514
a00003721	47515
a00003722	47516
a00003723	47517
a00003724	47518
a00003725	47519
a00003726	47520
a00003727	47521
a00003728	47522
a00003729	47523
a00003730	47524
a00003731	47525
a00003732	47526
a00003733	47527
a00003734	47528
a00003735	47529
a00003736	47530
a00003737	47531
a00003738	47532
a00003739	47533
a00003740	47534
a00003741	47535
a00003742	47536
a00003743	47537
a00003744	47538
a00003745	47539
a00003746	47540
a00003747	47541
a00003748	47542
a00003749	47543
a00003750	47544
a00003751	47545
a00003752	47546
a00003753	47547
a00003754	47548
a00003755	47549
a00003756	47550
a00003757	47551
a00003758	47552
a00003759	47553
a00003760	47554
a00003761	47555
a00003762	47556
a00003763	47557
a00003764	47558
a00003765	47559
a00003766	47560
a00003767	47561
a00003768	47562
a00003769	47563
a00003770	47564
a00003771	47565
a00003772	47566
a00003773	47567
a00003774	47568
a00003775	47569
a00003776	47570
a00003777	47571
a00003778	47572
a00003779	47573
a00003780	47574
a00003781	47575
a00003782	47576
a00003783	47577
a00003784	47578
a00003785	47579
a00003786	47580
a00003787	47581
a00003788	47582
a00003789	47583
a00003790	47584
a00003791	47585
a00003792	47586
a00003793	47587
a00003794	47588
a00003795	47589
a00003796	47590
a00003797	47591
a00003798	47592
a00003799	47593
a00003800	47594
a00003801	47595
a00003802	47596
a00003803	47597
a00003804	47598
a00003805	47599
a00003806	47600
a00003807	47601
a00003808	47602
a00003809	47603
a00003810	47604
a00003811	47605
a00003812	47606
a00003813	47607
a00003814	47608
a00003815	47609
a00003816	47610
a00003817	47611
a00003818	47612
a00003819	47613
a00003820	47614
a00003821	47615
a00003822	47616
a00003823	47617
a00003824	47618
a00003825	47619
a00003826	47620
a00003827	47621
a00003828	47622
a00003829	47623
a00003830	47624
a00003831	47625
a00003832	47626
a00003833	47627
a00003834	47628
a00003835	47629
a00003836	47630
a00003837	47631
a00003838	47632
a00003839	47633
a00003840	47634
a00003841	47635
a00003842	47636
a00003843	47637
a00003844	47638
a00003845	47639
a00003846	47640
a00003847	47641
a00003848	47642
a00003849	47643
a00003850	47644
a00003851	47645
a00003852	47646
a00003853	47647
a00003854	47648
a00003855	47649
a00003856	47650
a00003857	47651
a00003858	47652
a00003859	47653
a00003860	47654
a00003861	47655
a00003862	47656
a00003863	47657
a00003864	47658
a00003865	47659
a00003866	47660
a00003867	47661
a00003868	47662
a00003869	47663
a00003870	47664
a00003871	47665
a00003872	47666
a00003873	47667
a00003874	47668
a00003875	47669
a00003876	47670
a00003877	47671
a00003878	47672
a00003879	47673
a00003880	47674
a00003881	47675
a00003882	47676
a00003883	47677
a00003884	47678
a00003885	47679
a00003886	47680
a00003887	47681
a00003888	47682
a00003889	47683
a00003890	47684
a00003891	47685
a00003892	47686
a00003893	47687
a00003894	47688
a00003895	47689
a00003896	47690
a00003897	47691
a00003898	47692
a00003899	47693
a00003900	47694
a00003901	47695
a00003902	47696
a00003903	47697
a00003904	47698
a00003905	47699
a00003906	47700
a00003907	47701
a00003908	47702
a00003909	47703
a00003910	47704
a00003911	47705
a00003912	47706
a00003913	47707
a00003914	47708
a00003915	47709
a00003916	47710
a00003917	47711
a00003918	47712
a00003919	47713
a00003920	47714
a00003921	47715
a00003922	47716
a00003923	47717
a00003924	47718
a00003925	47719
a00003926	47720
a00003927	47721
a00003928	47722
a00003929	47723
a00003930	47724
a00003931	47725
a00003932	47726
a00003933	47727
a00003934	47728
a00003935	47729
a00003936	47730
a00003937	47731
a00003938	47732
a00003939	47733
a00003940	47734
a00003941	47735
a00003942	47736
a00003943	47737
a00003944	47738
a00003945	47739
a00003946	47740
a00003947	47741
a00003948	47742
a00003949	47743
a00003950	47744
a00003951	47745
a00003952	47746
a00003953	47747
a00003954	47748
a00003955	47749
a00003956	47750
a00003957	47751
a00003958	47752
a00003959	47753
a00003960	47754
a00003961	47755
a00003962	47756
a00003963	47757
a00003964	47758
a00003965	47759
a00003966	47760
a00003967	47761
a00003968	47762
a00003969	47763
a00003970	47764
a00003971	47765
a00003972	47766
a00003973	47767
a00003974	47768
a00003975	47769
a00003976	47770
a00003977	47771
a00003978	47772
a00003979	47773
a00003980	47774
a00003981	47775
a00003982	47776
a00003983	47777
a00003984	47778
a00003985	47779
a00003986	47780
a00003987	47781
a00003988	47782
a00003989	47783
a00003990	47784
a00003991	47785
a00003992	47786
a00003993	47787
a00003994	47788
a00003995	47789
a00003996	47790
a00003997	47791
a00003998	47792
a00003999	47793
a00004000	47794
a00004001	47795
a00004002	47796
a00004003	47797
a00004004	47798
a00004005	47799
a00004006	47800
a00004007	47801
a00004008	47802
a00004009	47803
a00004010	47804
a00004011	47805
a00004012	47806
a00004013	47807
a00004014	47808
a00004015	47809
a00004016	47810
a00004017	47811
a00004018	47812
a00004019	47813
a00004020	47814
a00004021	47815
a00004022	47816
a00004023	47817
a00004024	47818
a00004025	47819
a00004026	47820
a00004027	47821
a00004028	47822
a00004029	47823
a00004030	47824
a00004031	47825
a00004032	47826
a00004033	47827
a00004034	47828
a00004035	47829
a00004036	47830
a00004037	47831
a00004038	47832
a00004039	47833
a00004040	47834
a00004041	47835
a00004042	47836
a00004043	47837
a00004044	47838
a00004045	47839
a00004046	47840
a00004047	47841
a00004048	47842
a00004049	47843
a00004050	47844
a00004051	47845
a00004052	47846
a00004053	47847
a00004054	47848
a00004055	47849
a00004056	47850
a00004057	47851
a00004058	47852
a00004059	47853
a00004060	47854
a00004061	47855
a00004062	47856
a00004063	47857
a00004064	47858
a00004065	47859
a00004066	47860
a00004067	47861
a00004068	47862
a00004069	47863
a00004070	47864
a00004071	47865
a00004072	47866
a00004073	47867
a00004074	47868
a00004075	47869
a00004076	47870
a00004077	47871
a00004078	47872
a00004079	47873
a00004080	47874
a00004081	47875
a00004082	47876
a00004083	47877
a00004084	47878
a00004085	47879
a00004086	47880
a00004087	47881
a00004088	47882
a00004089	47883
a00004090	47884
a00004091	47885
a00004092	47886
a00004093	47887
a00004094	47888
a00004095	47889
a00004096	47890
a00004097	47891
a00004098	47892
a00004099	47893
a00004100	47894
a00004101	47895
a00004102	47896
a00004103	47897
a00004104	47898
a00004105	47899
a00004106	47900
a00004107	47901
a00004108	47902
a00004109	47903
a00004110	47904
a00004111	47905
a00004112	47906
a00004113	47907
a00004114	47908
a00004115	47909
a00004116	47910
a00004117	47911
a00004118	47912
a00004119	47913
a00004120	47914
a00004121	47915
a00004122	47916
a00004123	47917
a00004124	47918
a00004125	47919
a00004126	47920
a00004127	47921
a00004128	47922
a00004129	47923
a00004130	47924
a00004131	47925
a00004132	47926
a00004133	47927
a00004134	47928
a00004135	47929
a00004136	47930
a00004137	47931
a00004138	47932
a00004139	47933
a00004140	47934
a00004141	47935
a00004142	47936
a00004143	47937
a00004144	47938
a00004145	47939
a00004146	47940
a00004147	47941
a00004148	47942
a00004149	47943
a00004150	47944
a00004151	47945
a00004152	47946
a00004153	47947
a00004154	47948
a00004155	47949
a00004156	47950
a00004157	47951
a00004158	47952
a00004159	47953
a00004160	47954
a00004161	47955
a00004162	47956
a00004163	47957
a00004164	47958
a00004165	47959
a00004166	47960
a00004167	47961
a00004168	47962
a00004169	47963
a00004170	47964
a00004171	47965
a00004172	47966
a00004173	47967
a00004174	47968
a00004175	47969
a00004176	47970
a00004177	47971
a00004178	47972
a00004179	47973
a00004180	47974
a00004181	47975
a00004182	47976
a00004183	47977
a00004184	47978
a00004185	47979
a00004186	47980
a00004187	47981
a00004188	47982
a00004189	47983
a00004190	47984
a00004191	47985
a00004192	47986
a00004193	47987
a00004194	47988
a00004195	47989
a00004196	47990
a00004197	47991
a00004198	47992
a00004199	47993
a00004200	47994
a00004201	47995
a00004202	47996
a00004203	47997
a00004204	47998
a00004205	47999
a00004206	48000
a00004207	48001
a00004208	48002
a00004209	48003
a00004210	48004
a00004211	48005
a00004212	48006
a00004213	48007
a00004214	48008
a00004215	48009
a00004216	48010
a00004217	48011
a00004218	48012
a00004219	48013
a00004220	48014
a00004221	48015
a00004222	48016
a00004223	48017
a00004224	48018
a00004225	48019
a00004226	48020
a00004227	48021
a00004228	48022
a00004229	48023
a00004230	48024
a00004231	48025
a00004232	48026
a00004233	48027
a00004234	48028
a00004235	48029
a00004236	48030
a00004237	48031
a00004238	48032
a00004239	48033
a00004240	48034
a00004241	48035
a00004242	48036
a00004243	48037
a00004244	48038
a00004245	48039
a00004246	48040
a00004247	48041
a00004248	48042
a00004249	48043
a00004250	48044
a00004251	48045
a00004252	48046
a00004253	48047
a00004254	48048
a00004255	48049
a00004256	48050
a00004257	48051
a00004258	48052
a00004259	48053
a00004260	48054
a00004261	48055
a00004262	48056
a00004263	48057
a00004264	48058
a00004265	48059
a00004266	48060
a00004267	48061
a00004268	48062
a00004269	48063
a00004270	48064
a00004271	48065
a00004272	48066
a00004273	48067
a00004274	48068
a00004275	48069
a00004276	48070
a00004277	48071
a00004278	48072
a00004279	48073
a00004280	48074
a00004281	48075
a00004282	48076
a00004283	48077
a00004284	48078
a00004285	48079
a00004286	48080
a00004287	48081
a00004288	48082
a00004289	48083
a00004290	48084
a00004291	48085
a00004292	48086
a00004293	48087
a00004294	48088
a00004295	48089
a00004296	48090
a00004297	48091
a00004298	48092
a00004299	48093
a00004300	48094
a00004301	48095
a00004302	48096
a00004303	48097
a00004304	48098
a00004305	48099
a00004306	48100
a00004307	48101
a00004308	48102
a00004309	48103
a00004310	48104
a00004311	48105
a00004312	48106
a00004313	48107
a00004314	48108
a00004315	48109
a00004316	48110
a00004317	48111
a00004318	48112
a00004319	48113
a00004320	48114
a00004321	48115
a00004322	48116
a00004323	48117
a00004324	48118
a00004325	48119
a00004326	48120
a00004327	48121
a00004328	48122
a00004329	48123
a00004330	48124
a00004331	48125
a00004332	48126
a00004333	48127
a00004334	48128
a00004335	48129
a00004336	48130
a00004337	48131
a00004338	48132
a00004339	48133
a00004340	48134
a00004341	48135
a00004342	48136
a00004343	48137
a00004344	48138
a00004345	48139
a00004346	48140
a00004347	48141
a00004348	48142
a00004349	48143
a00004350	48144
a00004351	48145
a00004352	48146
a00004353	48147
a00004354	48148
a00004355	48149
a00004356	48150
a00004357	48151
a00004358	48152
a00004359	48153
a00004360	48154
a00004361	48155
a00004362	48156
a00004363	48157
a00004364	48158
a00004365	48159
a00004366	48160
a00004367	48161
a00004368	48162
a00004369	48163
a00004370	48164
a00004371	48165
a00004372	48166
a00004373	48167
a00004374	48168
a00004375	48169
a00004376	48170
a00004377	48171
a00004378	48172
a00004379	48173
a00004380	48174
a00004381	48175
a00004382	48176
a00004383	48177
a00004384	48178
a00004385	48179
a00004386	48180
a00004387	48181
a00004388	48182
a00004389	48183
a00004390	48184
a00004391	48185
a00004392	48186
a00004393	48187
a00004394	48188
a00004395	48189
a00004396	48190
a00004397	48191
a00004398	48192
a00004399	48193
a00004400	48194
a00004401	48195
a00004402	48196
a00004403	48197
a00004404	48198
a00004405	48199
a00004406	48200
a00004407	48201
a00004408	48202
a00004409	48203
a00004410	48204
a00004411	48205
a00004412	48206
a00004413	48207
a00004414	48208
a00004415	48209
a00004416	48210
a00004417	48211
a00004418	48212
a00004419	48213
a00004420	48214
a00004421	48215
a00004422	48216
a00004423	48217
a00004424	48218
a00004425	48219
a00004426	48220
a00004427	48221
a00004428	48222
a00004429	48223
a00004430	48224
a00004431	48225
a00004432	48226
a00004433	48227
a00004434	48228
a00004435	48229
a00004436	48230
a00004437	48231
a00004438	48232
a00004439	48233
a00004440	48234
a00004441	48235
a00004442	48236
a00004443	48237
a00004444	48238
a00004445	48239
a00004446	48240
a00004447	48241
a00004448	48242
a00004449	48243
a00004450	48244
a00004451	48245
a00004452	48246
a00004453	48247
a00004454	48248
a00004455	48249
a00004456	48250
a00004457	48251
a00004458	48252
a00004459	48253
a00004460	48254
a00004461	48255
a00004462	48256
a00004463	48257
a00004464	48258
a00004465	48259
a00004466	48260
a00004467	48261
a00004468	48262
a00004469	48263
a00004470	48264
a00004471	48265
a00004472	48266
a00004473	48267
a00004474	48268
a00004475	48269
a00004476	48270
a00004477	48271
a00004478	48272
a00004479	48273
a00004480	48274
a00004481	48275
a00004482	48276
a00004483	48277
a00004484	48278
a00004485	48279
a00004486	48280
a00004487	48281
a00004488	48282
a00004489	48283
a00004490	48284
a00004491	48285
a00004492	48286
a00004493	48287
a00004494	48288
a00004495	48289
a00004496	48290
a00004497	48291
a00004498	48292
a00004499	48293
a00004500	48294
a00004501	48295
a00004502	48296
a00004503	48297
a00004504	48298
a00004505	48299
a00004506	48300
a00004507	48301
a00004508	48302
a00004509	48303
a00004510	48304
a00004511	48305
a00004512	48306
a00004513	48307
a00004514	48308
a00004515	48309
a00004516	48310
a00004517	48311
a00004518	48312
a00004519	48313
a00004520	48314
a00004521	48315
a00004522	48316
a00004523	48317
a00004524	48318
a00004525	48319
a00004526	48320
a00004527	48321
a00004528	48322
a00004529	48323
a00004530	48324
a00004531	48325
a00004532	48326
a00004533	48327
a00004534	48328
a00004535	48329
a00004536	48330
a00004537	48331
a00004538	48332
a00004539	48333
a00004540	48334
a00004541	48335
a00004542	48336
a00004543	48337
a00004544	48338
a00004545	48339
a00004546	48340
a00004547	48341
a00004548	48342
a00004549	48343
a00004550	48344
a00004551	48345
a00004552	48346
a00004553	48347
a00004554	48348
a00004555	48349
a00004556	48350
a00004557	48351
a00004558	48352
a00004559	48353
a00004560	48354
a00004561	48355
a00004562	48356
a00004563	48357
a00004564	48358
a00004565	48359
a00004566	48360
a00004567	48361
a00004568	48362
a00004569	48363
a00004570	48364
a00004571	48365
a00004572	48366
a00004573	48367
a00004574	48368
a00004575	48369
a00004576	48370
a00004577	48371
a00004578	48372
a00004579	48373
a00004580	48374
a00004581	48375
a00004582	48376
a00004583	48377
a00004584	48378
a00004585	48379
a00004586	48380
a00004587	48381
a00004588	48382
a00004589	48383
a00004590	48384
a00004591	48385
a00004592	48386
a00004593	48387
a00004594	48388
a00004595	48389
a00004596	48390
a00004597	48391
a00004598	48392
a00004599	48393
a00004600	48394
a00004601	48395
a00004602	48396
a00004603	48397
a00004604	48398
a00004605	48399
a00004606	48400
a00004607	48401
a00004608	48402
a00004609	48403
a00004610	48404
a00004611	48405
a00004612	48406
a00004613	48407
a00004614	48408
a00004615	48409
a00004616	48410
a00004617	48411
a00004618	48412
a00004619	48413
a00004620	48414
a00004621	48415
a00004622	48416
a00004623	48417
a00004624	48418
a00004625	48419
a00004626	48420
a00004627	48421
a00004628	48422
a00004629	48423
a00004630	48424
a00004631	48425
a00004632	48426
a00004633	48427
a00004634	48428
a00004635	48429
a00004636	48430
a00004637	48431
a00004638	48432
a00004639	48433
a00004640	48434
a00004641	48435
a00004642	48436
a00004643	48437
a00004644	48438
a00004645	48439
a00004646	48440
a00004647	48441
a00004648	48442
a00004649	48443
a00004650	48444
a00004651	48445
a00004652	48446
a00004653	48447
a00004654	48448
a00004655	48449
a00004656	48450
a00004657	48451
a00004658	48452
a00004659	48453
a00004660	48454
a00004661	48455
a00004662	48456
a00004663	48457
a00004664	48458
a00004665	48459
a00004666	48460
a00004667	48461
a00004668	48462
a00004669	48463
a00004670	48464
a00004671	48465
a00004672	48466
a00004673	48467
a00004674	48468
a00004675	48469
a00004676	48470
a00004677	48471
a00004678	48472
a00004679	48473
a00004680	48474
a00004681	48475
a00004682	48476
a00004683	48477
a00004684	48478
a00004685	48479
a00004686	48480
a00004687	48481
a00004688	48482
a00004689	48483
a00004690	48484
a00004691	48485
a00004692	48486
a00004693	48487
a00004694	48488
a00004695	48489
a00004696	48490
a00004697	48491
a00004698	48492
a00004699	48493
a00004700	48494
a00004701	48495
a00004702	48496
a00004703	48497
a00004704	48498
a00004705	48499
a00004706	48500
a00004707	48501
a00004708	48502
a00004709	48503
a00004710	48504
a00004711	48505
a00004712	48506
a00004713	48507
a00004714	48508
a00004715	48509
a00004716	48510
a00004717	48511
a00004718	48512
a00004719	48513
a00004720	48514
a00004721	48515
a00004722	48516
a00004723	48517
a00004724	48518
a00004725	48519
a00004726	48520
a00004727	48521
a00004728	48522
a00004729	48523
a00004730	48524
a00004731	48525
a00004732	48526
a00004733	48527
a00004734	48528
a00004735	48529
a00004736	48530
a00004737	48531
a00004738	48532
a00004739	48533
a00004740	48534
a00004741	48535
a00004742	48536
a00004743	48537
a00004744	48538
a00004745	48539
a00004746	48540
a00004747	48541
a00004748	48542
a00004749	48543
a00004750	48544
a00004751	48545
a00004752	48546
a00004753	48547
a00004754	48548
a00004755	48549
a00004756	48550
a00004757	48551
a00004758	48552
a00004759	48553
a00004760	48554
a00004761	48555
a00004762	48556
a00004763	48557
a00004764	48558
a00004765	48559
a00004766	48560
a00004767	48561
a00004768	48562
a00004769	48563
a00004770	48564
a00004771	48565
a00004772	48566
a00004773	48567
a00004774	48568
a00004775	48569
a00004776	48570
a00004777	48571
a00004778	48572
a00004779	48573
a00004780	48574
a00004781	48575
a00004782	48576
a00004783	48577
a00004784	48578
a00004785	48579
a00004786	48580
a00004787	48581
a00004788	48582
a00004789	48583
a00004790	48584
a00004791	48585
a00004792	48586
a00004793	48587
a00004794	48588
a00004795	48589
a00004796	48590
a00004797	48591
a00004798	48592
a00004799	48593
a00004800	48594
a00004801	48595
a00004802	48596
a00004803	48597
a00004804	48598
a00004805	48599
a00004806	48600
a00004807	48601
a00004808	48602
a00004809	48603
a00004810	48604
a00004811	48605
a00004812	48606
a00004813	48607
a00004814	48608
a00004815	48609
a00004816	48610
a00004817	48611
a00004818	48612
a00004819	48613
a00004820	48614
a00004821	48615
a00004822	48616
a00004823	48617
a00004824	48618
a00004825	48619
a00004826	48620
a00004827	48621
a00004828	48622
a00004829	48623
a00004830	48624
a00004831	48625
a00004832	48626
a00004833	48627
a00004834	48628
a00004835	48629
a00004836	48630
a00004837	48631
a00004838	48632
a00004839	48633
a00004840	48634
a00004841	48635
a00004842	48636
a00004843	48637
a00004844	48638
a00004845	48639
a00004846	48640
a00004847	48641
a00004848	48642
a00004849	48643
a00004850	48644
a00004851	48645
a00004852	48646
a00004853	48647
a00004854	48648
a00004855	48649
a00004856	48650
a00004857	48651
a00004858	48652
a00004859	48653
a00004860	48654
a00004861	48655
a00004862	48656
a00004863	48657
a00004864	48658
a00004865	48659
a00004866	48660
a00004867	48661
a00004868	48662
a00004869	48663
a00004870	48664
a00004871	48665
a00004872	48666
a00004873	48667
a00004874	48668
a00004875	48669
a00004876	48670
a00004877	48671
a00004878	48672
a00004879	48673
a00004880	48674
a00004881	48675
a00004882	48676
a00004883	48677
a00004884	48678
a00004885	48679
a00004886	48680
a00004887	48681
a00004888	48682
a00004889	48683
a00004890	48684
a00004891	48685
a00004892	48686
a00004893	48687
a00004894	48688
a00004895	48689
a00004896	48690
a00004897	48691
a00004898	48692
a00004899	48693
a00004900	48694
a00004901	48695
a00004902	48696
a00004903	48697
a00004904	48698
a00004905	48699
a00004906	48700
a00004907	48701
a00004908	48702
a00004909	48703
a00004910	48704
a00004911	48705
a00004912	48706
a00004913	48707
a00004914	48708
a00004915	48709
a00004916	48710
a00004917	48711
a00004918	48712
a00004919	48713
a00004920	48714
a00004921	48715
a00004922	48716
a00004923	48717
a00004924	48718
a00004925	48719
a00004926	48720
a00004927	48721
a00004928	48722
a00004929	48723
a00004930	48724
a00004931	48725
a00004932	48726
a00004933	48727
a00004934	48728
a00004935	48729
a00004936	48730
a00004937	48731
a00004938	48732
a00004939	48733
a00004940	48734
a00004941	48735
a00004942	48736
a00004943	48737
a00004944	48738
a00004945	48739
a00004946	48740
a00004947	48741
a00004948	48742
a00004949	48743
a00004950	48744
a00004951	48745
a00004952	48746
a00004953	48747
a00004954	48748
a00004955	48749
a00004956	48750
a00004957	48751
a00004958	48752
a00004959	48753
a00004960	48754
a00004961	48755
a00004962	48756
a00004963	48757
a00004964	48758
a00004965	48759
a00004966	48760
a00004967	48761
a00004968	48762
a00004969	48763
a00004970	48764
a00004971	48765
a00004972	48766
a00004973	48767
a00004974	48768
a00004975	48769
a00004976	48770
a00004977	48771
a00004978	48772
a00004979	48773
a00004980	48774
a00004981	48775
a00004982	48776
a00004983	48777
a00004984	48778
a00004985	48779
a00004986	48780
a00004987	48781
a00004988	48782
a00004989	48783
a00004990	48784
a00004991	48785
a00004992	48786
a00004993	48787
a00004994	48788
a00004995	48789
a00004996	48790
a00004997	48791
a00004998	48792
a00004999	48793
a00005000	48794
a00005001	48795
a00005002	48796
a00005003	48797
a00005004	48798
a00005005	48799
a00005006	48800
a00005007	48801
a00005008	48802
a00005009	48803
a00005010	48804
a00005011	48805
a00005012	48806
a00005013	48807
a00005014	48808
a00005015	48809
a00005016	48810
a00005017	48811
a00005018	48812
a00005019	48813
a00005020	48814
a00005021	48815
a00005022	48816
a00005023	48817
a00005024	48818
a00005025	48819
a00005026	48820
a00005027	48821
a00005028	48822
a00005029	48823
a00005030	48824
a00005031	48825
a00005032	48826
a00005033	48827
a00005034	48828
a00005035	48829
a00005036	48830
a00005037	48831
a00005038	48832
a00005039	48833
a00005040	48834
a00005041	48835
a00005042	48836
a00005043	48837
a00005044	48838
a00005045	48839
a00005046	48840
a00005047	48841
a00005048	48842
a00005049	48843
a00005050	48844
a00005051	48845
a00005052	48846
a00005053	48847
a00005054	48848
a00005055	48849
a00005056	48850
a00005057	48851
a00005058	48852
a00005059	48853
a00005060	48854
a00005061	48855
a00005062	48856
a00005063	48857
a00005064	48858
a00005065	48859
a00005066	48860
a00005067	48861
a00005068	48862
a00005069	48863
a00005070	48864
a00005071	48865
a00005072	48866
a00005073	48867
a00005074	48868
a00005075	48869
a00005076	48870
a00005077	48871
a00005078	48872
a00005079	48873
a00005080	48874
a00005081	48875
a00005082	48876
a00005083	48877
a00005084	48878
a00005085	48879
a00005086	48880
a00005087	48881
a00005088	48882
a00005089	48883
a00005090	48884
a00005091	48885
a00005092	48886
a00005093	48887
a00005094	48888
a00005095	48889
a00005096	48890
a00005097	48891
a00005098	48892
a00005099	48893
a00005100	48894
a00005101	48895
a00005102	48896
a00005103	48897
a00005104	48898
a00005105	48899
a00005106	48900
a00005107	48901
a00005108	48902
a00005109	48903
a00005110	48904
a00005111	48905
a00005112	48906
a00005113	48907
a00005114	48908
a00005115	48909
a00005116	48910
a00005117	48911
a00005118	48912
a00005119	48913
a00005120	48914
a00005121	48915
a00005122	48916
a00005123	48917
a00005124	48918
a00005125	48919
a00005126	48920
a00005127	48921
a00005128	48922
a00005129	48923
a00005130	48924
a00005131	48925
a00005132	48926
a00005133	48927
a00005134	48928
a00005135	48929
a00005136	48930
a00005137	48931
a00005138	48932
a00005139	48933
a00005140	48934
a00005141	48935
a00005142	48936
a00005143	48937
a00005144	48938
a00005145	48939
a00005146	48940
a00005147	48941
a00005148	48942
a00005149	48943
a00005150	48944
a00005151	48945
a00005152	48946
a00005153	48947
a00005154	48948
a00005155	48949
a00005156	48950
a00005157	48951
a00005158	48952
a00005159	48953
a00005160	48954
a00005161	48955
a00005162	48956
a00005163	48957
a00005164	48958
a00005165	48959
a00005166	48960
a00005167	48961
a00005168	48962
a00005169	48963
a00005170	48964
a00005171	48965
a00005172	48966
a00005173	48967
a00005174	48968
a00005175	48969
a00005176	48970
a00005177	48971
a00005178	48972
a00005179	48973
a00005180	48974
a00005181	48975
a00005182	48976
a00005183	48977
a00005184	48978
a00005185	48979
a00005186	48980
a00005187	48981
a00005188	48982
a00005189	48983
a00005190	48984
a00005191	48985
a00005192	48986
a00005193	48987
a00005194	48988
a00005195	48989
a00005196	48990
a00005197	48991
a00005198	48992
a00005199	48993
a00005200	48994
a00005201	48995
a00005202	48996
a00005203	48997
a00005204	48998
a00005205	48999
a00005206	49000
a00005207	49001
a00005208	49002
a00005209	49003
a00005210	49004
a00005211	49005
a00005212	49006
a00005213	49007
a00005214	49008
a00005215	49009
a00005216	49010
a00005217	49011
a00005218	49012
a00005219	49013
a00005220	49014
a00005221	49015
a00005222	49016
a00005223	49017
a00005224	49018
a00005225	49019
a00005226	49020
a00005227	49021
a00005228	49022
a00005229	49023
a00005230	49024
a00005231	49025
a00005232	49026
a00005233	49027
a00005234	49028
a00005235	49029
a00005236	49030
a00005237	49031
a00005238	49032
a00005239	49033
a00005240	49034
a00005241	49035
a00005242	49036
a00005243	49037
a00005244	49038
a00005245	49039
a00005246	49040
a00005247	49041
a00005248	49042
a00005249	49043
a00005250	49044
a00005251	49045
a00005252	49046
a00005253	49047
a00005254	49048
a00005255	49049
a00005256	49050
a00005257	49051
a00005258	49052
a00005259	49053
a00005260	49054
a00005261	49055
a00005262	49056
a00005263	49057
a00005264	49058
a00005265	49059
a00005266	49060
a00005267	49061
a00005268	49062
a00005269	49063
a00005270	49064
a00005271	49065
a00005272	49066
a00005273	49067
a00005274	49068
a00005275	49069
a00005276	49070
a00005277	49071
a00005278	49072
a00005279	49073
a00005280	49074
a00005281	49075
a00005282	49076
a00005283	49077
a00005284	49078
a00005285	49079
a00005286	49080
a00005287	49081
a00005288	49082
a00005289	49083
a00005290	49084
a00005291	49085
a00005292	49086
a00005293	49087
a00005294	49088
a00005295	49089
a00005296	49090
a00005297	49091
a00005298	49092
a00005299	49093
a00005300	49094
a00005301	49095
a00005302	49096
a00005303	49097
a00005304	49098
a00005305	49099
a00005306	49100
a00005307	49101
a00005308	49102
a00005309	49103
a00005310	49104
a00005311	49105
a00005312	49106
a00005313	49107
a00005314	49108
a00005315	49109
a00005316	49110
a00005317	49111
a00005318	49112
a00005319	49113
a00005320	49114
a00005321	49115
a00005322	49116
a00005323	49117
a00005324	49118
a00005325	49119
a00005326	49120
a00005327	49121
a00005328	49122
a00005329	49123
a00005330	49124
a00005331	49125
a00005332	49126
a00005333	49127
a00005334	49128
a00005335	49129
a00005336	49130
a00005337	49131
a00005338	49132
a00005339	49133
a00005340	49134
a00005341	49135
a00005342	49136
a00005343	49137
a00005344	49138
a00005345	49139
a00005346	49140
a00005347	49141
a00005348	49142
a00005349	49143
a00005350	49144
a00005351	49145
a00005352	49146
a00005353	49147
a00005354	49148
a00005355	49149
a00005356	49150
a00005357	49151
a00005358	49152
a00005359	49153
a00005360	49154
a00005361	49155
a00005362	49156
a00005363	49157
a00005364	49158
a00005365	49159
a00005366	49160
a00005367	49161
a00005368	49162
a00005369	49163
a00005370	49164
a00005371	49165
a00005372	49166
a00005373	49167
a00005374	49168
a00005375	49169
a00005376	49170
a00005377	49171
a00005378	49172
a00005379	49173
a00005380	49174
a00005381	49175
a00005382	49176
a00005383	49177
a00005384	49178
a00005385	49179
a00005386	49180
a00005387	49181
a00005388	49182
a00005389	49183
a00005390	49184
a00005391	49185
a00005392	49186
a00005393	49187
a00005394	49188
a00005395	49189
a00005396	49190
a00005397	49191
a00005398	49192
a00005399	49193
a00005400	49194
a00005401	49195
a00005402	49196
a00005403	49197
a00005404	49198
a00005405	49199
a00005406	49200
a00005407	49201
a00005408	49202
a00005409	49203
a00005410	49204
a00005411	49205
a00005412	49206
a00005413	49207
a00005414	49208
a00005415	49209
a00005416	49210
a00005417	49211
a00005418	49212
a00005419	49213
a00005420	49214
a00005421	49215
a00005422	49216
a00005423	49217
a00005424	49218
a00005425	49219
a00005426	49220
a00005427	49221
a00005428	49222
a00005429	49223
a00005430	49224
a00005431	49225
a00005432	49226
a00005433	49227
a00005434	49228
a00005435	49229
a00005436	49230
a00005437	49231
a00005438	49232
a00005439	49233
a00005440	49234
a00005441	49235
a00005442	49236
a00005443	49237
a00005444	49238
a00005445	49239
a00005446	49240
a00005447	49241
a00005448	49242
a00005449	49243
a00005450	49244
a00005451	49245
a00005452	49246
a00005453	49247
a00005454	49248
a00005455	49249
a00005456	49250
a00005457	49251
a00005458	49252
a00005459	49253
a00005460	49254
a00005461	49255
a00005462	49256
a00005463	49257
a00005464	49258
a00005465	49259
a00005466	49260
a00005467	49261
a00005468	49262
a00005469	49263
a00005470	49264
a00005471	49265
a00005472	49266
a00005473	49267
a00005474	49268
a00005475	49269
a00005476	49270
a00005477	49271
a00005478	49272
a00005479	49273
a00005480	49274
a00005481	49275
a00005482	49276
a00005483	49277
a00005484	49278
a00005485	49279
a00005486	49280
a00005487	49281
a00005488	49282
a00005489	49283
a00005490	49284
a00005491	49285
a00005492	49286
a00005493	49287
a00005494	49288
a00005495	49289
a00005496	49290
a00005497	49291
a00005498	49292
a00005499	49293
a00005500	49294
a00005501	49295
a00005502	49296
a00005503	49297
a00005504	49298
a00005505	49299
a00005506	49300
a00005507	49301
a00005508	49302
a00005509	49303
a00005510	49304
a00005511	49305
a00005512	49306
a00005513	49307
a00005514	49308
a00005515	49309
a00005516	49310
a00005517	49311
a00005518	49312
a00005519	49313
a00005520	49314
a00005521	49315
a00005522	49316
a00005523	49317
a00005524	49318
a00005525	49319
a00005526	49320
a00005527	49321
a00005528	49322
a00005529	49323
a00005530	49324
a00005531	49325
a00005532	49326
a00005533	49327
a00005534	49328
a00005535	49329
a00005536	49330
a00005537	49331
a00005538	49332
a00005539	49333
a00005540	49334
a00005541	49335
a00005542	49336
a00005543	49337
a00005544	49338
a00005545	49339
a00005546	49340
a00005547	49341
a00005548	49342
a00005549	49343
a00005550	49344
a00005551	49345
a00005552	49346
a00005553	49347
a00005554	49348
a00005555	49349
a00005556	49350
a00005557	49351
a00005558	49352
a00005559	49353
a00005560	49354
a00005561	49355
a00005562	49356
a00005563	49357
a00005564	49358
a00005565	49359
a00005566	49360
a00005567	49361
a00005568	49362
a00005569	49363
a00005570	49364
a00005571	49365
a00005572	49366
a00005573	49367
a00005574	49368
a00005575	49369
a00005576	49370
a00005577	49371
a00005578	49372
a00005579	49373
a00005580	49374
a00005581	49375
a00005582	49376
a00005583	49377
a00005584	49378
a00005585	49379
a00005586	49380
a00005587	49381
a00005588	49382
a00005589	49383
a00005590	49384
a00005591	49385
a00005592	49386
a00005593	49387
a00005594	49388
a00005595	49389
a00005596	49390
a00005597	49391
a00005598	49392
a00005599	49393
a00005600	49394
a00005601	49395
a00005602	49396
a00005603	49397
a00005604	49398
a00005605	49399
a00005606	49400
a00005607	49401
a00005608	49402
a00005609	49403
a00005610	49404
a00005611	49405
a00005612	49406
a00005613	49407
a00005614	49408
a00005615	49409
a00005616	49410
a00005617	49411
a00005618	49412
a00005619	49413
a00005620	49414
a00005621	49415
a00005622	49416
a00005623	49417
a00005624	49418
a00005625	49419
a00005626	49420
a00005627	49421
a00005628	49422
a00005629	49423
a00005630	49424
a00005631	49425
a00005632	49426
a00005633	49427
a00005634	49428
a00005635	49429
a00005636	49430
a00005637	49431
a00005638	49432
a00005639	49433
a00005640	49434
a00005641	49435
a00005642	49436
a00005643	49437
a00005644	49438
a00005645	49439
a00005646	49440
a00005647	49441
a00005648	49442
a00005649	49443
a00005650	49444
a00005651	49445
a00005652	49446
a00005653	49447
a00005654	49448
a00005655	49449
a00005656	49450
a00005657	49451
a00005658	49452
a00005659	49453
a00005660	49454
a00005661	49455
a00005662	49456
a00005663	49457
a00005664	49458
a00005665	49459
a00005666	49460
a00005667	49461
a00005668	49462
a00005669	49463
a00005670	49464
a00005671	49465
a00005672	49466
a00005673	49467
a00005674	49468
a00005675	49469
a00005676	49470
a00005677	49471
a00005678	49472
a00005679	49473
a00005680	49474
a00005681	49475
a00005682	49476
a00005683	49477
a00005684	49478
a00005685	49479
a00005686	49480
a00005687	49481
a00005688	49482
a00005689	49483
a00005690	49484
a00005691	49485
a00005692	49486
a00005693	49487
a00005694	49488
a00005695	49489
a00005696	49490
a00005697	49491
a00005698	49492
a00005699	49493
a00005700	49494
a00005701	49495
a00005702	49496
a00005703	49497
a00005704	49498
a00005705	49499
a00005706	49500
a00005707	49501
a00005708	49502
a00005709	49503
a00005710	49504
a00005711	49505
a00005712	49506
a00005713	49507
a00005714	49508
a00005715	49509
a00005716	49510
a00005717	49511
a00005718	49512
a00005719	49513
a00005720	49514
a00005721	49515
a00005722	49516
a00005723	49517
a00005724	49518
a00005725	49519
a00005726	49520
a00005727	49521
a00005728	49522
a00005729	49523
a00005730	49524
a00005731	49525
a00005732	49526
a00005733	49527
a00005734	49528
a00005735	49529
a00005736	49530
a00005737	49531
a00005738	49532
a00005739	49533
a00005740	49534
a00005741	49535
a00005742	49536
a00005743	49537
a00005744	49538
a00005745	49539
a00005746	49540
a00005747	49541
a00005748	49542
a00005749	49543
a00005750	49544
a00005751	49545
a00005752	49546
a00005753	49547
a00005754	49548
a00005755	49549
a00005756	49550
a00005757	49551
a00005758	49552
a00005759	49553
a00005760	49554
a00005761	49555
a00005762	49556
a00005763	49557
a00005764	49558
a00005765	49559
a00005766	49560
a00005767	49561
a00005768	49562
a00005769	49563
a00005770	49564
a00005771	49565
a00005772	49566
a00005773	49567
a00005774	49568
a00005775	49569
a00005776	49570
a00005777	49571
a00005778	49572
a00005779	49573
a00005780	49574
a00005781	49575
a00005782	49576
a00005783	49577
a00005784	49578
a00005785	49579
a00005786	49580
a00005787	49581
a00005788	49582
a00005789	49583
a00005790	49584
a00005791	49585
a00005792	49586
a00005793	49587
a00005794	49588
a00005795	49589
a00005796	49590
a00005797	49591
a00005798	49592
a00005799	49593
a00005800	49594
a00005801	49595
a00005802	49596
a00005803	49597
a00005804	49598
a00005805	49599
a00005806	49600
a00005807	49601
a00005808	49602
a00005809	49603
a00005810	49604
a00005811	49605
a00005812	49606
a00005813	49607
a00005814	49608
a00005815	49609
a00005816	49610
a00005817	49611
a00005818	49612
a00005819	49613
a00005820	49614
a00005821	49615
a00005822	49616
a00005823	49617
a00005824	49618
a00005825	49619
a00005826	49620
a00005827	49621
a00005828	49622
a00005829	49623
a00005830	49624
a00005831	49625
a00005832	49626
a00005833	49627
a00005834	49628
a00005835	49629
a00005836	49630
a00005837	49631
a00005838	49632
a00005839	49633
a00005840	49634
a00005841	49635
a00005842	49636
a00005843	49637
a00005844	49638
a00005845	49639
a00005846	49640
a00005847	49641
a00005848	49642
a00005849	49643
a00005850	49644
a00005851	49645
a00005852	49646
a00005853	49647
a00005854	49648
a00005855	49649
a00005856	49650
a00005857	49651
a00005858	49652
a00005859	49653
a00005860	49654
a00005861	49655
a00005862	49656
a00005863	49657
a00005864	49658
a00005865	49659
a00005866	49660
a00005867	49661
a00005868	49662
a00005869	49663
a00005870	49664
a00005871	49665
a00005872	49666
a00005873	49667
a00005874	49668
a00005875	49669
a00005876	49670
a00005877	49671
a00005878	49672
a00005879	49673
a00005880	49674
a00005881	49675
a00005882	49676
a00005883	49677
a00005884	49678
a00005885	49679
a00005886	49680
a00005887	49681
a00005888	49682
a00005889	49683
a00005890	49684
a00005891	49685
a00005892	49686
a00005893	49687
a00005894	49688
a00005895	49689
a00005896	49690
a00005897	49691
a00005898	49692
a00005899	49693
a00005900	49694
a00005901	49695
a00005902	49696
a00005903	49697
a00005904	49698
a00005905	49699
a00005906	49700
a00005907	49701
a00005908	49702
a00005909	49703
a00005910	49704
a00005911	49705
a00005912	49706
a00005913	49707
a00005914	49708
a00005915	49709
a00005916	49710
a00005917	49711
a00005918	49712
a00005919	49713
a00005920	49714
a00005921	49715
a00005922	49716
a00005923	49717
a00005924	49718
a00005925	49719
a00005926	49720
a00005927	49721
a00005928	49722
a00005929	49723
a00005930	49724
a00005931	49725
a00005932	49726
a00005933	49727
a00005934	49728
a00005935	49729
a00005936	49730
a00005937	49731
a00005938	49732
a00005939	49733
a00005940	49734
a00005941	49735
a00005942	49736
a00005943	49737
a00005944	49738
a00005945	49739
a00005946	49740
a00005947	49741
a00005948	49742
a00005949	49743
a00005950	49744
a00005951	49745
a00005952	49746
a00005953	49747
a00005954	49748
a00005955	49749
a00005956	49750
a00005957	49751
a00005958	49752
a00005959	49753
a00005960	49754
a00005961	49755
a00005962	49756
a00005963	49757
a00005964	49758
a00005965	49759
a00005966	49760
a00005967	49761
a00005968	49762
a00005969	49763
a00005970	49764
a00005971	49765
a00005972	49766
a00005973	49767
a00005974	49768
a00005975	49769
a00005976	49770
a00005977	49771
a00005978	49772
a00005979	49773
a00005980	49774
a00005981	49775
a00005982	49776
a00005983	49777
a00005984	49778
a00005985	49779
a00005986	49780
a00005987	49781
a00005988	49782
a00005989	49783
a00005990	49784
a00005991	49785
a00005992	49786
a00005993	49787
a00005994	49788
a00005995	49789
a00005996	49790
a00005997	49791
a00005998	49792
a00005999	49793
a00006000	49794
a00006001	49795
a00006002	49796
a00006003	49797
a00006004	49798
a00006005	49799
a00006006	49800
a00006007	49801
a00006008	49802
a00006009	49803
a00006010	49804
a00006011	49805
a00006012	49806
a00006013	49807
a00006014	49808
a00006015	49809
a00006016	49810
a00006017	49811
a00006018	49812
a00006019	49813
a00006020	49814
a00006021	49815
a00006022	49816
a00006023	49817
a00006024	49818
a00006025	49819
a00006026	49820
a00006027	49821
a00006028	49822
a00006029	49823
a00006030	49824
a00006031	49825
a00006032	49826
a00006033	49827
a00006034	49828
a00006035	49829
a00006036	49830
a00006037	49831
a00006038	49832
a00006039	49833
a00006040	49834
a00006041	49835
a00006042	49836
a00006043	49837
a00006044	49838
a00006045	49839
a00006046	49840
a00006047	49841
a00006048	49842
a00006049	49843
a00006050	49844
a00006051	49845
a00006052	49846
a00006053	49847
a00006054	49848
a00006055	49849
a00006056	49850
a00006057	49851
a00006058	49852
a00006059	49853
a00006060	49854
a00006061	49855
a00006062	49856
a00006063	49857
a00006064	49858
a00006065	49859
a00006066	49860
a00006067	49861
a00006068	49862
a00006069	49863
a00006070	49864
a00006071	49865
a00006072	49866
a00006073	49867
a00006074	49868
a00006075	49869
a00006076	49870
a00006077	49871
a00006078	49872
a00006079	49873
a00006080	49874
a00006081	49875
a00006082	49876
a00006083	49877
a00006084	49878
a00006085	49879
a00006086	49880
a00006087	49881
a00006088	49882
a00006089	49883
a00006090	49884
a00006091	49885
a00006092	49886
a00006093	49887
a00006094	49888
a00006095	49889
a00006096	49890
a00006097	49891
a00006098	49892
a00006099	49893
a00006100	49894
a00006101	49895
a00006102	49896
a00006103	49897
a00006104	49898
a00006105	49899
a00006106	49900
a00006107	49901
a00006108	49902
a00006109	49903
a00006110	49904
a00006111	49905
a00006112	49906
a00006113	49907
a00006114	49908
a00006115	49909
a00006116	49910
a00006117	49911
a00006118	49912
a00006119	49913
a00006120	49914
a00006121	49915
a00006122	49916
a00006123	49917
a00006124	49918
a00006125	49919
a00006126	49920
a00006127	49921
a00006128	49922
a00006129	49923
a00006130	49924
a00006131	49925
a00006132	49926
a00006133	49927
a00006134	49928
a00006135	49929
a00006136	49930
a00006137	49931
a00006138	49932
a00006139	49933
a00006140	49934
a00006141	49935
a00006142	49936
a00006143	49937
a00006144	49938
a00006145	49939
a00006146	49940
a00006147	49941
a00006148	49942
a00006149	49943
a00006150	49944
a00006151	49945
a00006152	49946
a00006153	49947
a00006154	49948
a00006155	49949
a00006156	49950
a00006157	49951
a00006158	49952
a00006159	49953
a00006160	49954
a00006161	49955
a00006162	49956
a00006163	49957
a00006164	49958
a00006165	49959
a00006166	49960
a00006167	49961
a00006168	49962
a00006169	49963
a00006170	49964
a00006171	49965
a00006172	49966
a00006173	49967
a00006174	49968
a00006175	49969
a00006176	49970
a00006177	49971
a00006178	49972
a00006179	49973
a00006180	49974
a00006181	49975
a00006182	49976
a00006183	49977
a00006184	49978
a00006185	49979
a00006186	49980
a00006187	49981
a00006188	49982
a00006189	49983
a00006190	49984
a00006191	49985
a00006192	49986
a00006193	49987
a00006194	49988
a00006195	49989
a00006196	49990
a00006197	49991
a00006198	49992
a00006199	49993
a00006200	49994
a00006201	49995
a00006202	49996
a00006203	49997
a00006204	49998
a00006205	49999
a00006206	50000
a00006207	50001
a00006208	50002
a00006209	50003
a00006210	50004
a00006211	50005
a00006212	50006
a00006213	50007
a00006214	50008
a00006215	50009
a00006216	50010
a00006217	50011
a00006218	50012
a00006219	50013
a00006220	50014
a00006221	50015
a00006222	50016
a00006223	50017
a00006224	50018
a00006225	50019
a00006226	50020
a00006227	50021
a00006228	50022
a00006229	50023
a00006230	50024
a00006231	50025
a00006232	50026
a00006233	50027
a00006234	50028
a00006235	50029
a00006236	50030
a00006237	50031
a00006238	50032
a00006239	50033
a00006240	50034
a00006241	50035
a00006242	50036
a00006243	50037
a00006244	50038
a00006245	50039
a00006246	50040
a00006247	50041
a00006248	50042
a00006249	50043
a00006250	50044
a00006251	50045
a00006252	50046
a00006253	50047
a00006254	50048
a00006255	50049
a00006256	50050
a00006257	50051
a00006258	50052
a00006259	50053
a00006260	50054
a00006261	50055
a00006262	50056
a00006263	50057
a00006264	50058
a00006265	50059
a00006266	50060
a00006267	50061
a00006268	50062
a00006269	50063
a00006270	50064
a00006271	50065
a00006272	50066
a00006273	50067
a00006274	50068
a00006275	50069
a00006276	50070
a00006277	50071
a00006278	50072
a00006279	50073
a00006280	50074
a00006281	50075
a00006282	50076
a00006283	50077
a00006284	50078
a00006285	50079
a00006286	50080
a00006287	50081
a00006288	50082
a00006289	50083
a00006290	50084
a00006291	50085
a00006292	50086
a00006293	50087
a00006294	50088
a00006295	50089
a00006296	50090
a00006297	50091
a00006298	50092
a00006299	50093
a00006300	50094
a00006301	50095
a00006302	50096
a00006303	50097
a00006304	50098
a00006305	50099
a00006306	50100
a00006307	50101
a00006308	50102
a00006309	50103
a00006310	50104
a00006311	50105
a00006312	50106
a00006313	50107
a00006314	50108
a00006315	50109
a00006316	50110
a00006317	50111
a00006318	50112
a00006319	50113
a00006320	50114
a00006321	50115
a00006322	50116
a00006323	50117
a00006324	50118
a00006325	50119
a00006326	50120
a00006327	50121
a00006328	50122
a00006329	50123
a00006330	50124
a00006331	50125
a00006332	50126
a00006333	50127
a00006334	50128
a00006335	50129
a00006336	50130
a00006337	50131
a00006338	50132
a00006339	50133
a00006340	50134
a00006341	50135
a00006342	50136
a00006343	50137
a00006344	50138
a00006345	50139
a00006346	50140
a00006347	50141
a00006348	50142
a00006349	50143
a00006350	50144
a00006351	50145
a00006352	50146
a00006353	50147
a00006354	50148
a00006355	50149
a00006356	50150
a00006357	50151
a00006358	50152
a00006359	50153
a00006360	50154
a00006361	50155
a00006362	50156
a00006363	50157
a00006364	50158
a00006365	50159
a00006366	50160
a00006367	50161
a00006368	50162
a00006369	50163
a00006370	50164
a00006371	50165
a00006372	50166
a00006373	50167
a00006374	50168
a00006375	50169
a00006376	50170
a00006377	50171
a00006378	50172
a00006379	50173
a00006380	50174
a00006381	50175
a00006382	50176
a00006383	50177
a00006384	50178
a00006385	50179
a00006386	50180
a00006387	50181
a00006388	50182
a00006389	50183
a00006390	50184
a00006391	50185
a00006392	50186
a00006393	50187
a00006394	50188
a00006395	50189
a00006396	50190
a00006397	50191
a00006398	50192
a00006399	50193
a00006400	50194
a00006401	50195
a00006402	50196
a00006403	50197
a00006404	50198
a00006405	50199
a00006406	50200
a00006407	50201
a00006408	50202
a00006409	50203
a00006410	50204
a00006411	50205
a00006412	50206
a00006413	50207
a00006414	50208
a00006415	50209
a00006416	50210
a00006417	50211
a00006418	50212
a00006419	50213
a00006420	50214
a00006421	50215
a00006422	50216
a00006423	50217
a00006424	50218
a00006425	50219
a00006426	50220
a00006427	50221
a00006428	50222
a00006429	50223
a00006430	50224
a00006431	50225
a00006432	50226
a00006433	50227
a00006434	50228
a00006435	50229
a00006436	50230
a00006437	50231
a00006438	50232
a00006439	50233
a00006440	50234
a00006441	50235
a00006442	50236
a00006443	50237
a00006444	50238
a00006445	50239
a00006446	50240
a00006447	50241
a00006448	50242
a00006449	50243
a00006450	50244
a00006451	50245
a00006452	50246
a00006453	50247
a00006454	50248
a00006455	50249
a00006456	50250
a00006457	50251
a00006458	50252
a00006459	50253
a00006460	50254
a00006461	50255
a00006462	50256
a00006463	50257
a00006464	50258
a00006465	50259
a00006466	50260
a00006467	50261
a00006468	50262
a00006469	50263
a00006470	50264
a00006471	50265
a00006472	50266
a00006473	50267
a00006474	50268
a00006475	50269
a00006476	50270
a00006477	50271
a00006478	50272
a00006479	50273
a00006480	50274
a00006481	50275
a00006482	50276
a00006483	50277
a00006484	50278
a00006485	50279
a00006486	50280
a00006487	50281
a00006488	50282
a00006489	50283
a00006490	50284
a00006491	50285
a00006492	50286
a00006493	50287
a00006494	50288
a00006495	50289
a00006496	50290
a00006497	50291
a00006498	50292
a00006499	50293
a00006500	50294
a00006501	50295
a00006502	50296
a00006503	50297
a00006504	50298
a00006505	50299
a00006506	50300
a00006507	50301
a00006508	50302
a00006509	50303
a00006510	50304
a00006511	50305
a00006512	50306
a00006513	50307
a00006514	50308
a00006515	50309
a00006516	50310
a00006517	50311
a00006518	50312
a00006519	50313
a00006520	50314
a00006521	50315
a00006522	50316
a00006523	50317
a00006524	50318
a00006525	50319
a00006526	50320
a00006527	50321
a00006528	50322
a00006529	50323
a00006530	50324
a00006531	50325
a00006532	50326
a00006533	50327
a00006534	50328
a00006535	50329
a00006536	50330
a00006537	50331
a00006538	50332
a00006539	50333
a00006540	50334
a00006541	50335
a00006542	50336
a00006543	50337
a00006544	50338
a00006545	50339
a00006546	50340
a00006547	50341
a00006548	50342
a00006549	50343
a00006550	50344
a00006551	50345
a00006552	50346
a00006553	50347
a00006554	50348
a00006555	50349
a00006556	50350
a00006557	50351
a00006558	50352
a00006559	50353
a00006560	50354
a00006561	50355
a00006562	50356
a00006563	50357
a00006564	50358
a00006565	50359
a00006566	50360
a00006567	50361
a00006568	50362
a00006569	50363
a00006570	50364
a00006571	50365
a00006572	50366
a00006573	50367
a00006574	50368
a00006575	50369
a00006576	50370
a00006577	50371
a00006578	50372
a00006579	50373
a00006580	50374
a00006581	50375
a00006582	50376
a00006583	50377
a00006584	50378
a00006585	50379
a00006586	50380
a00006587	50381
a00006588	50382
a00006589	50383
a00006590	50384
a00006591	50385
a00006592	50386
a00006593	50387
a00006594	50388
a00006595	50389
a00006596	50390
a00006597	50391
a00006598	50392
a00006599	50393
a00006600	50394
a00006601	50395
a00006602	50396
a00006603	50397
a00006604	50398
a00006605	50399
a00006606	50400
a00006607	50401
a00006608	50402
a00006609	50403
a00006610	50404
a00006611	50405
a00006612	50406
a00006613	50407
a00006614	50408
a00006615	50409
a00006616	50410
a00006617	50411
a00006618	50412
a00006619	50413
a00006620	50414
a00006621	50415
a00006622	50416
a00006623	50417
a00006624	50418
a00006625	50419
a00006626	50420
a00006627	50421
a00006628	50422
a00006629	50423
a00006630	50424
a00006631	50425
a00006632	50426
a00006633	50427
a00006634	50428
a00006635	50429
a00006636	50430
a00006637	50431
a00006638	50432
a00006639	50433
a00006640	50434
a00006641	50435
a00006642	50436
a00006643	50437
a00006644	50438
a00006645	50439
a00006646	50440
a00006647	50441
a00006648	50442
a00006649	50443
a00006650	50444
a00006651	50445
a00006652	50446
a00006653	50447
a00006654	50448
a00006655	50449
a00006656	50450
a00006657	50451
a00006658	50452
a00006659	50453
a00006660	50454
a00006661	50455
a00006662	50456
a00006663	50457
a00006664	50458
a00006665	50459
a00006666	50460
a00006667	50461
a00006668	50462
a00006669	50463
a00006670	50464
a00006671	50465
a00006672	50466
a00006673	50467
a00006674	50468
a00006675	50469
a00006676	50470
a00006677	50471
a00006678	50472
a00006679	50473
a00006680	50474
a00006681	50475
a00006682	50476
a00006683	50477
a00006684	50478
a00006685	50479
a00006686	50480
a00006687	50481
a00006688	50482
a00006689	50483
a00006690	50484
a00006691	50485
a00006692	50486
a00006693	50487
a00006694	50488
a00006695	50489
a00006696	50490
a00006697	50491
a00006698	50492
a00006699	50493
a00006700	50494
a00006701	50495
a00006702	50496
a00006703	50497
a00006704	50498
a00006705	50499
a00006706	50500
a00006707	50501
a00006708	50502
a00006709	50503
a00006710	50504
a00006711	50505
a00006712	50506
a00006713	50507
a00006714	50508
a00006715	50509
a00006716	50510
a00006717	50511
a00006718	50512
a00006719	50513
a00006720	50514
a00006721	50515
a00006722	50516
a00006723	50517
a00006724	50518
a00006725	50519
a00006726	50520
a00006727	50521
a00006728	50522
a00006729	50523
a00006730	50524
a00006731	50525
a00006732	50526
a00006733	50527
a00006734	50528
a00006735	50529
a00006736	50530
a00006737	50531
a00006738	50532
a00006739	50533
a00006740	50534
a00006741	50535
a00006742	50536
a00006743	50537
a00006744	50538
a00006745	50539
a00006746	50540
a00006747	50541
a00006748	50542
a00006749	50543
a00006750	50544
a00006751	50545
a00006752	50546
a00006753	50547
a00006754	50548
a00006755	50549
a00006756	50550
a00006757	50551
a00006758	50552
a00006759	50553
a00006760	50554
a00006761	50555
a00006762	50556
a00006763	50557
a00006764	50558
a00006765	50559
a00006766	50560
a00006767	50561
a00006768	50562
a00006769	50563
a00006770	50564
a00006771	50565
a00006772	50566
a00006773	50567
a00006774	50568
a00006775	50569
a00006776	50570
a00006777	50571
a00006778	50572
a00006779	50573
a00006780	50574
a00006781	50575
a00006782	50576
a00006783	50577
a00006784	50578
a00006785	50579
a00006786	50580
a00006787	50581
a00006788	50582
a00006789	50583
a00006790	50584
a00006791	50585
a00006792	50586
a00006793	50587
a00006794	50588
a00006795	50589
a00006796	50590
a00006797	50591
a00006798	50592
a00006799	50593
a00006800	50594
a00006801	50595
a00006802	50596
a00006803	50597
a00006804	50598
a00006805	50599
a00006806	50600
a00006807	50601
a00006808	50602
a00006809	50603
a00006810	50604
a00006811	50605
a00006812	50606
a00006813	50607
a00006814	50608
a00006815	50609
a00006816	50610
a00006817	50611
a00006818	50612
a00006819	50613
a00006820	50614
a00006821	50615
a00006822	50616
a00006823	50617
a00006824	50618
a00006825	50619
a00006826	50620
a00006827	50621
a00006828	50622
a00006829	50623
a00006830	50624
a00006831	50625
a00006832	50626
a00006833	50627
a00006834	50628
a00006835	50629
a00006836	50630
a00006837	50631
a00006838	50632
a00006839	50633
a00006840	50634
a00006841	50635
a00006842	50636
a00006843	50637
a00006844	50638
a00006845	50639
a00006846	50640
a00006847	50641
a00006848	50642
a00006849	50643
a00006850	50644
a00006851	50645
a00006852	50646
a00006853	50647
a00006854	50648
a00006855	50649
a00006856	50650
a00006857	50651
a00006858	50652
a00006859	50653
a00006860	50654
a00006861	50655
a00006862	50656
a00006863	50657
a00006864	50658
a00006865	50659
a00006866	50660
a00006867	50661
a00006868	50662
a00006869	50663
a00006870	50664
a00006871	50665
a00006872	50666
a00006873	50667
a00006874	50668
a00006875	50669
a00006876	50670
a00006877	50671
a00006878	50672
a00006879	50673
a00006880	50674
a00006881	50675
a00006882	50676
a00006883	50677
a00006884	50678
a00006885	50679
a00006886	50680
a00006887	50681
a00006888	50682
a00006889	50683
a00006890	50684
a00006891	50685
a00006892	50686
a00006893	50687
a00006894	50688
a00006895	50689
a00006896	50690
a00006897	50691
a00006898	50692
a00006899	50693
a00006900	50694
a00006901	50695
a00006902	50696
a00006903	50697
a00006904	50698
a00006905	50699
a00006906	50700
a00006907	50701
a00006908	50702
a00006909	50703
a00006910	50704
a00006911	50705
a00006912	50706
a00006913	50707
a00006914	50708
a00006915	50709
a00006916	50710
a00006917	50711
a00006918	50712
a00006919	50713
a00006920	50714
a00006921	50715
a00006922	50716
a00006923	50717
a00006924	50718
a00006925	50719
a00006926	50720
a00006927	50721
a00006928	50722
a00006929	50723
a00006930	50724
a00006931	50725
a00006932	50726
a00006933	50727
a00006934	50728
a00006935	50729
a00006936	50730
a00006937	50731
a00006938	50732
a00006939	50733
a00006940	50734
a00006941	50735
a00006942	50736
a00006943	50737
a00006944	50738
a00006945	50739
a00006946	50740
a00006947	50741
a00006948	50742
a00006949	50743
a00006950	50744
a00006951	50745
a00006952	50746
a00006953	50747
a00006954	50748
a00006955	50749
a00006956	50750
a00006957	50751
a00006958	50752
a00006959	50753
a00006960	50754
a00006961	50755
a00006962	50756
a00006963	50757
a00006964	50758
a00006965	50759
a00006966	50760
a00006967	50761
a00006968	50762
a00006969	50763
a00006970	50764
a00006971	50765
a00006972	50766
a00006973	50767
a00006974	50768
a00006975	50769
a00006976	50770
a00006977	50771
a00006978	50772
a00006979	50773
a00006980	50774
a00006981	50775
a00006982	50776
a00006983	50777
a00006984	50778
a00006985	50779
a00006986	50780
a00006987	50781
a00006988	50782
a00006989	50783
a00006990	50784
a00006991	50785
a00006992	50786
a00006993	50787
a00006994	50788
a00006995	50789
a00006996	50790
a00006997	50791
a00006998	50792
a00006999	50793
a00007000	50794
a00007001	50795
a00007002	50796
a00007003	50797
a00007004	50798
a00007005	50799
a00007006	50800
a00007007	50801
a00007008	50802
a00007009	50803
a00007010	50804
a00007011	50805
a00007012	50806
a00007013	50807
a00007014	50808
a00007015	50809
a00007016	50810
a00007017	50811
a00007018	50812
a00007019	50813
a00007020	50814
a00007021	50815
a00007022	50816
a00007023	50817
a00007024	50818
a00007025	50819
a00007026	50820
a00007027	50821
a00007028	50822
a00007029	50823
a00007030	50824
a00007031	50825
a00007032	50826
a00007033	50827
a00007034	50828
a00007035	50829
a00007036	50830
a00007037	50831
a00007038	50832
a00007039	50833
a00007040	50834
a00007041	50835
a00007042	50836
a00007043	50837
a00007044	50838
a00007045	50839
a00007046	50840
a00007047	50841
a00007048	50842
a00007049	50843
a00007050	50844
a00007051	50845
a00007052	50846
a00007053	50847
a00007054	50848
a00007055	50849
a00007056	50850
a00007057	50851
a00007058	50852
a00007059	50853
a00007060	50854
a00007061	50855
a00007062	50856
a00007063	50857
a00007064	50858
a00007065	50859
a00007066	50860
a00007067	50861
a00007068	50862
a00007069	50863
a00007070	50864
a00007071	50865
a00007072	50866
a00007073	50867
a00007074	50868
a00007075	50869
a00007076	50870
a00007077	50871
a00007078	50872
a00007079	50873
a00007080	50874
a00007081	50875
a00007082	50876
a00007083	50877
a00007084	50878
a00007085	50879
a00007086	50880
a00007087	50881
a00007088	50882
a00007089	50883
a00007090	50884
a00007091	50885
a00007092	50886
a00007093	50887
a00007094	50888
a00007095	50889
a00007096	50890
a00007097	50891
a00007098	50892
a00007099	50893
a00007100	50894
a00007101	50895
a00007102	50896
a00007103	50897
a00007104	50898
a00007105	50899
a00007106	50900
a00007107	50901
a00007108	50902
a00007109	50903
a00007110	50904
a00007111	50905
a00007112	50906
a00007113	50907
a00007114	50908
a00007115	50909
a00007116	50910
a00007117	50911
a00007118	50912
a00007119	50913
a00007120	50914
a00007121	50915
a00007122	50916
a00007123	50917
a00007124	50918
a00007125	50919
a00007126	50920
a00007127	50921
a00007128	50922
a00007129	50923
a00007130	50924
a00007131	50925
a00007132	50926
a00007133	50927
a00007134	50928
a00007135	50929
a00007136	50930
a00007137	50931
a00007138	50932
a00007139	50933
a00007140	50934
a00007141	50935
a00007142	50936
a00007143	50937
a00007144	50938
a00007145	50939
a00007146	50940
a00007147	50941
a00007148	50942
a00007149	50943
a00007150	50944
a00007151	50945
a00007152	50946
a00007153	50947
a00007154	50948
a00007155	50949
a00007156	50950
a00007157	50951
a00007158	50952
a00007159	50953
a00007160	50954
a00007161	50955
a00007162	50956
a00007163	50957
a00007164	50958
a00007165	50959
a00007166	50960
a00007167	50961
a00007168	50962
a00007169	50963
a00007170	50964
a00007171	50965
a00007172	50966
a00007173	50967
a00007174	50968
a00007175	50969
a00007176	50970
a00007177	50971
a00007178	50972
a00007179	50973
a00007180	50974
a00007181	50975
a00007182	50976
a00007183	50977
a00007184	50978
a00007185	50979
a00007186	50980
a00007187	50981
a00007188	50982
a00007189	50983
a00007190	50984
a00007191	50985
a00007192	50986
a00007193	50987
a00007194	50988
a00007195	50989
a00007196	50990
a00007197	50991
a00007198	50992
a00007199	50993
a00007200	50994
a00007201	50995
a00007202	50996
a00007203	50997
a00007204	50998
a00007205	50999
a00007206	51000
a00007207	51001
a00007208	51002
a00007209	51003
a00007210	51004
a00007211	51005
a00007212	51006
a00007213	51007
a00007214	51008
a00007215	51009
a00007216	51010
a00007217	51011
a00007218	51012
a00007219	51013
a00007220	51014
a00007221	51015
a00007222	51016
a00007223	51017
a00007224	51018
a00007225	51019
a00007226	51020
a00007227	51021
a00007228	51022
a00007229	51023
a00007230	51024
a00007231	51025
a00007232	51026
a00007233	51027
a00007234	51028
a00007235	51029
a00007236	51030
a00007237	51031
a00007238	51032
a00007239	51033
a00007240	51034
a00007241	51035
a00007242	51036
a00007243	51037
a00007244	51038
a00007245	51039
a00007246	51040
a00007247	51041
a00007248	51042
a00007249	51043
a00007250	51044
a00007251	51045
a00007252	51046
a00007253	51047
a00007254	51048
a00007255	51049
a00007256	51050
a00007257	51051
a00007258	51052
a00007259	51053
a00007260	51054
a00007261	51055
a00007262	51056
a00007263	51057
a00007264	51058
a00007265	51059
a00007266	51060
a00007267	51061
a00007268	51062
a00007269	51063
a00007270	51064
a00007271	51065
a00007272	51066
a00007273	51067
a00007274	51068
a00007275	51069
a00007276	51070
a00007277	51071
a00007278	51072
a00007279	51073
a00007280	51074
a00007281	51075
a00007282	51076
a00007283	51077
a00007284	51078
a00007285	51079
a00007286	51080
a00007287	51081
a00007288	51082
a00007289	51083
a00007290	51084
a00007291	51085
a00007292	51086
a00007293	51087
a00007294	51088
a00007295	51089
a00007296	51090
a00007297	51091
a00007298	51092
a00007299	51093
a00007300	51094
a00007301	51095
a00007302	51096
a00007303	51097
a00007304	51098
a00007305	51099
a00007306	51100
a00007307	51101
a00007308	51102
a00007309	51103
a00007310	51104
a00007311	51105
a00007312	51106
a00007313	51107
a00007314	51108
a00007315	51109
a00007316	51110
a00007317	51111
a00007318	51112
a00007319	51113
a00007320	51114
a00007321	51115
a00007322	51116
a00007323	51117
a00007324	51118
a00007325	51119
a00007326	51120
a00007327	51121
a00007328	51122
a00007329	51123
a00007330	51124
a00007331	51125
a00007332	51126
a00007333	51127
a00007334	51128
a00007335	51129
a00007336	51130
a00007337	51131
a00007338	51132
a00007339	51133
a00007340	51134
a00007341	51135
a00007342	51136
a00007343	51137
a00007344	51138
a00007345	51139
a00007346	51140
a00007347	51141
a00007348	51142
a00007349	51143
a00007350	51144
a00007351	51145
a00007352	51146
a00007353	51147
a00007354	51148
a00007355	51149
a00007356	51150
a00007357	51151
a00007358	51152
a00007359	51153
a00007360	51154
a00007361	51155
a00007362	51156
a00007363	51157
a00007364	51158
a00007365	51159
a00007366	51160
a00007367	51161
a00007368	51162
a00007369	51163
a00007370	51164
a00007371	51165
a00007372	51166
a00007373	51167
a00007374	51168
a00007375	51169
a00007376	51170
a00007377	51171
a00007378	51172
a00007379	51173
a00007380	51174
a00007381	51175
a00007382	51176
a00007383	51177
a00007384	51178
a00007385	51179
a00007386	51180
a00007387	51181
a00007388	51182
a00007389	51183
a00007390	51184
a00007391	51185
a00007392	51186
a00007393	51187
a00007394	51188
a00007395	51189
a00007396	51190
a00007397	51191
a00007398	51192
a00007399	51193
a00007400	51194
a00007401	51195
a00007402	51196
a00007403	51197
a00007404	51198
a00007405	51199
a00007406	51200
a00007407	51201
a00007408	51202
a00007409	51203
a00007410	51204
a00007411	51205
a00007412	51206
a00007413	51207
a00007414	51208
a00007415	51209
a00007416	51210
a00007417	51211
a00007418	51212
a00007419	51213
a00007420	51214
a00007421	51215
a00007422	51216
a00007423	51217
a00007424	51218
a00007425	51219
a00007426	51220
a00007427	51221
a00007428	51222
a00007429	51223
a00007430	51224
a00007431	51225
a00007432	51226
a00007433	51227
a00007434	51228
a00007435	51229
a00007436	51230
a00007437	51231
a00007438	51232
a00007439	51233
a00007440	51234
a00007441	51235
a00007442	51236
a00007443	51237
a00007444	51238
a00007445	51239
a00007446	51240
a00000001	51241
a00000002	51242
a00000003	51243
a00000004	51244
a00000005	51245
a00000006	51246
a00000007	51247
a00000008	51248
a00000009	51249
a00000010	51250
a00000011	51251
a00000012	51252
a00000013	51253
a00000014	51254
a00000015	51255
a00000016	51256
a00000017	51257
a00000018	51258
a00000019	51259
a00000020	51260
a00000021	51261
a00000022	51262
a00000023	51263
a00000024	51264
a00000025	51265
a00000026	51266
a00000027	51267
a00000028	51268
a00000029	51269
a00000030	51270
a00000031	51271
a00000032	51272
a00000033	51273
a00000034	51274
a00000035	51275
a00000036	51276
a00000037	51277
a00000038	51278
a00000039	51279
a00000040	51280
a00000041	51281
a00000042	51282
a00000043	51283
a00000044	51284
a00000045	51285
a00000046	51286
a00000047	51287
a00000048	51288
a00000049	51289
a00000050	51290
a00000051	51291
a00000052	51292
a00000053	51293
a00000054	51294
a00000055	51295
a00000056	51296
a00000057	51297
a00000058	51298
a00000059	51299
a00000060	51300
a00000061	51301
a00000062	51302
a00000063	51303
a00000064	51304
a00000065	51305
a00000066	51306
a00000067	51307
a00000068	51308
a00000069	51309
a00000070	51310
a00000071	51311
a00000072	51312
a00000073	51313
a00000074	51314
a00000075	51315
a00000076	51316
a00000077	51317
a00000078	51318
a00000079	51319
a00000080	51320
a00000081	51321
a00000082	51322
a00000083	51323
a00000084	51324
a00000085	51325
a00000086	51326
a00000087	51327
a00000088	51328
a00000089	51329
a00000090	51330
a00000091	51331
a00000092	51332
a00000093	51333
a00000094	51334
a00000095	51335
a00000096	51336
a00000097	51337
a00000098	51338
a00000099	51339
a00000100	51340
a00000101	51341
a00000102	51342
a00000103	51343
a00000104	51344
a00000105	51345
a00000106	51346
a00000107	51347
a00000108	51348
a00000109	51349
a00000110	51350
a00000111	51351
a00000112	51352
a00000113	51353
a00000114	51354
a00000115	51355
a00000116	51356
a00000117	51357
a00000118	51358
a00000119	51359
a00000120	51360
a00000121	51361
a00000122	51362
a00000123	51363
a00000124	51364
a00000125	51365
a00000126	51366
a00000127	51367
a00000128	51368
a00000129	51369
a00000130	51370
a00000131	51371
a00000132	51372
a00000133	51373
a00000134	51374
a00000135	51375
a00000136	51376
a00000137	51377
a00000138	51378
a00000139	51379
a00000140	51380
a00000141	51381
a00000142	51382
a00000143	51383
a00000144	51384
a00000145	51385
a00000146	51386
a00000147	51387
a00000148	51388
a00000149	51389
a00000150	51390
a00000151	51391
a00000152	51392
a00000153	51393
a00000154	51394
a00000155	51395
a00000156	51396
a00000157	51397
a00000158	51398
a00000159	51399
a00000160	51400
a00000161	51401
a00000162	51402
a00000163	51403
a00000164	51404
a00000165	51405
a00000166	51406
a00000167	51407
a00000168	51408
a00000169	51409
a00000170	51410
a00000171	51411
a00000172	51412
a00000173	51413
a00000174	51414
a00000175	51415
a00000176	51416
a00000177	51417
a00000178	51418
a00000179	51419
a00000180	51420
a00000181	51421
a00000182	51422
a00000183	51423
a00000184	51424
a00000185	51425
a00000186	51426
a00000187	51427
a00000188	51428
a00000189	51429
a00000190	51430
a00000191	51431
a00000192	51432
a00000193	51433
a00000194	51434
a00000195	51435
a00000196	51436
a00000197	51437
a00000198	51438
a00000199	51439
a00000200	51440
a00000201	51441
a00000202	51442
a00000203	51443
a00000204	51444
a00000205	51445
a00000206	51446
a00000207	51447
a00000208	51448
a00000209	51449
a00000210	51450
a00000211	51451
a00000212	51452
a00000213	51453
a00000214	51454
a00000215	51455
a00000216	51456
a00000217	51457
a00000218	51458
a00000219	51459
a00000220	51460
a00000221	51461
a00000222	51462
a00000223	51463
a00000224	51464
a00000225	51465
a00000226	51466
a00000227	51467
a00000228	51468
a00000229	51469
a00000230	51470
a00000231	51471
a00000232	51472
a00000233	51473
a00000234	51474
a00000235	51475
a00000236	51476
a00000237	51477
a00000238	51478
a00000239	51479
a00000240	51480
a00000241	51481
a00000242	51482
a00000243	51483
a00000244	51484
a00000245	51485
a00000246	51486
a00000247	51487
a00000248	51488
a00000249	51489
a00000250	51490
a00000251	51491
a00000252	51492
a00000253	51493
a00000254	51494
a00000255	51495
a00000256	51496
a00000257	51497
a00000258	51498
a00000259	51499
a00000260	51500
a00000261	51501
a00000262	51502
a00000263	51503
a00000264	51504
a00000265	51505
a00000266	51506
a00000267	51507
a00000268	51508
a00000269	51509
a00000270	51510
a00000271	51511
a00000272	51512
a00000273	51513
a00000274	51514
a00000275	51515
a00000276	51516
a00000277	51517
a00000278	51518
a00000279	51519
a00000280	51520
a00000281	51521
a00000282	51522
a00000283	51523
a00000284	51524
a00000285	51525
a00000286	51526
a00000287	51527
a00000288	51528
a00000289	51529
a00000290	51530
a00000291	51531
a00000292	51532
a00000293	51533
a00000294	51534
a00000295	51535
a00000296	51536
a00000297	51537
a00000298	51538
a00000299	51539
a00000300	51540
a00000301	51541
a00000302	51542
a00000303	51543
a00000304	51544
a00000305	51545
a00000306	51546
a00000307	51547
a00000308	51548
a00000309	51549
a00000310	51550
a00000311	51551
a00000312	51552
a00000313	51553
a00000314	51554
a00000315	51555
a00000316	51556
a00000317	51557
a00000318	51558
a00000319	51559
a00000320	51560
a00000321	51561
a00000322	51562
a00000323	51563
a00000324	51564
a00000325	51565
a00000326	51566
a00000327	51567
a00000328	51568
a00000329	51569
a00000330	51570
a00000331	51571
a00000332	51572
a00000333	51573
a00000334	51574
a00000335	51575
a00000336	51576
a00000337	51577
a00000338	51578
a00000339	51579
a00000340	51580
a00000341	51581
a00000342	51582
a00000343	51583
a00000344	51584
a00000345	51585
a00000346	51586
a00000347	51587
a00000348	51588
a00000349	51589
a00000350	51590
a00000351	51591
a00000352	51592
a00000353	51593
a00000354	51594
a00000355	51595
a00000356	51596
a00000357	51597
a00000358	51598
a00000359	51599
a00000360	51600
a00000361	51601
a00000362	51602
a00000363	51603
a00000364	51604
a00000365	51605
a00000366	51606
a00000367	51607
a00000368	51608
a00000369	51609
a00000370	51610
a00000371	51611
a00000372	51612
a00000373	51613
a00000374	51614
a00000375	51615
a00000376	51616
a00000377	51617
a00000378	51618
a00000379	51619
a00000380	51620
a00000381	51621
a00000382	51622
a00000383	51623
a00000384	51624
a00000385	51625
a00000386	51626
a00000387	51627
a00000388	51628
a00000389	51629
a00000390	51630
a00000391	51631
a00000392	51632
a00000393	51633
a00000394	51634
a00000395	51635
a00000396	51636
a00000397	51637
a00000398	51638
a00000399	51639
a00000400	51640
a00000401	51641
a00000402	51642
a00000403	51643
a00000404	51644
a00000405	51645
a00000406	51646
a00000407	51647
a00000408	51648
a00000409	51649
a00000410	51650
a00000411	51651
a00000412	51652
a00000413	51653
a00000414	51654
a00000415	51655
a00000416	51656
a00000417	51657
a00000418	51658
a00000419	51659
a00000420	51660
a00000421	51661
a00000422	51662
a00000423	51663
a00000424	51664
a00000425	51665
a00000426	51666
a00000427	51667
a00000428	51668
a00000429	51669
a00000430	51670
a00000431	51671
a00000432	51672
a00000433	51673
a00000434	51674
a00000435	51675
a00000436	51676
a00000437	51677
a00000438	51678
a00000439	51679
a00000440	51680
a00000441	51681
a00000442	51682
a00000443	51683
a00000444	51684
a00000445	51685
a00000446	51686
a00000447	51687
a00000448	51688
a00000449	51689
a00000450	51690
a00000451	51691
a00000452	51692
a00000453	51693
a00000454	51694
a00000455	51695
a00000456	51696
a00000457	51697
a00000458	51698
a00000459	51699
a00000460	51700
a00000461	51701
a00000462	51702
a00000463	51703
a00000464	51704
a00000465	51705
a00000466	51706
a00000467	51707
a00000468	51708
a00000469	51709
a00000470	51710
a00000471	51711
a00000472	51712
a00000473	51713
a00000474	51714
a00000475	51715
a00000476	51716
a00000477	51717
a00000478	51718
a00000479	51719
a00000480	51720
a00000481	51721
a00000482	51722
a00000483	51723
a00000484	51724
a00000485	51725
a00000486	51726
a00000487	51727
a00000488	51728
a00000489	51729
a00000490	51730
a00000491	51731
a00000492	51732
a00000493	51733
a00000494	51734
a00000495	51735
a00000496	51736
a00000497	51737
a00000498	51738
a00000499	51739
a00000500	51740
a00000501	51741
a00000502	51742
a00000503	51743
a00000504	51744
a00000505	51745
a00000506	51746
a00000507	51747
a00000508	51748
a00000509	51749
a00000510	51750
a00000511	51751
a00000512	51752
a00000513	51753
a00000514	51754
a00000515	51755
a00000516	51756
a00000517	51757
a00000518	51758
a00000519	51759
a00000520	51760
a00000521	51761
a00000522	51762
a00000523	51763
a00000524	51764
a00000525	51765
a00000526	51766
a00000527	51767
a00000528	51768
a00000529	51769
a00000530	51770
a00000531	51771
a00000532	51772
a00000533	51773
a00000534	51774
a00000535	51775
a00000536	51776
a00000537	51777
a00000538	51778
a00000539	51779
a00000540	51780
a00000541	51781
a00000542	51782
a00000543	51783
a00000544	51784
a00000545	51785
a00000546	51786
a00000547	51787
a00000548	51788
a00000549	51789
a00000550	51790
a00000551	51791
a00000552	51792
a00000553	51793
a00000554	51794
a00000555	51795
a00000556	51796
a00000557	51797
a00000558	51798
a00000559	51799
a00000560	51800
a00000561	51801
a00000562	51802
a00000563	51803
a00000564	51804
a00000565	51805
a00000566	51806
a00000567	51807
a00000568	51808
a00000569	51809
a00000570	51810
a00000571	51811
a00000572	51812
a00000573	51813
a00000574	51814
a00000575	51815
a00000576	51816
a00000577	51817
a00000578	51818
a00000579	51819
a00000580	51820
a00000581	51821
a00000582	51822
a00000583	51823
a00000584	51824
a00000585	51825
a00000586	51826
a00000587	51827
a00000588	51828
a00000589	51829
a00000590	51830
a00000591	51831
a00000592	51832
a00000593	51833
a00000594	51834
a00000595	51835
a00000596	51836
a00000597	51837
a00000598	51838
a00000599	51839
a00000600	51840
a00000601	51841
a00000602	51842
a00000603	51843
a00000604	51844
a00000605	51845
a00000606	51846
a00000607	51847
a00000608	51848
a00000609	51849
a00000610	51850
a00000611	51851
a00000612	51852
a00000613	51853
a00000614	51854
a00000615	51855
a00000616	51856
a00000617	51857
a00000618	51858
a00000619	51859
a00000620	51860
a00000621	51861
a00000622	51862
a00000623	51863
a00000624	51864
a00000625	51865
a00000626	51866
a00000627	51867
a00000628	51868
a00000629	51869
a00000630	51870
a00000631	51871
a00000632	51872
a00000633	51873
a00000634	51874
a00000635	51875
a00000636	51876
a00000637	51877
a00000638	51878
a00000639	51879
a00000640	51880
a00000641	51881
a00000642	51882
a00000643	51883
a00000644	51884
a00000645	51885
a00000646	51886
a00000647	51887
a00000648	51888
a00000649	51889
a00000650	51890
a00000651	51891
a00000652	51892
a00000653	51893
a00000654	51894
a00000655	51895
a00000656	51896
a00000657	51897
a00000658	51898
a00000659	51899
a00000660	51900
a00000661	51901
a00000662	51902
a00000663	51903
a00000664	51904
a00000665	51905
a00000666	51906
a00000667	51907
a00000668	51908
a00000669	51909
a00000670	51910
a00000671	51911
a00000672	51912
a00000673	51913
a00000674	51914
a00000675	51915
a00000676	51916
a00000677	51917
a00000678	51918
a00000679	51919
a00000680	51920
a00000681	51921
a00000682	51922
a00000683	51923
a00000684	51924
a00000685	51925
a00000686	51926
a00000687	51927
a00000688	51928
a00000689	51929
a00000690	51930
a00000691	51931
a00000692	51932
a00000693	51933
a00000694	51934
a00000695	51935
a00000696	51936
a00000697	51937
a00000698	51938
a00000699	51939
a00000700	51940
a00000701	51941
a00000702	51942
a00000703	51943
a00000704	51944
a00000705	51945
a00000706	51946
a00000707	51947
